[1/818] Building CXX object ifcparse\CMakeFiles\IfcParse.dir\FileReader.cpp.obj
[2/818] Building CXX object ifcparse\CMakeFiles\IfcParse.dir\Header_section_schema-schema.cpp.obj
[3/818] Building CXX object ifcparse\CMakeFiles\IfcParse.dir\Header_section_schema.cpp.obj
[4/818] Building CXX object ifcparse\CMakeFiles\IfcParse.dir\IfcCharacterDecoder.cpp.obj
C:\Program Files (x86)\Microsoft Visual Studio\2022\BuildTools\VC\Tools\MSVC\14.40.33807\include\xutility(4672): warning C4244: '=': conversion from 'char32_t' to 'char', possible loss of data
C:\Program Files (x86)\Microsoft Visual Studio\2022\BuildTools\VC\Tools\MSVC\14.40.33807\include\xutility(4672): note: the template instantiation context (the oldest one first) is
C:\Users\Davi\Downloads\oma\.release\native-build\src\ifc\src\ifcparse\IfcCharacterDecoder.cpp(181): note: see reference to function template instantiation 'std::basic_string<char,std::char_traits<char>,std::allocator<char>>::basic_string<std::_String_iterator<std::_String_val<std::_Simple_types<_Elem>>>,0>(_Iter,_Iter,const _Alloc &)' being compiled
        with
        [
            _Elem=char32_t,
            _Iter=std::_String_iterator<std::_String_val<std::_Simple_types<char32_t>>>,
            _Alloc=std::allocator<char>
        ]
C:\Users\Davi\Downloads\oma\.release\native-build\src\ifc\src\ifcparse\IfcCharacterDecoder.cpp(181): note: see the first reference to 'std::basic_string<char,std::char_traits<char>,std::allocator<char>>::basic_string' in '`anonymous-namespace'::read_string'
C:\Program Files (x86)\Microsoft Visual Studio\2022\BuildTools\VC\Tools\MSVC\14.40.33807\include\xstring(2603): note: see reference to function template instantiation 'void std::basic_string<char,std::char_traits<char>,std::allocator<char>>::_Construct_from_iter<char32_t*,char32_t*,_Size_type>(_Iter,const _Sent,_Size)' being compiled
        with
        [
            _Size_type=unsigned __int64,
            _Iter=char32_t *,
            _Sent=char32_t *,
            _Size=unsigned __int64
        ]
C:\Program Files (x86)\Microsoft Visual Studio\2022\BuildTools\VC\Tools\MSVC\14.40.33807\include\xstring(2759): note: see reference to function template instantiation '_OutIt *std::_Copy_n_unchecked4<char32_t*,_Size,char*>(_InIt,_SizeTy,_OutIt)' being compiled
        with
        [
            _OutIt=char *,
            _Size=unsigned __int64,
            _InIt=char32_t *,
            _SizeTy=unsigned __int64
        ]
[5/818] Building CXX object ifcparse\CMakeFiles\IfcParse.dir\IfcException.cpp.obj
[6/818] Building CXX object ifcparse\CMakeFiles\IfcParse.dir\IfcEntityInstanceData.cpp.obj
C:\Users\Davi\Downloads\oma\.release\native-build\src\ifc\src\ifcparse\IfcEntityInstanceData.cpp(28): warning C4267: 'return': conversion from 'size_t' to 'int', possible loss of data
C:\Users\Davi\Downloads\oma\.release\native-build\src\ifc\src\ifcparse\IfcEntityInstanceData.cpp(90): warning C4100: 'entity_or_type': unreferenced formal parameter
C:\Users\Davi\Downloads\oma\.release\native-build\src\ifc\src\ifcparse\IfcEntityInstanceData.cpp(90): warning C4100: 'instance_name_': unreferenced formal parameter
C:\Users\Davi\Downloads\oma\.release\native-build\src\ifc\src\ifcparse\IfcEntityInstanceData.cpp(34): warning C4100: 'entity_or_type': unreferenced formal parameter
C:\Users\Davi\Downloads\oma\.release\native-build\src\ifc\src\ifcparse\IfcEntityInstanceData.cpp(34): note: the template instantiation context (the oldest one first) is
C:\Users\Davi\Downloads\oma\.release\native-build\src\ifc\src\ifcparse\IfcEntityInstanceData.cpp(113): note: see reference to function template instantiation 'T `anonymous-namespace'::dispatch_get_<int>(AttributeValue::pointer_type,uint8_t,size_t,const IfcParse::declaration *,uint8_t)' being compiled
        with
        [
            T=int
        ]
C:\Users\Davi\Downloads\oma\.release\native-build\src\ifc\src\ifcparse\IfcEntityInstanceData.cpp(34): warning C4100: 'instance_name_': unreferenced formal parameter
C:\Users\Davi\Downloads\oma\.release\native-build\src\ifc\src\ifcparse\IfcEntityInstanceData.cpp(67): warning C4100: 'entity_or_type': unreferenced formal parameter
C:\Users\Davi\Downloads\oma\.release\native-build\src\ifc\src\ifcparse\IfcEntityInstanceData.cpp(67): note: the template instantiation context (the oldest one first) is
C:\Users\Davi\Downloads\oma\.release\native-build\src\ifc\src\ifcparse\IfcEntityInstanceData.cpp(128): note: see reference to function template instantiation 'bool `anonymous-namespace'::dispatch_has_<bool>(AttributeValue::pointer_type,uint8_t,size_t,const IfcParse::declaration *,uint8_t)' being compiled
C:\Users\Davi\Downloads\oma\.release\native-build\src\ifc\src\ifcparse\IfcEntityInstanceData.cpp(67): warning C4100: 'instance_name_': unreferenced formal parameter
C:\Users\Davi\Downloads\oma\.release\native-build\src\ifc\src\ifcparse\variantarray.h(306) : warning C4702: unreachable code
C:\Users\Davi\Downloads\oma\.release\native-build\src\ifc\src\ifcparse\IfcEntityInstanceData.cpp(88) : warning C4715: '`anonymous namespace'::dispatch_has_<bool>': not all control paths return a value
C:\Users\Davi\Downloads\oma\.release\native-build\src\ifc\src\ifcparse\IfcEntityInstanceData.cpp(88) : warning C4715: '`anonymous namespace'::dispatch_has_<Blank>': not all control paths return a value
C:\Users\Davi\Downloads\oma\.release\native-build\src\ifc\src\ifcparse\IfcEntityInstanceData.cpp(88) : warning C4715: '`anonymous namespace'::dispatch_has_<EnumerationReference>': not all control paths return a value
C:\Users\Davi\Downloads\oma\.release\native-build\src\ifc\src\ifcparse\IfcEntityInstanceData.cpp(108) : warning C4715: '`anonymous namespace'::dispatch_index_': not all control paths return a value
C:\Users\Davi\Downloads\oma\.release\native-build\src\ifc\src\ifcparse\IfcEntityInstanceData.cpp(64) : warning C4715: '`anonymous namespace'::dispatch_get_<int>': not all control paths return a value
C:\Users\Davi\Downloads\oma\.release\native-build\src\ifc\src\ifcparse\IfcEntityInstanceData.cpp(64) : warning C4715: '`anonymous namespace'::dispatch_get_<double>': not all control paths return a value
C:\Users\Davi\Downloads\oma\.release\native-build\src\ifc\src\ifcparse\IfcEntityInstanceData.cpp(64) : warning C4715: '`anonymous namespace'::dispatch_get_<boost::dynamic_bitset<unsigned long,std::allocator<unsigned long> > >': not all control paths return a value
C:\Users\Davi\Downloads\oma\.release\native-build\src\ifc\src\ifcparse\IfcEntityInstanceData.cpp(64) : warning C4715: '`anonymous namespace'::dispatch_get_<std::basic_string<char,std::char_traits<char>,std::allocator<char> > >': not all control paths return a value
C:\Users\Davi\Downloads\oma\.release\native-build\src\ifc\src\ifcparse\IfcEntityInstanceData.cpp(64) : warning C4715: '`anonymous namespace'::dispatch_get_<boost::logic::tribool>': not all control paths return a value
C:\Users\Davi\Downloads\oma\.release\native-build\src\ifc\src\ifcparse\IfcEntityInstanceData.cpp(64) : warning C4715: '`anonymous namespace'::dispatch_get_<EnumerationReference>': not all control paths return a value
C:\Users\Davi\Downloads\oma\.release\native-build\src\ifc\src\ifcparse\IfcEntityInstanceData.cpp(64) : warning C4715: '`anonymous namespace'::dispatch_get_<bool>': not all control paths return a value
C:\Users\Davi\Downloads\oma\.release\native-build\src\ifc\src\ifcparse\IfcEntityInstanceData.cpp(64) : warning C4715: '`anonymous namespace'::dispatch_get_<IfcUtil::IfcBaseClass *>': not all control paths return a value
C:\Users\Davi\Downloads\oma\.release\native-build\src\ifc\src\ifcparse\IfcEntityInstanceData.cpp(64) : warning C4715: '`anonymous namespace'::dispatch_get_<std::vector<int,std::allocator<int> > >': not all control paths return a value
C:\Users\Davi\Downloads\oma\.release\native-build\src\ifc\src\ifcparse\IfcEntityInstanceData.cpp(64) : warning C4715: '`anonymous namespace'::dispatch_get_<std::vector<double,std::allocator<double> > >': not all control paths return a value
C:\Users\Davi\Downloads\oma\.release\native-build\src\ifc\src\ifcparse\IfcEntityInstanceData.cpp(181) : warning C4715: 'AttributeValue::operator EnumerationReference': not all control paths return a value
C:\Users\Davi\Downloads\oma\.release\native-build\src\ifc\src\ifcparse\IfcEntityInstanceData.cpp(64) : warning C4715: '`anonymous namespace'::dispatch_get_<std::vector<std::basic_string<char,std::char_traits<char>,std::allocator<char> >,std::allocator<std::basic_string<char,std::char_traits<char>,std::allocator<char> > > > >': not all control paths return a value
C:\Users\Davi\Downloads\oma\.release\native-build\src\ifc\src\ifcparse\IfcEntityInstanceData.cpp(64) : warning C4715: '`anonymous namespace'::dispatch_get_<boost::shared_ptr<aggregate_of_instance> >': not all control paths return a value
C:\Users\Davi\Downloads\oma\.release\native-build\src\ifc\src\ifcparse\IfcEntityInstanceData.cpp(214) : warning C4715: 'AttributeValue::operator IfcUtil::IfcBaseClass *': not all control paths return a value
C:\Users\Davi\Downloads\oma\.release\native-build\src\ifc\src\ifcparse\IfcEntityInstanceData.cpp(64) : warning C4715: '`anonymous namespace'::dispatch_get_<std::vector<boost::dynamic_bitset<unsigned long,std::allocator<unsigned long> >,std::allocator<boost::dynamic_bitset<unsigned long,std::allocator<unsigned long> > > > >': not all control paths return a value
C:\Users\Davi\Downloads\oma\.release\native-build\src\ifc\src\ifcparse\IfcEntityInstanceData.cpp(64) : warning C4715: '`anonymous namespace'::dispatch_get_<std::vector<std::vector<int,std::allocator<int> >,std::allocator<std::vector<int,std::allocator<int> > > > >': not all control paths return a value
C:\Users\Davi\Downloads\oma\.release\native-build\src\ifc\src\ifcparse\IfcEntityInstanceData.cpp(64) : warning C4715: '`anonymous namespace'::dispatch_get_<std::vector<std::vector<double,std::allocator<double> >,std::allocator<std::vector<double,std::allocator<double> > > > >': not all control paths return a value
C:\Users\Davi\Downloads\oma\.release\native-build\src\ifc\src\ifcparse\IfcEntityInstanceData.cpp(64) : warning C4715: '`anonymous namespace'::dispatch_get_<boost::shared_ptr<aggregate_of_aggregate_of_instance> >': not all control paths return a value
[7/818] Building CXX object ifcparse\CMakeFiles\IfcParse.dir\IfcGlobalId.cpp.obj
C:\Users\Davi\Downloads\oma\.release\native-build\src\boost\boost/uuid/basic_random_generator.hpp(57): warning C4459: declaration of 'gen' hides global declaration
C:\Users\Davi\Downloads\oma\.release\native-build\src\ifc\src\ifcparse\IfcGlobalId.cpp(92): note: see declaration of 'gen'
C:\Users\Davi\Downloads\oma\.release\native-build\src\boost\boost/uuid/basic_random_generator.hpp(57): note: the template instantiation context (the oldest one first) is
C:\Users\Davi\Downloads\oma\.release\native-build\src\ifc\src\ifcparse\IfcGlobalId.cpp(92): note: see reference to class template instantiation 'boost::uuids::basic_random_generator<std::mt19937>' being compiled
C:\Users\Davi\Downloads\oma\.release\native-build\src\boost\boost/uuid/basic_random_generator.hpp(55): note: while compiling class template member function 'boost::uuids::basic_random_generator<std::mt19937>::result_type boost::uuids::basic_random_generator<std::mt19937>::operator ()(void)'
C:\Users\Davi\Downloads\oma\.release\native-build\src\ifc\src\ifcparse\IfcGlobalId.cpp(98): note: see the first reference to 'boost::uuids::basic_random_generator<std::mt19937>::operator ()' in 'IfcParse::IfcGlobalId::IfcGlobalId'
[8/818] Building CXX object ifcparse\CMakeFiles\IfcParse.dir\IfcLogger.cpp.obj
[9/818] Building CXX object ifcparse\CMakeFiles\IfcParse.dir\IfcFile.cpp.obj
C:\Users\Davi\Downloads\oma\.release\native-build\src\ifc\src\ifcparse\IfcFile.cpp(361): warning C4100: 'r': unreferenced formal parameter
C:\Users\Davi\Downloads\oma\.release\native-build\src\ifc\src\ifcparse\IfcFile.cpp(361): warning C4100: 'number': unreferenced formal parameter
C:\Users\Davi\Downloads\oma\.release\native-build\src\ifc\src\ifcparse\IfcFile.cpp(413): warning C4100: 'readonly': unreferenced formal parameter
C:\Users\Davi\Downloads\oma\.release\native-build\src\ifc\src\ifcparse\IfcFile.cpp(413): warning C4100: 'filepath': unreferenced formal parameter
C:\Users\Davi\Downloads\oma\.release\native-build\src\ifc\src\ifcparse\IfcFile.cpp(506): warning C4100: 'inst': unreferenced formal parameter
C:\Users\Davi\Downloads\oma\.release\native-build\src\ifc\src\ifcparse\IfcFile.cpp(59): warning C4100: 'instance_id': unreferenced formal parameter
C:\Users\Davi\Downloads\oma\.release\native-build\src\ifc\src\ifcparse\IfcFile.cpp(59): note: the template instantiation context (the oldest one first) is
C:\Users\Davi\Downloads\oma\.release\native-build\src\ifc\src\ifcparse\IfcFile.cpp(292): note: see reference to function template instantiation 'void std::visit<IfcParse::parse_context::construct::<lambda_2>,std::variant<IfcUtil::IfcBaseClass *,IfcParse::Token,IfcParse::parse_context *>&,void>(_Callable &&,std::variant<IfcUtil::IfcBaseClass *,IfcParse::Token,IfcParse::parse_context *> &)' being compiled
        with
        [
            _Callable=IfcParse::parse_context::construct::<lambda_2>
        ]
C:\Program Files (x86)\Microsoft Visual Studio\2022\BuildTools\VC\Tools\MSVC\14.40.33807\include\variant(1605): note: see reference to variable template 'const bool _Variant_all_visit_results_same<void,`IfcParse::parse_context::construct'::`26'::<lambda_2>,std::_Meta_list<>,std::variant<IfcUtil::IfcBaseClass *,IfcParse::Token,IfcParse::parse_context *> &>' being compiled
C:\Program Files (x86)\Microsoft Visual Studio\2022\BuildTools\VC\Tools\MSVC\14.40.33807\include\variant(1579): note: see reference to variable template 'const bool _Variant_all_visit_results_same<void,`IfcParse::parse_context::construct'::`26'::<lambda_2>,std::_Meta_list<IfcParse::Token &> >' being compiled
C:\Program Files (x86)\Microsoft Visual Studio\2022\BuildTools\VC\Tools\MSVC\14.40.33807\include\variant(1574): note: see reference to function template instantiation 'unknown-type std::invoke(_Callable &&,_Ty1 &&,_Types2 ...) noexcept(<expr>)' being compiled
C:\Program Files (x86)\Microsoft Visual Studio\2022\BuildTools\VC\Tools\MSVC\14.40.33807\include\type_traits(1712): note: while compiling class template member function 'unknown-type std::_Invoker_functor::_Call(_Callable &&,_Types ...) noexcept(<expr>)'
C:\Program Files (x86)\Microsoft Visual Studio\2022\BuildTools\VC\Tools\MSVC\14.40.33807\include\type_traits(1611): note: see reference to function template instantiation 'void IfcParse::parse_context::construct::<lambda_2>::operator ()<IfcParse::Token>(const _T1 &) const' being compiled
        with
        [
            _T1=IfcParse::Token
        ]
C:\Users\Davi\Downloads\oma\.release\native-build\src\ifc\src\ifcparse\IfcFile.cpp(294): note: see reference to function template instantiation 'void `anonymous-namespace'::dispatch_token<IfcParse::parse_context::construct::<lambda_2>::()::<lambda_1>>(boost::optional<size_t>,int,IfcParse::Token,IfcParse::declaration *,Fn)' being compiled
        with
        [
            Fn=IfcParse::parse_context::construct::<lambda_2>::()::<lambda_1>
        ]
C:\Users\Davi\Downloads\oma\.release\native-build\src\ifc\src\ifcparse\IfcFile.cpp(71): warning C4101: 'e': unreferenced local variable
C:\Users\Davi\Downloads\oma\.release\native-build\src\ifc\src\ifcparse\rocksdb_set_view.h(165): warning C4100: 'other': unreferenced formal parameter
C:\Users\Davi\Downloads\oma\.release\native-build\src\ifc\src\ifcparse\rocksdb_set_view.h(165): note: the template instantiation context (the oldest one first) is
C:\Users\Davi\Downloads\oma\.release\native-build\src\ifc\src\ifcparse\map_variant.h(46): note: while compiling class 'VariantMap<IfcParse::impl::in_memory_file_storage::entity_instance_by_name_t,IfcParse::impl::rocks_db_file_storage::entity_instance_by_name_t>::iterator'
C:\Users\Davi\Downloads\oma\.release\native-build\src\ifc\src\ifcparse\map_variant.h(54): note: see reference to class template instantiation 'std::variant<boost::unordered::detail::iterator_detail::iterator<boost::unordered::detail::node<std::pair<const K,T>,void *>,boost::unordered::detail::bucket<boost::unordered::detail::node<std::pair<const K,T>,void *>,void *>>,set_to_map_transformer<IfcParse::impl::rocks_db_file_storage::instance_name_view_t,std::function<IfcUtil::IfcBaseClass *(size_t)>>::iterator>' being compiled
        with
        [
            K=uint32_t,
            T=IfcUtil::IfcBaseClass *
        ]
C:\Program Files (x86)\Microsoft Visual Studio\2022\BuildTools\VC\Tools\MSVC\14.40.33807\include\variant(965): note: see reference to alias template instantiation 'std::_Variant_destroy_layer<boost::unordered::detail::iterator_detail::iterator<boost::unordered::detail::node<std::pair<const K,T>,void *>,boost::unordered::detail::bucket<boost::unordered::detail::node<std::pair<const K,T>,void *>,void *>>,set_to_map_transformer<IfcParse::impl::rocks_db_file_storage::instance_name_view_t,std::function<IfcUtil::IfcBaseClass *(size_t)>>::iterator>' being compiled
        with
        [
            K=uint32_t,
            T=IfcUtil::IfcBaseClass *
        ]
C:\Program Files (x86)\Microsoft Visual Studio\2022\BuildTools\VC\Tools\MSVC\14.40.33807\include\variant(890): note: see reference to variable template 'const bool conjunction_v<std::is_trivially_destructible<boost::unordered::detail::iterator_detail::iterator<boost::unordered::detail::node<std::pair<unsigned int const ,IfcUtil::IfcBaseClass *>,void *>,boost::unordered::detail::bucket<boost::unordered::detail::node<std::pair<unsigned int const ,IfcUtil::IfcBaseClass *>,void *>,void *> > >,std::is_trivially_destructible<set_to_map_transformer<rocksdb_set_view<unsigned __int64>,std::function<IfcUtil::IfcBaseClass * __cdecl(unsigned __int64)> >::iterator> >' being compiled
C:\Users\Davi\Downloads\oma\.release\native-build\src\ifc\src\ifcparse\set_to_map_transformer.h(44): note: while compiling class 'set_to_map_transformer<IfcParse::impl::rocks_db_file_storage::instance_name_view_t,std::function<IfcUtil::IfcBaseClass *(size_t)>>::iterator'
C:\Users\Davi\Downloads\oma\.release\native-build\src\ifc\src\ifcparse\set_to_map_transformer.h(48): note: see reference to class template instantiation 'std::iterator_traits<rocksdb_set_view<size_t>::iterator>' being compiled
C:\Users\Davi\Downloads\oma\.release\native-build\src\ifc\src\ifcparse\rocksdb_set_view.h(53): note: while compiling class 'rocksdb_set_view<size_t>::iterator'
C:\Users\Davi\Downloads\oma\.release\native-build\src\ifc\src\ifcparse\rocksdb_set_view.h(165): note: while compiling class template member function 'bool rocksdb_set_view<size_t>::iterator::operator ==(const rocksdb_set_view<size_t>::iterator &) const'
C:\Users\Davi\Downloads\oma\.release\native-build\src\ifc\src\ifcparse\set_to_map_transformer.h(89): note: see the first reference to 'rocksdb_set_view<size_t>::iterator::operator ==' in 'set_to_map_transformer<IfcParse::impl::rocks_db_file_storage::instance_name_view_t,std::function<IfcUtil::IfcBaseClass *(size_t)>>::iterator::operator =='
C:\Program Files (x86)\Microsoft Visual Studio\2022\BuildTools\VC\Tools\MSVC\14.40.33807\include\xutility(611): note: see the first reference to 'set_to_map_transformer<IfcParse::impl::rocks_db_file_storage::instance_name_view_t,std::function<IfcUtil::IfcBaseClass *(size_t)>>::iterator::operator ==' in 'std::equal_to<void>::operator ()'
C:\Program Files (x86)\Microsoft Visual Studio\2022\BuildTools\VC\Tools\MSVC\14.40.33807\include\utility(276): warning C4267: 'initializing': conversion from 'size_t' to '_Ty1', possible loss of data
        with
        [
            _Ty1=uint32_t
        ]
C:\Program Files (x86)\Microsoft Visual Studio\2022\BuildTools\VC\Tools\MSVC\14.40.33807\include\utility(276): note: the template instantiation context (the oldest one first) is
C:\Users\Davi\Downloads\oma\.release\native-build\src\ifc\src\ifcparse\map_variant.h(75): note: while compiling class template member function 'std::pair<const K,T> VariantMap<IfcParse::impl::in_memory_file_storage::entity_instance_by_name_t,IfcParse::impl::rocks_db_file_storage::entity_instance_by_name_t>::iterator::operator *(void) const'
        with
        [
            K=uint32_t,
            T=IfcUtil::IfcBaseClass *
        ]
C:\Users\Davi\Downloads\oma\.release\native-build\src\ifc\src\ifcparse\IfcFile.cpp(576): note: see the first reference to 'VariantMap<IfcParse::impl::in_memory_file_storage::entity_instance_by_name_t,IfcParse::impl::rocks_db_file_storage::entity_instance_by_name_t>::iterator::operator *' in 'IfcParse::IfcFile::~IfcFile'
C:\Users\Davi\Downloads\oma\.release\native-build\src\ifc\src\ifcparse\map_variant.h(76): note: see reference to function template instantiation 'std::pair<const K,T> std::visit<VariantMap<IfcParse::impl::in_memory_file_storage::entity_instance_by_name_t,IfcParse::impl::rocks_db_file_storage::entity_instance_by_name_t>::iterator::*::<lambda_1>,const std::variant<boost::unordered::detail::iterator_detail::iterator<boost::unordered::detail::node<std::pair<const K,T>,void *>,boost::unordered::detail::bucket<boost::unordered::detail::node<std::pair<const K,T>,void *>,void *>>,set_to_map_transformer<IfcParse::impl::rocks_db_file_storage::instance_name_view_t,std::function<IfcUtil::IfcBaseClass *(size_t)>>::iterator>&,void>(_Callable &&,const std::variant<boost::unordered::detail::iterator_detail::iterator<boost::unordered::detail::node<std::pair<const K,T>,void *>,boost::unordered::detail::bucket<boost::unordered::detail::node<std::pair<const K,T>,void *>,void *>>,set_to_map_transformer<IfcParse::impl::rocks_db_file_storage::instance_name_view_t,std::function<IfcUtil::IfcBaseClass *(size_t)>>::iterator> &)' being compiled
        with
        [
            K=uint32_t,
            T=IfcUtil::IfcBaseClass *,
            _Callable=VariantMap<IfcParse::impl::in_memory_file_storage::entity_instance_by_name_t,IfcParse::impl::rocks_db_file_storage::entity_instance_by_name_t>::iterator::*::<lambda_1>
        ]
C:\Program Files (x86)\Microsoft Visual Studio\2022\BuildTools\VC\Tools\MSVC\14.40.33807\include\variant(1609): note: see reference to function template instantiation '_Ret std::_Visit_impl<3,std::visit::_Ret,std::visit::_ListOfIndexVectors,VariantMap<IfcParse::impl::in_memory_file_storage::entity_instance_by_name_t,IfcParse::impl::rocks_db_file_storage::entity_instance_by_name_t>::iterator::*::<lambda_1>,const std::variant<boost::unordered::detail::iterator_detail::iterator<boost::unordered::detail::node<std::pair<const K,T>,void *>,boost::unordered::detail::bucket<boost::unordered::detail::node<std::pair<const K,T>,void *>,void *>>,set_to_map_transformer<IfcParse::impl::rocks_db_file_storage::instance_name_view_t,std::function<IfcUtil::IfcBaseClass *(size_t)>>::iterator>&>(_Callable &&,const std::variant<boost::unordered::detail::iterator_detail::iterator<boost::unordered::detail::node<std::pair<const K,T>,void *>,boost::unordered::detail::bucket<boost::unordered::detail::node<std::pair<const K,T>,void *>,void *>>,set_to_map_transformer<IfcParse::impl::rocks_db_file_storage::instance_name_view_t,std::function<IfcUtil::IfcBaseClass *(size_t)>>::iterator> &)' being compiled
        with
        [
            _Ret=std::visit::_Ret,
            K=uint32_t,
            T=IfcUtil::IfcBaseClass *,
            _Callable=VariantMap<IfcParse::impl::in_memory_file_storage::entity_instance_by_name_t,IfcParse::impl::rocks_db_file_storage::entity_instance_by_name_t>::iterator::*::<lambda_1>
        ]
C:\Program Files (x86)\Microsoft Visual Studio\2022\BuildTools\VC\Tools\MSVC\14.40.33807\include\variant(1564): note: see reference to function template instantiation '_Ret std::_Visit_strategy<1>::_Visit2<std::visit::_Ret,std::visit::_ListOfIndexVectors,VariantMap<IfcParse::impl::in_memory_file_storage::entity_instance_by_name_t,IfcParse::impl::rocks_db_file_storage::entity_instance_by_name_t>::iterator::*::<lambda_1>,const std::variant<boost::unordered::detail::iterator_detail::iterator<boost::unordered::detail::node<std::pair<const K,T>,void *>,boost::unordered::detail::bucket<boost::unordered::detail::node<std::pair<const K,T>,void *>,void *>>,set_to_map_transformer<IfcParse::impl::rocks_db_file_storage::instance_name_view_t,std::function<IfcUtil::IfcBaseClass *(size_t)>>::iterator>&>(size_t,_Callable &&,const std::variant<boost::unordered::detail::iterator_detail::iterator<boost::unordered::detail::node<std::pair<const K,T>,void *>,boost::unordered::detail::bucket<boost::unordered::detail::node<std::pair<const K,T>,void *>,void *>>,set_to_map_transformer<IfcParse::impl::rocks_db_file_storage::instance_name_view_t,std::function<IfcUtil::IfcBaseClass *(size_t)>>::iterator> &)' being compiled
        with
        [
            _Ret=std::visit::_Ret,
            K=uint32_t,
            T=IfcUtil::IfcBaseClass *,
            _Callable=VariantMap<IfcParse::impl::in_memory_file_storage::entity_instance_by_name_t,IfcParse::impl::rocks_db_file_storage::entity_instance_by_name_t>::iterator::*::<lambda_1>
        ]
C:\Program Files (x86)\Microsoft Visual Studio\2022\BuildTools\VC\Tools\MSVC\14.40.33807\include\variant(1510): note: see reference to function template instantiation '_Ret std::_Variant_dispatcher<std::_Visit_strategy<1>::_Visit2::_Indices>::_Dispatch2<std::visit::_Ret,VariantMap<IfcParse::impl::in_memory_file_storage::entity_instance_by_name_t,IfcParse::impl::rocks_db_file_storage::entity_instance_by_name_t>::iterator::*::<lambda_1>,const std::variant<boost::unordered::detail::iterator_detail::iterator<boost::unordered::detail::node<std::pair<const K,T>,void *>,boost::unordered::detail::bucket<boost::unordered::detail::node<std::pair<const K,T>,void *>,void *>>,set_to_map_transformer<IfcParse::impl::rocks_db_file_storage::instance_name_view_t,std::function<IfcUtil::IfcBaseClass *(size_t)>>::iterator>&,false>(_Callable &&,const std::variant<boost::unordered::detail::iterator_detail::iterator<boost::unordered::detail::node<std::pair<const K,T>,void *>,boost::unordered::detail::bucket<boost::unordered::detail::node<std::pair<const K,T>,void *>,void *>>,set_to_map_transformer<IfcParse::impl::rocks_db_file_storage::instance_name_view_t,std::function<IfcUtil::IfcBaseClass *(size_t)>>::iterator> &)' being compiled
        with
        [
            _Ret=std::visit::_Ret,
            K=uint32_t,
            T=IfcUtil::IfcBaseClass *,
            _Callable=VariantMap<IfcParse::impl::in_memory_file_storage::entity_instance_by_name_t,IfcParse::impl::rocks_db_file_storage::entity_instance_by_name_t>::iterator::*::<lambda_1>
        ]
C:\Program Files (x86)\Microsoft Visual Studio\2022\BuildTools\VC\Tools\MSVC\14.40.33807\include\variant(1440): note: see reference to function template instantiation 'std::pair<const K,T> std::invoke<_Callable,const set_to_map_transformer<IfcParse::impl::rocks_db_file_storage::instance_name_view_t,std::function<IfcUtil::IfcBaseClass *(size_t)>>::iterator&,>(_Callable &&,_Ty1) noexcept(false)' being compiled
        with
        [
            K=uint32_t,
            T=IfcUtil::IfcBaseClass *,
            _Callable=VariantMap<IfcParse::impl::in_memory_file_storage::entity_instance_by_name_t,IfcParse::impl::rocks_db_file_storage::entity_instance_by_name_t>::iterator::*::<lambda_1>,
            _Ty1=const set_to_map_transformer<IfcParse::impl::rocks_db_file_storage::instance_name_view_t,std::function<IfcUtil::IfcBaseClass *(size_t)>>::iterator &
        ]
C:\Program Files (x86)\Microsoft Visual Studio\2022\BuildTools\VC\Tools\MSVC\14.40.33807\include\type_traits(1715): note: see reference to function template instantiation 'std::pair<const K,T> VariantMap<IfcParse::impl::in_memory_file_storage::entity_instance_by_name_t,IfcParse::impl::rocks_db_file_storage::entity_instance_by_name_t>::iterator::*::<lambda_1>::operator ()<const set_to_map_transformer<IfcParse::impl::rocks_db_file_storage::instance_name_view_t,std::function<IfcUtil::IfcBaseClass *(size_t)>>::iterator>(_T2 &) const' being compiled
        with
        [
            K=uint32_t,
            T=IfcUtil::IfcBaseClass *,
            _T2=const set_to_map_transformer<IfcParse::impl::rocks_db_file_storage::instance_name_view_t,std::function<IfcUtil::IfcBaseClass *(size_t)>>::iterator
        ]
C:\Users\Davi\Downloads\oma\.release\native-build\src\ifc\src\ifcparse\map_variant.h(76): note: see reference to function template instantiation 'std::pair<const K,T>::pair<unsigned __int64,IfcUtil::IfcBaseClass*,0>(std::pair<unsigned __int64,IfcUtil::IfcBaseClass *> &&) noexcept' being compiled
        with
        [
            K=uint32_t,
            T=IfcUtil::IfcBaseClass *
        ]
[10/818] Building CXX object ifcparse\CMakeFiles\IfcParse.dir\IfcAlignmentHelper.cpp.obj
[11/818] Building CXX object ifcparse\CMakeFiles\IfcParse.dir\IfcParse.cpp.obj
C:\Users\Davi\Downloads\oma\.release\native-build\src\ifc\src\ifcparse\IfcParse.cpp(241): warning C4457: declaration of 'offset' hides function parameter
C:\Users\Davi\Downloads\oma\.release\native-build\src\ifc\src\ifcparse\IfcParse.cpp(218): note: see declaration of 'offset'
C:\Users\Davi\Downloads\oma\.release\native-build\src\ifc\src\ifcparse\IfcParse.cpp(550): warning C4267: 'argument': conversion from 'size_t' to 'unsigned int', possible loss of data
C:\Users\Davi\Downloads\oma\.release\native-build\src\ifc\src\ifcparse\IfcParse.cpp(632): warning C4100: 'attribute_index': unreferenced formal parameter
C:\Users\Davi\Downloads\oma\.release\native-build\src\ifc\src\ifcparse\IfcParse.cpp(632): warning C4100: 'inst_id': unreferenced formal parameter
C:\Users\Davi\Downloads\oma\.release\native-build\src\ifc\src\ifcparse\IfcParse.cpp(632): warning C4100: 'from_entity': unreferenced formal parameter
C:\Users\Davi\Downloads\oma\.release\native-build\src\ifc\src\ifcparse\IfcParse.cpp(632): warning C4100: 'id_from': unreferenced formal parameter
C:\Users\Davi\Downloads\oma\.release\native-build\src\ifc\src\ifcparse\IfcParse.cpp(654): warning C4100: 'attribute_index': unreferenced formal parameter
C:\Users\Davi\Downloads\oma\.release\native-build\src\ifc\src\ifcparse\IfcParse.cpp(654): warning C4100: 'inst': unreferenced formal parameter
C:\Users\Davi\Downloads\oma\.release\native-build\src\ifc\src\ifcparse\IfcParse.cpp(654): warning C4100: 'from_entity': unreferenced formal parameter
C:\Users\Davi\Downloads\oma\.release\native-build\src\ifc\src\ifcparse\IfcParse.cpp(654): warning C4100: 'id_from': unreferenced formal parameter
C:\Users\Davi\Downloads\oma\.release\native-build\src\ifc\src\ifcparse\IfcParse.cpp(675): warning C4100: 'new_entity': unreferenced formal parameter
C:\Users\Davi\Downloads\oma\.release\native-build\src\ifc\src\ifcparse\IfcParse.cpp(705): warning C4100: 'new_entity': unreferenced formal parameter
C:\Users\Davi\Downloads\oma\.release\native-build\src\ifc\src\ifcparse\IfcEntityInstanceData.h(471): warning C4100: 'identity': unreferenced formal parameter
C:\Users\Davi\Downloads\oma\.release\native-build\src\ifc\src\ifcparse\IfcEntityInstanceData.h(471): note: the template instantiation context (the oldest one first) is
C:\Users\Davi\Downloads\oma\.release\native-build\src\ifc\src\ifcparse\IfcParse.cpp(949): note: see reference to function template instantiation 'void IfcEntityInstanceData::apply_visitor<`anonymous-namespace'::StringBuilderVisitor&>(void *,const IfcParse::declaration *,size_t,Visitor,size_t) const' being compiled
        with
        [
            Visitor=`anonymous-namespace'::StringBuilderVisitor &
        ]
C:\Users\Davi\Downloads\oma\.release\native-build\src\ifc\src\ifcparse\IfcEntityInstanceData.h(471): warning C4100: 'decl': unreferenced formal parameter
C:\Users\Davi\Downloads\oma\.release\native-build\src\ifc\src\ifcparse\IfcEntityInstanceData.h(471): warning C4100: 'storage': unreferenced formal parameter
C:\Users\Davi\Downloads\oma\.release\native-build\src\ifc\src\ifcparse\IfcParse.cpp(1589): warning C4244: 'argument': conversion from 'unsigned __int64' to 'const unsigned int', possible loss of data
C:\Users\Davi\Downloads\oma\.release\native-build\src\ifc\src\ifcparse\IfcParse.cpp(2864): warning C4100: 'schema': unreferenced formal parameter
C:\Users\Davi\Downloads\oma\.release\native-build\src\ifc\src\ifcparse\IfcEntityInstanceData.h(459): warning C4100: 'identity': unreferenced formal parameter
C:\Users\Davi\Downloads\oma\.release\native-build\src\ifc\src\ifcparse\IfcEntityInstanceData.h(459): note: the template instantiation context (the oldest one first) is
C:\Users\Davi\Downloads\oma\.release\native-build\src\ifc\src\ifcparse\IfcParse.cpp(942): note: see reference to function template instantiation 'bool IfcEntityInstanceData::has_attribute_value<Blank>(void *,const IfcParse::declaration *,size_t,size_t) const' being compiled
C:\Users\Davi\Downloads\oma\.release\native-build\src\ifc\src\ifcparse\IfcEntityInstanceData.h(459): warning C4100: 'decl': unreferenced formal parameter
C:\Users\Davi\Downloads\oma\.release\native-build\src\ifc\src\ifcparse\IfcEntityInstanceData.h(459): warning C4100: 'storage': unreferenced formal parameter
C:\Users\Davi\Downloads\oma\.release\native-build\src\ifc\src\ifcparse\IfcEntityInstanceData.h(447): warning C4100: 'identity': unreferenced formal parameter
C:\Users\Davi\Downloads\oma\.release\native-build\src\ifc\src\ifcparse\IfcEntityInstanceData.h(447): note: the template instantiation context (the oldest one first) is
C:\Users\Davi\Downloads\oma\.release\native-build\src\ifc\src\ifcparse\IfcParse.cpp(1650): note: see reference to function template instantiation 'void IfcEntityInstanceData::set_attribute_value<_Ty2&>(void *,const IfcParse::declaration *,size_t,size_t,T)' being compiled
        with
        [
            _Ty2=IfcUtil::IfcBaseClass *,
            T=IfcUtil::IfcBaseClass *&
        ]
C:\Users\Davi\Downloads\oma\.release\native-build\src\ifc\src\ifcparse\IfcEntityInstanceData.h(447): warning C4100: 'decl': unreferenced formal parameter
C:\Users\Davi\Downloads\oma\.release\native-build\src\ifc\src\ifcparse\IfcEntityInstanceData.h(447): warning C4100: 'storage': unreferenced formal parameter
C:\Users\Davi\Downloads\oma\.release\native-build\src\ifc\src\ifcparse\rocksdb_map_adapter.h(321): warning C4100: 'key': unreferenced formal parameter
C:\Users\Davi\Downloads\oma\.release\native-build\src\ifc\src\ifcparse\rocksdb_map_adapter.h(321): note: the template instantiation context (the oldest one first) is
C:\Users\Davi\Downloads\oma\.release\native-build\src\ifc\src\ifcparse\storage.h(341): note: see reference to class template instantiation 'rocksdb_map_adapter<size_t,std::string,DefaultCodec<std::string>>' being compiled
C:\Users\Davi\Downloads\oma\.release\native-build\src\ifc\src\ifcparse\rocksdb_map_adapter.h(321): note: while compiling class template member function 'rocksdb_map_adapter<size_t,std::string,DefaultCodec<std::string>>::iterator rocksdb_map_adapter<size_t,std::string,DefaultCodec<std::string>>::find(const unsigned __int64 &) const'
C:\Users\Davi\Downloads\oma\.release\native-build\src\ifc\src\ifcparse\IfcParse.cpp(2340): note: see the first reference to 'rocksdb_map_adapter<size_t,std::string,DefaultCodec<std::string>>::find' in 'IfcParse::IfcFile::instances_by_type_excl_subtypes::<lambda_1>::operator ()'
C:\Users\Davi\Downloads\oma\.release\native-build\src\ifc\src\ifcparse\rocksdb_map_adapter.h(292): warning C4100: 'other': unreferenced formal parameter
C:\Users\Davi\Downloads\oma\.release\native-build\src\ifc\src\ifcparse\rocksdb_map_adapter.h(292): note: the template instantiation context (the oldest one first) is
C:\Users\Davi\Downloads\oma\.release\native-build\src\ifc\src\ifcparse\IfcParse.cpp(2334): note: see reference to function template instantiation 'boost::shared_ptr<aggregate_of_instance> std::visit<IfcParse::IfcFile::instances_by_type_excl_subtypes::<lambda_1>,IfcParse::IfcFile::storage_t&,void>(_Callable &&,IfcParse::IfcFile::storage_t &)' being compiled
        with
        [
            _Callable=IfcParse::IfcFile::instances_by_type_excl_subtypes::<lambda_1>
        ]
C:\Program Files (x86)\Microsoft Visual Studio\2022\BuildTools\VC\Tools\MSVC\14.40.33807\include\variant(1605): note: see reference to variable template 'const bool _Variant_all_visit_results_same<boost::shared_ptr<aggregate_of_instance>,`IfcParse::IfcFile::instances_by_type_excl_subtypes'::`2'::<lambda_1>,std::_Meta_list<>,std::variant<std::monostate,IfcParse::impl::in_memory_file_storage,IfcParse::impl::rocks_db_file_storage> &>' being compiled
C:\Program Files (x86)\Microsoft Visual Studio\2022\BuildTools\VC\Tools\MSVC\14.40.33807\include\variant(1579): note: see reference to variable template 'const bool _Variant_all_visit_results_same<boost::shared_ptr<aggregate_of_instance>,`IfcParse::IfcFile::instances_by_type_excl_subtypes'::`2'::<lambda_1>,std::_Meta_list<IfcParse::impl::rocks_db_file_storage &> >' being compiled
C:\Program Files (x86)\Microsoft Visual Studio\2022\BuildTools\VC\Tools\MSVC\14.40.33807\include\variant(1574): note: see reference to function template instantiation 'unknown-type std::invoke(_Callable &&,_Ty1 &&,_Types2 ...) noexcept(<expr>)' being compiled
C:\Program Files (x86)\Microsoft Visual Studio\2022\BuildTools\VC\Tools\MSVC\14.40.33807\include\type_traits(1712): note: while compiling class template member function 'unknown-type std::_Invoker_functor::_Call(_Callable &&,_Types ...) noexcept(<expr>)'
C:\Program Files (x86)\Microsoft Visual Studio\2022\BuildTools\VC\Tools\MSVC\14.40.33807\include\type_traits(1611): note: see reference to function template instantiation 'aggregate_of_instance::ptr IfcParse::IfcFile::instances_by_type_excl_subtypes::<lambda_1>::operator ()<IfcParse::impl::rocks_db_file_storage>(_T1 &) const' being compiled
        with
        [
            _T1=IfcParse::impl::rocks_db_file_storage
        ]
C:\Users\Davi\Downloads\oma\.release\native-build\src\ifc\src\ifcparse\rocksdb_map_adapter.h(191): note: while compiling class 'rocksdb_map_adapter<size_t,std::string,DefaultCodec<std::string>>::iterator'
C:\Users\Davi\Downloads\oma\.release\native-build\src\ifc\src\ifcparse\rocksdb_map_adapter.h(292): note: while compiling class template member function 'bool rocksdb_map_adapter<size_t,std::string,DefaultCodec<std::string>>::iterator::operator ==(const rocksdb_map_adapter<size_t,std::string,DefaultCodec<std::string>>::iterator &) const'
C:\Users\Davi\Downloads\oma\.release\native-build\src\ifc\src\ifcparse\rocksdb_map_adapter.h(302): note: see the first reference to 'rocksdb_map_adapter<size_t,std::string,DefaultCodec<std::string>>::iterator::operator ==' in 'rocksdb_map_adapter<size_t,std::string,DefaultCodec<std::string>>::iterator::operator !='
C:\Users\Davi\Downloads\oma\.release\native-build\src\ifc\src\ifcparse\IfcParse.cpp(2341): note: see the first reference to 'rocksdb_map_adapter<size_t,std::string,DefaultCodec<std::string>>::iterator::operator !=' in 'IfcParse::IfcFile::instances_by_type_excl_subtypes::<lambda_1>::operator ()'
C:\Program Files (x86)\Microsoft Visual Studio\2022\BuildTools\VC\Tools\MSVC\14.40.33807\include\type_traits(2429): warning C4018: '<': signed/unsigned mismatch
C:\Program Files (x86)\Microsoft Visual Studio\2022\BuildTools\VC\Tools\MSVC\14.40.33807\include\type_traits(2429): note: the template instantiation context (the oldest one first) is
C:\Users\Davi\Downloads\oma\.release\native-build\src\ifc\src\ifcparse\IfcParse.cpp(1630): note: see reference to function template instantiation 'bool std::binary_search<std::_Vector_const_iterator<std::_Vector_val<std::_Simple_types<_Ty>>>,IfcParse::InstanceReference>(_FwdIt,_FwdIt,const IfcParse::InstanceReference &)' being compiled
        with
        [
            _Ty=std::_Vbase,
            _FwdIt=std::_Vector_const_iterator<std::_Vector_val<std::_Simple_types<std::_Vbase>>>
        ]
C:\Program Files (x86)\Microsoft Visual Studio\2022\BuildTools\VC\Tools\MSVC\14.40.33807\include\algorithm(7209): note: see reference to function template instantiation 'bool std::binary_search<_FwdIt,_Ty,std::less<void>>(_FwdIt,_FwdIt,const _Ty &,_Pr)' being compiled
        with
        [
            _FwdIt=std::_Vector_const_iterator<std::_Vector_val<std::_Simple_types<std::_Vbase>>>,
            _Ty=IfcParse::InstanceReference,
            _Pr=std::less<void>
        ]
C:\Program Files (x86)\Microsoft Visual Studio\2022\BuildTools\VC\Tools\MSVC\14.40.33807\include\algorithm(7203): note: while compiling class template member function 'bool std::less<void>::operator ()<const _Ty&,const unsigned int&>(_Ty1,_Ty2) noexcept(<expr>) const'
        with
        [
            _Ty=IfcParse::InstanceReference,
            _Ty1=const IfcParse::InstanceReference &,
            _Ty2=const unsigned int &
        ]
C:\Program Files (x86)\Microsoft Visual Studio\2022\BuildTools\VC\Tools\MSVC\14.40.33807\include\xutility(5941): warning C4389: '==': signed/unsigned mismatch
C:\Program Files (x86)\Microsoft Visual Studio\2022\BuildTools\VC\Tools\MSVC\14.40.33807\include\xutility(5941): note: the template instantiation context (the oldest one first) is
C:\Users\Davi\Downloads\oma\.release\native-build\src\ifc\src\ifcparse\IfcParse.cpp(2187): note: see reference to function template instantiation '_InIt std::find<boost::multi_index::detail::bidir_node_iterator<boost::multi_index::detail::sequenced_index_node<Super>>,uint32_t>(_InIt,const _InIt,const _Ty &)' being compiled
        with
        [
            _InIt=boost::multi_index::detail::bidir_node_iterator<boost::multi_index::detail::sequenced_index_node<boost::multi_index::detail::ordered_index_node<boost::multi_index::detail::null_augment_policy,boost::multi_index::detail::index_node_base<int,std::allocator<int>>>>>,
            Super=boost::multi_index::detail::ordered_index_node<boost::multi_index::detail::null_augment_policy,boost::multi_index::detail::index_node_base<int,std::allocator<int>>>,
            _Ty=uint32_t
        ]
C:\Program Files (x86)\Microsoft Visual Studio\2022\BuildTools\VC\Tools\MSVC\14.40.33807\include\xutility(5955): note: see reference to function template instantiation '_InIt std::_Find_unchecked<_InIt,_Ty>(_InIt,const _InIt,const _Ty &)' being compiled
        with
        [
            _InIt=boost::multi_index::detail::bidir_node_iterator<boost::multi_index::detail::sequenced_index_node<boost::multi_index::detail::ordered_index_node<boost::multi_index::detail::null_augment_policy,boost::multi_index::detail::index_node_base<int,std::allocator<int>>>>>,
            _Ty=uint32_t
        ]
C:\Program Files (x86)\Microsoft Visual Studio\2022\BuildTools\VC\Tools\MSVC\14.40.33807\include\type_traits(2431): warning C4018: '<': signed/unsigned mismatch
C:\Program Files (x86)\Microsoft Visual Studio\2022\BuildTools\VC\Tools\MSVC\14.40.33807\include\type_traits(2431): note: the template instantiation context (the oldest one first) is
C:\Program Files (x86)\Microsoft Visual Studio\2022\BuildTools\VC\Tools\MSVC\14.40.33807\include\algorithm(7203): note: see reference to function template instantiation 'bool std::less<void>::operator ()<const _Ty&,const unsigned int&>(_Ty1,_Ty2) noexcept(false) const' being compiled
        with
        [
            _Ty=IfcParse::InstanceReference,
            _Ty1=const IfcParse::InstanceReference &,
            _Ty2=const unsigned int &
        ]
C:\Program Files (x86)\Microsoft Visual Studio\2022\BuildTools\VC\Tools\MSVC\14.40.33807\include\tuple(143): warning C4244: 'initializing': conversion from '_Ty' to '_Ty', possible loss of data
        with
        [
            _Ty=int
        ]
        and
        [
            _Ty=short
        ]
C:\Program Files (x86)\Microsoft Visual Studio\2022\BuildTools\VC\Tools\MSVC\14.40.33807\include\tuple(143): note: the template instantiation context (the oldest one first) is
C:\Users\Davi\Downloads\oma\.release\native-build\src\ifc\src\ifcparse\IfcParse.cpp(608): note: see reference to function template instantiation 'std::tuple<int,short,short>::tuple<int&,int,int&,0>(_This2,int &&,int &) noexcept' being compiled
        with
        [
            _This2=int &
        ]
C:\Users\Davi\Downloads\oma\.release\native-build\src\ifc\src\ifcparse\IfcParse.cpp(608): note: see the first reference to 'std::tuple<int,short,short>::tuple' in 'IfcParse::impl::in_memory_file_storage::register_inverse'
C:\Program Files (x86)\Microsoft Visual Studio\2022\BuildTools\VC\Tools\MSVC\14.40.33807\include\tuple(359): note: see reference to function template instantiation 'std::tuple<int,short,short>::tuple<std::_Exact_args_t,int&,_Ty,int&,0>(_Tag,_This2,_Ty &&,int &)' being compiled
        with
        [
            _Ty=int,
            _Tag=std::_Exact_args_t,
            _This2=int &
        ]
C:\Program Files (x86)\Microsoft Visual Studio\2022\BuildTools\VC\Tools\MSVC\14.40.33807\include\tuple(313): note: see reference to function template instantiation 'std::tuple<short,short>::tuple<std::_Exact_args_t,_Ty,int&,0>(_Tag,_This2 &&,int &)' being compiled
        with
        [
            _Ty=int,
            _Tag=std::_Exact_args_t,
            _This2=int
        ]
C:\Program Files (x86)\Microsoft Visual Studio\2022\BuildTools\VC\Tools\MSVC\14.40.33807\include\tuple(313): note: see reference to function template instantiation 'std::_Tuple_val<_This>::_Tuple_val<_Ty>(_Other &&)' being compiled
        with
        [
            _This=short,
            _Ty=int,
            _Other=int
        ]
C:\Program Files (x86)\Microsoft Visual Studio\2022\BuildTools\VC\Tools\MSVC\14.40.33807\include\tuple(143): warning C4244: 'initializing': conversion from 'int' to '_Ty', possible loss of data
        with
        [
            _Ty=short
        ]
C:\Program Files (x86)\Microsoft Visual Studio\2022\BuildTools\VC\Tools\MSVC\14.40.33807\include\tuple(143): note: the template instantiation context (the oldest one first) is
C:\Program Files (x86)\Microsoft Visual Studio\2022\BuildTools\VC\Tools\MSVC\14.40.33807\include\tuple(313): note: see reference to function template instantiation 'std::tuple<short>::tuple<std::_Exact_args_t,int&,,0>(_Tag,_This2)' being compiled
        with
        [
            _Tag=std::_Exact_args_t,
            _This2=int &
        ]
C:\Program Files (x86)\Microsoft Visual Studio\2022\BuildTools\VC\Tools\MSVC\14.40.33807\include\tuple(313): note: see reference to function template instantiation 'std::_Tuple_val<_This>::_Tuple_val<int&>(_Other)' being compiled
        with
        [
            _This=short,
            _Other=int &
        ]
C:\Users\Davi\Downloads\oma\.release\native-build\src\ifc\src\ifcparse\rocksdb_set_view.h(165): warning C4100: 'other': unreferenced formal parameter
C:\Users\Davi\Downloads\oma\.release\native-build\src\ifc\src\ifcparse\rocksdb_set_view.h(165): note: the template instantiation context (the oldest one first) is
C:\Users\Davi\Downloads\oma\.release\native-build\src\ifc\src\ifcparse\map_variant.h(46): note: while compiling class 'VariantMap<IfcParse::impl::in_memory_file_storage::entity_instance_by_name_t,IfcParse::impl::rocks_db_file_storage::entity_instance_by_name_t>::iterator'
C:\Users\Davi\Downloads\oma\.release\native-build\src\ifc\src\ifcparse\map_variant.h(54): note: see reference to class template instantiation 'std::variant<boost::unordered::detail::iterator_detail::iterator<boost::unordered::detail::node<std::pair<const K,T>,void *>,boost::unordered::detail::bucket<boost::unordered::detail::node<std::pair<const K,T>,void *>,void *>>,set_to_map_transformer<IfcParse::impl::rocks_db_file_storage::instance_name_view_t,std::function<IfcUtil::IfcBaseClass *(size_t)>>::iterator>' being compiled
        with
        [
            K=uint32_t,
            T=IfcUtil::IfcBaseClass *
        ]
C:\Program Files (x86)\Microsoft Visual Studio\2022\BuildTools\VC\Tools\MSVC\14.40.33807\include\variant(965): note: see reference to alias template instantiation 'std::_Variant_destroy_layer<boost::unordered::detail::iterator_detail::iterator<boost::unordered::detail::node<std::pair<const K,T>,void *>,boost::unordered::detail::bucket<boost::unordered::detail::node<std::pair<const K,T>,void *>,void *>>,set_to_map_transformer<IfcParse::impl::rocks_db_file_storage::instance_name_view_t,std::function<IfcUtil::IfcBaseClass *(size_t)>>::iterator>' being compiled
        with
        [
            K=uint32_t,
            T=IfcUtil::IfcBaseClass *
        ]
C:\Program Files (x86)\Microsoft Visual Studio\2022\BuildTools\VC\Tools\MSVC\14.40.33807\include\variant(890): note: see reference to variable template 'const bool conjunction_v<std::is_trivially_destructible<boost::unordered::detail::iterator_detail::iterator<boost::unordered::detail::node<std::pair<unsigned int const ,IfcUtil::IfcBaseClass *>,void *>,boost::unordered::detail::bucket<boost::unordered::detail::node<std::pair<unsigned int const ,IfcUtil::IfcBaseClass *>,void *>,void *> > >,std::is_trivially_destructible<set_to_map_transformer<rocksdb_set_view<unsigned __int64>,std::function<IfcUtil::IfcBaseClass * __cdecl(unsigned __int64)> >::iterator> >' being compiled
C:\Users\Davi\Downloads\oma\.release\native-build\src\ifc\src\ifcparse\set_to_map_transformer.h(44): note: while compiling class 'set_to_map_transformer<IfcParse::impl::rocks_db_file_storage::instance_name_view_t,std::function<IfcUtil::IfcBaseClass *(size_t)>>::iterator'
C:\Users\Davi\Downloads\oma\.release\native-build\src\ifc\src\ifcparse\set_to_map_transformer.h(48): note: see reference to class template instantiation 'std::iterator_traits<rocksdb_set_view<size_t>::iterator>' being compiled
C:\Users\Davi\Downloads\oma\.release\native-build\src\ifc\src\ifcparse\rocksdb_set_view.h(53): note: while compiling class 'rocksdb_set_view<size_t>::iterator'
C:\Users\Davi\Downloads\oma\.release\native-build\src\ifc\src\ifcparse\rocksdb_set_view.h(165): note: while compiling class template member function 'bool rocksdb_set_view<size_t>::iterator::operator ==(const rocksdb_set_view<size_t>::iterator &) const'
C:\Users\Davi\Downloads\oma\.release\native-build\src\ifc\src\ifcparse\set_to_map_transformer.h(89): note: see the first reference to 'rocksdb_set_view<size_t>::iterator::operator ==' in 'set_to_map_transformer<IfcParse::impl::rocks_db_file_storage::instance_name_view_t,std::function<IfcUtil::IfcBaseClass *(size_t)>>::iterator::operator =='
C:\Program Files (x86)\Microsoft Visual Studio\2022\BuildTools\VC\Tools\MSVC\14.40.33807\include\xutility(611): note: see the first reference to 'set_to_map_transformer<IfcParse::impl::rocks_db_file_storage::instance_name_view_t,std::function<IfcUtil::IfcBaseClass *(size_t)>>::iterator::operator ==' in 'std::equal_to<void>::operator ()'
C:\Users\Davi\Downloads\oma\.release\native-build\src\ifc\src\ifcparse\rocksdb_map_adapter.h(333): warning C4100: 'key': unreferenced formal parameter
C:\Users\Davi\Downloads\oma\.release\native-build\src\ifc\src\ifcparse\rocksdb_map_adapter.h(333): note: the template instantiation context (the oldest one first) is
C:\Users\Davi\Downloads\oma\.release\native-build\src\ifc\src\ifcparse\storage.h(345): note: see reference to class template instantiation 'rocksdb_map_adapter<std::string,size_t,DefaultCodec<size_t>>' being compiled
C:\Users\Davi\Downloads\oma\.release\native-build\src\ifc\src\ifcparse\rocksdb_map_adapter.h(333): note: while compiling class template member function 'size_t rocksdb_map_adapter<std::string,size_t,DefaultCodec<size_t>>::erase(const std::basic_string<char,std::char_traits<char>,std::allocator<char>> &)'
C:\Users\Davi\Downloads\oma\.release\native-build\src\ifc\src\ifcparse\map_transformer.h(119): note: see the first reference to 'rocksdb_map_adapter<std::string,size_t,DefaultCodec<size_t>>::erase' in 'map_transformer<rocksdb_map_adapter<std::string,size_t,DefaultCodec<size_t>>,std::function<IfcUtil::IfcBaseClass *(size_t)>,std::function<size_t (IfcUtil::IfcBaseClass *)>>::erase'
C:\Users\Davi\Downloads\oma\.release\native-build\src\ifc\src\ifcparse\map_variant.h(158): note: see the first reference to 'map_transformer<rocksdb_map_adapter<std::string,size_t,DefaultCodec<size_t>>,std::function<IfcUtil::IfcBaseClass *(size_t)>,std::function<size_t (IfcUtil::IfcBaseClass *)>>::erase' in 'VariantMap<IfcParse::impl::in_memory_file_storage::entity_instance_by_guid_t,IfcParse::impl::rocks_db_file_storage::entity_instance_by_guid_t>::erase::<lambda_1>::operator ()'
C:\Program Files (x86)\Microsoft Visual Studio\2022\BuildTools\VC\Tools\MSVC\14.40.33807\include\utility(276): warning C4267: 'initializing': conversion from 'size_t' to '_Ty1', possible loss of data
        with
        [
            _Ty1=uint32_t
        ]
C:\Program Files (x86)\Microsoft Visual Studio\2022\BuildTools\VC\Tools\MSVC\14.40.33807\include\utility(276): note: the template instantiation context (the oldest one first) is
C:\Users\Davi\Downloads\oma\.release\native-build\src\ifc\src\ifcparse\map_variant.h(75): note: while compiling class template member function 'std::pair<const K,T> VariantMap<IfcParse::impl::in_memory_file_storage::entity_instance_by_name_t,IfcParse::impl::rocks_db_file_storage::entity_instance_by_name_t>::iterator::operator *(void) const'
        with
        [
            K=uint32_t,
            T=IfcUtil::IfcBaseClass *
        ]
C:\Users\Davi\Downloads\oma\.release\native-build\src\ifc\src\ifcparse\IfcParse.cpp(2791): note: see the first reference to 'VariantMap<IfcParse::impl::in_memory_file_storage::entity_instance_by_name_t,IfcParse::impl::rocks_db_file_storage::entity_instance_by_name_t>::iterator::operator *' in 'IfcParse::IfcFile::build_inverses'
C:\Users\Davi\Downloads\oma\.release\native-build\src\ifc\src\ifcparse\map_variant.h(76): note: see reference to function template instantiation 'std::pair<const K,T> std::visit<VariantMap<IfcParse::impl::in_memory_file_storage::entity_instance_by_name_t,IfcParse::impl::rocks_db_file_storage::entity_instance_by_name_t>::iterator::*::<lambda_1>,const std::variant<boost::unordered::detail::iterator_detail::iterator<boost::unordered::detail::node<std::pair<const K,T>,void *>,boost::unordered::detail::bucket<boost::unordered::detail::node<std::pair<const K,T>,void *>,void *>>,set_to_map_transformer<IfcParse::impl::rocks_db_file_storage::instance_name_view_t,std::function<IfcUtil::IfcBaseClass *(size_t)>>::iterator>&,void>(_Callable &&,const std::variant<boost::unordered::detail::iterator_detail::iterator<boost::unordered::detail::node<std::pair<const K,T>,void *>,boost::unordered::detail::bucket<boost::unordered::detail::node<std::pair<const K,T>,void *>,void *>>,set_to_map_transformer<IfcParse::impl::rocks_db_file_storage::instance_name_view_t,std::function<IfcUtil::IfcBaseClass *(size_t)>>::iterator> &)' being compiled
        with
        [
            K=uint32_t,
            T=IfcUtil::IfcBaseClass *,
            _Callable=VariantMap<IfcParse::impl::in_memory_file_storage::entity_instance_by_name_t,IfcParse::impl::rocks_db_file_storage::entity_instance_by_name_t>::iterator::*::<lambda_1>
        ]
C:\Program Files (x86)\Microsoft Visual Studio\2022\BuildTools\VC\Tools\MSVC\14.40.33807\include\variant(1609): note: see reference to function template instantiation '_Ret std::_Visit_impl<3,std::visit::_Ret,std::visit::_ListOfIndexVectors,VariantMap<IfcParse::impl::in_memory_file_storage::entity_instance_by_name_t,IfcParse::impl::rocks_db_file_storage::entity_instance_by_name_t>::iterator::*::<lambda_1>,const std::variant<boost::unordered::detail::iterator_detail::iterator<boost::unordered::detail::node<std::pair<const K,T>,void *>,boost::unordered::detail::bucket<boost::unordered::detail::node<std::pair<const K,T>,void *>,void *>>,set_to_map_transformer<IfcParse::impl::rocks_db_file_storage::instance_name_view_t,std::function<IfcUtil::IfcBaseClass *(size_t)>>::iterator>&>(_Callable &&,const std::variant<boost::unordered::detail::iterator_detail::iterator<boost::unordered::detail::node<std::pair<const K,T>,void *>,boost::unordered::detail::bucket<boost::unordered::detail::node<std::pair<const K,T>,void *>,void *>>,set_to_map_transformer<IfcParse::impl::rocks_db_file_storage::instance_name_view_t,std::function<IfcUtil::IfcBaseClass *(size_t)>>::iterator> &)' being compiled
        with
        [
            _Ret=std::visit::_Ret,
            K=uint32_t,
            T=IfcUtil::IfcBaseClass *,
            _Callable=VariantMap<IfcParse::impl::in_memory_file_storage::entity_instance_by_name_t,IfcParse::impl::rocks_db_file_storage::entity_instance_by_name_t>::iterator::*::<lambda_1>
        ]
C:\Program Files (x86)\Microsoft Visual Studio\2022\BuildTools\VC\Tools\MSVC\14.40.33807\include\variant(1564): note: see reference to function template instantiation '_Ret std::_Visit_strategy<1>::_Visit2<std::visit::_Ret,std::visit::_ListOfIndexVectors,VariantMap<IfcParse::impl::in_memory_file_storage::entity_instance_by_name_t,IfcParse::impl::rocks_db_file_storage::entity_instance_by_name_t>::iterator::*::<lambda_1>,const std::variant<boost::unordered::detail::iterator_detail::iterator<boost::unordered::detail::node<std::pair<const K,T>,void *>,boost::unordered::detail::bucket<boost::unordered::detail::node<std::pair<const K,T>,void *>,void *>>,set_to_map_transformer<IfcParse::impl::rocks_db_file_storage::instance_name_view_t,std::function<IfcUtil::IfcBaseClass *(size_t)>>::iterator>&>(size_t,_Callable &&,const std::variant<boost::unordered::detail::iterator_detail::iterator<boost::unordered::detail::node<std::pair<const K,T>,void *>,boost::unordered::detail::bucket<boost::unordered::detail::node<std::pair<const K,T>,void *>,void *>>,set_to_map_transformer<IfcParse::impl::rocks_db_file_storage::instance_name_view_t,std::function<IfcUtil::IfcBaseClass *(size_t)>>::iterator> &)' being compiled
        with
        [
            _Ret=std::visit::_Ret,
            K=uint32_t,
            T=IfcUtil::IfcBaseClass *,
            _Callable=VariantMap<IfcParse::impl::in_memory_file_storage::entity_instance_by_name_t,IfcParse::impl::rocks_db_file_storage::entity_instance_by_name_t>::iterator::*::<lambda_1>
        ]
C:\Program Files (x86)\Microsoft Visual Studio\2022\BuildTools\VC\Tools\MSVC\14.40.33807\include\variant(1510): note: see reference to function template instantiation '_Ret std::_Variant_dispatcher<std::_Visit_strategy<1>::_Visit2::_Indices>::_Dispatch2<std::visit::_Ret,VariantMap<IfcParse::impl::in_memory_file_storage::entity_instance_by_name_t,IfcParse::impl::rocks_db_file_storage::entity_instance_by_name_t>::iterator::*::<lambda_1>,const std::variant<boost::unordered::detail::iterator_detail::iterator<boost::unordered::detail::node<std::pair<const K,T>,void *>,boost::unordered::detail::bucket<boost::unordered::detail::node<std::pair<const K,T>,void *>,void *>>,set_to_map_transformer<IfcParse::impl::rocks_db_file_storage::instance_name_view_t,std::function<IfcUtil::IfcBaseClass *(size_t)>>::iterator>&,false>(_Callable &&,const std::variant<boost::unordered::detail::iterator_detail::iterator<boost::unordered::detail::node<std::pair<const K,T>,void *>,boost::unordered::detail::bucket<boost::unordered::detail::node<std::pair<const K,T>,void *>,void *>>,set_to_map_transformer<IfcParse::impl::rocks_db_file_storage::instance_name_view_t,std::function<IfcUtil::IfcBaseClass *(size_t)>>::iterator> &)' being compiled
        with
        [
            _Ret=std::visit::_Ret,
            K=uint32_t,
            T=IfcUtil::IfcBaseClass *,
            _Callable=VariantMap<IfcParse::impl::in_memory_file_storage::entity_instance_by_name_t,IfcParse::impl::rocks_db_file_storage::entity_instance_by_name_t>::iterator::*::<lambda_1>
        ]
C:\Program Files (x86)\Microsoft Visual Studio\2022\BuildTools\VC\Tools\MSVC\14.40.33807\include\variant(1440): note: see reference to function template instantiation 'std::pair<const K,T> std::invoke<_Callable,const set_to_map_transformer<IfcParse::impl::rocks_db_file_storage::instance_name_view_t,std::function<IfcUtil::IfcBaseClass *(size_t)>>::iterator&,>(_Callable &&,_Ty1) noexcept(false)' being compiled
        with
        [
            K=uint32_t,
            T=IfcUtil::IfcBaseClass *,
            _Callable=VariantMap<IfcParse::impl::in_memory_file_storage::entity_instance_by_name_t,IfcParse::impl::rocks_db_file_storage::entity_instance_by_name_t>::iterator::*::<lambda_1>,
            _Ty1=const set_to_map_transformer<IfcParse::impl::rocks_db_file_storage::instance_name_view_t,std::function<IfcUtil::IfcBaseClass *(size_t)>>::iterator &
        ]
C:\Program Files (x86)\Microsoft Visual Studio\2022\BuildTools\VC\Tools\MSVC\14.40.33807\include\type_traits(1715): note: see reference to function template instantiation 'std::pair<const K,T> VariantMap<IfcParse::impl::in_memory_file_storage::entity_instance_by_name_t,IfcParse::impl::rocks_db_file_storage::entity_instance_by_name_t>::iterator::*::<lambda_1>::operator ()<const set_to_map_transformer<IfcParse::impl::rocks_db_file_storage::instance_name_view_t,std::function<IfcUtil::IfcBaseClass *(size_t)>>::iterator>(_T2 &) const' being compiled
        with
        [
            K=uint32_t,
            T=IfcUtil::IfcBaseClass *,
            _T2=const set_to_map_transformer<IfcParse::impl::rocks_db_file_storage::instance_name_view_t,std::function<IfcUtil::IfcBaseClass *(size_t)>>::iterator
        ]
C:\Users\Davi\Downloads\oma\.release\native-build\src\ifc\src\ifcparse\map_variant.h(76): note: see reference to function template instantiation 'std::pair<const K,T>::pair<unsigned __int64,IfcUtil::IfcBaseClass*,0>(std::pair<unsigned __int64,IfcUtil::IfcBaseClass *> &&) noexcept' being compiled
        with
        [
            K=uint32_t,
            T=IfcUtil::IfcBaseClass *
        ]
C:\Program Files (x86)\Microsoft Visual Studio\2022\BuildTools\VC\Tools\MSVC\14.40.33807\include\tuple(143): warning C4244: 'initializing': conversion from 'const int' to '_Ty', possible loss of data
        with
        [
            _Ty=short
        ]
C:\Program Files (x86)\Microsoft Visual Studio\2022\BuildTools\VC\Tools\MSVC\14.40.33807\include\tuple(143): note: the template instantiation context (the oldest one first) is
C:\Users\Davi\Downloads\oma\.release\native-build\src\ifc\src\ifcparse\IfcParse.cpp(2590): note: see reference to function template instantiation 'void std::visit<IfcParse::IfcFile::getInverse::<lambda_1>::()::<lambda_1>,IfcParse::IfcFile::storage_t&,void>(_Callable &&,IfcParse::IfcFile::storage_t &)' being compiled
        with
        [
            _Callable=IfcParse::IfcFile::getInverse::<lambda_1>::()::<lambda_1>
        ]
C:\Program Files (x86)\Microsoft Visual Studio\2022\BuildTools\VC\Tools\MSVC\14.40.33807\include\variant(1605): note: see reference to variable template 'const bool _Variant_all_visit_results_same<void,``IfcParse::IfcFile::getInverse'::`2'::<lambda_1>::operator()'::`2'::<lambda_1>,std::_Meta_list<>,std::variant<std::monostate,IfcParse::impl::in_memory_file_storage,IfcParse::impl::rocks_db_file_storage> &>' being compiled
C:\Program Files (x86)\Microsoft Visual Studio\2022\BuildTools\VC\Tools\MSVC\14.40.33807\include\variant(1579): note: see reference to variable template 'const bool _Variant_all_visit_results_same<void,``IfcParse::IfcFile::getInverse'::`2'::<lambda_1>::operator()'::`2'::<lambda_1>,std::_Meta_list<IfcParse::impl::in_memory_file_storage &> >' being compiled
C:\Program Files (x86)\Microsoft Visual Studio\2022\BuildTools\VC\Tools\MSVC\14.40.33807\include\variant(1574): note: see reference to function template instantiation 'unknown-type std::invoke(_Callable &&,_Ty1 &&,_Types2 ...) noexcept(<expr>)' being compiled
C:\Program Files (x86)\Microsoft Visual Studio\2022\BuildTools\VC\Tools\MSVC\14.40.33807\include\type_traits(1712): note: while compiling class template member function 'unknown-type std::_Invoker_functor::_Call(_Callable &&,_Types ...) noexcept(<expr>)'
C:\Program Files (x86)\Microsoft Visual Studio\2022\BuildTools\VC\Tools\MSVC\14.40.33807\include\type_traits(1611): note: see reference to function template instantiation 'void IfcParse::IfcFile::getInverse::<lambda_1>::()::<lambda_1>::operator ()<IfcParse::impl::in_memory_file_storage>(const _T1 &) const' being compiled
        with
        [
            _T1=IfcParse::impl::in_memory_file_storage
        ]
C:\Users\Davi\Downloads\oma\.release\native-build\src\ifc\src\ifcparse\IfcParse.cpp(2603): note: see reference to function template instantiation 'std::tuple<int,short,short>::tuple<const int&,int,const int&,0>(_This2,int &&,const int &) noexcept' being compiled
        with
        [
            _This2=const int &
        ]
C:\Program Files (x86)\Microsoft Visual Studio\2022\BuildTools\VC\Tools\MSVC\14.40.33807\include\tuple(359): note: see reference to function template instantiation 'std::tuple<int,short,short>::tuple<std::_Exact_args_t,const int&,_Ty,const int&,0>(_Tag,_This2,_Ty &&,const int &)' being compiled
        with
        [
            _Ty=int,
            _Tag=std::_Exact_args_t,
            _This2=const int &
        ]
C:\Program Files (x86)\Microsoft Visual Studio\2022\BuildTools\VC\Tools\MSVC\14.40.33807\include\tuple(313): note: see reference to function template instantiation 'std::tuple<short,short>::tuple<std::_Exact_args_t,_Ty,const int&,0>(_Tag,_This2 &&,const int &)' being compiled
        with
        [
            _Ty=int,
            _Tag=std::_Exact_args_t,
            _This2=int
        ]
C:\Program Files (x86)\Microsoft Visual Studio\2022\BuildTools\VC\Tools\MSVC\14.40.33807\include\tuple(313): note: see reference to function template instantiation 'std::tuple<short>::tuple<std::_Exact_args_t,const int&,,0>(_Tag,_This2)' being compiled
        with
        [
            _Tag=std::_Exact_args_t,
            _This2=const int &
        ]
C:\Program Files (x86)\Microsoft Visual Studio\2022\BuildTools\VC\Tools\MSVC\14.40.33807\include\tuple(313): note: see reference to function template instantiation 'std::_Tuple_val<_This>::_Tuple_val<const int&>(_Other)' being compiled
        with
        [
            _This=short,
            _Other=const int &
        ]
C:\Users\Davi\Downloads\oma\.release\native-build\src\ifc\src\ifcparse\IfcParse.cpp(2406) : warning C4702: unreachable code
C:\Users\Davi\Downloads\oma\.release\native-build\src\ifc\src\ifcparse\IfcEntityInstanceData.h(468) : warning C4715: 'IfcEntityInstanceData::has_attribute_value<IfcUtil::IfcBaseClass *>': not all control paths return a value
C:\Users\Davi\Downloads\oma\.release\native-build\src\ifc\src\ifcparse\IfcEntityInstanceData.h(468) : warning C4715: 'IfcEntityInstanceData::has_attribute_value<Blank>': not all control paths return a value
[12/818] Building CXX object ifcparse\CMakeFiles\IfcParse.dir\IfcSpfHeader.cpp.obj
C:\Users\Davi\Downloads\oma\.release\native-build\src\ifc\src\ifcparse\IfcSpfHeader.cpp(37): warning C4245: 'argument': conversion from 'int' to 'T', signed/unsigned mismatch
        with
        [
            T=size_t
        ]
C:\Users\Davi\Downloads\oma\.release\native-build\src\ifc\src\ifcparse\IfcSpfHeader.cpp(90) : warning C4702: unreachable code
C:\Users\Davi\Downloads\oma\.release\native-build\src\ifc\src\ifcparse\IfcSpfHeader.cpp(135) : warning C4702: unreachable code
[13/818] Building CXX object ifcparse\CMakeFiles\IfcParse.dir\IfcUtil.cpp.obj
[14/818] Building CXX object ifcparse\CMakeFiles\IfcParse.dir\IfcWrite.cpp.obj
[15/818] Building CXX object ifcparse\CMakeFiles\IfcParse.dir\buildinfo.cpp.obj
[16/818] Building CXX object ifcparse\CMakeFiles\IfcParse.dir\parse_ifcxml.cpp.obj
[17/818] Building CXX object ifcparse\CMakeFiles\IfcParse.dir\IfcSIPrefix.cpp.obj
[18/818] Building CXX object ifcparse\CMakeFiles\IfcParse.dir\IfcHierarchyHelper.cpp.obj
[19/818] Building CXX object ifcparse\CMakeFiles\IfcParse.dir\IfcSchema.cpp.obj
[20/818] Building CXX object ifcparse\CMakeFiles\IfcParse.dir\Ifc2x3.cpp.obj
[21/818] Building CXX object ifcparse\CMakeFiles\IfcParse.dir\Ifc4.cpp.obj
[22/818] Building CXX object ifcparse\CMakeFiles\IfcParse.dir\Ifc4x1.cpp.obj
[23/818] Building CXX object ifcparse\CMakeFiles\IfcParse.dir\Ifc2x3-schema.cpp.obj
[24/818] Building CXX object ifcparse\CMakeFiles\IfcParse.dir\Ifc4x2.cpp.obj
[25/818] Building CXX object ifcparse\CMakeFiles\IfcParse.dir\Ifc4-schema.cpp.obj
[26/818] Building CXX object ifcparse\CMakeFiles\IfcParse.dir\Ifc4x3.cpp.obj
[27/818] Building CXX object ifcparse\CMakeFiles\IfcParse.dir\Ifc4x1-schema.cpp.obj
[28/818] Building CXX object ifcparse\CMakeFiles\IfcParse.dir\Ifc4x3_tc1.cpp.obj
[29/818] Building CXX object ifcparse\CMakeFiles\IfcParse.dir\Ifc4x2-schema.cpp.obj
[30/818] Building CXX object ifcparse\CMakeFiles\IfcParse.dir\Ifc4x3_add1.cpp.obj
[31/818] Building CXX object ifcparse\CMakeFiles\IfcParse.dir\Ifc4x3-schema.cpp.obj
[32/818] Building CXX object ifcparse\CMakeFiles\IfcParse.dir\Ifc4x3_add2.cpp.obj
[33/818] Building CXX object ifcgeom\CMakeFiles\IfcGeom.dir\AbstractKernel.cpp.obj
C:\Users\Davi\Downloads\oma\.release\native-build\src\ifc\src\ifcgeom\../ifcgeom/function_item_evaluator.h(20): warning C4505: 'ifcopenshell::geometry::convert_loop_to_function_item': unreferenced function with internal linkage has been removed
[34/818] Building CXX object ifcparse\CMakeFiles\IfcParse.dir\Ifc4x3_tc1-schema.cpp.obj
[35/818] Building CXX object ifcgeom\CMakeFiles\IfcGeom.dir\ConversionResult.cpp.obj
[36/818] Building CXX object ifcgeom\CMakeFiles\IfcGeom.dir\ConversionSettings.cpp.obj
[37/818] Building CXX object ifcgeom\CMakeFiles\IfcGeom.dir\Converter.cpp.obj
[38/818] Building CXX object ifcgeom\CMakeFiles\IfcGeom.dir\IfcGeomRepresentation.cpp.obj
[39/818] Building CXX object ifcgeom\CMakeFiles\IfcGeom.dir\SurfaceStyle.cpp.obj
[40/818] Building CXX object ifcparse\CMakeFiles\IfcParse.dir\Ifc4x3_add1-schema.cpp.obj
[41/818] Building CXX object ifcgeom\CMakeFiles\IfcGeom.dir\Iterator.cpp.obj
C:\Users\Davi\Downloads\oma\.release\native-build\src\ifc\src\ifcgeom\Iterator.cpp(93): warning C4267: '=': conversion from 'size_t' to 'int', possible loss of data
C:\Users\Davi\Downloads\oma\.release\native-build\src\ifc\src\ifcgeom\Iterator.h(161): warning C4100: 'representation_id': unreferenced formal parameter
C:\Users\Davi\Downloads\oma\.release\native-build\src\ifc\src\ifcgeom\Iterator.h(161): note: the template instantiation context (the oldest one first) is
C:\Users\Davi\Downloads\oma\.release\native-build\src\ifc\src\ifcgeom\Iterator.cpp(365): note: see reference to function template instantiation 'IfcGeom::Element *IfcGeom::Iterator::decorate_with_cache_<IfcGeom::Iterator::create_element_::<lambda_2>>(GeometrySerializer::read_type,const std::string &,const std::string &,Fn)' being compiled
        with
        [
            Fn=IfcGeom::Iterator::create_element_::<lambda_2>
        ]
C:\Users\Davi\Downloads\oma\.release\native-build\src\ifc\src\ifcgeom\Iterator.h(161): warning C4100: 'product_guid': unreferenced formal parameter
C:\Users\Davi\Downloads\oma\.release\native-build\src\ifc\src\ifcgeom\Iterator.h(161): warning C4100: 'rt': unreferenced formal parameter
[42/818] Building CXX object ifcgeom\CMakeFiles\IfcGeom.dir\hybrid_kernel.cpp.obj
[43/818] Building CXX object ifcgeom\CMakeFiles\IfcGeom.dir\abstract_mapping.cpp.obj
[44/818] Building CXX object ifcgeom\CMakeFiles\IfcGeom.dir\function_item_evaluator.cpp.obj
C:\Users\Davi\Downloads\oma\.release\native-build\src\ifc\src\ifcgeom\function_item_evaluator.h(20): warning C4505: 'ifcopenshell::geometry::convert_loop_to_function_item': unreferenced function with internal linkage has been removed
[45/818] Building CXX object ifcgeom\CMakeFiles\IfcGeom.dir\profile_helper.cpp.obj
C:\Users\Davi\Downloads\oma\.release\native-build\src\ifc\src\ifcgeom\profile_helper.cpp(62): warning C4267: 'initializing': conversion from 'size_t' to 'int', possible loss of data
C:\Users\Davi\Downloads\oma\.release\native-build\src\ifc\src\ifcgeom\profile_helper.cpp(157): warning C4267: 'initializing': conversion from 'size_t' to 'int', possible loss of data
[46/818] Building CXX object ifcgeom\CMakeFiles\IfcGeom.dir\infra_sweep_helper.cpp.obj
C:\Users\Davi\Downloads\oma\.release\native-build\src\ifc\src\ifcgeom\function_item_evaluator.h(20): warning C4505: 'ifcopenshell::geometry::convert_loop_to_function_item': unreferenced function with internal linkage has been removed
[47/818] Building CXX object ifcgeom\CMakeFiles\IfcGeom.dir\taxonomy.cpp.obj
C:\Users\Davi\Downloads\oma\.release\native-build\src\ifc\src\ifcgeom\taxonomy.h(1628): warning C4456: declaration of 's' hides previous local declaration
C:\Users\Davi\Downloads\oma\.release\native-build\src\ifc\src\ifcgeom\taxonomy.h(1625): note: see declaration of 's'
C:\Users\Davi\Downloads\oma\.release\native-build\src\ifc\src\ifcgeom\taxonomy.h(1628): note: the template instantiation context (the oldest one first) is
C:\Users\Davi\Downloads\oma\.release\native-build\src\ifc\src\ifcgeom\taxonomy.cpp(545): note: see reference to function template instantiation 'void ifcopenshell::geometry::visit<ifcopenshell::geometry::taxonomy::collection,ifcopenshell::geometry::flatten::<lambda_1>>(const ifcopenshell::geometry::taxonomy::collection::ptr &,Fn)' being compiled
        with
        [
            Fn=ifcopenshell::geometry::flatten::<lambda_1>
        ]
C:\Users\Davi\Downloads\oma\.release\native-build\src\ifc\src\ifcgeom\taxonomy.h(1631): warning C4456: declaration of 's' hides previous local declaration
C:\Users\Davi\Downloads\oma\.release\native-build\src\ifc\src\ifcgeom\taxonomy.h(1628): note: see declaration of 's'
C:\Users\Davi\Downloads\oma\.release\native-build\src\ifc\src\ifcgeom\taxonomy.h(1634): warning C4456: declaration of 's' hides previous local declaration
C:\Users\Davi\Downloads\oma\.release\native-build\src\ifc\src\ifcgeom\taxonomy.h(1631): note: see declaration of 's'
C:\Users\Davi\Downloads\oma\.release\native-build\src\ifc\src\ifcgeom\taxonomy.h(1637): warning C4456: declaration of 's' hides previous local declaration
C:\Users\Davi\Downloads\oma\.release\native-build\src\ifc\src\ifcgeom\taxonomy.h(1634): note: see declaration of 's'
C:\Users\Davi\Downloads\oma\.release\native-build\src\ifc\src\ifcgeom\taxonomy.h(1640): warning C4456: declaration of 's' hides previous local declaration
C:\Users\Davi\Downloads\oma\.release\native-build\src\ifc\src\ifcgeom\taxonomy.h(1637): note: see declaration of 's'
C:\Users\Davi\Downloads\oma\.release\native-build\src\ifc\src\ifcgeom\taxonomy.h(1643): warning C4456: declaration of 's' hides previous local declaration
C:\Users\Davi\Downloads\oma\.release\native-build\src\ifc\src\ifcgeom\taxonomy.h(1640): note: see declaration of 's'
C:\Users\Davi\Downloads\oma\.release\native-build\src\ifc\src\ifcgeom\function_item_evaluator.h(20): warning C4505: 'ifcopenshell::geometry::convert_loop_to_function_item': unreferenced function with internal linkage has been removed
[48/818] Building CXX object ifcgeom\kernels\CMakeFiles\geometry_kernel_opencascade.dir\opencascade\OpenCascadeConversionResult.cpp.obj
C:\Users\Davi\Downloads\oma\.release\native-build\src\ifc\src\ifcgeom\kernels\opencascade\OpenCascadeConversionResult.cpp(272): warning C4456: declaration of 'crv' hides previous local declaration
C:\Users\Davi\Downloads\oma\.release\native-build\src\ifc\src\ifcgeom\kernels\opencascade\OpenCascadeConversionResult.cpp(263): note: see declaration of 'crv'
C:\Users\Davi\Downloads\oma\.release\native-build\src\ifc\src\ifcgeom\kernels\opencascade\OpenCascadeConversionResult.cpp(169): warning C4996: 'Poly_Triangulation::Triangles': Deprecated method, Triangle() should be used instead
C:\Users\Davi\Downloads\oma\.release\native-build\src\ifc\src\ifcgeom\kernels\opencascade\OpenCascadeConversionResult.cpp(638): warning C4996: 'Poly_Triangulation::Triangles': Deprecated method, Triangle() should be used instead
[49/818] Building CXX object ifcgeom\kernels\CMakeFiles\geometry_kernel_opencascade.dir\opencascade\OpenCascadeKernel.cpp.obj
[50/818] Building CXX object ifcgeom\kernels\CMakeFiles\geometry_kernel_opencascade.dir\opencascade\base_utils.cpp.obj
[51/818] Building CXX object ifcgeom\kernels\CMakeFiles\geometry_kernel_opencascade.dir\opencascade\boolean_result.cpp.obj
C:\Users\Davi\Downloads\oma\.release\native-build\src\ifc\src\ifcgeom\kernels\opencascade\boolean_result.cpp(57) : warning C4715: '`anonymous namespace'::op_to_occt': not all control paths return a value
[52/818] Building CXX object ifcgeom\kernels\CMakeFiles\geometry_kernel_opencascade.dir\opencascade\clash_utils.cpp.obj
C:\Users\Davi\Downloads\oma\.release\native-build\src\ifc\src\ifcgeom\kernels\opencascade\clash_utils.cpp(215): warning C4244: 'initializing': conversion from 'Standard_Real' to 'float', possible loss of data
C:\Users\Davi\Downloads\oma\.release\native-build\src\ifc\src\ifcgeom\kernels\opencascade\clash_utils.cpp(215): warning C4244: 'initializing': conversion from 'Standard_Real' to 'const float', possible loss of data
C:\Users\Davi\Downloads\oma\.release\native-build\src\ifc\src\ifcgeom\kernels\opencascade\clash_utils.cpp(227): warning C4244: 'initializing': conversion from 'Standard_Real' to 'float', possible loss of data
C:\Users\Davi\Downloads\oma\.release\native-build\src\ifc\src\ifcgeom\kernels\opencascade\clash_utils.cpp(232): warning C4244: 'initializing': conversion from 'Standard_Real' to 'float', possible loss of data
C:\Users\Davi\Downloads\oma\.release\native-build\src\ifc\src\ifcgeom\kernels\opencascade\clash_utils.cpp(235): warning C4244: 'return': conversion from 'Standard_Real' to 'float', possible loss of data
C:\Users\Davi\Downloads\oma\.release\native-build\src\ifc\src\ifcgeom\kernels\opencascade\clash_utils.cpp(247): warning C4244: 'initializing': conversion from 'Standard_Real' to 'float', possible loss of data
C:\Users\Davi\Downloads\oma\.release\native-build\src\ifc\src\ifcgeom\kernels\opencascade\clash_utils.cpp(287): warning C4244: 'return': conversion from 'Standard_Real' to 'float', possible loss of data
C:\Users\Davi\Downloads\oma\.release\native-build\src\ifc\src\ifcgeom\kernels\opencascade\clash_utils.cpp(295): warning C4244: 'initializing': conversion from 'Standard_Real' to 'float', possible loss of data
C:\Users\Davi\Downloads\oma\.release\native-build\src\ifc\src\ifcgeom\kernels\opencascade\clash_utils.cpp(335): warning C4244: 'return': conversion from 'Standard_Real' to 'float', possible loss of data
[53/818] Building CXX object ifcgeom\kernels\CMakeFiles\geometry_kernel_opencascade.dir\opencascade\bspline_surface.cpp.obj
[54/818] Building CXX object ifcgeom\kernels\CMakeFiles\geometry_kernel_opencascade.dir\opencascade\boolean_utils.cpp.obj
C:\Users\Davi\Downloads\oma\.release\native-build\src\ifc\src\ifcgeom\kernels\opencascade\boolean_utils.cpp(314): warning C4457: declaration of 's' hides function parameter
C:\Users\Davi\Downloads\oma\.release\native-build\src\ifc\src\ifcgeom\kernels\opencascade\boolean_utils.cpp(296): note: see declaration of 's'
C:\Users\Davi\Downloads\oma\.release\native-build\src\ifc\src\ifcgeom\kernels\opencascade\boolean_utils.cpp(674): warning C4456: declaration of 'i' hides previous local declaration
C:\Users\Davi\Downloads\oma\.release\native-build\src\ifc\src\ifcgeom\kernels\opencascade\boolean_utils.cpp(650): note: see declaration of 'i'
C:\Users\Davi\Downloads\oma\.release\native-build\src\ifc\src\ifcgeom\kernels\opencascade\boolean_utils.cpp(738): warning C4456: declaration of 'it' hides previous local declaration
C:\Users\Davi\Downloads\oma\.release\native-build\src\ifc\src\ifcgeom\kernels\opencascade\boolean_utils.cpp(583): note: see declaration of 'it'
C:\Users\Davi\Downloads\oma\.release\native-build\src\ifc\src\ifcgeom\kernels\opencascade\boolean_utils.cpp(762): warning C4267: 'argument': conversion from 'size_t' to 'const T', possible loss of data
        with
        [
            T=int
        ]
C:\Users\Davi\Downloads\oma\.release\native-build\src\ifc\src\ifcgeom\kernels\opencascade\boolean_utils.cpp(884): warning C4459: declaration of 'boost_scope_exit_aux_args' hides global declaration
C:\Users\Davi\Downloads\oma\.release\native-build\src\boost\boost/scope_exit.hpp(261): note: see declaration of 'boost_scope_exit_aux_args'
C:\Users\Davi\Downloads\oma\.release\native-build\src\ifc\src\ifcgeom\kernels\opencascade\boolean_utils.cpp(924): warning C4459: declaration of 'boost_scope_exit_aux_args' hides global declaration
C:\Users\Davi\Downloads\oma\.release\native-build\src\boost\boost/scope_exit.hpp(261): note: see declaration of 'boost_scope_exit_aux_args'
C:\Users\Davi\Downloads\oma\.release\native-build\src\ifc\src\ifcgeom\kernels\opencascade\boolean_utils.cpp(934): warning C4459: declaration of 'boost_scope_exit_aux_args' hides global declaration
C:\Users\Davi\Downloads\oma\.release\native-build\src\boost\boost/scope_exit.hpp(261): note: see declaration of 'boost_scope_exit_aux_args'
C:\Users\Davi\Downloads\oma\.release\native-build\src\ifc\src\ifcgeom\kernels\opencascade\boolean_utils.cpp(945): warning C4459: declaration of 'boost_scope_exit_aux_args' hides global declaration
C:\Users\Davi\Downloads\oma\.release\native-build\src\boost\boost/scope_exit.hpp(261): note: see declaration of 'boost_scope_exit_aux_args'
C:\Users\Davi\Downloads\oma\.release\native-build\src\ifc\src\ifcgeom\kernels\opencascade\boolean_utils.cpp(970): warning C4459: declaration of 'boost_scope_exit_aux_args' hides global declaration
C:\Users\Davi\Downloads\oma\.release\native-build\src\boost\boost/scope_exit.hpp(261): note: see declaration of 'boost_scope_exit_aux_args'
C:\Users\Davi\Downloads\oma\.release\native-build\src\ifc\src\ifcgeom\kernels\opencascade\boolean_utils.cpp(987): warning C4459: declaration of 'boost_scope_exit_aux_args' hides global declaration
C:\Users\Davi\Downloads\oma\.release\native-build\src\boost\boost/scope_exit.hpp(261): note: see declaration of 'boost_scope_exit_aux_args'
C:\Users\Davi\Downloads\oma\.release\native-build\src\ifc\src\ifcgeom\kernels\opencascade\boolean_utils.cpp(1000): warning C4459: declaration of 'boost_scope_exit_aux_args' hides global declaration
C:\Users\Davi\Downloads\oma\.release\native-build\src\boost\boost/scope_exit.hpp(261): note: see declaration of 'boost_scope_exit_aux_args'
C:\Users\Davi\Downloads\oma\.release\native-build\src\ifc\src\ifcgeom\kernels\opencascade\boolean_utils.cpp(1046): warning C4459: declaration of 'boost_scope_exit_aux_args' hides global declaration
C:\Users\Davi\Downloads\oma\.release\native-build\src\boost\boost/scope_exit.hpp(261): note: see declaration of 'boost_scope_exit_aux_args'
C:\Users\Davi\Downloads\oma\.release\native-build\src\ifc\src\ifcgeom\kernels\opencascade\boolean_utils.cpp(1062): warning C4459: declaration of 'boost_scope_exit_aux_args' hides global declaration
C:\Users\Davi\Downloads\oma\.release\native-build\src\boost\boost/scope_exit.hpp(261): note: see declaration of 'boost_scope_exit_aux_args'
C:\Users\Davi\Downloads\oma\.release\native-build\src\ifc\src\ifcgeom\kernels\opencascade\boolean_utils.cpp(1092): warning C4459: declaration of 'boost_scope_exit_aux_args' hides global declaration
C:\Users\Davi\Downloads\oma\.release\native-build\src\boost\boost/scope_exit.hpp(261): note: see declaration of 'boost_scope_exit_aux_args'
C:\Users\Davi\Downloads\oma\.release\native-build\src\ifc\src\ifcgeom\kernels\opencascade\boolean_utils.cpp(1099): warning C4459: declaration of 'boost_scope_exit_aux_args' hides global declaration
C:\Users\Davi\Downloads\oma\.release\native-build\src\boost\boost/scope_exit.hpp(261): note: see declaration of 'boost_scope_exit_aux_args'
C:\Users\Davi\Downloads\oma\.release\native-build\src\ifc\src\ifcgeom\kernels\opencascade\boolean_utils.cpp(1106): warning C4459: declaration of 'boost_scope_exit_aux_args' hides global declaration
C:\Users\Davi\Downloads\oma\.release\native-build\src\boost\boost/scope_exit.hpp(261): note: see declaration of 'boost_scope_exit_aux_args'
C:\Users\Davi\Downloads\oma\.release\native-build\src\ifc\src\ifcgeom\kernels\opencascade\boolean_utils.cpp(1143): warning C4459: declaration of 'boost_scope_exit_aux_args' hides global declaration
C:\Users\Davi\Downloads\oma\.release\native-build\src\boost\boost/scope_exit.hpp(261): note: see declaration of 'boost_scope_exit_aux_args'
C:\Users\Davi\Downloads\oma\.release\native-build\src\ifc\src\ifcgeom\kernels\opencascade\boolean_utils.cpp(1148): warning C4127: conditional expression is constant
C:\Users\Davi\Downloads\oma\.release\native-build\src\ifc\src\ifcgeom\kernels\opencascade\boolean_utils.cpp(1148): note: consider using 'if constexpr' statement instead
C:\Users\Davi\Downloads\oma\.release\native-build\src\ifc\src\ifcgeom\kernels\opencascade\boolean_utils.cpp(1169): warning C4459: declaration of 'boost_scope_exit_aux_args' hides global declaration
C:\Users\Davi\Downloads\oma\.release\native-build\src\boost\boost/scope_exit.hpp(261): note: see declaration of 'boost_scope_exit_aux_args'
C:\Users\Davi\Downloads\oma\.release\native-build\src\ifc\src\ifcgeom\kernels\opencascade\boolean_utils.cpp(1182): warning C4459: declaration of 'boost_scope_exit_aux_args' hides global declaration
C:\Users\Davi\Downloads\oma\.release\native-build\src\boost\boost/scope_exit.hpp(261): note: see declaration of 'boost_scope_exit_aux_args'
C:\Users\Davi\Downloads\oma\.release\native-build\src\ifc\src\ifcgeom\kernels\opencascade\boolean_utils.cpp(1225): warning C4459: declaration of 'boost_scope_exit_aux_args' hides global declaration
C:\Users\Davi\Downloads\oma\.release\native-build\src\boost\boost/scope_exit.hpp(261): note: see declaration of 'boost_scope_exit_aux_args'
C:\Users\Davi\Downloads\oma\.release\native-build\src\ifc\src\ifcgeom\kernels\opencascade\boolean_utils.cpp(1231): warning C4459: declaration of 'boost_scope_exit_aux_args' hides global declaration
C:\Users\Davi\Downloads\oma\.release\native-build\src\boost\boost/scope_exit.hpp(261): note: see declaration of 'boost_scope_exit_aux_args'
C:\Users\Davi\Downloads\oma\.release\native-build\src\ifc\src\ifcgeom\kernels\opencascade\boolean_utils.cpp(1296): warning C4459: declaration of 'boost_scope_exit_aux_args' hides global declaration
C:\Users\Davi\Downloads\oma\.release\native-build\src\boost\boost/scope_exit.hpp(261): note: see declaration of 'boost_scope_exit_aux_args'
C:\Users\Davi\Downloads\oma\.release\native-build\src\ifc\src\ifcgeom\kernels\opencascade\boolean_utils.cpp(1346): warning C4459: declaration of 'boost_scope_exit_aux_args' hides global declaration
C:\Users\Davi\Downloads\oma\.release\native-build\src\boost\boost/scope_exit.hpp(261): note: see declaration of 'boost_scope_exit_aux_args'
C:\Users\Davi\Downloads\oma\.release\native-build\src\ifc\src\ifcgeom\kernels\opencascade\boolean_utils.cpp(1357): warning C4459: declaration of 'boost_scope_exit_aux_args' hides global declaration
C:\Users\Davi\Downloads\oma\.release\native-build\src\boost\boost/scope_exit.hpp(261): note: see declaration of 'boost_scope_exit_aux_args'
C:\Users\Davi\Downloads\oma\.release\native-build\src\ifc\src\ifcgeom\kernels\opencascade\boolean_utils.cpp(1368): warning C4459: declaration of 'boost_scope_exit_aux_args' hides global declaration
C:\Users\Davi\Downloads\oma\.release\native-build\src\boost\boost/scope_exit.hpp(261): note: see declaration of 'boost_scope_exit_aux_args'
[55/818] Building CXX object ifcgeom\kernels\CMakeFiles\geometry_kernel_opencascade.dir\opencascade\extrusion.cpp.obj
[56/818] Building CXX object ifcgeom\kernels\CMakeFiles\geometry_kernel_opencascade.dir\opencascade\face_definition.cpp.obj
[57/818] Building CXX object ifcgeom\kernels\CMakeFiles\geometry_kernel_opencascade.dir\opencascade\face.cpp.obj
C:\Users\Davi\Downloads\oma\.release\native-build\src\ifc\src\ifcgeom\kernels\opencascade\face.cpp(278): warning C4267: 'initializing': conversion from 'size_t' to 'int', possible loss of data
C:\Users\Davi\Downloads\oma\.release\native-build\src\ifc\src\ifcgeom\kernels\opencascade\face.cpp(278): warning C4267: 'initializing': conversion from 'size_t' to 'const int', possible loss of data
C:\Users\Davi\Downloads\oma\.release\native-build\src\ifc\src\ifcgeom\kernels\opencascade\face.cpp(184) : warning C4715: '`anonymous namespace'::surface_creation_visitor::get_curve': not all control paths return a value
[58/818] Building CXX object ifcgeom\kernels\CMakeFiles\geometry_kernel_opencascade.dir\opencascade\layerset.cpp.obj
[59/818] Building CXX object ifcparse\CMakeFiles\IfcParse.dir\Ifc4x3_add2-schema.cpp.obj
[60/818] Building CXX object ifcgeom\kernels\CMakeFiles\geometry_kernel_opencascade.dir\opencascade\loft.cpp.obj
C:\Users\Davi\Downloads\oma\.release\native-build\src\ifc\src\ifcgeom\kernels\opencascade\loft.cpp(312): warning C4457: declaration of 'result' hides function parameter
C:\Users\Davi\Downloads\oma\.release\native-build\src\ifc\src\ifcgeom\kernels\opencascade\loft.cpp(58): note: see declaration of 'result'
C:\Users\Davi\Downloads\oma\.release\native-build\src\ifc\src\ifcgeom\kernels\opencascade\loft.cpp(333): warning C4456: declaration of 'it' hides previous local declaration
C:\Users\Davi\Downloads\oma\.release\native-build\src\ifc\src\ifcgeom\kernels\opencascade\loft.cpp(278): note: see declaration of 'it'
C:\Users\Davi\Downloads\oma\.release\native-build\src\ifc\src\ifcgeom\kernels\opencascade\loft.cpp(279): warning C4189: 'ii': local variable is initialized but not referenced
[61/818] Linking CXX static library ifcparse\IfcParse.lib
[62/818] Building CXX object ifcgeom\kernels\CMakeFiles\geometry_kernel_opencascade.dir\opencascade\faceset_helper.cpp.obj
C:\Users\Davi\Downloads\oma\.release\native-build\src\ifc\src\ifcgeom\kernels\opencascade\faceset_helper.cpp(68): warning C4267: 'argument': conversion from 'size_t' to 'const T', possible loss of data
        with
        [
            T=int
        ]
C:\Users\Davi\Downloads\oma\.release\native-build\src\ifc\src\ifcgeom\kernels\opencascade\faceset_helper.cpp(151): warning C4389: '!=': signed/unsigned mismatch
[63/818] Building CXX object ifcgeom\kernels\CMakeFiles\geometry_kernel_opencascade.dir\opencascade\loop.cpp.obj
C:\Users\Davi\Downloads\oma\.release\native-build\src\ifc\src\ifcgeom\kernels\opencascade\loop.cpp(42): warning C4267: 'argument': conversion from 'size_t' to 'const Standard_Integer', possible loss of data
C:\Users\Davi\Downloads\oma\.release\native-build\src\ifc\src\ifcgeom\kernels\opencascade\loop.cpp(43): warning C4267: 'argument': conversion from 'size_t' to 'const Standard_Integer', possible loss of data
[64/818] Building CXX object ifcgeom\kernels\CMakeFiles\geometry_kernel_opencascade.dir\opencascade\matrix4.cpp.obj
[65/818] Building CXX object ifcgeom\kernels\CMakeFiles\geometry_kernel_opencascade.dir\opencascade\shell.cpp.obj
[66/818] Building CXX object ifcgeom\kernels\CMakeFiles\geometry_kernel_opencascade.dir\opencascade\solid.cpp.obj
C:\Users\Davi\Downloads\oma\.release\native-build\src\ifc\src\ifcgeom\kernels\opencascade\solid.cpp(87): warning C4457: declaration of 'solid' hides function parameter
C:\Users\Davi\Downloads\oma\.release\native-build\src\ifc\src\ifcgeom\kernels\opencascade\solid.cpp(34): note: see declaration of 'solid'
[67/818] Building CXX object ifcgeom\kernels\CMakeFiles\geometry_kernel_opencascade.dir\opencascade\wire_builder.cpp.obj
[68/818] Building CXX object ifcgeom\kernels\CMakeFiles\geometry_kernel_opencascade.dir\opencascade\sweep_utils.cpp.obj
[69/818] Building CXX object ifcgeom\Serialization\CMakeFiles\geometry_serializer.dir\Serialization.cpp.obj
[70/818] Building CXX object ifcgeom\kernels\CMakeFiles\geometry_kernel_opencascade.dir\opencascade\sweep_along_curve.cpp.obj
[71/818] Building CXX object ifcgeom\Serialization\schema\CMakeFiles\geometry_serializer_ifc2x3.dir\Serialization.cpp.obj
C:\Users\Davi\Downloads\oma\.release\native-build\src\ifc\src\ifcgeom\Serialization\schema\Serialization.cpp(726): warning C4996: 'Poly_Triangulation::Triangles': Deprecated method, Triangle() should be used instead
C:\Users\Davi\Downloads\oma\.release\native-build\src\ifc\src\ifcgeom\Serialization\schema\Serialization.cpp(592): warning C4267: 'return': conversion from 'size_t' to 'int', possible loss of data
C:\Users\Davi\Downloads\oma\.release\native-build\src\ifc\src\ifcgeom\Serialization\schema\Serialization.cpp(592): note: the template instantiation context (the oldest one first) is
C:\Users\Davi\Downloads\oma\.release\native-build\src\ifc\src\ifcgeom\Serialization\schema\Serialization.cpp(615): note: see reference to function template instantiation 'int convert_to_ifc<Ifc2x3::IfcClosedShell>(const TopoDS_Shape &,U *&,bool)' being compiled
        with
        [
            U=Ifc2x3::IfcClosedShell
        ]
[72/818] Building CXX object ifcgeom\Serialization\schema\CMakeFiles\geometry_serializer_ifc4.dir\Serialization.cpp.obj
C:\Users\Davi\Downloads\oma\.release\native-build\src\ifc\src\ifcgeom\Serialization\schema\Serialization.cpp(726): warning C4996: 'Poly_Triangulation::Triangles': Deprecated method, Triangle() should be used instead
C:\Users\Davi\Downloads\oma\.release\native-build\src\ifc\src\ifcgeom\Serialization\schema\Serialization.cpp(592): warning C4267: 'return': conversion from 'size_t' to 'int', possible loss of data
C:\Users\Davi\Downloads\oma\.release\native-build\src\ifc\src\ifcgeom\Serialization\schema\Serialization.cpp(592): note: the template instantiation context (the oldest one first) is
C:\Users\Davi\Downloads\oma\.release\native-build\src\ifc\src\ifcgeom\Serialization\schema\Serialization.cpp(615): note: see reference to function template instantiation 'int convert_to_ifc<Ifc4::IfcClosedShell>(const TopoDS_Shape &,U *&,bool)' being compiled
        with
        [
            U=Ifc4::IfcClosedShell
        ]
[73/818] Building CXX object ifcgeom\Serialization\schema\CMakeFiles\geometry_serializer_ifc4x1.dir\Serialization.cpp.obj
C:\Users\Davi\Downloads\oma\.release\native-build\src\ifc\src\ifcgeom\Serialization\schema\Serialization.cpp(726): warning C4996: 'Poly_Triangulation::Triangles': Deprecated method, Triangle() should be used instead
C:\Users\Davi\Downloads\oma\.release\native-build\src\ifc\src\ifcgeom\Serialization\schema\Serialization.cpp(592): warning C4267: 'return': conversion from 'size_t' to 'int', possible loss of data
C:\Users\Davi\Downloads\oma\.release\native-build\src\ifc\src\ifcgeom\Serialization\schema\Serialization.cpp(592): note: the template instantiation context (the oldest one first) is
C:\Users\Davi\Downloads\oma\.release\native-build\src\ifc\src\ifcgeom\Serialization\schema\Serialization.cpp(615): note: see reference to function template instantiation 'int convert_to_ifc<Ifc4x1::IfcClosedShell>(const TopoDS_Shape &,U *&,bool)' being compiled
        with
        [
            U=Ifc4x1::IfcClosedShell
        ]
[74/818] Building CXX object ifcgeom\kernels\CMakeFiles\geometry_kernel_opencascade.dir\opencascade\wire_utils.cpp.obj
C:\Users\Davi\Downloads\oma\.release\native-build\src\ifc\src\ifcgeom\kernels\opencascade\wire_utils.cpp(217): warning C4996: 'Poly_Triangulation::Triangles': Deprecated method, Triangle() should be used instead
[75/818] Building CXX object ifcgeom\Serialization\schema\CMakeFiles\geometry_serializer_ifc4x2.dir\Serialization.cpp.obj
C:\Users\Davi\Downloads\oma\.release\native-build\src\ifc\src\ifcgeom\Serialization\schema\Serialization.cpp(726): warning C4996: 'Poly_Triangulation::Triangles': Deprecated method, Triangle() should be used instead
C:\Users\Davi\Downloads\oma\.release\native-build\src\ifc\src\ifcgeom\Serialization\schema\Serialization.cpp(592): warning C4267: 'return': conversion from 'size_t' to 'int', possible loss of data
C:\Users\Davi\Downloads\oma\.release\native-build\src\ifc\src\ifcgeom\Serialization\schema\Serialization.cpp(592): note: the template instantiation context (the oldest one first) is
C:\Users\Davi\Downloads\oma\.release\native-build\src\ifc\src\ifcgeom\Serialization\schema\Serialization.cpp(615): note: see reference to function template instantiation 'int convert_to_ifc<Ifc4x2::IfcClosedShell>(const TopoDS_Shape &,U *&,bool)' being compiled
        with
        [
            U=Ifc4x2::IfcClosedShell
        ]
[76/818] Building CXX object ifcgeom\Serialization\schema\CMakeFiles\geometry_serializer_ifc4x3.dir\Serialization.cpp.obj
C:\Users\Davi\Downloads\oma\.release\native-build\src\ifc\src\ifcgeom\Serialization\schema\Serialization.cpp(726): warning C4996: 'Poly_Triangulation::Triangles': Deprecated method, Triangle() should be used instead
C:\Users\Davi\Downloads\oma\.release\native-build\src\ifc\src\ifcgeom\Serialization\schema\Serialization.cpp(592): warning C4267: 'return': conversion from 'size_t' to 'int', possible loss of data
C:\Users\Davi\Downloads\oma\.release\native-build\src\ifc\src\ifcgeom\Serialization\schema\Serialization.cpp(592): note: the template instantiation context (the oldest one first) is
C:\Users\Davi\Downloads\oma\.release\native-build\src\ifc\src\ifcgeom\Serialization\schema\Serialization.cpp(615): note: see reference to function template instantiation 'int convert_to_ifc<Ifc4x3::IfcClosedShell>(const TopoDS_Shape &,U *&,bool)' being compiled
        with
        [
            U=Ifc4x3::IfcClosedShell
        ]
[77/818] Building CXX object ifcgeom\Serialization\schema\CMakeFiles\geometry_serializer_ifc4x3_tc1.dir\Serialization.cpp.obj
C:\Users\Davi\Downloads\oma\.release\native-build\src\ifc\src\ifcgeom\Serialization\schema\Serialization.cpp(726): warning C4996: 'Poly_Triangulation::Triangles': Deprecated method, Triangle() should be used instead
C:\Users\Davi\Downloads\oma\.release\native-build\src\ifc\src\ifcgeom\Serialization\schema\Serialization.cpp(592): warning C4267: 'return': conversion from 'size_t' to 'int', possible loss of data
C:\Users\Davi\Downloads\oma\.release\native-build\src\ifc\src\ifcgeom\Serialization\schema\Serialization.cpp(592): note: the template instantiation context (the oldest one first) is
C:\Users\Davi\Downloads\oma\.release\native-build\src\ifc\src\ifcgeom\Serialization\schema\Serialization.cpp(615): note: see reference to function template instantiation 'int convert_to_ifc<Ifc4x3_tc1::IfcClosedShell>(const TopoDS_Shape &,U *&,bool)' being compiled
        with
        [
            U=Ifc4x3_tc1::IfcClosedShell
        ]
[78/818] Building CXX object ifcgeom\Serialization\schema\CMakeFiles\geometry_serializer_ifc4x3_add1.dir\Serialization.cpp.obj
C:\Users\Davi\Downloads\oma\.release\native-build\src\ifc\src\ifcgeom\Serialization\schema\Serialization.cpp(726): warning C4996: 'Poly_Triangulation::Triangles': Deprecated method, Triangle() should be used instead
C:\Users\Davi\Downloads\oma\.release\native-build\src\ifc\src\ifcgeom\Serialization\schema\Serialization.cpp(592): warning C4267: 'return': conversion from 'size_t' to 'int', possible loss of data
C:\Users\Davi\Downloads\oma\.release\native-build\src\ifc\src\ifcgeom\Serialization\schema\Serialization.cpp(592): note: the template instantiation context (the oldest one first) is
C:\Users\Davi\Downloads\oma\.release\native-build\src\ifc\src\ifcgeom\Serialization\schema\Serialization.cpp(615): note: see reference to function template instantiation 'int convert_to_ifc<Ifc4x3_add1::IfcClosedShell>(const TopoDS_Shape &,U *&,bool)' being compiled
        with
        [
            U=Ifc4x3_add1::IfcClosedShell
        ]
[79/818] Building CXX object ifcgeom\Serialization\schema\CMakeFiles\geometry_serializer_ifc4x3_add2.dir\Serialization.cpp.obj
C:\Users\Davi\Downloads\oma\.release\native-build\src\ifc\src\ifcgeom\Serialization\schema\Serialization.cpp(726): warning C4996: 'Poly_Triangulation::Triangles': Deprecated method, Triangle() should be used instead
C:\Users\Davi\Downloads\oma\.release\native-build\src\ifc\src\ifcgeom\Serialization\schema\Serialization.cpp(592): warning C4267: 'return': conversion from 'size_t' to 'int', possible loss of data
C:\Users\Davi\Downloads\oma\.release\native-build\src\ifc\src\ifcgeom\Serialization\schema\Serialization.cpp(592): note: the template instantiation context (the oldest one first) is
C:\Users\Davi\Downloads\oma\.release\native-build\src\ifc\src\ifcgeom\Serialization\schema\Serialization.cpp(615): note: see reference to function template instantiation 'int convert_to_ifc<Ifc4x3_add2::IfcClosedShell>(const TopoDS_Shape &,U *&,bool)' being compiled
        with
        [
            U=Ifc4x3_add2::IfcClosedShell
        ]
[80/818] Linking CXX static library ifcgeom\Serialization\geometry_serializer.lib
[81/818] Building CXX object ifcgeom\mapping\CMakeFiles\geometry_mapping_ifc2x3.dir\IfcAnnotationFillArea.cpp.obj
[82/818] Building CXX object ifcgeom\mapping\CMakeFiles\geometry_mapping_ifc2x3.dir\IfcArbitraryClosedProfileDef.cpp.obj
[83/818] Building CXX object ifcgeom\mapping\CMakeFiles\geometry_mapping_ifc2x3.dir\IfcArbitraryOpenProfileDef.cpp.obj
[84/818] Building CXX object ifcgeom\mapping\CMakeFiles\geometry_mapping_ifc2x3.dir\IfcAxis1Placement.cpp.obj
[85/818] Building CXX object ifcgeom\mapping\CMakeFiles\geometry_mapping_ifc2x3.dir\IfcAxis2Placement2D.cpp.obj
[86/818] Building CXX object ifcgeom\mapping\CMakeFiles\geometry_mapping_ifc2x3.dir\IfcAxis2Placement3D.cpp.obj
[87/818] Building CXX object ifcgeom\mapping\CMakeFiles\geometry_mapping_ifc2x3.dir\IfcAxis2PlacementLinear.cpp.obj
[88/818] Building CXX object ifcgeom\mapping\CMakeFiles\geometry_mapping_ifc2x3.dir\IfcBSplineCurveWithKnots.cpp.obj
[89/818] Building CXX object ifcgeom\mapping\CMakeFiles\geometry_mapping_ifc2x3.dir\IfcBSplineSurfaceWithKnots.cpp.obj
[90/818] Building CXX object ifcgeom\mapping\CMakeFiles\geometry_mapping_ifc2x3.dir\IfcBlock.cpp.obj
[91/818] Building CXX object ifcgeom\mapping\CMakeFiles\geometry_mapping_ifc2x3.dir\IfcBooleanResult.cpp.obj
C:\Users\Davi\Downloads\oma\.release\native-build\src\ifc\src\ifcgeom\mapping\IfcBooleanResult.cpp(43): warning C4189: 'has_halfspace_operand': local variable is initialized but not referenced
[92/818] Building CXX object ifcgeom\mapping\CMakeFiles\geometry_mapping_ifc2x3.dir\IfcBoundingBox.cpp.obj
[93/818] Building CXX object ifcgeom\mapping\CMakeFiles\geometry_mapping_ifc2x3.dir\IfcCShapeProfileDef.cpp.obj
[94/818] Building CXX object ifcgeom\mapping\CMakeFiles\geometry_mapping_ifc2x3.dir\IfcCartesianPoint.cpp.obj
[95/818] Building CXX object ifcgeom\mapping\CMakeFiles\geometry_mapping_ifc2x3.dir\IfcCartesianTransformationOperator2D.cpp.obj
[96/818] Building CXX object ifcgeom\mapping\CMakeFiles\geometry_mapping_ifc2x3.dir\IfcCartesianTransformationOperator3D.cpp.obj
[97/818] Building CXX object ifcgeom\mapping\CMakeFiles\geometry_mapping_ifc2x3.dir\IfcCenterLineProfileDef.cpp.obj
C:\Users\Davi\Downloads\oma\.release\native-build\src\ifc\src\ifcgeom\mapping\IfcCenterLineProfileDef.cpp(24): warning C4100: 'inst': unreferenced formal parameter
[98/818] Building CXX object ifcgeom\mapping\CMakeFiles\geometry_mapping_ifc2x3.dir\IfcCircle.cpp.obj
[99/818] Building CXX object ifcgeom\mapping\CMakeFiles\geometry_mapping_ifc2x3.dir\IfcCircleProfileDef.cpp.obj
[100/818] Building CXX object ifcgeom\mapping\CMakeFiles\geometry_mapping_ifc2x3.dir\IfcCompositeCurve.cpp.obj
[101/818] Building CXX object ifcgeom\mapping\CMakeFiles\geometry_mapping_ifc2x3.dir\IfcCompositeProfileDef.cpp.obj
[102/818] Building CXX object ifcgeom\mapping\CMakeFiles\geometry_mapping_ifc2x3.dir\IfcConnectedFaceSet.cpp.obj
[103/818] Building CXX object ifcgeom\mapping\CMakeFiles\geometry_mapping_ifc2x3.dir\IfcCraneRailAShapeProfileDef.cpp.obj
[104/818] Building CXX object ifcgeom\mapping\CMakeFiles\geometry_mapping_ifc2x3.dir\IfcCsgSolid.cpp.obj
[105/818] Building CXX object ifcgeom\mapping\CMakeFiles\geometry_mapping_ifc2x3.dir\IfcCurveBoundedPlane.cpp.obj
[106/818] Building CXX object ifcgeom\mapping\CMakeFiles\geometry_mapping_ifc2x3.dir\IfcCurveSegment.cpp.obj
[107/818] Building CXX object ifcgeom\mapping\CMakeFiles\geometry_mapping_ifc2x3.dir\IfcCylindricalSurface.cpp.obj
[108/818] Building CXX object ifcgeom\mapping\CMakeFiles\geometry_mapping_ifc2x3.dir\IfcDerivedProfileDef.cpp.obj
[109/818] Building CXX object ifcgeom\mapping\CMakeFiles\geometry_mapping_ifc2x3.dir\IfcDirection.cpp.obj
[110/818] Building CXX object ifcgeom\mapping\CMakeFiles\geometry_mapping_ifc2x3.dir\IfcEdge.cpp.obj
[111/818] Building CXX object ifcgeom\mapping\CMakeFiles\geometry_mapping_ifc2x3.dir\IfcEdgeLoop.cpp.obj
[112/818] Building CXX object ifcgeom\mapping\CMakeFiles\geometry_mapping_ifc2x3.dir\IfcEllipse.cpp.obj
[113/818] Building CXX object ifcgeom\mapping\CMakeFiles\geometry_mapping_ifc2x3.dir\IfcEllipseProfileDef.cpp.obj
C:\Users\Davi\Downloads\oma\.release\native-build\src\ifc\src\ifcgeom\mapping\IfcEllipseProfileDef.cpp(33): warning C4189: 'rotated': local variable is initialized but not referenced
[114/818] Building CXX object ifcgeom\mapping\CMakeFiles\geometry_mapping_ifc2x3.dir\IfcExtrudedAreaSolid.cpp.obj
[115/818] Building CXX object ifcgeom\mapping\CMakeFiles\geometry_mapping_ifc2x3.dir\IfcExtrudedAreaSolidTapered.cpp.obj
[116/818] Building CXX object ifcgeom\mapping\CMakeFiles\geometry_mapping_ifc2x3.dir\IfcFace.cpp.obj
[117/818] Building CXX object ifcgeom\mapping\CMakeFiles\geometry_mapping_ifc2x3.dir\IfcFaceBasedSurfaceModel.cpp.obj
[118/818] Building CXX object ifcgeom\mapping\CMakeFiles\geometry_mapping_ifc2x3.dir\IfcFixedReferenceSweptAreaSolid.cpp.obj
C:\Users\Davi\Downloads\oma\.release\native-build\src\ifc\src\ifcgeom\mapping\../function_item_evaluator.h(20): warning C4505: 'ifcopenshell::geometry::convert_loop_to_function_item': unreferenced function with internal linkage has been removed
[119/818] Building CXX object ifcgeom\mapping\CMakeFiles\geometry_mapping_ifc2x3.dir\IfcGeometricSet.cpp.obj
[120/818] Building CXX object ifcgeom\mapping\CMakeFiles\geometry_mapping_ifc2x3.dir\IfcGradientCurve.cpp.obj
C:\Users\Davi\Downloads\oma\.release\native-build\src\ifc\src\ifcgeom\mapping\../function_item_evaluator.h(20): warning C4505: 'ifcopenshell::geometry::convert_loop_to_function_item': unreferenced function with internal linkage has been removed
[121/818] Building CXX object ifcgeom\mapping\CMakeFiles\geometry_mapping_ifc2x3.dir\IfcHalfSpaceSolid.cpp.obj
[122/818] Building CXX object ifcgeom\mapping\CMakeFiles\geometry_mapping_ifc2x3.dir\IfcIShapeProfileDef.cpp.obj
C:\Users\Davi\Downloads\oma\.release\native-build\src\ifc\src\ifcgeom\mapping\IfcIShapeProfileDef.cpp(32): warning C4189: 'doFlangeEdgeRadius': local variable is initialized but not referenced
[123/818] Building CXX object ifcgeom\mapping\CMakeFiles\geometry_mapping_ifc2x3.dir\IfcIndexedPolyCurve.cpp.obj
[124/818] Building CXX object ifcgeom\mapping\CMakeFiles\geometry_mapping_ifc2x3.dir\IfcLShapeProfileDef.cpp.obj
[125/818] Building CXX object ifcgeom\mapping\CMakeFiles\geometry_mapping_ifc2x3.dir\IfcLine.cpp.obj
[126/818] Building CXX object ifcgeom\mapping\CMakeFiles\geometry_mapping_ifc2x3.dir\IfcManifoldSolidBrep.cpp.obj
[127/818] Building CXX object ifcgeom\mapping\CMakeFiles\geometry_mapping_ifc2x3.dir\IfcMappedItem.cpp.obj
C:\Users\Davi\Downloads\oma\.release\native-build\src\ifc\src\ifcgeom\mapping\IfcMappedItem.cpp(48): warning C4189: 'c': local variable is initialized but not referenced
[128/818] Building CXX object ifcgeom\mapping\CMakeFiles\geometry_mapping_ifc2x3.dir\IfcObjectPlacement.cpp.obj
C:\Users\Davi\Downloads\oma\.release\native-build\src\ifc\src\ifcgeom\mapping\IfcObjectPlacement.cpp(107) : warning C4701: potentially uninitialized local variable 'transform' used
C:\Users\Davi\Downloads\oma\.release\native-build\src\ifc\src\ifcgeom\mapping\IfcObjectPlacement.cpp(107) : warning C4703: potentially uninitialized local pointer variable 'transform' used
[129/818] Building CXX object ifcgeom\mapping\CMakeFiles\geometry_mapping_ifc2x3.dir\IfcOffsetCurveByDistance.cpp.obj
C:\Users\Davi\Downloads\oma\.release\native-build\src\ifc\src\ifcgeom\mapping\../function_item_evaluator.h(20): warning C4505: 'ifcopenshell::geometry::convert_loop_to_function_item': unreferenced function with internal linkage has been removed
[130/818] Building CXX object ifcgeom\mapping\CMakeFiles\geometry_mapping_ifc2x3.dir\IfcOpenCrossProfileDef.cpp.obj
[131/818] Building CXX object ifcgeom\mapping\CMakeFiles\geometry_mapping_ifc2x3.dir\IfcOrientedEdge.cpp.obj
[132/818] Building CXX object ifcgeom\mapping\CMakeFiles\geometry_mapping_ifc2x3.dir\IfcPlane.cpp.obj
[133/818] Building CXX object ifcgeom\mapping\CMakeFiles\geometry_mapping_ifc2x3.dir\IfcPointByDistanceExpression.cpp.obj
C:\Users\Davi\Downloads\oma\.release\native-build\src\ifc\src\ifcgeom\mapping\../function_item_evaluator.h(20): warning C4505: 'ifcopenshell::geometry::convert_loop_to_function_item': unreferenced function with internal linkage has been removed
[134/818] Building CXX object ifcgeom\mapping\CMakeFiles\geometry_mapping_ifc2x3.dir\IfcPolyLoop.cpp.obj
C:\Users\Davi\Downloads\oma\.release\native-build\src\ifc\src\ifcgeom\mapping\IfcPolyLoop.cpp(37): warning C4267: 'initializing': conversion from 'size_t' to 'int', possible loss of data
C:\Users\Davi\Downloads\oma\.release\native-build\src\ifc\src\ifcgeom\mapping\IfcPolyLoop.cpp(51): warning C4267: 'initializing': conversion from 'size_t' to 'int', possible loss of data
[135/818] Building CXX object ifcgeom\mapping\CMakeFiles\geometry_mapping_ifc2x3.dir\IfcPolygonalBoundedHalfSpace.cpp.obj
[136/818] Building CXX object ifcgeom\mapping\CMakeFiles\geometry_mapping_ifc2x3.dir\IfcPolygonalFaceSet.cpp.obj
[137/818] Building CXX object ifcgeom\mapping\CMakeFiles\geometry_mapping_ifc2x3.dir\IfcPolyline.cpp.obj
[138/818] Building CXX object ifcgeom\mapping\CMakeFiles\geometry_mapping_ifc2x3.dir\IfcProduct.cpp.obj
[139/818] Building CXX object ifcgeom\mapping\CMakeFiles\geometry_mapping_ifc2x3.dir\IfcRectangleHollowProfileDef.cpp.obj
[140/818] Building CXX object ifcgeom\mapping\CMakeFiles\geometry_mapping_ifc2x3.dir\IfcRectangleProfileDef.cpp.obj
[141/818] Building CXX object ifcgeom\mapping\CMakeFiles\geometry_mapping_ifc2x3.dir\IfcRectangularPyramid.cpp.obj
[142/818] Building CXX object ifcgeom\mapping\CMakeFiles\geometry_mapping_ifc2x3.dir\IfcRectangularTrimmedSurface.cpp.obj
C:\Users\Davi\Downloads\oma\.release\native-build\src\ifc\src\ifcgeom\mapping\IfcRectangularTrimmedSurface.cpp(24): warning C4100: 'inst': unreferenced formal parameter
[143/818] Building CXX object ifcgeom\mapping\CMakeFiles\geometry_mapping_ifc2x3.dir\IfcRepresentation.cpp.obj
[144/818] Building CXX object ifcgeom\mapping\CMakeFiles\geometry_mapping_ifc2x3.dir\IfcRevolvedAreaSolid.cpp.obj
[145/818] Building CXX object ifcgeom\mapping\CMakeFiles\geometry_mapping_ifc2x3.dir\IfcRightCircularCone.cpp.obj
C:\Users\Davi\Downloads\oma\.release\native-build\src\ifc\src\ifcgeom\mapping\IfcRightCircularCone.cpp(24): warning C4100: 'inst': unreferenced formal parameter
[146/818] Building CXX object ifcgeom\mapping\CMakeFiles\geometry_mapping_ifc2x3.dir\IfcRightCircularCylinder.cpp.obj
C:\Users\Davi\Downloads\oma\.release\native-build\src\ifc\src\ifcgeom\mapping\IfcRightCircularCylinder.cpp(24): warning C4100: 'inst': unreferenced formal parameter
[147/818] Building CXX object ifcgeom\mapping\CMakeFiles\geometry_mapping_ifc2x3.dir\IfcRoundedRectangleProfileDef.cpp.obj
[148/818] Building CXX object ifcgeom\mapping\CMakeFiles\geometry_mapping_ifc2x3.dir\IfcSectionedSolidHorizontal.cpp.obj
[149/818] Building CXX object ifcgeom\mapping\CMakeFiles\geometry_mapping_ifc2x3.dir\IfcSectionedSurface.cpp.obj
[150/818] Building CXX object ifcgeom\mapping\CMakeFiles\geometry_mapping_ifc2x3.dir\IfcSegmentedReferenceCurve.cpp.obj
C:\Users\Davi\Downloads\oma\.release\native-build\src\ifc\src\ifcgeom\mapping\../function_item_evaluator.h(20): warning C4505: 'ifcopenshell::geometry::convert_loop_to_function_item': unreferenced function with internal linkage has been removed
[151/818] Building CXX object ifcgeom\mapping\CMakeFiles\geometry_mapping_ifc2x3.dir\IfcShellBasedSurfaceModel.cpp.obj
[152/818] Building CXX object ifcgeom\mapping\CMakeFiles\geometry_mapping_ifc2x3.dir\IfcSphere.cpp.obj
[153/818] Building CXX object ifcgeom\mapping\CMakeFiles\geometry_mapping_ifc2x3.dir\IfcSphericalSurface.cpp.obj
[154/818] Building CXX object ifcgeom\mapping\CMakeFiles\geometry_mapping_ifc2x3.dir\IfcSubedge.cpp.obj
[155/818] Building CXX object ifcgeom\mapping\CMakeFiles\geometry_mapping_ifc2x3.dir\IfcSurfaceCurve.cpp.obj
[156/818] Building CXX object ifcgeom\mapping\CMakeFiles\geometry_mapping_ifc2x3.dir\IfcSurfaceCurveSweptAreaSolid.cpp.obj
[157/818] Building CXX object ifcgeom\mapping\CMakeFiles\geometry_mapping_ifc2x3.dir\IfcSurfaceOfLinearExtrusion.cpp.obj
[158/818] Building CXX object ifcgeom\mapping\CMakeFiles\geometry_mapping_ifc2x3.dir\IfcSurfaceOfRevolution.cpp.obj
[159/818] Building CXX object ifcgeom\mapping\CMakeFiles\geometry_mapping_ifc2x3.dir\IfcSweptDiskSolid.cpp.obj
C:\Users\Davi\Downloads\oma\.release\native-build\src\ifc\src\ifcgeom\mapping\IfcSweptDiskSolid.cpp(69): warning C4189: 'tol': local variable is initialized but not referenced
[160/818] Building CXX object ifcgeom\mapping\CMakeFiles\geometry_mapping_ifc2x3.dir\IfcTShapeProfileDef.cpp.obj
[161/818] Building CXX object ifcgeom\mapping\CMakeFiles\geometry_mapping_ifc2x3.dir\IfcToroidalSurface.cpp.obj
[162/818] Building CXX object ifcgeom\mapping\CMakeFiles\geometry_mapping_ifc2x3.dir\IfcTrapeziumProfileDef.cpp.obj
[163/818] Building CXX object ifcgeom\mapping\CMakeFiles\geometry_mapping_ifc2x3.dir\IfcTriangulatedFaceSet.cpp.obj
[164/818] Building CXX object ifcgeom\mapping\CMakeFiles\geometry_mapping_ifc2x3.dir\IfcTrimmedCurve.cpp.obj
C:\Users\Davi\Downloads\oma\.release\native-build\src\ifc\src\ifcgeom\mapping\IfcTrimmedCurve.cpp(76): warning C4189: 'trim_cartesian_failed': local variable is initialized but not referenced
[165/818] Building CXX object ifcgeom\mapping\CMakeFiles\geometry_mapping_ifc2x3.dir\IfcUShapeProfileDef.cpp.obj
[166/818] Building CXX object ifcgeom\mapping\CMakeFiles\geometry_mapping_ifc2x3.dir\IfcVector.cpp.obj
[167/818] Building CXX object ifcgeom\mapping\CMakeFiles\geometry_mapping_ifc2x3.dir\IfcZShapeProfileDef.cpp.obj
[168/818] Building CXX object ifcgeom\mapping\CMakeFiles\geometry_mapping_ifc4.dir\IfcAnnotationFillArea.cpp.obj
[169/818] Building CXX object ifcgeom\mapping\CMakeFiles\geometry_mapping_ifc4.dir\IfcArbitraryClosedProfileDef.cpp.obj
[170/818] Building CXX object ifcgeom\mapping\CMakeFiles\geometry_mapping_ifc2x3.dir\mapping.cpp.obj
C:\Users\Davi\Downloads\oma\.release\native-build\src\ifc\src\ifcgeom\mapping\mapping.cpp(596): warning C4189: 'shading': local variable is initialized but not referenced
C:\Users\Davi\Downloads\oma\.release\native-build\src\ifc\src\ifcgeom\mapping\mapping.cpp(613): warning C4706: assignment used as a condition
C:\Users\Davi\Downloads\oma\.release\native-build\src\ifc\src\ifcgeom\mapping\mapping.cpp(613): note: if an assignment is intended you can enclose it in parentheses, '(e1 = e2)', to silence this warning
C:\Users\Davi\Downloads\oma\.release\native-build\src\ifc\src\ifcgeom\mapping\mapping.cpp(937): warning C4189: 'sub': local variable is initialized but not referenced
C:\Users\Davi\Downloads\oma\.release\native-build\src\ifc\src\ifcgeom\mapping\mapping.cpp(1055): warning C4456: declaration of 'ofc' hides previous local declaration
C:\Users\Davi\Downloads\oma\.release\native-build\src\ifc\src\ifcgeom\mapping\mapping.cpp(1034): note: see declaration of 'ofc'
C:\Users\Davi\Downloads\oma\.release\native-build\src\ifc\src\ifcgeom\mapping\mapping.cpp(1059): warning C4456: declaration of 'ofc' hides previous local declaration
C:\Users\Davi\Downloads\oma\.release\native-build\src\ifc\src\ifcgeom\mapping\mapping.cpp(1034): note: see declaration of 'ofc'
[171/818] Building CXX object ifcgeom\mapping\CMakeFiles\geometry_mapping_ifc4.dir\IfcArbitraryOpenProfileDef.cpp.obj
[172/818] Building CXX object ifcgeom\mapping\CMakeFiles\geometry_mapping_ifc4.dir\IfcAxis1Placement.cpp.obj
[173/818] Building CXX object ifcgeom\mapping\CMakeFiles\geometry_mapping_ifc4.dir\IfcAxis2Placement2D.cpp.obj
[174/818] Building CXX object ifcgeom\mapping\CMakeFiles\geometry_mapping_ifc4.dir\IfcAxis2Placement3D.cpp.obj
[175/818] Building CXX object ifcgeom\mapping\CMakeFiles\geometry_mapping_ifc4.dir\IfcAxis2PlacementLinear.cpp.obj
[176/818] Building CXX object ifcgeom\mapping\CMakeFiles\geometry_mapping_ifc4.dir\IfcBSplineCurveWithKnots.cpp.obj
[177/818] Building CXX object ifcgeom\mapping\CMakeFiles\geometry_mapping_ifc4.dir\IfcBSplineSurfaceWithKnots.cpp.obj
[178/818] Building CXX object ifcgeom\mapping\CMakeFiles\geometry_mapping_ifc4.dir\IfcBlock.cpp.obj
[179/818] Building CXX object ifcgeom\mapping\CMakeFiles\geometry_mapping_ifc4.dir\IfcBooleanResult.cpp.obj
C:\Users\Davi\Downloads\oma\.release\native-build\src\ifc\src\ifcgeom\mapping\IfcBooleanResult.cpp(43): warning C4189: 'has_halfspace_operand': local variable is initialized but not referenced
[180/818] Building CXX object ifcgeom\mapping\CMakeFiles\geometry_mapping_ifc4.dir\IfcBoundingBox.cpp.obj
[181/818] Building CXX object ifcgeom\mapping\CMakeFiles\geometry_mapping_ifc4.dir\IfcCShapeProfileDef.cpp.obj
[182/818] Building CXX object ifcgeom\mapping\CMakeFiles\geometry_mapping_ifc4.dir\IfcCartesianPoint.cpp.obj
[183/818] Building CXX object ifcgeom\mapping\CMakeFiles\geometry_mapping_ifc4.dir\IfcCartesianTransformationOperator2D.cpp.obj
[184/818] Building CXX object ifcgeom\mapping\CMakeFiles\geometry_mapping_ifc4.dir\IfcCenterLineProfileDef.cpp.obj
C:\Users\Davi\Downloads\oma\.release\native-build\src\ifc\src\ifcgeom\mapping\IfcCenterLineProfileDef.cpp(24): warning C4100: 'inst': unreferenced formal parameter
[185/818] Building CXX object ifcgeom\mapping\CMakeFiles\geometry_mapping_ifc4.dir\IfcCartesianTransformationOperator3D.cpp.obj
[186/818] Building CXX object ifcgeom\mapping\CMakeFiles\geometry_mapping_ifc4.dir\IfcCircle.cpp.obj
[187/818] Building CXX object ifcgeom\mapping\CMakeFiles\geometry_mapping_ifc4.dir\IfcCircleProfileDef.cpp.obj
[188/818] Building CXX object ifcgeom\mapping\CMakeFiles\geometry_mapping_ifc4.dir\IfcCompositeProfileDef.cpp.obj
[189/818] Building CXX object ifcgeom\mapping\CMakeFiles\geometry_mapping_ifc4.dir\IfcCompositeCurve.cpp.obj
[190/818] Building CXX object ifcgeom\mapping\CMakeFiles\geometry_mapping_ifc4.dir\IfcConnectedFaceSet.cpp.obj
[191/818] Building CXX object ifcgeom\mapping\CMakeFiles\geometry_mapping_ifc4.dir\IfcCraneRailAShapeProfileDef.cpp.obj
[192/818] Building CXX object ifcgeom\mapping\CMakeFiles\geometry_mapping_ifc4.dir\IfcCsgSolid.cpp.obj
[193/818] Building CXX object ifcgeom\mapping\CMakeFiles\geometry_mapping_ifc4.dir\IfcCurveBoundedPlane.cpp.obj
[194/818] Building CXX object ifcgeom\mapping\CMakeFiles\geometry_mapping_ifc4.dir\IfcCurveSegment.cpp.obj
[195/818] Building CXX object ifcgeom\mapping\CMakeFiles\geometry_mapping_ifc4.dir\IfcCylindricalSurface.cpp.obj
[196/818] Building CXX object ifcgeom\mapping\CMakeFiles\geometry_mapping_ifc4.dir\IfcDirection.cpp.obj
[197/818] Building CXX object ifcgeom\mapping\CMakeFiles\geometry_mapping_ifc4.dir\IfcDerivedProfileDef.cpp.obj
[198/818] Building CXX object ifcgeom\mapping\CMakeFiles\geometry_mapping_ifc4.dir\IfcEdge.cpp.obj
[199/818] Building CXX object ifcgeom\mapping\CMakeFiles\geometry_mapping_ifc4.dir\IfcEdgeLoop.cpp.obj
[200/818] Building CXX object ifcgeom\mapping\CMakeFiles\geometry_mapping_ifc4.dir\IfcEllipse.cpp.obj
[201/818] Building CXX object ifcgeom\mapping\CMakeFiles\geometry_mapping_ifc4.dir\IfcExtrudedAreaSolid.cpp.obj
[202/818] Building CXX object ifcgeom\mapping\CMakeFiles\geometry_mapping_ifc4.dir\IfcEllipseProfileDef.cpp.obj
C:\Users\Davi\Downloads\oma\.release\native-build\src\ifc\src\ifcgeom\mapping\IfcEllipseProfileDef.cpp(33): warning C4189: 'rotated': local variable is initialized but not referenced
[203/818] Building CXX object ifcgeom\mapping\CMakeFiles\geometry_mapping_ifc4.dir\IfcExtrudedAreaSolidTapered.cpp.obj
[204/818] Building CXX object ifcgeom\mapping\CMakeFiles\geometry_mapping_ifc4.dir\IfcFace.cpp.obj
[205/818] Building CXX object ifcgeom\mapping\CMakeFiles\geometry_mapping_ifc4.dir\IfcFaceBasedSurfaceModel.cpp.obj
[206/818] Building CXX object ifcgeom\mapping\CMakeFiles\geometry_mapping_ifc4.dir\IfcFixedReferenceSweptAreaSolid.cpp.obj
C:\Users\Davi\Downloads\oma\.release\native-build\src\ifc\src\ifcgeom\mapping\IfcFixedReferenceSweptAreaSolid.cpp(89): warning C4456: declaration of 'ref' hides previous local declaration
C:\Users\Davi\Downloads\oma\.release\native-build\src\ifc\src\ifcgeom\mapping\IfcFixedReferenceSweptAreaSolid.cpp(29): note: see declaration of 'ref'
C:\Users\Davi\Downloads\oma\.release\native-build\src\ifc\src\ifcgeom\mapping\IfcFixedReferenceSweptAreaSolid.cpp(40): warning C4189: 'end': local variable is initialized but not referenced
C:\Users\Davi\Downloads\oma\.release\native-build\src\ifc\src\ifcgeom\mapping\IfcFixedReferenceSweptAreaSolid.cpp(39): warning C4189: 'start': local variable is initialized but not referenced
C:\Users\Davi\Downloads\oma\.release\native-build\src\ifc\src\ifcgeom\mapping\../function_item_evaluator.h(20): warning C4505: 'ifcopenshell::geometry::convert_loop_to_function_item': unreferenced function with internal linkage has been removed
[207/818] Building CXX object ifcgeom\mapping\CMakeFiles\geometry_mapping_ifc4.dir\IfcGeometricSet.cpp.obj
[208/818] Building CXX object ifcgeom\mapping\CMakeFiles\geometry_mapping_ifc4.dir\IfcGradientCurve.cpp.obj
C:\Users\Davi\Downloads\oma\.release\native-build\src\ifc\src\ifcgeom\mapping\../function_item_evaluator.h(20): warning C4505: 'ifcopenshell::geometry::convert_loop_to_function_item': unreferenced function with internal linkage has been removed
[209/818] Building CXX object ifcgeom\mapping\CMakeFiles\geometry_mapping_ifc4.dir\IfcHalfSpaceSolid.cpp.obj
[210/818] Building CXX object ifcgeom\mapping\CMakeFiles\geometry_mapping_ifc4.dir\IfcIShapeProfileDef.cpp.obj
[211/818] Building CXX object ifcgeom\mapping\CMakeFiles\geometry_mapping_ifc4.dir\IfcIndexedPolyCurve.cpp.obj
[212/818] Building CXX object ifcgeom\mapping\CMakeFiles\geometry_mapping_ifc4.dir\IfcLShapeProfileDef.cpp.obj
[213/818] Building CXX object ifcgeom\mapping\CMakeFiles\geometry_mapping_ifc4.dir\IfcLine.cpp.obj
[214/818] Building CXX object ifcgeom\mapping\CMakeFiles\geometry_mapping_ifc4.dir\IfcManifoldSolidBrep.cpp.obj
[215/818] Building CXX object ifcgeom\mapping\CMakeFiles\geometry_mapping_ifc4.dir\IfcMappedItem.cpp.obj
C:\Users\Davi\Downloads\oma\.release\native-build\src\ifc\src\ifcgeom\mapping\IfcMappedItem.cpp(48): warning C4189: 'c': local variable is initialized but not referenced
[216/818] Building CXX object ifcgeom\mapping\CMakeFiles\geometry_mapping_ifc4.dir\IfcOffsetCurveByDistance.cpp.obj
C:\Users\Davi\Downloads\oma\.release\native-build\src\ifc\src\ifcgeom\mapping\../function_item_evaluator.h(20): warning C4505: 'ifcopenshell::geometry::convert_loop_to_function_item': unreferenced function with internal linkage has been removed
[217/818] Building CXX object ifcgeom\mapping\CMakeFiles\geometry_mapping_ifc4.dir\IfcObjectPlacement.cpp.obj
C:\Users\Davi\Downloads\oma\.release\native-build\src\ifc\src\ifcgeom\mapping\IfcObjectPlacement.cpp(107) : warning C4701: potentially uninitialized local variable 'transform' used
C:\Users\Davi\Downloads\oma\.release\native-build\src\ifc\src\ifcgeom\mapping\IfcObjectPlacement.cpp(107) : warning C4703: potentially uninitialized local pointer variable 'transform' used
[218/818] Building CXX object ifcgeom\mapping\CMakeFiles\geometry_mapping_ifc4.dir\IfcOpenCrossProfileDef.cpp.obj
[219/818] Building CXX object ifcgeom\mapping\CMakeFiles\geometry_mapping_ifc4.dir\IfcOrientedEdge.cpp.obj
[220/818] Building CXX object ifcgeom\mapping\CMakeFiles\geometry_mapping_ifc4.dir\IfcPlane.cpp.obj
[221/818] Building CXX object ifcgeom\mapping\CMakeFiles\geometry_mapping_ifc4.dir\IfcPointByDistanceExpression.cpp.obj
C:\Users\Davi\Downloads\oma\.release\native-build\src\ifc\src\ifcgeom\mapping\../function_item_evaluator.h(20): warning C4505: 'ifcopenshell::geometry::convert_loop_to_function_item': unreferenced function with internal linkage has been removed
[222/818] Building CXX object ifcgeom\mapping\CMakeFiles\geometry_mapping_ifc4.dir\IfcPolyLoop.cpp.obj
C:\Users\Davi\Downloads\oma\.release\native-build\src\ifc\src\ifcgeom\mapping\IfcPolyLoop.cpp(37): warning C4267: 'initializing': conversion from 'size_t' to 'int', possible loss of data
C:\Users\Davi\Downloads\oma\.release\native-build\src\ifc\src\ifcgeom\mapping\IfcPolyLoop.cpp(51): warning C4267: 'initializing': conversion from 'size_t' to 'int', possible loss of data
[223/818] Building CXX object ifcgeom\mapping\CMakeFiles\geometry_mapping_ifc4.dir\IfcPolygonalBoundedHalfSpace.cpp.obj
[224/818] Building CXX object ifcgeom\mapping\CMakeFiles\geometry_mapping_ifc4.dir\IfcPolygonalFaceSet.cpp.obj
[225/818] Building CXX object ifcgeom\mapping\CMakeFiles\geometry_mapping_ifc4.dir\IfcPolyline.cpp.obj
[226/818] Building CXX object ifcgeom\mapping\CMakeFiles\geometry_mapping_ifc4.dir\IfcProduct.cpp.obj
[227/818] Building CXX object ifcgeom\mapping\CMakeFiles\geometry_mapping_ifc4.dir\IfcRectangleHollowProfileDef.cpp.obj
[228/818] Building CXX object ifcgeom\mapping\CMakeFiles\geometry_mapping_ifc4.dir\IfcRectangleProfileDef.cpp.obj
[229/818] Building CXX object ifcgeom\mapping\CMakeFiles\geometry_mapping_ifc4.dir\IfcRectangularPyramid.cpp.obj
[230/818] Building CXX object ifcgeom\mapping\CMakeFiles\geometry_mapping_ifc4.dir\IfcRectangularTrimmedSurface.cpp.obj
C:\Users\Davi\Downloads\oma\.release\native-build\src\ifc\src\ifcgeom\mapping\IfcRectangularTrimmedSurface.cpp(24): warning C4100: 'inst': unreferenced formal parameter
[231/818] Building CXX object ifcgeom\mapping\CMakeFiles\geometry_mapping_ifc4.dir\IfcRepresentation.cpp.obj
[232/818] Building CXX object ifcgeom\mapping\CMakeFiles\geometry_mapping_ifc4.dir\IfcRevolvedAreaSolid.cpp.obj
[233/818] Building CXX object ifcgeom\mapping\CMakeFiles\geometry_mapping_ifc4.dir\IfcRightCircularCylinder.cpp.obj
C:\Users\Davi\Downloads\oma\.release\native-build\src\ifc\src\ifcgeom\mapping\IfcRightCircularCylinder.cpp(24): warning C4100: 'inst': unreferenced formal parameter
[234/818] Building CXX object ifcgeom\mapping\CMakeFiles\geometry_mapping_ifc4.dir\IfcRightCircularCone.cpp.obj
C:\Users\Davi\Downloads\oma\.release\native-build\src\ifc\src\ifcgeom\mapping\IfcRightCircularCone.cpp(24): warning C4100: 'inst': unreferenced formal parameter
[235/818] Building CXX object ifcgeom\mapping\CMakeFiles\geometry_mapping_ifc4.dir\IfcRoundedRectangleProfileDef.cpp.obj
[236/818] Building CXX object ifcgeom\mapping\CMakeFiles\geometry_mapping_ifc4.dir\IfcSectionedSolidHorizontal.cpp.obj
[237/818] Building CXX object ifcgeom\mapping\CMakeFiles\geometry_mapping_ifc4.dir\IfcSectionedSurface.cpp.obj
[238/818] Building CXX object ifcgeom\mapping\CMakeFiles\geometry_mapping_ifc4.dir\IfcSegmentedReferenceCurve.cpp.obj
C:\Users\Davi\Downloads\oma\.release\native-build\src\ifc\src\ifcgeom\mapping\../function_item_evaluator.h(20): warning C4505: 'ifcopenshell::geometry::convert_loop_to_function_item': unreferenced function with internal linkage has been removed
[239/818] Building CXX object ifcgeom\mapping\CMakeFiles\geometry_mapping_ifc4.dir\IfcShellBasedSurfaceModel.cpp.obj
[240/818] Building CXX object ifcgeom\mapping\CMakeFiles\geometry_mapping_ifc4.dir\IfcSphere.cpp.obj
[241/818] Building CXX object ifcgeom\mapping\CMakeFiles\geometry_mapping_ifc4.dir\IfcSphericalSurface.cpp.obj
C:\Users\Davi\Downloads\oma\.release\native-build\src\ifc\src\ifcgeom\mapping\IfcSphericalSurface.cpp(26): warning C4100: 'inst': unreferenced formal parameter
[242/818] Building CXX object ifcgeom\mapping\CMakeFiles\geometry_mapping_ifc4.dir\IfcSubedge.cpp.obj
[243/818] Building CXX object ifcgeom\mapping\CMakeFiles\geometry_mapping_ifc4.dir\IfcSurfaceCurve.cpp.obj
[244/818] Building CXX object ifcgeom\mapping\CMakeFiles\geometry_mapping_ifc4.dir\IfcSurfaceCurveSweptAreaSolid.cpp.obj
[245/818] Building CXX object ifcgeom\mapping\CMakeFiles\geometry_mapping_ifc4.dir\IfcSurfaceOfLinearExtrusion.cpp.obj
[246/818] Building CXX object ifcgeom\mapping\CMakeFiles\geometry_mapping_ifc4.dir\IfcSurfaceOfRevolution.cpp.obj
[247/818] Building CXX object ifcgeom\mapping\CMakeFiles\geometry_mapping_ifc4.dir\IfcSweptDiskSolid.cpp.obj
[248/818] Building CXX object ifcgeom\mapping\CMakeFiles\geometry_mapping_ifc4.dir\IfcToroidalSurface.cpp.obj
C:\Users\Davi\Downloads\oma\.release\native-build\src\ifc\src\ifcgeom\mapping\IfcToroidalSurface.cpp(26): warning C4100: 'inst': unreferenced formal parameter
[249/818] Building CXX object ifcgeom\mapping\CMakeFiles\geometry_mapping_ifc4.dir\IfcTShapeProfileDef.cpp.obj
[250/818] Building CXX object ifcgeom\mapping\CMakeFiles\geometry_mapping_ifc4.dir\IfcTrapeziumProfileDef.cpp.obj
[251/818] Building CXX object ifcgeom\mapping\CMakeFiles\geometry_mapping_ifc4.dir\IfcTriangulatedFaceSet.cpp.obj
[252/818] Building CXX object ifcgeom\mapping\CMakeFiles\geometry_mapping_ifc4.dir\IfcUShapeProfileDef.cpp.obj
[253/818] Building CXX object ifcgeom\mapping\CMakeFiles\geometry_mapping_ifc4.dir\IfcVector.cpp.obj
[254/818] Building CXX object ifcgeom\mapping\CMakeFiles\geometry_mapping_ifc4.dir\IfcTrimmedCurve.cpp.obj
C:\Users\Davi\Downloads\oma\.release\native-build\src\ifc\src\ifcgeom\mapping\IfcTrimmedCurve.cpp(76): warning C4189: 'trim_cartesian_failed': local variable is initialized but not referenced
[255/818] Building CXX object ifcgeom\mapping\CMakeFiles\geometry_mapping_ifc4.dir\IfcZShapeProfileDef.cpp.obj
[256/818] Building CXX object ifcgeom\mapping\CMakeFiles\geometry_mapping_ifc4x1.dir\IfcAnnotationFillArea.cpp.obj
[257/818] Building CXX object ifcgeom\mapping\CMakeFiles\geometry_mapping_ifc4x1.dir\IfcArbitraryClosedProfileDef.cpp.obj
[258/818] Building CXX object ifcgeom\mapping\CMakeFiles\geometry_mapping_ifc4.dir\mapping.cpp.obj
C:\Users\Davi\Downloads\oma\.release\native-build\src\ifc\src\ifcgeom\mapping\mapping.cpp(596): warning C4189: 'shading': local variable is initialized but not referenced
C:\Users\Davi\Downloads\oma\.release\native-build\src\ifc\src\ifcgeom\mapping\mapping.cpp(613): warning C4706: assignment used as a condition
C:\Users\Davi\Downloads\oma\.release\native-build\src\ifc\src\ifcgeom\mapping\mapping.cpp(613): note: if an assignment is intended you can enclose it in parentheses, '(e1 = e2)', to silence this warning
C:\Users\Davi\Downloads\oma\.release\native-build\src\ifc\src\ifcgeom\mapping\mapping.cpp(937): warning C4189: 'sub': local variable is initialized but not referenced
C:\Users\Davi\Downloads\oma\.release\native-build\src\ifc\src\ifcgeom\mapping\mapping.cpp(1055): warning C4456: declaration of 'ofc' hides previous local declaration
C:\Users\Davi\Downloads\oma\.release\native-build\src\ifc\src\ifcgeom\mapping\mapping.cpp(1034): note: see declaration of 'ofc'
C:\Users\Davi\Downloads\oma\.release\native-build\src\ifc\src\ifcgeom\mapping\mapping.cpp(1059): warning C4456: declaration of 'ofc' hides previous local declaration
C:\Users\Davi\Downloads\oma\.release\native-build\src\ifc\src\ifcgeom\mapping\mapping.cpp(1034): note: see declaration of 'ofc'
[259/818] Building CXX object ifcgeom\mapping\CMakeFiles\geometry_mapping_ifc4x1.dir\IfcArbitraryOpenProfileDef.cpp.obj
[260/818] Building CXX object ifcgeom\mapping\CMakeFiles\geometry_mapping_ifc4x1.dir\IfcAxis1Placement.cpp.obj
[261/818] Building CXX object ifcgeom\mapping\CMakeFiles\geometry_mapping_ifc4x1.dir\IfcAxis2Placement2D.cpp.obj
[262/818] Building CXX object ifcgeom\mapping\CMakeFiles\geometry_mapping_ifc4x1.dir\IfcAxis2Placement3D.cpp.obj
[263/818] Building CXX object ifcgeom\mapping\CMakeFiles\geometry_mapping_ifc4x1.dir\IfcAxis2PlacementLinear.cpp.obj
[264/818] Building CXX object ifcgeom\mapping\CMakeFiles\geometry_mapping_ifc4x1.dir\IfcBSplineSurfaceWithKnots.cpp.obj
[265/818] Building CXX object ifcgeom\mapping\CMakeFiles\geometry_mapping_ifc4x1.dir\IfcBSplineCurveWithKnots.cpp.obj
[266/818] Building CXX object ifcgeom\mapping\CMakeFiles\geometry_mapping_ifc4x1.dir\IfcBlock.cpp.obj
[267/818] Building CXX object ifcgeom\mapping\CMakeFiles\geometry_mapping_ifc4x1.dir\IfcBooleanResult.cpp.obj
C:\Users\Davi\Downloads\oma\.release\native-build\src\ifc\src\ifcgeom\mapping\IfcBooleanResult.cpp(43): warning C4189: 'has_halfspace_operand': local variable is initialized but not referenced
[268/818] Building CXX object ifcgeom\mapping\CMakeFiles\geometry_mapping_ifc4x1.dir\IfcBoundingBox.cpp.obj
[269/818] Building CXX object ifcgeom\mapping\CMakeFiles\geometry_mapping_ifc4x1.dir\IfcCShapeProfileDef.cpp.obj
[270/818] Building CXX object ifcgeom\mapping\CMakeFiles\geometry_mapping_ifc4x1.dir\IfcCartesianPoint.cpp.obj
[271/818] Building CXX object ifcgeom\mapping\CMakeFiles\geometry_mapping_ifc4x1.dir\IfcCartesianTransformationOperator2D.cpp.obj
[272/818] Building CXX object ifcgeom\mapping\CMakeFiles\geometry_mapping_ifc4x1.dir\IfcCenterLineProfileDef.cpp.obj
C:\Users\Davi\Downloads\oma\.release\native-build\src\ifc\src\ifcgeom\mapping\IfcCenterLineProfileDef.cpp(24): warning C4100: 'inst': unreferenced formal parameter
[273/818] Building CXX object ifcgeom\mapping\CMakeFiles\geometry_mapping_ifc4x1.dir\IfcCartesianTransformationOperator3D.cpp.obj
[274/818] Building CXX object ifcgeom\mapping\CMakeFiles\geometry_mapping_ifc4x1.dir\IfcCircle.cpp.obj
[275/818] Building CXX object ifcgeom\mapping\CMakeFiles\geometry_mapping_ifc4x1.dir\IfcCircleProfileDef.cpp.obj
[276/818] Building CXX object ifcgeom\mapping\CMakeFiles\geometry_mapping_ifc4x1.dir\IfcCompositeCurve.cpp.obj
[277/818] Building CXX object ifcgeom\mapping\CMakeFiles\geometry_mapping_ifc4x1.dir\IfcCompositeProfileDef.cpp.obj
[278/818] Building CXX object ifcgeom\mapping\CMakeFiles\geometry_mapping_ifc4x1.dir\IfcConnectedFaceSet.cpp.obj
[279/818] Building CXX object ifcgeom\mapping\CMakeFiles\geometry_mapping_ifc4x1.dir\IfcCraneRailAShapeProfileDef.cpp.obj
[280/818] Building CXX object ifcgeom\mapping\CMakeFiles\geometry_mapping_ifc4x1.dir\IfcCsgSolid.cpp.obj
[281/818] Building CXX object ifcgeom\mapping\CMakeFiles\geometry_mapping_ifc4x1.dir\IfcCurveBoundedPlane.cpp.obj
[282/818] Building CXX object ifcgeom\mapping\CMakeFiles\geometry_mapping_ifc4x1.dir\IfcCurveSegment.cpp.obj
[283/818] Building CXX object ifcgeom\mapping\CMakeFiles\geometry_mapping_ifc4x1.dir\IfcCylindricalSurface.cpp.obj
[284/818] Building CXX object ifcgeom\mapping\CMakeFiles\geometry_mapping_ifc4x1.dir\IfcDirection.cpp.obj
[285/818] Building CXX object ifcgeom\mapping\CMakeFiles\geometry_mapping_ifc4x1.dir\IfcDerivedProfileDef.cpp.obj
[286/818] Building CXX object ifcgeom\mapping\CMakeFiles\geometry_mapping_ifc4x1.dir\IfcEdge.cpp.obj
[287/818] Building CXX object ifcgeom\mapping\CMakeFiles\geometry_mapping_ifc4x1.dir\IfcEdgeLoop.cpp.obj
[288/818] Building CXX object ifcgeom\mapping\CMakeFiles\geometry_mapping_ifc4x1.dir\IfcEllipse.cpp.obj
[289/818] Building CXX object ifcgeom\mapping\CMakeFiles\geometry_mapping_ifc4x1.dir\IfcEllipseProfileDef.cpp.obj
C:\Users\Davi\Downloads\oma\.release\native-build\src\ifc\src\ifcgeom\mapping\IfcEllipseProfileDef.cpp(33): warning C4189: 'rotated': local variable is initialized but not referenced
[290/818] Building CXX object ifcgeom\mapping\CMakeFiles\geometry_mapping_ifc4x1.dir\IfcExtrudedAreaSolid.cpp.obj
[291/818] Building CXX object ifcgeom\mapping\CMakeFiles\geometry_mapping_ifc4x1.dir\IfcExtrudedAreaSolidTapered.cpp.obj
[292/818] Building CXX object ifcgeom\mapping\CMakeFiles\geometry_mapping_ifc4x1.dir\IfcFace.cpp.obj
[293/818] Building CXX object ifcgeom\mapping\CMakeFiles\geometry_mapping_ifc4x1.dir\IfcFaceBasedSurfaceModel.cpp.obj
[294/818] Building CXX object ifcgeom\mapping\CMakeFiles\geometry_mapping_ifc4x1.dir\IfcFixedReferenceSweptAreaSolid.cpp.obj
C:\Users\Davi\Downloads\oma\.release\native-build\src\ifc\src\ifcgeom\mapping\IfcFixedReferenceSweptAreaSolid.cpp(89): warning C4456: declaration of 'ref' hides previous local declaration
C:\Users\Davi\Downloads\oma\.release\native-build\src\ifc\src\ifcgeom\mapping\IfcFixedReferenceSweptAreaSolid.cpp(29): note: see declaration of 'ref'
C:\Users\Davi\Downloads\oma\.release\native-build\src\ifc\src\ifcgeom\mapping\IfcFixedReferenceSweptAreaSolid.cpp(40): warning C4189: 'end': local variable is initialized but not referenced
C:\Users\Davi\Downloads\oma\.release\native-build\src\ifc\src\ifcgeom\mapping\IfcFixedReferenceSweptAreaSolid.cpp(39): warning C4189: 'start': local variable is initialized but not referenced
C:\Users\Davi\Downloads\oma\.release\native-build\src\ifc\src\ifcgeom\mapping\../function_item_evaluator.h(20): warning C4505: 'ifcopenshell::geometry::convert_loop_to_function_item': unreferenced function with internal linkage has been removed
[295/818] Building CXX object ifcgeom\mapping\CMakeFiles\geometry_mapping_ifc4x1.dir\IfcGeometricSet.cpp.obj
[296/818] Building CXX object ifcgeom\mapping\CMakeFiles\geometry_mapping_ifc4x1.dir\IfcGradientCurve.cpp.obj
C:\Users\Davi\Downloads\oma\.release\native-build\src\ifc\src\ifcgeom\mapping\../function_item_evaluator.h(20): warning C4505: 'ifcopenshell::geometry::convert_loop_to_function_item': unreferenced function with internal linkage has been removed
[297/818] Building CXX object ifcgeom\mapping\CMakeFiles\geometry_mapping_ifc4x1.dir\IfcHalfSpaceSolid.cpp.obj
[298/818] Building CXX object ifcgeom\mapping\CMakeFiles\geometry_mapping_ifc4x1.dir\IfcIShapeProfileDef.cpp.obj
[299/818] Building CXX object ifcgeom\mapping\CMakeFiles\geometry_mapping_ifc4x1.dir\IfcIndexedPolyCurve.cpp.obj
[300/818] Building CXX object ifcgeom\mapping\CMakeFiles\geometry_mapping_ifc4x1.dir\IfcLShapeProfileDef.cpp.obj
[301/818] Building CXX object ifcgeom\mapping\CMakeFiles\geometry_mapping_ifc4x1.dir\IfcLine.cpp.obj
[302/818] Building CXX object ifcgeom\mapping\CMakeFiles\geometry_mapping_ifc4x1.dir\IfcManifoldSolidBrep.cpp.obj
[303/818] Building CXX object ifcgeom\mapping\CMakeFiles\geometry_mapping_ifc4x1.dir\IfcMappedItem.cpp.obj
C:\Users\Davi\Downloads\oma\.release\native-build\src\ifc\src\ifcgeom\mapping\IfcMappedItem.cpp(48): warning C4189: 'c': local variable is initialized but not referenced
[304/818] Building CXX object ifcgeom\mapping\CMakeFiles\geometry_mapping_ifc4x1.dir\IfcOffsetCurveByDistance.cpp.obj
C:\Users\Davi\Downloads\oma\.release\native-build\src\ifc\src\ifcgeom\mapping\../function_item_evaluator.h(20): warning C4505: 'ifcopenshell::geometry::convert_loop_to_function_item': unreferenced function with internal linkage has been removed
[305/818] Building CXX object ifcgeom\mapping\CMakeFiles\geometry_mapping_ifc4x1.dir\IfcObjectPlacement.cpp.obj
C:\Users\Davi\Downloads\oma\.release\native-build\src\ifc\src\ifcgeom\mapping\IfcObjectPlacement.cpp(107) : warning C4701: potentially uninitialized local variable 'transform' used
C:\Users\Davi\Downloads\oma\.release\native-build\src\ifc\src\ifcgeom\mapping\IfcObjectPlacement.cpp(107) : warning C4703: potentially uninitialized local pointer variable 'transform' used
[306/818] Building CXX object ifcgeom\mapping\CMakeFiles\geometry_mapping_ifc4x1.dir\IfcOpenCrossProfileDef.cpp.obj
[307/818] Building CXX object ifcgeom\mapping\CMakeFiles\geometry_mapping_ifc4x1.dir\IfcOrientedEdge.cpp.obj
[308/818] Building CXX object ifcgeom\mapping\CMakeFiles\geometry_mapping_ifc4x1.dir\IfcPlane.cpp.obj
[309/818] Building CXX object ifcgeom\mapping\CMakeFiles\geometry_mapping_ifc4x1.dir\IfcPointByDistanceExpression.cpp.obj
C:\Users\Davi\Downloads\oma\.release\native-build\src\ifc\src\ifcgeom\mapping\../function_item_evaluator.h(20): warning C4505: 'ifcopenshell::geometry::convert_loop_to_function_item': unreferenced function with internal linkage has been removed
[310/818] Building CXX object ifcgeom\mapping\CMakeFiles\geometry_mapping_ifc4x1.dir\IfcPolyLoop.cpp.obj
C:\Users\Davi\Downloads\oma\.release\native-build\src\ifc\src\ifcgeom\mapping\IfcPolyLoop.cpp(37): warning C4267: 'initializing': conversion from 'size_t' to 'int', possible loss of data
C:\Users\Davi\Downloads\oma\.release\native-build\src\ifc\src\ifcgeom\mapping\IfcPolyLoop.cpp(51): warning C4267: 'initializing': conversion from 'size_t' to 'int', possible loss of data
[311/818] Building CXX object ifcgeom\mapping\CMakeFiles\geometry_mapping_ifc4x1.dir\IfcPolygonalBoundedHalfSpace.cpp.obj
[312/818] Building CXX object ifcgeom\mapping\CMakeFiles\geometry_mapping_ifc4x1.dir\IfcPolygonalFaceSet.cpp.obj
[313/818] Building CXX object ifcgeom\mapping\CMakeFiles\geometry_mapping_ifc4x1.dir\IfcPolyline.cpp.obj
[314/818] Building CXX object ifcgeom\mapping\CMakeFiles\geometry_mapping_ifc4x1.dir\IfcProduct.cpp.obj
[315/818] Building CXX object ifcgeom\mapping\CMakeFiles\geometry_mapping_ifc4x1.dir\IfcRectangleHollowProfileDef.cpp.obj
[316/818] Building CXX object ifcgeom\mapping\CMakeFiles\geometry_mapping_ifc4x1.dir\IfcRectangleProfileDef.cpp.obj
[317/818] Building CXX object ifcgeom\mapping\CMakeFiles\geometry_mapping_ifc4x1.dir\IfcRectangularPyramid.cpp.obj
[318/818] Building CXX object ifcgeom\mapping\CMakeFiles\geometry_mapping_ifc4x1.dir\IfcRectangularTrimmedSurface.cpp.obj
C:\Users\Davi\Downloads\oma\.release\native-build\src\ifc\src\ifcgeom\mapping\IfcRectangularTrimmedSurface.cpp(24): warning C4100: 'inst': unreferenced formal parameter
[319/818] Building CXX object ifcgeom\mapping\CMakeFiles\geometry_mapping_ifc4x1.dir\IfcRepresentation.cpp.obj
[320/818] Building CXX object ifcgeom\mapping\CMakeFiles\geometry_mapping_ifc4x1.dir\IfcRightCircularCone.cpp.obj
C:\Users\Davi\Downloads\oma\.release\native-build\src\ifc\src\ifcgeom\mapping\IfcRightCircularCone.cpp(24): warning C4100: 'inst': unreferenced formal parameter
[321/818] Building CXX object ifcgeom\mapping\CMakeFiles\geometry_mapping_ifc4x1.dir\IfcRevolvedAreaSolid.cpp.obj
[322/818] Building CXX object ifcgeom\mapping\CMakeFiles\geometry_mapping_ifc4x1.dir\IfcRightCircularCylinder.cpp.obj
C:\Users\Davi\Downloads\oma\.release\native-build\src\ifc\src\ifcgeom\mapping\IfcRightCircularCylinder.cpp(24): warning C4100: 'inst': unreferenced formal parameter
[323/818] Building CXX object ifcgeom\mapping\CMakeFiles\geometry_mapping_ifc4x1.dir\IfcRoundedRectangleProfileDef.cpp.obj
[324/818] Building CXX object ifcgeom\mapping\CMakeFiles\geometry_mapping_ifc4x1.dir\IfcSectionedSurface.cpp.obj
[325/818] Building CXX object ifcgeom\mapping\CMakeFiles\geometry_mapping_ifc4x1.dir\IfcSectionedSolidHorizontal.cpp.obj
[326/818] Building CXX object ifcgeom\mapping\CMakeFiles\geometry_mapping_ifc4x1.dir\IfcSegmentedReferenceCurve.cpp.obj
C:\Users\Davi\Downloads\oma\.release\native-build\src\ifc\src\ifcgeom\mapping\../function_item_evaluator.h(20): warning C4505: 'ifcopenshell::geometry::convert_loop_to_function_item': unreferenced function with internal linkage has been removed
[327/818] Building CXX object ifcgeom\mapping\CMakeFiles\geometry_mapping_ifc4x1.dir\IfcShellBasedSurfaceModel.cpp.obj
[328/818] Building CXX object ifcgeom\mapping\CMakeFiles\geometry_mapping_ifc4x1.dir\IfcSphere.cpp.obj
[329/818] Building CXX object ifcgeom\mapping\CMakeFiles\geometry_mapping_ifc4x1.dir\IfcSphericalSurface.cpp.obj
C:\Users\Davi\Downloads\oma\.release\native-build\src\ifc\src\ifcgeom\mapping\IfcSphericalSurface.cpp(26): warning C4100: 'inst': unreferenced formal parameter
[330/818] Building CXX object ifcgeom\mapping\CMakeFiles\geometry_mapping_ifc4x1.dir\IfcSubedge.cpp.obj
[331/818] Building CXX object ifcgeom\mapping\CMakeFiles\geometry_mapping_ifc4x1.dir\IfcSurfaceCurve.cpp.obj
[332/818] Building CXX object ifcgeom\mapping\CMakeFiles\geometry_mapping_ifc4x1.dir\IfcSurfaceCurveSweptAreaSolid.cpp.obj
[333/818] Building CXX object ifcgeom\mapping\CMakeFiles\geometry_mapping_ifc4x1.dir\IfcSurfaceOfLinearExtrusion.cpp.obj
[334/818] Building CXX object ifcgeom\mapping\CMakeFiles\geometry_mapping_ifc4x1.dir\IfcSurfaceOfRevolution.cpp.obj
[335/818] Building CXX object ifcgeom\mapping\CMakeFiles\geometry_mapping_ifc4x1.dir\IfcSweptDiskSolid.cpp.obj
[336/818] Building CXX object ifcgeom\mapping\CMakeFiles\geometry_mapping_ifc4x1.dir\IfcToroidalSurface.cpp.obj
C:\Users\Davi\Downloads\oma\.release\native-build\src\ifc\src\ifcgeom\mapping\IfcToroidalSurface.cpp(26): warning C4100: 'inst': unreferenced formal parameter
[337/818] Building CXX object ifcgeom\mapping\CMakeFiles\geometry_mapping_ifc4x1.dir\IfcTShapeProfileDef.cpp.obj
[338/818] Building CXX object ifcgeom\mapping\CMakeFiles\geometry_mapping_ifc4x1.dir\IfcTrapeziumProfileDef.cpp.obj
[339/818] Building CXX object ifcgeom\mapping\CMakeFiles\geometry_mapping_ifc4x1.dir\IfcTriangulatedFaceSet.cpp.obj
[340/818] Building CXX object ifcgeom\mapping\CMakeFiles\geometry_mapping_ifc4x1.dir\IfcUShapeProfileDef.cpp.obj
[341/818] Building CXX object ifcgeom\mapping\CMakeFiles\geometry_mapping_ifc4x1.dir\IfcTrimmedCurve.cpp.obj
C:\Users\Davi\Downloads\oma\.release\native-build\src\ifc\src\ifcgeom\mapping\IfcTrimmedCurve.cpp(76): warning C4189: 'trim_cartesian_failed': local variable is initialized but not referenced
[342/818] Building CXX object ifcgeom\mapping\CMakeFiles\geometry_mapping_ifc4x1.dir\IfcVector.cpp.obj
[343/818] Building CXX object ifcgeom\mapping\CMakeFiles\geometry_mapping_ifc4x1.dir\IfcZShapeProfileDef.cpp.obj
[344/818] Building CXX object ifcgeom\mapping\CMakeFiles\geometry_mapping_ifc4x2.dir\IfcAnnotationFillArea.cpp.obj
[345/818] Building CXX object ifcgeom\mapping\CMakeFiles\geometry_mapping_ifc4x2.dir\IfcArbitraryClosedProfileDef.cpp.obj
[346/818] Building CXX object ifcgeom\mapping\CMakeFiles\geometry_mapping_ifc4x1.dir\mapping.cpp.obj
C:\Users\Davi\Downloads\oma\.release\native-build\src\ifc\src\ifcgeom\mapping\mapping.cpp(596): warning C4189: 'shading': local variable is initialized but not referenced
C:\Users\Davi\Downloads\oma\.release\native-build\src\ifc\src\ifcgeom\mapping\mapping.cpp(613): warning C4706: assignment used as a condition
C:\Users\Davi\Downloads\oma\.release\native-build\src\ifc\src\ifcgeom\mapping\mapping.cpp(613): note: if an assignment is intended you can enclose it in parentheses, '(e1 = e2)', to silence this warning
C:\Users\Davi\Downloads\oma\.release\native-build\src\ifc\src\ifcgeom\mapping\mapping.cpp(937): warning C4189: 'sub': local variable is initialized but not referenced
C:\Users\Davi\Downloads\oma\.release\native-build\src\ifc\src\ifcgeom\mapping\mapping.cpp(1055): warning C4456: declaration of 'ofc' hides previous local declaration
C:\Users\Davi\Downloads\oma\.release\native-build\src\ifc\src\ifcgeom\mapping\mapping.cpp(1034): note: see declaration of 'ofc'
C:\Users\Davi\Downloads\oma\.release\native-build\src\ifc\src\ifcgeom\mapping\mapping.cpp(1059): warning C4456: declaration of 'ofc' hides previous local declaration
C:\Users\Davi\Downloads\oma\.release\native-build\src\ifc\src\ifcgeom\mapping\mapping.cpp(1034): note: see declaration of 'ofc'
[347/818] Building CXX object ifcgeom\mapping\CMakeFiles\geometry_mapping_ifc4x2.dir\IfcArbitraryOpenProfileDef.cpp.obj
[348/818] Building CXX object ifcgeom\mapping\CMakeFiles\geometry_mapping_ifc4x2.dir\IfcAxis1Placement.cpp.obj
[349/818] Building CXX object ifcgeom\mapping\CMakeFiles\geometry_mapping_ifc4x2.dir\IfcAxis2Placement2D.cpp.obj
[350/818] Building CXX object ifcgeom\mapping\CMakeFiles\geometry_mapping_ifc4x2.dir\IfcAxis2Placement3D.cpp.obj
[351/818] Building CXX object ifcgeom\mapping\CMakeFiles\geometry_mapping_ifc4x2.dir\IfcAxis2PlacementLinear.cpp.obj
[352/818] Building CXX object ifcgeom\mapping\CMakeFiles\geometry_mapping_ifc4x2.dir\IfcBSplineCurveWithKnots.cpp.obj
[353/818] Building CXX object ifcgeom\mapping\CMakeFiles\geometry_mapping_ifc4x2.dir\IfcBSplineSurfaceWithKnots.cpp.obj
[354/818] Building CXX object ifcgeom\mapping\CMakeFiles\geometry_mapping_ifc4x2.dir\IfcBlock.cpp.obj
[355/818] Building CXX object ifcgeom\mapping\CMakeFiles\geometry_mapping_ifc4x2.dir\IfcBooleanResult.cpp.obj
C:\Users\Davi\Downloads\oma\.release\native-build\src\ifc\src\ifcgeom\mapping\IfcBooleanResult.cpp(43): warning C4189: 'has_halfspace_operand': local variable is initialized but not referenced
[356/818] Building CXX object ifcgeom\mapping\CMakeFiles\geometry_mapping_ifc4x2.dir\IfcBoundingBox.cpp.obj
[357/818] Building CXX object ifcgeom\mapping\CMakeFiles\geometry_mapping_ifc4x2.dir\IfcCShapeProfileDef.cpp.obj
[358/818] Building CXX object ifcgeom\mapping\CMakeFiles\geometry_mapping_ifc4x2.dir\IfcCartesianPoint.cpp.obj
[359/818] Building CXX object ifcgeom\mapping\CMakeFiles\geometry_mapping_ifc4x2.dir\IfcCartesianTransformationOperator2D.cpp.obj
[360/818] Building CXX object ifcgeom\mapping\CMakeFiles\geometry_mapping_ifc4x2.dir\IfcCartesianTransformationOperator3D.cpp.obj
[361/818] Building CXX object ifcgeom\mapping\CMakeFiles\geometry_mapping_ifc4x2.dir\IfcCenterLineProfileDef.cpp.obj
C:\Users\Davi\Downloads\oma\.release\native-build\src\ifc\src\ifcgeom\mapping\IfcCenterLineProfileDef.cpp(24): warning C4100: 'inst': unreferenced formal parameter
[362/818] Building CXX object ifcgeom\mapping\CMakeFiles\geometry_mapping_ifc4x2.dir\IfcCircle.cpp.obj
[363/818] Building CXX object ifcgeom\mapping\CMakeFiles\geometry_mapping_ifc4x2.dir\IfcCircleProfileDef.cpp.obj
[364/818] Building CXX object ifcgeom\mapping\CMakeFiles\geometry_mapping_ifc4x2.dir\IfcCompositeCurve.cpp.obj
[365/818] Building CXX object ifcgeom\mapping\CMakeFiles\geometry_mapping_ifc4x2.dir\IfcCompositeProfileDef.cpp.obj
[366/818] Building CXX object ifcgeom\mapping\CMakeFiles\geometry_mapping_ifc4x2.dir\IfcConnectedFaceSet.cpp.obj
[367/818] Building CXX object ifcgeom\mapping\CMakeFiles\geometry_mapping_ifc4x2.dir\IfcCraneRailAShapeProfileDef.cpp.obj
[368/818] Building CXX object ifcgeom\mapping\CMakeFiles\geometry_mapping_ifc4x2.dir\IfcCsgSolid.cpp.obj
[369/818] Building CXX object ifcgeom\mapping\CMakeFiles\geometry_mapping_ifc4x2.dir\IfcCurveBoundedPlane.cpp.obj
[370/818] Building CXX object ifcgeom\mapping\CMakeFiles\geometry_mapping_ifc4x2.dir\IfcCurveSegment.cpp.obj
[371/818] Building CXX object ifcgeom\mapping\CMakeFiles\geometry_mapping_ifc4x2.dir\IfcCylindricalSurface.cpp.obj
[372/818] Building CXX object ifcgeom\mapping\CMakeFiles\geometry_mapping_ifc4x2.dir\IfcDerivedProfileDef.cpp.obj
[373/818] Building CXX object ifcgeom\mapping\CMakeFiles\geometry_mapping_ifc4x2.dir\IfcDirection.cpp.obj
[374/818] Building CXX object ifcgeom\mapping\CMakeFiles\geometry_mapping_ifc4x2.dir\IfcEdge.cpp.obj
[375/818] Building CXX object ifcgeom\mapping\CMakeFiles\geometry_mapping_ifc4x2.dir\IfcEdgeLoop.cpp.obj
[376/818] Building CXX object ifcgeom\mapping\CMakeFiles\geometry_mapping_ifc4x2.dir\IfcEllipse.cpp.obj
[377/818] Building CXX object ifcgeom\mapping\CMakeFiles\geometry_mapping_ifc4x2.dir\IfcEllipseProfileDef.cpp.obj
C:\Users\Davi\Downloads\oma\.release\native-build\src\ifc\src\ifcgeom\mapping\IfcEllipseProfileDef.cpp(33): warning C4189: 'rotated': local variable is initialized but not referenced
[378/818] Building CXX object ifcgeom\mapping\CMakeFiles\geometry_mapping_ifc4x2.dir\IfcExtrudedAreaSolid.cpp.obj
[379/818] Building CXX object ifcgeom\mapping\CMakeFiles\geometry_mapping_ifc4x2.dir\IfcExtrudedAreaSolidTapered.cpp.obj
[380/818] Building CXX object ifcgeom\mapping\CMakeFiles\geometry_mapping_ifc4x2.dir\IfcFace.cpp.obj
[381/818] Building CXX object ifcgeom\mapping\CMakeFiles\geometry_mapping_ifc4x2.dir\IfcFaceBasedSurfaceModel.cpp.obj
[382/818] Building CXX object ifcgeom\mapping\CMakeFiles\geometry_mapping_ifc4x2.dir\IfcFixedReferenceSweptAreaSolid.cpp.obj
C:\Users\Davi\Downloads\oma\.release\native-build\src\ifc\src\ifcgeom\mapping\IfcFixedReferenceSweptAreaSolid.cpp(89): warning C4456: declaration of 'ref' hides previous local declaration
C:\Users\Davi\Downloads\oma\.release\native-build\src\ifc\src\ifcgeom\mapping\IfcFixedReferenceSweptAreaSolid.cpp(29): note: see declaration of 'ref'
C:\Users\Davi\Downloads\oma\.release\native-build\src\ifc\src\ifcgeom\mapping\IfcFixedReferenceSweptAreaSolid.cpp(40): warning C4189: 'end': local variable is initialized but not referenced
C:\Users\Davi\Downloads\oma\.release\native-build\src\ifc\src\ifcgeom\mapping\IfcFixedReferenceSweptAreaSolid.cpp(39): warning C4189: 'start': local variable is initialized but not referenced
C:\Users\Davi\Downloads\oma\.release\native-build\src\ifc\src\ifcgeom\mapping\../function_item_evaluator.h(20): warning C4505: 'ifcopenshell::geometry::convert_loop_to_function_item': unreferenced function with internal linkage has been removed
[383/818] Building CXX object ifcgeom\mapping\CMakeFiles\geometry_mapping_ifc4x2.dir\IfcGeometricSet.cpp.obj
[384/818] Building CXX object ifcgeom\mapping\CMakeFiles\geometry_mapping_ifc4x2.dir\IfcGradientCurve.cpp.obj
C:\Users\Davi\Downloads\oma\.release\native-build\src\ifc\src\ifcgeom\mapping\../function_item_evaluator.h(20): warning C4505: 'ifcopenshell::geometry::convert_loop_to_function_item': unreferenced function with internal linkage has been removed
[385/818] Building CXX object ifcgeom\mapping\CMakeFiles\geometry_mapping_ifc4x2.dir\IfcHalfSpaceSolid.cpp.obj
[386/818] Building CXX object ifcgeom\mapping\CMakeFiles\geometry_mapping_ifc4x2.dir\IfcIShapeProfileDef.cpp.obj
[387/818] Building CXX object ifcgeom\mapping\CMakeFiles\geometry_mapping_ifc4x2.dir\IfcIndexedPolyCurve.cpp.obj
[388/818] Building CXX object ifcgeom\mapping\CMakeFiles\geometry_mapping_ifc4x2.dir\IfcLShapeProfileDef.cpp.obj
[389/818] Building CXX object ifcgeom\mapping\CMakeFiles\geometry_mapping_ifc4x2.dir\IfcLine.cpp.obj
[390/818] Building CXX object ifcgeom\mapping\CMakeFiles\geometry_mapping_ifc4x2.dir\IfcManifoldSolidBrep.cpp.obj
[391/818] Building CXX object ifcgeom\mapping\CMakeFiles\geometry_mapping_ifc4x2.dir\IfcMappedItem.cpp.obj
C:\Users\Davi\Downloads\oma\.release\native-build\src\ifc\src\ifcgeom\mapping\IfcMappedItem.cpp(48): warning C4189: 'c': local variable is initialized but not referenced
[392/818] Building CXX object ifcgeom\mapping\CMakeFiles\geometry_mapping_ifc4x2.dir\IfcOffsetCurveByDistance.cpp.obj
C:\Users\Davi\Downloads\oma\.release\native-build\src\ifc\src\ifcgeom\mapping\../function_item_evaluator.h(20): warning C4505: 'ifcopenshell::geometry::convert_loop_to_function_item': unreferenced function with internal linkage has been removed
[393/818] Building CXX object ifcgeom\mapping\CMakeFiles\geometry_mapping_ifc4x2.dir\IfcObjectPlacement.cpp.obj
C:\Users\Davi\Downloads\oma\.release\native-build\src\ifc\src\ifcgeom\mapping\IfcObjectPlacement.cpp(107) : warning C4701: potentially uninitialized local variable 'transform' used
C:\Users\Davi\Downloads\oma\.release\native-build\src\ifc\src\ifcgeom\mapping\IfcObjectPlacement.cpp(107) : warning C4703: potentially uninitialized local pointer variable 'transform' used
[394/818] Building CXX object ifcgeom\mapping\CMakeFiles\geometry_mapping_ifc4x2.dir\IfcOpenCrossProfileDef.cpp.obj
[395/818] Building CXX object ifcgeom\mapping\CMakeFiles\geometry_mapping_ifc4x2.dir\IfcOrientedEdge.cpp.obj
[396/818] Building CXX object ifcgeom\mapping\CMakeFiles\geometry_mapping_ifc4x2.dir\IfcPlane.cpp.obj
[397/818] Building CXX object ifcgeom\mapping\CMakeFiles\geometry_mapping_ifc4x2.dir\IfcPointByDistanceExpression.cpp.obj
C:\Users\Davi\Downloads\oma\.release\native-build\src\ifc\src\ifcgeom\mapping\../function_item_evaluator.h(20): warning C4505: 'ifcopenshell::geometry::convert_loop_to_function_item': unreferenced function with internal linkage has been removed
[398/818] Building CXX object ifcgeom\mapping\CMakeFiles\geometry_mapping_ifc4x2.dir\IfcPolyLoop.cpp.obj
C:\Users\Davi\Downloads\oma\.release\native-build\src\ifc\src\ifcgeom\mapping\IfcPolyLoop.cpp(37): warning C4267: 'initializing': conversion from 'size_t' to 'int', possible loss of data
C:\Users\Davi\Downloads\oma\.release\native-build\src\ifc\src\ifcgeom\mapping\IfcPolyLoop.cpp(51): warning C4267: 'initializing': conversion from 'size_t' to 'int', possible loss of data
[399/818] Building CXX object ifcgeom\mapping\CMakeFiles\geometry_mapping_ifc4x2.dir\IfcPolygonalBoundedHalfSpace.cpp.obj
[400/818] Building CXX object ifcgeom\mapping\CMakeFiles\geometry_mapping_ifc4x2.dir\IfcPolygonalFaceSet.cpp.obj
[401/818] Building CXX object ifcgeom\mapping\CMakeFiles\geometry_mapping_ifc4x2.dir\IfcPolyline.cpp.obj
[402/818] Building CXX object ifcgeom\mapping\CMakeFiles\geometry_mapping_ifc4x2.dir\IfcProduct.cpp.obj
[403/818] Building CXX object ifcgeom\mapping\CMakeFiles\geometry_mapping_ifc4x2.dir\IfcRectangleHollowProfileDef.cpp.obj
[404/818] Building CXX object ifcgeom\mapping\CMakeFiles\geometry_mapping_ifc4x2.dir\IfcRectangleProfileDef.cpp.obj
[405/818] Building CXX object ifcgeom\mapping\CMakeFiles\geometry_mapping_ifc4x2.dir\IfcRectangularPyramid.cpp.obj
[406/818] Building CXX object ifcgeom\mapping\CMakeFiles\geometry_mapping_ifc4x2.dir\IfcRectangularTrimmedSurface.cpp.obj
C:\Users\Davi\Downloads\oma\.release\native-build\src\ifc\src\ifcgeom\mapping\IfcRectangularTrimmedSurface.cpp(24): warning C4100: 'inst': unreferenced formal parameter
[407/818] Building CXX object ifcgeom\mapping\CMakeFiles\geometry_mapping_ifc4x2.dir\IfcRepresentation.cpp.obj
[408/818] Building CXX object ifcgeom\mapping\CMakeFiles\geometry_mapping_ifc4x2.dir\IfcRevolvedAreaSolid.cpp.obj
[409/818] Building CXX object ifcgeom\mapping\CMakeFiles\geometry_mapping_ifc4x2.dir\IfcRightCircularCone.cpp.obj
C:\Users\Davi\Downloads\oma\.release\native-build\src\ifc\src\ifcgeom\mapping\IfcRightCircularCone.cpp(24): warning C4100: 'inst': unreferenced formal parameter
[410/818] Building CXX object ifcgeom\mapping\CMakeFiles\geometry_mapping_ifc4x2.dir\IfcRightCircularCylinder.cpp.obj
C:\Users\Davi\Downloads\oma\.release\native-build\src\ifc\src\ifcgeom\mapping\IfcRightCircularCylinder.cpp(24): warning C4100: 'inst': unreferenced formal parameter
[411/818] Building CXX object ifcgeom\mapping\CMakeFiles\geometry_mapping_ifc4x2.dir\IfcRoundedRectangleProfileDef.cpp.obj
[412/818] Building CXX object ifcgeom\mapping\CMakeFiles\geometry_mapping_ifc4x2.dir\IfcSectionedSolidHorizontal.cpp.obj
[413/818] Building CXX object ifcgeom\mapping\CMakeFiles\geometry_mapping_ifc4x2.dir\IfcSegmentedReferenceCurve.cpp.obj
C:\Users\Davi\Downloads\oma\.release\native-build\src\ifc\src\ifcgeom\mapping\../function_item_evaluator.h(20): warning C4505: 'ifcopenshell::geometry::convert_loop_to_function_item': unreferenced function with internal linkage has been removed
[414/818] Building CXX object ifcgeom\mapping\CMakeFiles\geometry_mapping_ifc4x2.dir\IfcSectionedSurface.cpp.obj
[415/818] Building CXX object ifcgeom\mapping\CMakeFiles\geometry_mapping_ifc4x2.dir\IfcShellBasedSurfaceModel.cpp.obj
[416/818] Building CXX object ifcgeom\mapping\CMakeFiles\geometry_mapping_ifc4x2.dir\IfcSphere.cpp.obj
[417/818] Building CXX object ifcgeom\mapping\CMakeFiles\geometry_mapping_ifc4x2.dir\IfcSphericalSurface.cpp.obj
C:\Users\Davi\Downloads\oma\.release\native-build\src\ifc\src\ifcgeom\mapping\IfcSphericalSurface.cpp(26): warning C4100: 'inst': unreferenced formal parameter
[418/818] Building CXX object ifcgeom\mapping\CMakeFiles\geometry_mapping_ifc4x2.dir\IfcSubedge.cpp.obj
[419/818] Building CXX object ifcgeom\mapping\CMakeFiles\geometry_mapping_ifc4x2.dir\IfcSurfaceCurve.cpp.obj
[420/818] Building CXX object ifcgeom\mapping\CMakeFiles\geometry_mapping_ifc4x2.dir\IfcSurfaceCurveSweptAreaSolid.cpp.obj
[421/818] Building CXX object ifcgeom\mapping\CMakeFiles\geometry_mapping_ifc4x2.dir\IfcSurfaceOfLinearExtrusion.cpp.obj
[422/818] Building CXX object ifcgeom\mapping\CMakeFiles\geometry_mapping_ifc4x2.dir\IfcSurfaceOfRevolution.cpp.obj
[423/818] Building CXX object ifcgeom\mapping\CMakeFiles\geometry_mapping_ifc4x2.dir\IfcSweptDiskSolid.cpp.obj
[424/818] Building CXX object ifcgeom\mapping\CMakeFiles\geometry_mapping_ifc4x2.dir\IfcToroidalSurface.cpp.obj
C:\Users\Davi\Downloads\oma\.release\native-build\src\ifc\src\ifcgeom\mapping\IfcToroidalSurface.cpp(26): warning C4100: 'inst': unreferenced formal parameter
[425/818] Building CXX object ifcgeom\mapping\CMakeFiles\geometry_mapping_ifc4x2.dir\IfcTShapeProfileDef.cpp.obj
[426/818] Building CXX object ifcgeom\mapping\CMakeFiles\geometry_mapping_ifc4x2.dir\IfcTrapeziumProfileDef.cpp.obj
[427/818] Building CXX object ifcgeom\mapping\CMakeFiles\geometry_mapping_ifc4x2.dir\IfcTriangulatedFaceSet.cpp.obj
[428/818] Building CXX object ifcgeom\mapping\CMakeFiles\geometry_mapping_ifc4x2.dir\IfcUShapeProfileDef.cpp.obj
[429/818] Building CXX object ifcgeom\mapping\CMakeFiles\geometry_mapping_ifc4x2.dir\IfcVector.cpp.obj
[430/818] Building CXX object ifcgeom\mapping\CMakeFiles\geometry_mapping_ifc4x2.dir\IfcTrimmedCurve.cpp.obj
C:\Users\Davi\Downloads\oma\.release\native-build\src\ifc\src\ifcgeom\mapping\IfcTrimmedCurve.cpp(76): warning C4189: 'trim_cartesian_failed': local variable is initialized but not referenced
[431/818] Building CXX object ifcgeom\mapping\CMakeFiles\geometry_mapping_ifc4x2.dir\IfcZShapeProfileDef.cpp.obj
[432/818] Building CXX object ifcgeom\mapping\CMakeFiles\geometry_mapping_ifc4x3.dir\IfcAnnotationFillArea.cpp.obj
[433/818] Building CXX object ifcgeom\mapping\CMakeFiles\geometry_mapping_ifc4x3.dir\IfcArbitraryClosedProfileDef.cpp.obj
[434/818] Building CXX object ifcgeom\mapping\CMakeFiles\geometry_mapping_ifc4x2.dir\mapping.cpp.obj
C:\Users\Davi\Downloads\oma\.release\native-build\src\ifc\src\ifcgeom\mapping\mapping.cpp(596): warning C4189: 'shading': local variable is initialized but not referenced
C:\Users\Davi\Downloads\oma\.release\native-build\src\ifc\src\ifcgeom\mapping\mapping.cpp(613): warning C4706: assignment used as a condition
C:\Users\Davi\Downloads\oma\.release\native-build\src\ifc\src\ifcgeom\mapping\mapping.cpp(613): note: if an assignment is intended you can enclose it in parentheses, '(e1 = e2)', to silence this warning
C:\Users\Davi\Downloads\oma\.release\native-build\src\ifc\src\ifcgeom\mapping\mapping.cpp(937): warning C4189: 'sub': local variable is initialized but not referenced
C:\Users\Davi\Downloads\oma\.release\native-build\src\ifc\src\ifcgeom\mapping\mapping.cpp(1055): warning C4456: declaration of 'ofc' hides previous local declaration
C:\Users\Davi\Downloads\oma\.release\native-build\src\ifc\src\ifcgeom\mapping\mapping.cpp(1034): note: see declaration of 'ofc'
C:\Users\Davi\Downloads\oma\.release\native-build\src\ifc\src\ifcgeom\mapping\mapping.cpp(1059): warning C4456: declaration of 'ofc' hides previous local declaration
C:\Users\Davi\Downloads\oma\.release\native-build\src\ifc\src\ifcgeom\mapping\mapping.cpp(1034): note: see declaration of 'ofc'
[435/818] Building CXX object ifcgeom\mapping\CMakeFiles\geometry_mapping_ifc4x3.dir\IfcArbitraryOpenProfileDef.cpp.obj
[436/818] Building CXX object ifcgeom\mapping\CMakeFiles\geometry_mapping_ifc4x3.dir\IfcAxis1Placement.cpp.obj
[437/818] Building CXX object ifcgeom\mapping\CMakeFiles\geometry_mapping_ifc4x3.dir\IfcAxis2Placement2D.cpp.obj
[438/818] Building CXX object ifcgeom\mapping\CMakeFiles\geometry_mapping_ifc4x3.dir\IfcAxis2Placement3D.cpp.obj
[439/818] Building CXX object ifcgeom\mapping\CMakeFiles\geometry_mapping_ifc4x3.dir\IfcAxis2PlacementLinear.cpp.obj
[440/818] Building CXX object ifcgeom\mapping\CMakeFiles\geometry_mapping_ifc4x3.dir\IfcBSplineSurfaceWithKnots.cpp.obj
[441/818] Building CXX object ifcgeom\mapping\CMakeFiles\geometry_mapping_ifc4x3.dir\IfcBSplineCurveWithKnots.cpp.obj
[442/818] Building CXX object ifcgeom\mapping\CMakeFiles\geometry_mapping_ifc4x3.dir\IfcBlock.cpp.obj
[443/818] Building CXX object ifcgeom\mapping\CMakeFiles\geometry_mapping_ifc4x3.dir\IfcBooleanResult.cpp.obj
C:\Users\Davi\Downloads\oma\.release\native-build\src\ifc\src\ifcgeom\mapping\IfcBooleanResult.cpp(43): warning C4189: 'has_halfspace_operand': local variable is initialized but not referenced
[444/818] Building CXX object ifcgeom\mapping\CMakeFiles\geometry_mapping_ifc4x3.dir\IfcBoundingBox.cpp.obj
[445/818] Building CXX object ifcgeom\mapping\CMakeFiles\geometry_mapping_ifc4x3.dir\IfcCShapeProfileDef.cpp.obj
[446/818] Building CXX object ifcgeom\mapping\CMakeFiles\geometry_mapping_ifc4x3.dir\IfcCartesianPoint.cpp.obj
[447/818] Building CXX object ifcgeom\mapping\CMakeFiles\geometry_mapping_ifc4x3.dir\IfcCartesianTransformationOperator2D.cpp.obj
[448/818] Building CXX object ifcgeom\mapping\CMakeFiles\geometry_mapping_ifc4x3.dir\IfcCenterLineProfileDef.cpp.obj
C:\Users\Davi\Downloads\oma\.release\native-build\src\ifc\src\ifcgeom\mapping\IfcCenterLineProfileDef.cpp(24): warning C4100: 'inst': unreferenced formal parameter
[449/818] Building CXX object ifcgeom\mapping\CMakeFiles\geometry_mapping_ifc4x3.dir\IfcCartesianTransformationOperator3D.cpp.obj
[450/818] Building CXX object ifcgeom\mapping\CMakeFiles\geometry_mapping_ifc4x3.dir\IfcCircle.cpp.obj
[451/818] Building CXX object ifcgeom\mapping\CMakeFiles\geometry_mapping_ifc4x3.dir\IfcCircleProfileDef.cpp.obj
[452/818] Building CXX object ifcgeom\mapping\CMakeFiles\geometry_mapping_ifc4x3.dir\IfcCompositeProfileDef.cpp.obj
[453/818] Building CXX object ifcgeom\mapping\CMakeFiles\geometry_mapping_ifc4x3.dir\IfcCompositeCurve.cpp.obj
[454/818] Building CXX object ifcgeom\mapping\CMakeFiles\geometry_mapping_ifc4x3.dir\IfcConnectedFaceSet.cpp.obj
[455/818] Building CXX object ifcgeom\mapping\CMakeFiles\geometry_mapping_ifc4x3.dir\IfcCraneRailAShapeProfileDef.cpp.obj
[456/818] Building CXX object ifcgeom\mapping\CMakeFiles\geometry_mapping_ifc4x3.dir\IfcCsgSolid.cpp.obj
[457/818] Building CXX object ifcgeom\mapping\CMakeFiles\geometry_mapping_ifc4x3.dir\IfcCurveBoundedPlane.cpp.obj
[458/818] Building CXX object ifcgeom\mapping\CMakeFiles\geometry_mapping_ifc4x3.dir\IfcCylindricalSurface.cpp.obj
[459/818] Building CXX object ifcgeom\mapping\CMakeFiles\geometry_mapping_ifc4x3.dir\IfcCurveSegment.cpp.obj
C:\Users\Davi\Downloads\oma\.release\native-build\src\ifc\src\ifcgeom\mapping\IfcCurveSegment.cpp(1166): warning C4189: 'x': local variable is initialized but not referenced
[460/818] Building CXX object ifcgeom\mapping\CMakeFiles\geometry_mapping_ifc4x3.dir\IfcDirection.cpp.obj
[461/818] Building CXX object ifcgeom\mapping\CMakeFiles\geometry_mapping_ifc4x3.dir\IfcDerivedProfileDef.cpp.obj
[462/818] Building CXX object ifcgeom\mapping\CMakeFiles\geometry_mapping_ifc4x3.dir\IfcEdge.cpp.obj
[463/818] Building CXX object ifcgeom\mapping\CMakeFiles\geometry_mapping_ifc4x3.dir\IfcEdgeLoop.cpp.obj
[464/818] Building CXX object ifcgeom\mapping\CMakeFiles\geometry_mapping_ifc4x3.dir\IfcEllipse.cpp.obj
[465/818] Building CXX object ifcgeom\mapping\CMakeFiles\geometry_mapping_ifc4x3.dir\IfcEllipseProfileDef.cpp.obj
C:\Users\Davi\Downloads\oma\.release\native-build\src\ifc\src\ifcgeom\mapping\IfcEllipseProfileDef.cpp(33): warning C4189: 'rotated': local variable is initialized but not referenced
[466/818] Building CXX object ifcgeom\mapping\CMakeFiles\geometry_mapping_ifc4x3.dir\IfcExtrudedAreaSolid.cpp.obj
[467/818] Building CXX object ifcgeom\mapping\CMakeFiles\geometry_mapping_ifc4x3.dir\IfcExtrudedAreaSolidTapered.cpp.obj
[468/818] Building CXX object ifcgeom\mapping\CMakeFiles\geometry_mapping_ifc4x3.dir\IfcFace.cpp.obj
[469/818] Building CXX object ifcgeom\mapping\CMakeFiles\geometry_mapping_ifc4x3.dir\IfcFaceBasedSurfaceModel.cpp.obj
[470/818] Building CXX object ifcgeom\mapping\CMakeFiles\geometry_mapping_ifc4x3.dir\IfcFixedReferenceSweptAreaSolid.cpp.obj
C:\Users\Davi\Downloads\oma\.release\native-build\src\ifc\src\ifcgeom\mapping\IfcFixedReferenceSweptAreaSolid.cpp(89): warning C4456: declaration of 'ref' hides previous local declaration
C:\Users\Davi\Downloads\oma\.release\native-build\src\ifc\src\ifcgeom\mapping\IfcFixedReferenceSweptAreaSolid.cpp(29): note: see declaration of 'ref'
C:\Users\Davi\Downloads\oma\.release\native-build\src\ifc\src\ifcgeom\mapping\../function_item_evaluator.h(20): warning C4505: 'ifcopenshell::geometry::convert_loop_to_function_item': unreferenced function with internal linkage has been removed
[471/818] Building CXX object ifcgeom\mapping\CMakeFiles\geometry_mapping_ifc4x3.dir\IfcGeometricSet.cpp.obj
[472/818] Building CXX object ifcgeom\mapping\CMakeFiles\geometry_mapping_ifc4x3.dir\IfcGradientCurve.cpp.obj
C:\Users\Davi\Downloads\oma\.release\native-build\src\ifc\src\ifcgeom\mapping\../function_item_evaluator.h(20): warning C4505: 'ifcopenshell::geometry::convert_loop_to_function_item': unreferenced function with internal linkage has been removed
[473/818] Building CXX object ifcgeom\mapping\CMakeFiles\geometry_mapping_ifc4x3.dir\IfcHalfSpaceSolid.cpp.obj
[474/818] Building CXX object ifcgeom\mapping\CMakeFiles\geometry_mapping_ifc4x3.dir\IfcIShapeProfileDef.cpp.obj
[475/818] Building CXX object ifcgeom\mapping\CMakeFiles\geometry_mapping_ifc4x3.dir\IfcIndexedPolyCurve.cpp.obj
[476/818] Building CXX object ifcgeom\mapping\CMakeFiles\geometry_mapping_ifc4x3.dir\IfcLShapeProfileDef.cpp.obj
[477/818] Building CXX object ifcgeom\mapping\CMakeFiles\geometry_mapping_ifc4x3.dir\IfcLine.cpp.obj
[478/818] Building CXX object ifcgeom\mapping\CMakeFiles\geometry_mapping_ifc4x3.dir\IfcManifoldSolidBrep.cpp.obj
[479/818] Building CXX object ifcgeom\mapping\CMakeFiles\geometry_mapping_ifc4x3.dir\IfcMappedItem.cpp.obj
C:\Users\Davi\Downloads\oma\.release\native-build\src\ifc\src\ifcgeom\mapping\IfcMappedItem.cpp(48): warning C4189: 'c': local variable is initialized but not referenced
[480/818] Building CXX object ifcgeom\mapping\CMakeFiles\geometry_mapping_ifc4x3.dir\IfcOffsetCurveByDistance.cpp.obj
C:\Users\Davi\Downloads\oma\.release\native-build\src\ifc\src\ifcgeom\mapping\../function_item_evaluator.h(20): warning C4505: 'ifcopenshell::geometry::convert_loop_to_function_item': unreferenced function with internal linkage has been removed
[481/818] Building CXX object ifcgeom\mapping\CMakeFiles\geometry_mapping_ifc4x3.dir\IfcObjectPlacement.cpp.obj
C:\Users\Davi\Downloads\oma\.release\native-build\src\ifc\src\ifcgeom\mapping\IfcObjectPlacement.cpp(107) : warning C4701: potentially uninitialized local variable 'transform' used
C:\Users\Davi\Downloads\oma\.release\native-build\src\ifc\src\ifcgeom\mapping\IfcObjectPlacement.cpp(107) : warning C4703: potentially uninitialized local pointer variable 'transform' used
[482/818] Building CXX object ifcgeom\mapping\CMakeFiles\geometry_mapping_ifc4x3.dir\IfcOpenCrossProfileDef.cpp.obj
[483/818] Building CXX object ifcgeom\mapping\CMakeFiles\geometry_mapping_ifc4x3.dir\IfcOrientedEdge.cpp.obj
[484/818] Building CXX object ifcgeom\mapping\CMakeFiles\geometry_mapping_ifc4x3.dir\IfcPlane.cpp.obj
[485/818] Building CXX object ifcgeom\mapping\CMakeFiles\geometry_mapping_ifc4x3.dir\IfcPointByDistanceExpression.cpp.obj
C:\Users\Davi\Downloads\oma\.release\native-build\src\ifc\src\ifcgeom\mapping\../function_item_evaluator.h(20): warning C4505: 'ifcopenshell::geometry::convert_loop_to_function_item': unreferenced function with internal linkage has been removed
[486/818] Building CXX object ifcgeom\mapping\CMakeFiles\geometry_mapping_ifc4x3.dir\IfcPolyLoop.cpp.obj
C:\Users\Davi\Downloads\oma\.release\native-build\src\ifc\src\ifcgeom\mapping\IfcPolyLoop.cpp(37): warning C4267: 'initializing': conversion from 'size_t' to 'int', possible loss of data
C:\Users\Davi\Downloads\oma\.release\native-build\src\ifc\src\ifcgeom\mapping\IfcPolyLoop.cpp(51): warning C4267: 'initializing': conversion from 'size_t' to 'int', possible loss of data
[487/818] Building CXX object ifcgeom\mapping\CMakeFiles\geometry_mapping_ifc4x3.dir\IfcPolygonalBoundedHalfSpace.cpp.obj
[488/818] Building CXX object ifcgeom\mapping\CMakeFiles\geometry_mapping_ifc4x3.dir\IfcPolygonalFaceSet.cpp.obj
[489/818] Building CXX object ifcgeom\mapping\CMakeFiles\geometry_mapping_ifc4x3.dir\IfcPolyline.cpp.obj
[490/818] Building CXX object ifcgeom\mapping\CMakeFiles\geometry_mapping_ifc4x3.dir\IfcProduct.cpp.obj
[491/818] Building CXX object ifcgeom\mapping\CMakeFiles\geometry_mapping_ifc4x3.dir\IfcRectangleHollowProfileDef.cpp.obj
[492/818] Building CXX object ifcgeom\mapping\CMakeFiles\geometry_mapping_ifc4x3.dir\IfcRectangleProfileDef.cpp.obj
[493/818] Building CXX object ifcgeom\mapping\CMakeFiles\geometry_mapping_ifc4x3.dir\IfcRectangularPyramid.cpp.obj
[494/818] Building CXX object ifcgeom\mapping\CMakeFiles\geometry_mapping_ifc4x3.dir\IfcRectangularTrimmedSurface.cpp.obj
C:\Users\Davi\Downloads\oma\.release\native-build\src\ifc\src\ifcgeom\mapping\IfcRectangularTrimmedSurface.cpp(24): warning C4100: 'inst': unreferenced formal parameter
[495/818] Building CXX object ifcgeom\mapping\CMakeFiles\geometry_mapping_ifc4x3.dir\IfcRepresentation.cpp.obj
[496/818] Building CXX object ifcgeom\mapping\CMakeFiles\geometry_mapping_ifc4x3.dir\IfcRevolvedAreaSolid.cpp.obj
[497/818] Building CXX object ifcgeom\mapping\CMakeFiles\geometry_mapping_ifc4x3.dir\IfcRightCircularCone.cpp.obj
C:\Users\Davi\Downloads\oma\.release\native-build\src\ifc\src\ifcgeom\mapping\IfcRightCircularCone.cpp(24): warning C4100: 'inst': unreferenced formal parameter
[498/818] Building CXX object ifcgeom\mapping\CMakeFiles\geometry_mapping_ifc4x3.dir\IfcRightCircularCylinder.cpp.obj
C:\Users\Davi\Downloads\oma\.release\native-build\src\ifc\src\ifcgeom\mapping\IfcRightCircularCylinder.cpp(24): warning C4100: 'inst': unreferenced formal parameter
[499/818] Building CXX object ifcgeom\mapping\CMakeFiles\geometry_mapping_ifc4x3.dir\IfcRoundedRectangleProfileDef.cpp.obj
[500/818] Building CXX object ifcgeom\mapping\CMakeFiles\geometry_mapping_ifc4x3.dir\IfcSectionedSolidHorizontal.cpp.obj
[501/818] Building CXX object ifcgeom\mapping\CMakeFiles\geometry_mapping_ifc4x3.dir\IfcSectionedSurface.cpp.obj
[502/818] Building CXX object ifcgeom\mapping\CMakeFiles\geometry_mapping_ifc4x3.dir\IfcSegmentedReferenceCurve.cpp.obj
C:\Users\Davi\Downloads\oma\.release\native-build\src\ifc\src\ifcgeom\mapping\../function_item_evaluator.h(20): warning C4505: 'ifcopenshell::geometry::convert_loop_to_function_item': unreferenced function with internal linkage has been removed
[503/818] Building CXX object ifcgeom\mapping\CMakeFiles\geometry_mapping_ifc4x3.dir\IfcShellBasedSurfaceModel.cpp.obj
[504/818] Building CXX object ifcgeom\mapping\CMakeFiles\geometry_mapping_ifc4x3.dir\IfcSphere.cpp.obj
[505/818] Building CXX object ifcgeom\mapping\CMakeFiles\geometry_mapping_ifc4x3.dir\IfcSphericalSurface.cpp.obj
C:\Users\Davi\Downloads\oma\.release\native-build\src\ifc\src\ifcgeom\mapping\IfcSphericalSurface.cpp(26): warning C4100: 'inst': unreferenced formal parameter
[506/818] Building CXX object ifcgeom\mapping\CMakeFiles\geometry_mapping_ifc4x3.dir\IfcSubedge.cpp.obj
[507/818] Building CXX object ifcgeom\mapping\CMakeFiles\geometry_mapping_ifc4x3.dir\IfcSurfaceCurve.cpp.obj
[508/818] Building CXX object ifcgeom\mapping\CMakeFiles\geometry_mapping_ifc4x3.dir\IfcSurfaceCurveSweptAreaSolid.cpp.obj
[509/818] Building CXX object ifcgeom\mapping\CMakeFiles\geometry_mapping_ifc4x3.dir\IfcSurfaceOfLinearExtrusion.cpp.obj
[510/818] Building CXX object ifcgeom\mapping\CMakeFiles\geometry_mapping_ifc4x3.dir\IfcSurfaceOfRevolution.cpp.obj
[511/818] Building CXX object ifcgeom\mapping\CMakeFiles\geometry_mapping_ifc4x3.dir\IfcSweptDiskSolid.cpp.obj
[512/818] Building CXX object ifcgeom\mapping\CMakeFiles\geometry_mapping_ifc4x3.dir\IfcTShapeProfileDef.cpp.obj
[513/818] Building CXX object ifcgeom\mapping\CMakeFiles\geometry_mapping_ifc4x3.dir\IfcToroidalSurface.cpp.obj
C:\Users\Davi\Downloads\oma\.release\native-build\src\ifc\src\ifcgeom\mapping\IfcToroidalSurface.cpp(26): warning C4100: 'inst': unreferenced formal parameter
[514/818] Building CXX object ifcgeom\mapping\CMakeFiles\geometry_mapping_ifc4x3.dir\IfcTrapeziumProfileDef.cpp.obj
[515/818] Building CXX object ifcgeom\mapping\CMakeFiles\geometry_mapping_ifc4x3.dir\IfcTriangulatedFaceSet.cpp.obj
[516/818] Building CXX object ifcgeom\mapping\CMakeFiles\geometry_mapping_ifc4x3.dir\IfcTrimmedCurve.cpp.obj
C:\Users\Davi\Downloads\oma\.release\native-build\src\ifc\src\ifcgeom\mapping\IfcTrimmedCurve.cpp(76): warning C4189: 'trim_cartesian_failed': local variable is initialized but not referenced
[517/818] Building CXX object ifcgeom\mapping\CMakeFiles\geometry_mapping_ifc4x3.dir\IfcUShapeProfileDef.cpp.obj
[518/818] Building CXX object ifcgeom\mapping\CMakeFiles\geometry_mapping_ifc4x3.dir\IfcVector.cpp.obj
[519/818] Building CXX object ifcgeom\mapping\CMakeFiles\geometry_mapping_ifc4x3.dir\IfcZShapeProfileDef.cpp.obj
[520/818] Building CXX object ifcgeom\mapping\CMakeFiles\geometry_mapping_ifc4x3_tc1.dir\IfcAnnotationFillArea.cpp.obj
[521/818] Building CXX object ifcgeom\mapping\CMakeFiles\geometry_mapping_ifc4x3_tc1.dir\IfcArbitraryClosedProfileDef.cpp.obj
[522/818] Building CXX object ifcgeom\mapping\CMakeFiles\geometry_mapping_ifc4x3.dir\mapping.cpp.obj
C:\Users\Davi\Downloads\oma\.release\native-build\src\ifc\src\ifcgeom\mapping\mapping.cpp(596): warning C4189: 'shading': local variable is initialized but not referenced
C:\Users\Davi\Downloads\oma\.release\native-build\src\ifc\src\ifcgeom\mapping\mapping.cpp(613): warning C4706: assignment used as a condition
C:\Users\Davi\Downloads\oma\.release\native-build\src\ifc\src\ifcgeom\mapping\mapping.cpp(613): note: if an assignment is intended you can enclose it in parentheses, '(e1 = e2)', to silence this warning
C:\Users\Davi\Downloads\oma\.release\native-build\src\ifc\src\ifcgeom\mapping\mapping.cpp(937): warning C4189: 'sub': local variable is initialized but not referenced
C:\Users\Davi\Downloads\oma\.release\native-build\src\ifc\src\ifcgeom\mapping\mapping.cpp(1055): warning C4456: declaration of 'ofc' hides previous local declaration
C:\Users\Davi\Downloads\oma\.release\native-build\src\ifc\src\ifcgeom\mapping\mapping.cpp(1034): note: see declaration of 'ofc'
C:\Users\Davi\Downloads\oma\.release\native-build\src\ifc\src\ifcgeom\mapping\mapping.cpp(1059): warning C4456: declaration of 'ofc' hides previous local declaration
C:\Users\Davi\Downloads\oma\.release\native-build\src\ifc\src\ifcgeom\mapping\mapping.cpp(1034): note: see declaration of 'ofc'
[523/818] Building CXX object ifcgeom\mapping\CMakeFiles\geometry_mapping_ifc4x3_tc1.dir\IfcArbitraryOpenProfileDef.cpp.obj
[524/818] Building CXX object ifcgeom\mapping\CMakeFiles\geometry_mapping_ifc4x3_tc1.dir\IfcAxis1Placement.cpp.obj
[525/818] Building CXX object ifcgeom\mapping\CMakeFiles\geometry_mapping_ifc4x3_tc1.dir\IfcAxis2Placement2D.cpp.obj
[526/818] Building CXX object ifcgeom\mapping\CMakeFiles\geometry_mapping_ifc4x3_tc1.dir\IfcAxis2Placement3D.cpp.obj
[527/818] Building CXX object ifcgeom\mapping\CMakeFiles\geometry_mapping_ifc4x3_tc1.dir\IfcAxis2PlacementLinear.cpp.obj
[528/818] Building CXX object ifcgeom\mapping\CMakeFiles\geometry_mapping_ifc4x3_tc1.dir\IfcBSplineCurveWithKnots.cpp.obj
[529/818] Building CXX object ifcgeom\mapping\CMakeFiles\geometry_mapping_ifc4x3_tc1.dir\IfcBSplineSurfaceWithKnots.cpp.obj
[530/818] Building CXX object ifcgeom\mapping\CMakeFiles\geometry_mapping_ifc4x3_tc1.dir\IfcBlock.cpp.obj
[531/818] Building CXX object ifcgeom\mapping\CMakeFiles\geometry_mapping_ifc4x3_tc1.dir\IfcBooleanResult.cpp.obj
C:\Users\Davi\Downloads\oma\.release\native-build\src\ifc\src\ifcgeom\mapping\IfcBooleanResult.cpp(43): warning C4189: 'has_halfspace_operand': local variable is initialized but not referenced
[532/818] Building CXX object ifcgeom\mapping\CMakeFiles\geometry_mapping_ifc4x3_tc1.dir\IfcBoundingBox.cpp.obj
[533/818] Building CXX object ifcgeom\mapping\CMakeFiles\geometry_mapping_ifc4x3_tc1.dir\IfcCartesianPoint.cpp.obj
[534/818] Building CXX object ifcgeom\mapping\CMakeFiles\geometry_mapping_ifc4x3_tc1.dir\IfcCShapeProfileDef.cpp.obj
[535/818] Building CXX object ifcgeom\mapping\CMakeFiles\geometry_mapping_ifc4x3_tc1.dir\IfcCartesianTransformationOperator2D.cpp.obj
[536/818] Building CXX object ifcgeom\mapping\CMakeFiles\geometry_mapping_ifc4x3_tc1.dir\IfcCartesianTransformationOperator3D.cpp.obj
[537/818] Building CXX object ifcgeom\mapping\CMakeFiles\geometry_mapping_ifc4x3_tc1.dir\IfcCenterLineProfileDef.cpp.obj
C:\Users\Davi\Downloads\oma\.release\native-build\src\ifc\src\ifcgeom\mapping\IfcCenterLineProfileDef.cpp(24): warning C4100: 'inst': unreferenced formal parameter
[538/818] Building CXX object ifcgeom\mapping\CMakeFiles\geometry_mapping_ifc4x3_tc1.dir\IfcCircle.cpp.obj
[539/818] Building CXX object ifcgeom\mapping\CMakeFiles\geometry_mapping_ifc4x3_tc1.dir\IfcCircleProfileDef.cpp.obj
[540/818] Building CXX object ifcgeom\mapping\CMakeFiles\geometry_mapping_ifc4x3_tc1.dir\IfcCompositeCurve.cpp.obj
[541/818] Building CXX object ifcgeom\mapping\CMakeFiles\geometry_mapping_ifc4x3_tc1.dir\IfcConnectedFaceSet.cpp.obj
[542/818] Building CXX object ifcgeom\mapping\CMakeFiles\geometry_mapping_ifc4x3_tc1.dir\IfcCompositeProfileDef.cpp.obj
[543/818] Building CXX object ifcgeom\mapping\CMakeFiles\geometry_mapping_ifc4x3_tc1.dir\IfcCraneRailAShapeProfileDef.cpp.obj
[544/818] Building CXX object ifcgeom\mapping\CMakeFiles\geometry_mapping_ifc4x3_tc1.dir\IfcCsgSolid.cpp.obj
[545/818] Building CXX object ifcgeom\mapping\CMakeFiles\geometry_mapping_ifc4x3_tc1.dir\IfcCurveBoundedPlane.cpp.obj
[546/818] Building CXX object ifcgeom\mapping\CMakeFiles\geometry_mapping_ifc4x3_tc1.dir\IfcCylindricalSurface.cpp.obj
[547/818] Building CXX object ifcgeom\mapping\CMakeFiles\geometry_mapping_ifc4x3_tc1.dir\IfcCurveSegment.cpp.obj
C:\Users\Davi\Downloads\oma\.release\native-build\src\ifc\src\ifcgeom\mapping\IfcCurveSegment.cpp(1166): warning C4189: 'x': local variable is initialized but not referenced
[548/818] Building CXX object ifcgeom\mapping\CMakeFiles\geometry_mapping_ifc4x3_tc1.dir\IfcDerivedProfileDef.cpp.obj
[549/818] Building CXX object ifcgeom\mapping\CMakeFiles\geometry_mapping_ifc4x3_tc1.dir\IfcDirection.cpp.obj
[550/818] Building CXX object ifcgeom\mapping\CMakeFiles\geometry_mapping_ifc4x3_tc1.dir\IfcEdge.cpp.obj
[551/818] Building CXX object ifcgeom\mapping\CMakeFiles\geometry_mapping_ifc4x3_tc1.dir\IfcEdgeLoop.cpp.obj
[552/818] Building CXX object ifcgeom\mapping\CMakeFiles\geometry_mapping_ifc4x3_tc1.dir\IfcEllipse.cpp.obj
[553/818] Building CXX object ifcgeom\mapping\CMakeFiles\geometry_mapping_ifc4x3_tc1.dir\IfcEllipseProfileDef.cpp.obj
C:\Users\Davi\Downloads\oma\.release\native-build\src\ifc\src\ifcgeom\mapping\IfcEllipseProfileDef.cpp(33): warning C4189: 'rotated': local variable is initialized but not referenced
[554/818] Building CXX object ifcgeom\mapping\CMakeFiles\geometry_mapping_ifc4x3_tc1.dir\IfcExtrudedAreaSolid.cpp.obj
[555/818] Building CXX object ifcgeom\mapping\CMakeFiles\geometry_mapping_ifc4x3_tc1.dir\IfcExtrudedAreaSolidTapered.cpp.obj
[556/818] Building CXX object ifcgeom\mapping\CMakeFiles\geometry_mapping_ifc4x3_tc1.dir\IfcFace.cpp.obj
[557/818] Building CXX object ifcgeom\mapping\CMakeFiles\geometry_mapping_ifc4x3_tc1.dir\IfcFaceBasedSurfaceModel.cpp.obj
[558/818] Building CXX object ifcgeom\mapping\CMakeFiles\geometry_mapping_ifc4x3_tc1.dir\IfcFixedReferenceSweptAreaSolid.cpp.obj
C:\Users\Davi\Downloads\oma\.release\native-build\src\ifc\src\ifcgeom\mapping\IfcFixedReferenceSweptAreaSolid.cpp(89): warning C4456: declaration of 'ref' hides previous local declaration
C:\Users\Davi\Downloads\oma\.release\native-build\src\ifc\src\ifcgeom\mapping\IfcFixedReferenceSweptAreaSolid.cpp(29): note: see declaration of 'ref'
C:\Users\Davi\Downloads\oma\.release\native-build\src\ifc\src\ifcgeom\mapping\../function_item_evaluator.h(20): warning C4505: 'ifcopenshell::geometry::convert_loop_to_function_item': unreferenced function with internal linkage has been removed
[559/818] Building CXX object ifcgeom\mapping\CMakeFiles\geometry_mapping_ifc4x3_tc1.dir\IfcGeometricSet.cpp.obj
[560/818] Building CXX object ifcgeom\mapping\CMakeFiles\geometry_mapping_ifc4x3_tc1.dir\IfcGradientCurve.cpp.obj
C:\Users\Davi\Downloads\oma\.release\native-build\src\ifc\src\ifcgeom\mapping\../function_item_evaluator.h(20): warning C4505: 'ifcopenshell::geometry::convert_loop_to_function_item': unreferenced function with internal linkage has been removed
[561/818] Building CXX object ifcgeom\mapping\CMakeFiles\geometry_mapping_ifc4x3_tc1.dir\IfcHalfSpaceSolid.cpp.obj
[562/818] Building CXX object ifcgeom\mapping\CMakeFiles\geometry_mapping_ifc4x3_tc1.dir\IfcIShapeProfileDef.cpp.obj
[563/818] Building CXX object ifcgeom\mapping\CMakeFiles\geometry_mapping_ifc4x3_tc1.dir\IfcIndexedPolyCurve.cpp.obj
[564/818] Building CXX object ifcgeom\mapping\CMakeFiles\geometry_mapping_ifc4x3_tc1.dir\IfcLShapeProfileDef.cpp.obj
[565/818] Building CXX object ifcgeom\mapping\CMakeFiles\geometry_mapping_ifc4x3_tc1.dir\IfcLine.cpp.obj
[566/818] Building CXX object ifcgeom\mapping\CMakeFiles\geometry_mapping_ifc4x3_tc1.dir\IfcManifoldSolidBrep.cpp.obj
[567/818] Building CXX object ifcgeom\mapping\CMakeFiles\geometry_mapping_ifc4x3_tc1.dir\IfcMappedItem.cpp.obj
C:\Users\Davi\Downloads\oma\.release\native-build\src\ifc\src\ifcgeom\mapping\IfcMappedItem.cpp(48): warning C4189: 'c': local variable is initialized but not referenced
[568/818] Building CXX object ifcgeom\mapping\CMakeFiles\geometry_mapping_ifc4x3_tc1.dir\IfcObjectPlacement.cpp.obj
C:\Users\Davi\Downloads\oma\.release\native-build\src\ifc\src\ifcgeom\mapping\IfcObjectPlacement.cpp(107) : warning C4701: potentially uninitialized local variable 'transform' used
C:\Users\Davi\Downloads\oma\.release\native-build\src\ifc\src\ifcgeom\mapping\IfcObjectPlacement.cpp(107) : warning C4703: potentially uninitialized local pointer variable 'transform' used
[569/818] Building CXX object ifcgeom\mapping\CMakeFiles\geometry_mapping_ifc4x3_tc1.dir\IfcOffsetCurveByDistance.cpp.obj
C:\Users\Davi\Downloads\oma\.release\native-build\src\ifc\src\ifcgeom\mapping\../function_item_evaluator.h(20): warning C4505: 'ifcopenshell::geometry::convert_loop_to_function_item': unreferenced function with internal linkage has been removed
[570/818] Building CXX object ifcgeom\mapping\CMakeFiles\geometry_mapping_ifc4x3_tc1.dir\IfcOpenCrossProfileDef.cpp.obj
[571/818] Building CXX object ifcgeom\mapping\CMakeFiles\geometry_mapping_ifc4x3_tc1.dir\IfcOrientedEdge.cpp.obj
[572/818] Building CXX object ifcgeom\mapping\CMakeFiles\geometry_mapping_ifc4x3_tc1.dir\IfcPlane.cpp.obj
[573/818] Building CXX object ifcgeom\mapping\CMakeFiles\geometry_mapping_ifc4x3_tc1.dir\IfcPointByDistanceExpression.cpp.obj
C:\Users\Davi\Downloads\oma\.release\native-build\src\ifc\src\ifcgeom\mapping\../function_item_evaluator.h(20): warning C4505: 'ifcopenshell::geometry::convert_loop_to_function_item': unreferenced function with internal linkage has been removed
[574/818] Building CXX object ifcgeom\mapping\CMakeFiles\geometry_mapping_ifc4x3_tc1.dir\IfcPolyLoop.cpp.obj
C:\Users\Davi\Downloads\oma\.release\native-build\src\ifc\src\ifcgeom\mapping\IfcPolyLoop.cpp(37): warning C4267: 'initializing': conversion from 'size_t' to 'int', possible loss of data
C:\Users\Davi\Downloads\oma\.release\native-build\src\ifc\src\ifcgeom\mapping\IfcPolyLoop.cpp(51): warning C4267: 'initializing': conversion from 'size_t' to 'int', possible loss of data
[575/818] Building CXX object ifcgeom\mapping\CMakeFiles\geometry_mapping_ifc4x3_tc1.dir\IfcPolygonalBoundedHalfSpace.cpp.obj
[576/818] Building CXX object ifcgeom\mapping\CMakeFiles\geometry_mapping_ifc4x3_tc1.dir\IfcPolygonalFaceSet.cpp.obj
[577/818] Building CXX object ifcgeom\mapping\CMakeFiles\geometry_mapping_ifc4x3_tc1.dir\IfcPolyline.cpp.obj
[578/818] Building CXX object ifcgeom\mapping\CMakeFiles\geometry_mapping_ifc4x3_tc1.dir\IfcProduct.cpp.obj
[579/818] Building CXX object ifcgeom\mapping\CMakeFiles\geometry_mapping_ifc4x3_tc1.dir\IfcRectangleHollowProfileDef.cpp.obj
[580/818] Building CXX object ifcgeom\mapping\CMakeFiles\geometry_mapping_ifc4x3_tc1.dir\IfcRectangleProfileDef.cpp.obj
[581/818] Building CXX object ifcgeom\mapping\CMakeFiles\geometry_mapping_ifc4x3_tc1.dir\IfcRectangularPyramid.cpp.obj
[582/818] Building CXX object ifcgeom\mapping\CMakeFiles\geometry_mapping_ifc4x3_tc1.dir\IfcRectangularTrimmedSurface.cpp.obj
C:\Users\Davi\Downloads\oma\.release\native-build\src\ifc\src\ifcgeom\mapping\IfcRectangularTrimmedSurface.cpp(24): warning C4100: 'inst': unreferenced formal parameter
[583/818] Building CXX object ifcgeom\mapping\CMakeFiles\geometry_mapping_ifc4x3_tc1.dir\IfcRepresentation.cpp.obj
[584/818] Building CXX object ifcgeom\mapping\CMakeFiles\geometry_mapping_ifc4x3_tc1.dir\IfcRevolvedAreaSolid.cpp.obj
[585/818] Building CXX object ifcgeom\mapping\CMakeFiles\geometry_mapping_ifc4x3_tc1.dir\IfcRightCircularCone.cpp.obj
C:\Users\Davi\Downloads\oma\.release\native-build\src\ifc\src\ifcgeom\mapping\IfcRightCircularCone.cpp(24): warning C4100: 'inst': unreferenced formal parameter
[586/818] Building CXX object ifcgeom\mapping\CMakeFiles\geometry_mapping_ifc4x3_tc1.dir\IfcRightCircularCylinder.cpp.obj
C:\Users\Davi\Downloads\oma\.release\native-build\src\ifc\src\ifcgeom\mapping\IfcRightCircularCylinder.cpp(24): warning C4100: 'inst': unreferenced formal parameter
[587/818] Building CXX object ifcgeom\mapping\CMakeFiles\geometry_mapping_ifc4x3_tc1.dir\IfcRoundedRectangleProfileDef.cpp.obj
[588/818] Building CXX object ifcgeom\mapping\CMakeFiles\geometry_mapping_ifc4x3_tc1.dir\IfcSectionedSolidHorizontal.cpp.obj
[589/818] Building CXX object ifcgeom\mapping\CMakeFiles\geometry_mapping_ifc4x3_tc1.dir\IfcSectionedSurface.cpp.obj
[590/818] Building CXX object ifcgeom\mapping\CMakeFiles\geometry_mapping_ifc4x3_tc1.dir\IfcSegmentedReferenceCurve.cpp.obj
C:\Users\Davi\Downloads\oma\.release\native-build\src\ifc\src\ifcgeom\mapping\../function_item_evaluator.h(20): warning C4505: 'ifcopenshell::geometry::convert_loop_to_function_item': unreferenced function with internal linkage has been removed
[591/818] Building CXX object ifcgeom\mapping\CMakeFiles\geometry_mapping_ifc4x3_tc1.dir\IfcShellBasedSurfaceModel.cpp.obj
[592/818] Building CXX object ifcgeom\mapping\CMakeFiles\geometry_mapping_ifc4x3_tc1.dir\IfcSphere.cpp.obj
[593/818] Building CXX object ifcgeom\mapping\CMakeFiles\geometry_mapping_ifc4x3_tc1.dir\IfcSphericalSurface.cpp.obj
C:\Users\Davi\Downloads\oma\.release\native-build\src\ifc\src\ifcgeom\mapping\IfcSphericalSurface.cpp(26): warning C4100: 'inst': unreferenced formal parameter
[594/818] Building CXX object ifcgeom\mapping\CMakeFiles\geometry_mapping_ifc4x3_tc1.dir\IfcSubedge.cpp.obj
[595/818] Building CXX object ifcgeom\mapping\CMakeFiles\geometry_mapping_ifc4x3_tc1.dir\IfcSurfaceCurve.cpp.obj
[596/818] Building CXX object ifcgeom\mapping\CMakeFiles\geometry_mapping_ifc4x3_tc1.dir\IfcSurfaceCurveSweptAreaSolid.cpp.obj
[597/818] Building CXX object ifcgeom\mapping\CMakeFiles\geometry_mapping_ifc4x3_tc1.dir\IfcSurfaceOfLinearExtrusion.cpp.obj
[598/818] Building CXX object ifcgeom\mapping\CMakeFiles\geometry_mapping_ifc4x3_tc1.dir\IfcSurfaceOfRevolution.cpp.obj
[599/818] Building CXX object ifcgeom\mapping\CMakeFiles\geometry_mapping_ifc4x3_tc1.dir\IfcSweptDiskSolid.cpp.obj
[600/818] Building CXX object ifcgeom\mapping\CMakeFiles\geometry_mapping_ifc4x3_tc1.dir\IfcTShapeProfileDef.cpp.obj
[601/818] Building CXX object ifcgeom\mapping\CMakeFiles\geometry_mapping_ifc4x3_tc1.dir\IfcToroidalSurface.cpp.obj
C:\Users\Davi\Downloads\oma\.release\native-build\src\ifc\src\ifcgeom\mapping\IfcToroidalSurface.cpp(26): warning C4100: 'inst': unreferenced formal parameter
[602/818] Building CXX object ifcgeom\mapping\CMakeFiles\geometry_mapping_ifc4x3_tc1.dir\IfcTrapeziumProfileDef.cpp.obj
[603/818] Building CXX object ifcgeom\mapping\CMakeFiles\geometry_mapping_ifc4x3_tc1.dir\IfcTriangulatedFaceSet.cpp.obj
[604/818] Building CXX object ifcgeom\mapping\CMakeFiles\geometry_mapping_ifc4x3_tc1.dir\IfcTrimmedCurve.cpp.obj
C:\Users\Davi\Downloads\oma\.release\native-build\src\ifc\src\ifcgeom\mapping\IfcTrimmedCurve.cpp(76): warning C4189: 'trim_cartesian_failed': local variable is initialized but not referenced
[605/818] Building CXX object ifcgeom\mapping\CMakeFiles\geometry_mapping_ifc4x3_tc1.dir\IfcUShapeProfileDef.cpp.obj
[606/818] Building CXX object ifcgeom\mapping\CMakeFiles\geometry_mapping_ifc4x3_tc1.dir\IfcVector.cpp.obj
[607/818] Building CXX object ifcgeom\mapping\CMakeFiles\geometry_mapping_ifc4x3_tc1.dir\IfcZShapeProfileDef.cpp.obj
[608/818] Building CXX object ifcgeom\mapping\CMakeFiles\geometry_mapping_ifc4x3_add1.dir\IfcAnnotationFillArea.cpp.obj
[609/818] Building CXX object ifcgeom\mapping\CMakeFiles\geometry_mapping_ifc4x3_tc1.dir\mapping.cpp.obj
C:\Users\Davi\Downloads\oma\.release\native-build\src\ifc\src\ifcgeom\mapping\mapping.cpp(596): warning C4189: 'shading': local variable is initialized but not referenced
C:\Users\Davi\Downloads\oma\.release\native-build\src\ifc\src\ifcgeom\mapping\mapping.cpp(613): warning C4706: assignment used as a condition
C:\Users\Davi\Downloads\oma\.release\native-build\src\ifc\src\ifcgeom\mapping\mapping.cpp(613): note: if an assignment is intended you can enclose it in parentheses, '(e1 = e2)', to silence this warning
C:\Users\Davi\Downloads\oma\.release\native-build\src\ifc\src\ifcgeom\mapping\mapping.cpp(937): warning C4189: 'sub': local variable is initialized but not referenced
C:\Users\Davi\Downloads\oma\.release\native-build\src\ifc\src\ifcgeom\mapping\mapping.cpp(1055): warning C4456: declaration of 'ofc' hides previous local declaration
C:\Users\Davi\Downloads\oma\.release\native-build\src\ifc\src\ifcgeom\mapping\mapping.cpp(1034): note: see declaration of 'ofc'
C:\Users\Davi\Downloads\oma\.release\native-build\src\ifc\src\ifcgeom\mapping\mapping.cpp(1059): warning C4456: declaration of 'ofc' hides previous local declaration
C:\Users\Davi\Downloads\oma\.release\native-build\src\ifc\src\ifcgeom\mapping\mapping.cpp(1034): note: see declaration of 'ofc'
[610/818] Building CXX object ifcgeom\mapping\CMakeFiles\geometry_mapping_ifc4x3_add1.dir\IfcArbitraryClosedProfileDef.cpp.obj
[611/818] Building CXX object ifcgeom\mapping\CMakeFiles\geometry_mapping_ifc4x3_add1.dir\IfcArbitraryOpenProfileDef.cpp.obj
[612/818] Building CXX object ifcgeom\mapping\CMakeFiles\geometry_mapping_ifc4x3_add1.dir\IfcAxis1Placement.cpp.obj
[613/818] Building CXX object ifcgeom\mapping\CMakeFiles\geometry_mapping_ifc4x3_add1.dir\IfcAxis2Placement2D.cpp.obj
[614/818] Building CXX object ifcgeom\mapping\CMakeFiles\geometry_mapping_ifc4x3_add1.dir\IfcAxis2Placement3D.cpp.obj
[615/818] Building CXX object ifcgeom\mapping\CMakeFiles\geometry_mapping_ifc4x3_add1.dir\IfcAxis2PlacementLinear.cpp.obj
[616/818] Building CXX object ifcgeom\mapping\CMakeFiles\geometry_mapping_ifc4x3_add1.dir\IfcBSplineCurveWithKnots.cpp.obj
[617/818] Building CXX object ifcgeom\mapping\CMakeFiles\geometry_mapping_ifc4x3_add1.dir\IfcBSplineSurfaceWithKnots.cpp.obj
[618/818] Building CXX object ifcgeom\mapping\CMakeFiles\geometry_mapping_ifc4x3_add1.dir\IfcBlock.cpp.obj
[619/818] Building CXX object ifcgeom\mapping\CMakeFiles\geometry_mapping_ifc4x3_add1.dir\IfcBooleanResult.cpp.obj
C:\Users\Davi\Downloads\oma\.release\native-build\src\ifc\src\ifcgeom\mapping\IfcBooleanResult.cpp(43): warning C4189: 'has_halfspace_operand': local variable is initialized but not referenced
[620/818] Building CXX object ifcgeom\mapping\CMakeFiles\geometry_mapping_ifc4x3_add1.dir\IfcBoundingBox.cpp.obj
[621/818] Building CXX object ifcgeom\mapping\CMakeFiles\geometry_mapping_ifc4x3_add1.dir\IfcCShapeProfileDef.cpp.obj
[622/818] Building CXX object ifcgeom\mapping\CMakeFiles\geometry_mapping_ifc4x3_add1.dir\IfcCartesianPoint.cpp.obj
[623/818] Building CXX object ifcgeom\mapping\CMakeFiles\geometry_mapping_ifc4x3_add1.dir\IfcCartesianTransformationOperator2D.cpp.obj
[624/818] Building CXX object ifcgeom\mapping\CMakeFiles\geometry_mapping_ifc4x3_add1.dir\IfcCartesianTransformationOperator3D.cpp.obj
[625/818] Building CXX object ifcgeom\mapping\CMakeFiles\geometry_mapping_ifc4x3_add1.dir\IfcCenterLineProfileDef.cpp.obj
C:\Users\Davi\Downloads\oma\.release\native-build\src\ifc\src\ifcgeom\mapping\IfcCenterLineProfileDef.cpp(24): warning C4100: 'inst': unreferenced formal parameter
[626/818] Building CXX object ifcgeom\mapping\CMakeFiles\geometry_mapping_ifc4x3_add1.dir\IfcCircle.cpp.obj
[627/818] Building CXX object ifcgeom\mapping\CMakeFiles\geometry_mapping_ifc4x3_add1.dir\IfcCircleProfileDef.cpp.obj
[628/818] Building CXX object ifcgeom\mapping\CMakeFiles\geometry_mapping_ifc4x3_add1.dir\IfcCompositeCurve.cpp.obj
[629/818] Building CXX object ifcgeom\mapping\CMakeFiles\geometry_mapping_ifc4x3_add1.dir\IfcCompositeProfileDef.cpp.obj
[630/818] Building CXX object ifcgeom\mapping\CMakeFiles\geometry_mapping_ifc4x3_add1.dir\IfcConnectedFaceSet.cpp.obj
[631/818] Building CXX object ifcgeom\mapping\CMakeFiles\geometry_mapping_ifc4x3_add1.dir\IfcCraneRailAShapeProfileDef.cpp.obj
[632/818] Building CXX object ifcgeom\mapping\CMakeFiles\geometry_mapping_ifc4x3_add1.dir\IfcCsgSolid.cpp.obj
[633/818] Building CXX object ifcgeom\mapping\CMakeFiles\geometry_mapping_ifc4x3_add1.dir\IfcCurveBoundedPlane.cpp.obj
[634/818] Building CXX object ifcgeom\mapping\CMakeFiles\geometry_mapping_ifc4x3_add1.dir\IfcCylindricalSurface.cpp.obj
[635/818] Building CXX object ifcgeom\mapping\CMakeFiles\geometry_mapping_ifc4x3_add1.dir\IfcCurveSegment.cpp.obj
C:\Users\Davi\Downloads\oma\.release\native-build\src\ifc\src\ifcgeom\mapping\IfcCurveSegment.cpp(1166): warning C4189: 'x': local variable is initialized but not referenced
[636/818] Building CXX object ifcgeom\mapping\CMakeFiles\geometry_mapping_ifc4x3_add1.dir\IfcDerivedProfileDef.cpp.obj
[637/818] Building CXX object ifcgeom\mapping\CMakeFiles\geometry_mapping_ifc4x3_add1.dir\IfcDirection.cpp.obj
[638/818] Building CXX object ifcgeom\mapping\CMakeFiles\geometry_mapping_ifc4x3_add1.dir\IfcEdge.cpp.obj
[639/818] Building CXX object ifcgeom\mapping\CMakeFiles\geometry_mapping_ifc4x3_add1.dir\IfcEdgeLoop.cpp.obj
[640/818] Building CXX object ifcgeom\mapping\CMakeFiles\geometry_mapping_ifc4x3_add1.dir\IfcEllipse.cpp.obj
[641/818] Building CXX object ifcgeom\mapping\CMakeFiles\geometry_mapping_ifc4x3_add1.dir\IfcEllipseProfileDef.cpp.obj
C:\Users\Davi\Downloads\oma\.release\native-build\src\ifc\src\ifcgeom\mapping\IfcEllipseProfileDef.cpp(33): warning C4189: 'rotated': local variable is initialized but not referenced
[642/818] Building CXX object ifcgeom\mapping\CMakeFiles\geometry_mapping_ifc4x3_add1.dir\IfcExtrudedAreaSolid.cpp.obj
[643/818] Building CXX object ifcgeom\mapping\CMakeFiles\geometry_mapping_ifc4x3_add1.dir\IfcExtrudedAreaSolidTapered.cpp.obj
[644/818] Building CXX object ifcgeom\mapping\CMakeFiles\geometry_mapping_ifc4x3_add1.dir\IfcFace.cpp.obj
[645/818] Building CXX object ifcgeom\mapping\CMakeFiles\geometry_mapping_ifc4x3_add1.dir\IfcFaceBasedSurfaceModel.cpp.obj
[646/818] Building CXX object ifcgeom\mapping\CMakeFiles\geometry_mapping_ifc4x3_add1.dir\IfcFixedReferenceSweptAreaSolid.cpp.obj
C:\Users\Davi\Downloads\oma\.release\native-build\src\ifc\src\ifcgeom\mapping\IfcFixedReferenceSweptAreaSolid.cpp(89): warning C4456: declaration of 'ref' hides previous local declaration
C:\Users\Davi\Downloads\oma\.release\native-build\src\ifc\src\ifcgeom\mapping\IfcFixedReferenceSweptAreaSolid.cpp(29): note: see declaration of 'ref'
C:\Users\Davi\Downloads\oma\.release\native-build\src\ifc\src\ifcgeom\mapping\../function_item_evaluator.h(20): warning C4505: 'ifcopenshell::geometry::convert_loop_to_function_item': unreferenced function with internal linkage has been removed
[647/818] Building CXX object ifcgeom\mapping\CMakeFiles\geometry_mapping_ifc4x3_add1.dir\IfcGeometricSet.cpp.obj
[648/818] Building CXX object ifcgeom\mapping\CMakeFiles\geometry_mapping_ifc4x3_add1.dir\IfcGradientCurve.cpp.obj
C:\Users\Davi\Downloads\oma\.release\native-build\src\ifc\src\ifcgeom\mapping\../function_item_evaluator.h(20): warning C4505: 'ifcopenshell::geometry::convert_loop_to_function_item': unreferenced function with internal linkage has been removed
[649/818] Building CXX object ifcgeom\mapping\CMakeFiles\geometry_mapping_ifc4x3_add1.dir\IfcHalfSpaceSolid.cpp.obj
[650/818] Building CXX object ifcgeom\mapping\CMakeFiles\geometry_mapping_ifc4x3_add1.dir\IfcIShapeProfileDef.cpp.obj
[651/818] Building CXX object ifcgeom\mapping\CMakeFiles\geometry_mapping_ifc4x3_add1.dir\IfcIndexedPolyCurve.cpp.obj
[652/818] Building CXX object ifcgeom\mapping\CMakeFiles\geometry_mapping_ifc4x3_add1.dir\IfcLShapeProfileDef.cpp.obj
[653/818] Building CXX object ifcgeom\mapping\CMakeFiles\geometry_mapping_ifc4x3_add1.dir\IfcLine.cpp.obj
[654/818] Building CXX object ifcgeom\mapping\CMakeFiles\geometry_mapping_ifc4x3_add1.dir\IfcManifoldSolidBrep.cpp.obj
[655/818] Building CXX object ifcgeom\mapping\CMakeFiles\geometry_mapping_ifc4x3_add1.dir\IfcMappedItem.cpp.obj
C:\Users\Davi\Downloads\oma\.release\native-build\src\ifc\src\ifcgeom\mapping\IfcMappedItem.cpp(48): warning C4189: 'c': local variable is initialized but not referenced
[656/818] Building CXX object ifcgeom\mapping\CMakeFiles\geometry_mapping_ifc4x3_add1.dir\IfcObjectPlacement.cpp.obj
C:\Users\Davi\Downloads\oma\.release\native-build\src\ifc\src\ifcgeom\mapping\IfcObjectPlacement.cpp(107) : warning C4701: potentially uninitialized local variable 'transform' used
C:\Users\Davi\Downloads\oma\.release\native-build\src\ifc\src\ifcgeom\mapping\IfcObjectPlacement.cpp(107) : warning C4703: potentially uninitialized local pointer variable 'transform' used
[657/818] Building CXX object ifcgeom\mapping\CMakeFiles\geometry_mapping_ifc4x3_add1.dir\IfcOffsetCurveByDistance.cpp.obj
C:\Users\Davi\Downloads\oma\.release\native-build\src\ifc\src\ifcgeom\mapping\../function_item_evaluator.h(20): warning C4505: 'ifcopenshell::geometry::convert_loop_to_function_item': unreferenced function with internal linkage has been removed
[658/818] Building CXX object ifcgeom\mapping\CMakeFiles\geometry_mapping_ifc4x3_add1.dir\IfcOpenCrossProfileDef.cpp.obj
[659/818] Building CXX object ifcgeom\mapping\CMakeFiles\geometry_mapping_ifc4x3_add1.dir\IfcOrientedEdge.cpp.obj
[660/818] Building CXX object ifcgeom\mapping\CMakeFiles\geometry_mapping_ifc4x3_add1.dir\IfcPlane.cpp.obj
[661/818] Building CXX object ifcgeom\mapping\CMakeFiles\geometry_mapping_ifc4x3_add1.dir\IfcPointByDistanceExpression.cpp.obj
C:\Users\Davi\Downloads\oma\.release\native-build\src\ifc\src\ifcgeom\mapping\../function_item_evaluator.h(20): warning C4505: 'ifcopenshell::geometry::convert_loop_to_function_item': unreferenced function with internal linkage has been removed
[662/818] Building CXX object ifcgeom\mapping\CMakeFiles\geometry_mapping_ifc4x3_add1.dir\IfcPolyLoop.cpp.obj
C:\Users\Davi\Downloads\oma\.release\native-build\src\ifc\src\ifcgeom\mapping\IfcPolyLoop.cpp(37): warning C4267: 'initializing': conversion from 'size_t' to 'int', possible loss of data
C:\Users\Davi\Downloads\oma\.release\native-build\src\ifc\src\ifcgeom\mapping\IfcPolyLoop.cpp(51): warning C4267: 'initializing': conversion from 'size_t' to 'int', possible loss of data
[663/818] Building CXX object ifcgeom\mapping\CMakeFiles\geometry_mapping_ifc4x3_add1.dir\IfcPolygonalBoundedHalfSpace.cpp.obj
[664/818] Building CXX object ifcgeom\mapping\CMakeFiles\geometry_mapping_ifc4x3_add1.dir\IfcPolygonalFaceSet.cpp.obj
[665/818] Building CXX object ifcgeom\mapping\CMakeFiles\geometry_mapping_ifc4x3_add1.dir\IfcPolyline.cpp.obj
[666/818] Building CXX object ifcgeom\mapping\CMakeFiles\geometry_mapping_ifc4x3_add1.dir\IfcProduct.cpp.obj
[667/818] Building CXX object ifcgeom\mapping\CMakeFiles\geometry_mapping_ifc4x3_add1.dir\IfcRectangleHollowProfileDef.cpp.obj
[668/818] Building CXX object ifcgeom\mapping\CMakeFiles\geometry_mapping_ifc4x3_add1.dir\IfcRectangleProfileDef.cpp.obj
[669/818] Building CXX object ifcgeom\mapping\CMakeFiles\geometry_mapping_ifc4x3_add1.dir\IfcRectangularPyramid.cpp.obj
[670/818] Building CXX object ifcgeom\mapping\CMakeFiles\geometry_mapping_ifc4x3_add1.dir\IfcRectangularTrimmedSurface.cpp.obj
C:\Users\Davi\Downloads\oma\.release\native-build\src\ifc\src\ifcgeom\mapping\IfcRectangularTrimmedSurface.cpp(24): warning C4100: 'inst': unreferenced formal parameter
[671/818] Building CXX object ifcgeom\mapping\CMakeFiles\geometry_mapping_ifc4x3_add1.dir\IfcRepresentation.cpp.obj
[672/818] Building CXX object ifcgeom\mapping\CMakeFiles\geometry_mapping_ifc4x3_add1.dir\IfcRevolvedAreaSolid.cpp.obj
[673/818] Building CXX object ifcgeom\mapping\CMakeFiles\geometry_mapping_ifc4x3_add1.dir\IfcRightCircularCone.cpp.obj
C:\Users\Davi\Downloads\oma\.release\native-build\src\ifc\src\ifcgeom\mapping\IfcRightCircularCone.cpp(24): warning C4100: 'inst': unreferenced formal parameter
[674/818] Building CXX object ifcgeom\mapping\CMakeFiles\geometry_mapping_ifc4x3_add1.dir\IfcRightCircularCylinder.cpp.obj
C:\Users\Davi\Downloads\oma\.release\native-build\src\ifc\src\ifcgeom\mapping\IfcRightCircularCylinder.cpp(24): warning C4100: 'inst': unreferenced formal parameter
[675/818] Building CXX object ifcgeom\mapping\CMakeFiles\geometry_mapping_ifc4x3_add1.dir\IfcRoundedRectangleProfileDef.cpp.obj
[676/818] Building CXX object ifcgeom\mapping\CMakeFiles\geometry_mapping_ifc4x3_add1.dir\IfcSectionedSolidHorizontal.cpp.obj
[677/818] Building CXX object ifcgeom\mapping\CMakeFiles\geometry_mapping_ifc4x3_add1.dir\IfcSectionedSurface.cpp.obj
[678/818] Building CXX object ifcgeom\mapping\CMakeFiles\geometry_mapping_ifc4x3_add1.dir\IfcSegmentedReferenceCurve.cpp.obj
C:\Users\Davi\Downloads\oma\.release\native-build\src\ifc\src\ifcgeom\mapping\../function_item_evaluator.h(20): warning C4505: 'ifcopenshell::geometry::convert_loop_to_function_item': unreferenced function with internal linkage has been removed
[679/818] Building CXX object ifcgeom\mapping\CMakeFiles\geometry_mapping_ifc4x3_add1.dir\IfcShellBasedSurfaceModel.cpp.obj
[680/818] Building CXX object ifcgeom\mapping\CMakeFiles\geometry_mapping_ifc4x3_add1.dir\IfcSphere.cpp.obj
[681/818] Building CXX object ifcgeom\mapping\CMakeFiles\geometry_mapping_ifc4x3_add1.dir\IfcSphericalSurface.cpp.obj
C:\Users\Davi\Downloads\oma\.release\native-build\src\ifc\src\ifcgeom\mapping\IfcSphericalSurface.cpp(26): warning C4100: 'inst': unreferenced formal parameter
[682/818] Building CXX object ifcgeom\mapping\CMakeFiles\geometry_mapping_ifc4x3_add1.dir\IfcSubedge.cpp.obj
[683/818] Building CXX object ifcgeom\mapping\CMakeFiles\geometry_mapping_ifc4x3_add1.dir\IfcSurfaceCurve.cpp.obj
[684/818] Building CXX object ifcgeom\mapping\CMakeFiles\geometry_mapping_ifc4x3_add1.dir\IfcSurfaceCurveSweptAreaSolid.cpp.obj
[685/818] Building CXX object ifcgeom\mapping\CMakeFiles\geometry_mapping_ifc4x3_add1.dir\IfcSurfaceOfLinearExtrusion.cpp.obj
[686/818] Building CXX object ifcgeom\mapping\CMakeFiles\geometry_mapping_ifc4x3_add1.dir\IfcSurfaceOfRevolution.cpp.obj
[687/818] Building CXX object ifcgeom\mapping\CMakeFiles\geometry_mapping_ifc4x3_add1.dir\IfcSweptDiskSolid.cpp.obj
[688/818] Building CXX object ifcgeom\mapping\CMakeFiles\geometry_mapping_ifc4x3_add1.dir\IfcTShapeProfileDef.cpp.obj
[689/818] Building CXX object ifcgeom\mapping\CMakeFiles\geometry_mapping_ifc4x3_add1.dir\IfcToroidalSurface.cpp.obj
C:\Users\Davi\Downloads\oma\.release\native-build\src\ifc\src\ifcgeom\mapping\IfcToroidalSurface.cpp(26): warning C4100: 'inst': unreferenced formal parameter
[690/818] Building CXX object ifcgeom\mapping\CMakeFiles\geometry_mapping_ifc4x3_add1.dir\IfcTrapeziumProfileDef.cpp.obj
[691/818] Building CXX object ifcgeom\mapping\CMakeFiles\geometry_mapping_ifc4x3_add1.dir\IfcTriangulatedFaceSet.cpp.obj
[692/818] Building CXX object ifcgeom\mapping\CMakeFiles\geometry_mapping_ifc4x3_add1.dir\IfcTrimmedCurve.cpp.obj
C:\Users\Davi\Downloads\oma\.release\native-build\src\ifc\src\ifcgeom\mapping\IfcTrimmedCurve.cpp(76): warning C4189: 'trim_cartesian_failed': local variable is initialized but not referenced
[693/818] Building CXX object ifcgeom\mapping\CMakeFiles\geometry_mapping_ifc4x3_add1.dir\IfcUShapeProfileDef.cpp.obj
[694/818] Building CXX object ifcgeom\mapping\CMakeFiles\geometry_mapping_ifc4x3_add1.dir\IfcVector.cpp.obj
[695/818] Building CXX object ifcgeom\mapping\CMakeFiles\geometry_mapping_ifc4x3_add1.dir\IfcZShapeProfileDef.cpp.obj
[696/818] Building CXX object ifcgeom\mapping\CMakeFiles\geometry_mapping_ifc4x3_add2.dir\IfcAnnotationFillArea.cpp.obj
[697/818] Building CXX object ifcgeom\mapping\CMakeFiles\geometry_mapping_ifc4x3_add2.dir\IfcArbitraryClosedProfileDef.cpp.obj
[698/818] Building CXX object ifcgeom\mapping\CMakeFiles\geometry_mapping_ifc4x3_add1.dir\mapping.cpp.obj
C:\Users\Davi\Downloads\oma\.release\native-build\src\ifc\src\ifcgeom\mapping\mapping.cpp(596): warning C4189: 'shading': local variable is initialized but not referenced
C:\Users\Davi\Downloads\oma\.release\native-build\src\ifc\src\ifcgeom\mapping\mapping.cpp(613): warning C4706: assignment used as a condition
C:\Users\Davi\Downloads\oma\.release\native-build\src\ifc\src\ifcgeom\mapping\mapping.cpp(613): note: if an assignment is intended you can enclose it in parentheses, '(e1 = e2)', to silence this warning
C:\Users\Davi\Downloads\oma\.release\native-build\src\ifc\src\ifcgeom\mapping\mapping.cpp(937): warning C4189: 'sub': local variable is initialized but not referenced
C:\Users\Davi\Downloads\oma\.release\native-build\src\ifc\src\ifcgeom\mapping\mapping.cpp(1055): warning C4456: declaration of 'ofc' hides previous local declaration
C:\Users\Davi\Downloads\oma\.release\native-build\src\ifc\src\ifcgeom\mapping\mapping.cpp(1034): note: see declaration of 'ofc'
C:\Users\Davi\Downloads\oma\.release\native-build\src\ifc\src\ifcgeom\mapping\mapping.cpp(1059): warning C4456: declaration of 'ofc' hides previous local declaration
C:\Users\Davi\Downloads\oma\.release\native-build\src\ifc\src\ifcgeom\mapping\mapping.cpp(1034): note: see declaration of 'ofc'
[699/818] Building CXX object ifcgeom\mapping\CMakeFiles\geometry_mapping_ifc4x3_add2.dir\IfcArbitraryOpenProfileDef.cpp.obj
[700/818] Building CXX object ifcgeom\mapping\CMakeFiles\geometry_mapping_ifc4x3_add2.dir\IfcAxis1Placement.cpp.obj
[701/818] Building CXX object ifcgeom\mapping\CMakeFiles\geometry_mapping_ifc4x3_add2.dir\IfcAxis2Placement2D.cpp.obj
[702/818] Building CXX object ifcgeom\mapping\CMakeFiles\geometry_mapping_ifc4x3_add2.dir\IfcAxis2Placement3D.cpp.obj
[703/818] Building CXX object ifcgeom\mapping\CMakeFiles\geometry_mapping_ifc4x3_add2.dir\IfcAxis2PlacementLinear.cpp.obj
[704/818] Building CXX object ifcgeom\mapping\CMakeFiles\geometry_mapping_ifc4x3_add2.dir\IfcBSplineCurveWithKnots.cpp.obj
[705/818] Building CXX object ifcgeom\mapping\CMakeFiles\geometry_mapping_ifc4x3_add2.dir\IfcBSplineSurfaceWithKnots.cpp.obj
[706/818] Building CXX object ifcgeom\mapping\CMakeFiles\geometry_mapping_ifc4x3_add2.dir\IfcBlock.cpp.obj
[707/818] Building CXX object ifcgeom\mapping\CMakeFiles\geometry_mapping_ifc4x3_add2.dir\IfcBooleanResult.cpp.obj
C:\Users\Davi\Downloads\oma\.release\native-build\src\ifc\src\ifcgeom\mapping\IfcBooleanResult.cpp(43): warning C4189: 'has_halfspace_operand': local variable is initialized but not referenced
[708/818] Building CXX object ifcgeom\mapping\CMakeFiles\geometry_mapping_ifc4x3_add2.dir\IfcBoundingBox.cpp.obj
[709/818] Building CXX object ifcgeom\mapping\CMakeFiles\geometry_mapping_ifc4x3_add2.dir\IfcCShapeProfileDef.cpp.obj
[710/818] Building CXX object ifcgeom\mapping\CMakeFiles\geometry_mapping_ifc4x3_add2.dir\IfcCartesianPoint.cpp.obj
[711/818] Building CXX object ifcgeom\mapping\CMakeFiles\geometry_mapping_ifc4x3_add2.dir\IfcCartesianTransformationOperator2D.cpp.obj
[712/818] Building CXX object ifcgeom\mapping\CMakeFiles\geometry_mapping_ifc4x3_add2.dir\IfcCartesianTransformationOperator3D.cpp.obj
[713/818] Building CXX object ifcgeom\mapping\CMakeFiles\geometry_mapping_ifc4x3_add2.dir\IfcCenterLineProfileDef.cpp.obj
C:\Users\Davi\Downloads\oma\.release\native-build\src\ifc\src\ifcgeom\mapping\IfcCenterLineProfileDef.cpp(24): warning C4100: 'inst': unreferenced formal parameter
[714/818] Building CXX object ifcgeom\mapping\CMakeFiles\geometry_mapping_ifc4x3_add2.dir\IfcCircle.cpp.obj
[715/818] Building CXX object ifcgeom\mapping\CMakeFiles\geometry_mapping_ifc4x3_add2.dir\IfcCircleProfileDef.cpp.obj
[716/818] Building CXX object ifcgeom\mapping\CMakeFiles\geometry_mapping_ifc4x3_add2.dir\IfcCompositeCurve.cpp.obj
[717/818] Building CXX object ifcgeom\mapping\CMakeFiles\geometry_mapping_ifc4x3_add2.dir\IfcCompositeProfileDef.cpp.obj
[718/818] Building CXX object ifcgeom\mapping\CMakeFiles\geometry_mapping_ifc4x3_add2.dir\IfcConnectedFaceSet.cpp.obj
[719/818] Building CXX object ifcgeom\mapping\CMakeFiles\geometry_mapping_ifc4x3_add2.dir\IfcCraneRailAShapeProfileDef.cpp.obj
[720/818] Building CXX object ifcgeom\mapping\CMakeFiles\geometry_mapping_ifc4x3_add2.dir\IfcCsgSolid.cpp.obj
[721/818] Building CXX object ifcgeom\mapping\CMakeFiles\geometry_mapping_ifc4x3_add2.dir\IfcCurveBoundedPlane.cpp.obj
[722/818] Building CXX object ifcgeom\mapping\CMakeFiles\geometry_mapping_ifc4x3_add2.dir\IfcCylindricalSurface.cpp.obj
[723/818] Building CXX object ifcgeom\mapping\CMakeFiles\geometry_mapping_ifc4x3_add2.dir\IfcCurveSegment.cpp.obj
C:\Users\Davi\Downloads\oma\.release\native-build\src\ifc\src\ifcgeom\mapping\IfcCurveSegment.cpp(1166): warning C4189: 'x': local variable is initialized but not referenced
[724/818] Building CXX object ifcgeom\mapping\CMakeFiles\geometry_mapping_ifc4x3_add2.dir\IfcDerivedProfileDef.cpp.obj
[725/818] Building CXX object ifcgeom\mapping\CMakeFiles\geometry_mapping_ifc4x3_add2.dir\IfcDirection.cpp.obj
[726/818] Building CXX object ifcgeom\mapping\CMakeFiles\geometry_mapping_ifc4x3_add2.dir\IfcEdge.cpp.obj
[727/818] Building CXX object ifcgeom\mapping\CMakeFiles\geometry_mapping_ifc4x3_add2.dir\IfcEdgeLoop.cpp.obj
[728/818] Building CXX object ifcgeom\mapping\CMakeFiles\geometry_mapping_ifc4x3_add2.dir\IfcEllipse.cpp.obj
[729/818] Building CXX object ifcgeom\mapping\CMakeFiles\geometry_mapping_ifc4x3_add2.dir\IfcEllipseProfileDef.cpp.obj
C:\Users\Davi\Downloads\oma\.release\native-build\src\ifc\src\ifcgeom\mapping\IfcEllipseProfileDef.cpp(33): warning C4189: 'rotated': local variable is initialized but not referenced
[730/818] Building CXX object ifcgeom\mapping\CMakeFiles\geometry_mapping_ifc4x3_add2.dir\IfcExtrudedAreaSolid.cpp.obj
[731/818] Building CXX object ifcgeom\mapping\CMakeFiles\geometry_mapping_ifc4x3_add2.dir\IfcExtrudedAreaSolidTapered.cpp.obj
[732/818] Building CXX object ifcgeom\mapping\CMakeFiles\geometry_mapping_ifc4x3_add2.dir\IfcFace.cpp.obj
[733/818] Building CXX object ifcgeom\mapping\CMakeFiles\geometry_mapping_ifc4x3_add2.dir\IfcFaceBasedSurfaceModel.cpp.obj
[734/818] Building CXX object ifcgeom\mapping\CMakeFiles\geometry_mapping_ifc4x3_add2.dir\IfcFixedReferenceSweptAreaSolid.cpp.obj
C:\Users\Davi\Downloads\oma\.release\native-build\src\ifc\src\ifcgeom\mapping\IfcFixedReferenceSweptAreaSolid.cpp(89): warning C4456: declaration of 'ref' hides previous local declaration
C:\Users\Davi\Downloads\oma\.release\native-build\src\ifc\src\ifcgeom\mapping\IfcFixedReferenceSweptAreaSolid.cpp(29): note: see declaration of 'ref'
C:\Users\Davi\Downloads\oma\.release\native-build\src\ifc\src\ifcgeom\mapping\../function_item_evaluator.h(20): warning C4505: 'ifcopenshell::geometry::convert_loop_to_function_item': unreferenced function with internal linkage has been removed
[735/818] Building CXX object ifcgeom\mapping\CMakeFiles\geometry_mapping_ifc4x3_add2.dir\IfcGeometricSet.cpp.obj
[736/818] Building CXX object ifcgeom\mapping\CMakeFiles\geometry_mapping_ifc4x3_add2.dir\IfcGradientCurve.cpp.obj
C:\Users\Davi\Downloads\oma\.release\native-build\src\ifc\src\ifcgeom\mapping\../function_item_evaluator.h(20): warning C4505: 'ifcopenshell::geometry::convert_loop_to_function_item': unreferenced function with internal linkage has been removed
[737/818] Building CXX object ifcgeom\mapping\CMakeFiles\geometry_mapping_ifc4x3_add2.dir\IfcHalfSpaceSolid.cpp.obj
[738/818] Building CXX object ifcgeom\mapping\CMakeFiles\geometry_mapping_ifc4x3_add2.dir\IfcIShapeProfileDef.cpp.obj
[739/818] Building CXX object ifcgeom\mapping\CMakeFiles\geometry_mapping_ifc4x3_add2.dir\IfcIndexedPolyCurve.cpp.obj
[740/818] Building CXX object ifcgeom\mapping\CMakeFiles\geometry_mapping_ifc4x3_add2.dir\IfcLShapeProfileDef.cpp.obj
[741/818] Building CXX object ifcgeom\mapping\CMakeFiles\geometry_mapping_ifc4x3_add2.dir\IfcLine.cpp.obj
[742/818] Building CXX object ifcgeom\mapping\CMakeFiles\geometry_mapping_ifc4x3_add2.dir\IfcManifoldSolidBrep.cpp.obj
[743/818] Building CXX object ifcgeom\mapping\CMakeFiles\geometry_mapping_ifc4x3_add2.dir\IfcMappedItem.cpp.obj
C:\Users\Davi\Downloads\oma\.release\native-build\src\ifc\src\ifcgeom\mapping\IfcMappedItem.cpp(48): warning C4189: 'c': local variable is initialized but not referenced
[744/818] Building CXX object ifcgeom\mapping\CMakeFiles\geometry_mapping_ifc4x3_add2.dir\IfcObjectPlacement.cpp.obj
C:\Users\Davi\Downloads\oma\.release\native-build\src\ifc\src\ifcgeom\mapping\IfcObjectPlacement.cpp(107) : warning C4701: potentially uninitialized local variable 'transform' used
C:\Users\Davi\Downloads\oma\.release\native-build\src\ifc\src\ifcgeom\mapping\IfcObjectPlacement.cpp(107) : warning C4703: potentially uninitialized local pointer variable 'transform' used
[745/818] Building CXX object ifcgeom\mapping\CMakeFiles\geometry_mapping_ifc4x3_add2.dir\IfcOffsetCurveByDistance.cpp.obj
C:\Users\Davi\Downloads\oma\.release\native-build\src\ifc\src\ifcgeom\mapping\../function_item_evaluator.h(20): warning C4505: 'ifcopenshell::geometry::convert_loop_to_function_item': unreferenced function with internal linkage has been removed
[746/818] Building CXX object ifcgeom\mapping\CMakeFiles\geometry_mapping_ifc4x3_add2.dir\IfcOpenCrossProfileDef.cpp.obj
[747/818] Building CXX object ifcgeom\mapping\CMakeFiles\geometry_mapping_ifc4x3_add2.dir\IfcOrientedEdge.cpp.obj
[748/818] Building CXX object ifcgeom\mapping\CMakeFiles\geometry_mapping_ifc4x3_add2.dir\IfcPlane.cpp.obj
[749/818] Building CXX object ifcgeom\mapping\CMakeFiles\geometry_mapping_ifc4x3_add2.dir\IfcPointByDistanceExpression.cpp.obj
C:\Users\Davi\Downloads\oma\.release\native-build\src\ifc\src\ifcgeom\mapping\../function_item_evaluator.h(20): warning C4505: 'ifcopenshell::geometry::convert_loop_to_function_item': unreferenced function with internal linkage has been removed
[750/818] Building CXX object ifcgeom\mapping\CMakeFiles\geometry_mapping_ifc4x3_add2.dir\IfcPolyLoop.cpp.obj
C:\Users\Davi\Downloads\oma\.release\native-build\src\ifc\src\ifcgeom\mapping\IfcPolyLoop.cpp(37): warning C4267: 'initializing': conversion from 'size_t' to 'int', possible loss of data
C:\Users\Davi\Downloads\oma\.release\native-build\src\ifc\src\ifcgeom\mapping\IfcPolyLoop.cpp(51): warning C4267: 'initializing': conversion from 'size_t' to 'int', possible loss of data
[751/818] Building CXX object ifcgeom\mapping\CMakeFiles\geometry_mapping_ifc4x3_add2.dir\IfcPolygonalBoundedHalfSpace.cpp.obj
[752/818] Building CXX object ifcgeom\mapping\CMakeFiles\geometry_mapping_ifc4x3_add2.dir\IfcPolygonalFaceSet.cpp.obj
[753/818] Building CXX object ifcgeom\mapping\CMakeFiles\geometry_mapping_ifc4x3_add2.dir\IfcPolyline.cpp.obj
[754/818] Building CXX object ifcgeom\mapping\CMakeFiles\geometry_mapping_ifc4x3_add2.dir\IfcProduct.cpp.obj
[755/818] Building CXX object ifcgeom\mapping\CMakeFiles\geometry_mapping_ifc4x3_add2.dir\IfcRectangleHollowProfileDef.cpp.obj
[756/818] Building CXX object ifcgeom\mapping\CMakeFiles\geometry_mapping_ifc4x3_add2.dir\IfcRectangleProfileDef.cpp.obj
[757/818] Building CXX object ifcgeom\mapping\CMakeFiles\geometry_mapping_ifc4x3_add2.dir\IfcRectangularPyramid.cpp.obj
[758/818] Building CXX object ifcgeom\mapping\CMakeFiles\geometry_mapping_ifc4x3_add2.dir\IfcRectangularTrimmedSurface.cpp.obj
C:\Users\Davi\Downloads\oma\.release\native-build\src\ifc\src\ifcgeom\mapping\IfcRectangularTrimmedSurface.cpp(24): warning C4100: 'inst': unreferenced formal parameter
[759/818] Building CXX object ifcgeom\mapping\CMakeFiles\geometry_mapping_ifc4x3_add2.dir\IfcRepresentation.cpp.obj
[760/818] Building CXX object ifcgeom\mapping\CMakeFiles\geometry_mapping_ifc4x3_add2.dir\IfcRevolvedAreaSolid.cpp.obj
[761/818] Building CXX object ifcgeom\mapping\CMakeFiles\geometry_mapping_ifc4x3_add2.dir\IfcRightCircularCone.cpp.obj
C:\Users\Davi\Downloads\oma\.release\native-build\src\ifc\src\ifcgeom\mapping\IfcRightCircularCone.cpp(24): warning C4100: 'inst': unreferenced formal parameter
[762/818] Building CXX object ifcgeom\mapping\CMakeFiles\geometry_mapping_ifc4x3_add2.dir\IfcRightCircularCylinder.cpp.obj
C:\Users\Davi\Downloads\oma\.release\native-build\src\ifc\src\ifcgeom\mapping\IfcRightCircularCylinder.cpp(24): warning C4100: 'inst': unreferenced formal parameter
[763/818] Building CXX object ifcgeom\mapping\CMakeFiles\geometry_mapping_ifc4x3_add2.dir\IfcRoundedRectangleProfileDef.cpp.obj
[764/818] Building CXX object ifcgeom\mapping\CMakeFiles\geometry_mapping_ifc4x3_add2.dir\IfcSectionedSolidHorizontal.cpp.obj
[765/818] Building CXX object ifcgeom\mapping\CMakeFiles\geometry_mapping_ifc4x3_add2.dir\IfcSectionedSurface.cpp.obj
[766/818] Building CXX object ifcgeom\mapping\CMakeFiles\geometry_mapping_ifc4x3_add2.dir\IfcSegmentedReferenceCurve.cpp.obj
C:\Users\Davi\Downloads\oma\.release\native-build\src\ifc\src\ifcgeom\mapping\../function_item_evaluator.h(20): warning C4505: 'ifcopenshell::geometry::convert_loop_to_function_item': unreferenced function with internal linkage has been removed
[767/818] Building CXX object ifcgeom\mapping\CMakeFiles\geometry_mapping_ifc4x3_add2.dir\IfcShellBasedSurfaceModel.cpp.obj
[768/818] Building CXX object ifcgeom\mapping\CMakeFiles\geometry_mapping_ifc4x3_add2.dir\IfcSphere.cpp.obj
[769/818] Building CXX object ifcgeom\mapping\CMakeFiles\geometry_mapping_ifc4x3_add2.dir\IfcSphericalSurface.cpp.obj
C:\Users\Davi\Downloads\oma\.release\native-build\src\ifc\src\ifcgeom\mapping\IfcSphericalSurface.cpp(26): warning C4100: 'inst': unreferenced formal parameter
[770/818] Building CXX object ifcgeom\mapping\CMakeFiles\geometry_mapping_ifc4x3_add2.dir\IfcSubedge.cpp.obj
[771/818] Building CXX object ifcgeom\mapping\CMakeFiles\geometry_mapping_ifc4x3_add2.dir\IfcSurfaceCurve.cpp.obj
[772/818] Building CXX object ifcgeom\mapping\CMakeFiles\geometry_mapping_ifc4x3_add2.dir\IfcSurfaceCurveSweptAreaSolid.cpp.obj
[773/818] Building CXX object ifcgeom\mapping\CMakeFiles\geometry_mapping_ifc4x3_add2.dir\IfcSurfaceOfLinearExtrusion.cpp.obj
[774/818] Building CXX object ifcgeom\mapping\CMakeFiles\geometry_mapping_ifc4x3_add2.dir\IfcSurfaceOfRevolution.cpp.obj
[775/818] Building CXX object ifcgeom\mapping\CMakeFiles\geometry_mapping_ifc4x3_add2.dir\IfcSweptDiskSolid.cpp.obj
[776/818] Building CXX object ifcgeom\mapping\CMakeFiles\geometry_mapping_ifc4x3_add2.dir\IfcTShapeProfileDef.cpp.obj
[777/818] Building CXX object ifcgeom\mapping\CMakeFiles\geometry_mapping_ifc4x3_add2.dir\IfcToroidalSurface.cpp.obj
C:\Users\Davi\Downloads\oma\.release\native-build\src\ifc\src\ifcgeom\mapping\IfcToroidalSurface.cpp(26): warning C4100: 'inst': unreferenced formal parameter
[778/818] Building CXX object ifcgeom\mapping\CMakeFiles\geometry_mapping_ifc4x3_add2.dir\IfcTrapeziumProfileDef.cpp.obj
[779/818] Building CXX object ifcgeom\mapping\CMakeFiles\geometry_mapping_ifc4x3_add2.dir\IfcTriangulatedFaceSet.cpp.obj
[780/818] Building CXX object ifcgeom\mapping\CMakeFiles\geometry_mapping_ifc4x3_add2.dir\IfcTrimmedCurve.cpp.obj
C:\Users\Davi\Downloads\oma\.release\native-build\src\ifc\src\ifcgeom\mapping\IfcTrimmedCurve.cpp(76): warning C4189: 'trim_cartesian_failed': local variable is initialized but not referenced
[781/818] Building CXX object ifcgeom\mapping\CMakeFiles\geometry_mapping_ifc4x3_add2.dir\IfcUShapeProfileDef.cpp.obj
[782/818] Building CXX object serializers\CMakeFiles\Serializers.dir\ColladaSerializer.cpp.obj
[783/818] Building CXX object serializers\CMakeFiles\Serializers.dir\GltfSerializer.cpp.obj
[784/818] Building CXX object serializers\CMakeFiles\Serializers.dir\HdfSerializer.cpp.obj
[785/818] Building CXX object serializers\CMakeFiles\Serializers.dir\JsonSerializer.cpp.obj
[786/818] Building CXX object ifcgeom\mapping\CMakeFiles\geometry_mapping_ifc4x3_add2.dir\IfcVector.cpp.obj
[787/818] Building CXX object serializers\CMakeFiles\Serializers.dir\RocksDbSerializer.cpp.obj
[788/818] Building CXX object ifcgeom\mapping\CMakeFiles\geometry_mapping_ifc4x3_add2.dir\IfcZShapeProfileDef.cpp.obj
[789/818] Building CXX object serializers\CMakeFiles\Serializers.dir\OpenCascadeBasedSerializer.cpp.obj
[790/818] Building CXX object serializers\CMakeFiles\Serializers.dir\USDSerializer.cpp.obj
[791/818] Building CXX object ifcgeom\mapping\CMakeFiles\geometry_mapping_ifc4x3_add2.dir\mapping.cpp.obj
C:\Users\Davi\Downloads\oma\.release\native-build\src\ifc\src\ifcgeom\mapping\mapping.cpp(596): warning C4189: 'shading': local variable is initialized but not referenced
C:\Users\Davi\Downloads\oma\.release\native-build\src\ifc\src\ifcgeom\mapping\mapping.cpp(613): warning C4706: assignment used as a condition
C:\Users\Davi\Downloads\oma\.release\native-build\src\ifc\src\ifcgeom\mapping\mapping.cpp(613): note: if an assignment is intended you can enclose it in parentheses, '(e1 = e2)', to silence this warning
C:\Users\Davi\Downloads\oma\.release\native-build\src\ifc\src\ifcgeom\mapping\mapping.cpp(937): warning C4189: 'sub': local variable is initialized but not referenced
C:\Users\Davi\Downloads\oma\.release\native-build\src\ifc\src\ifcgeom\mapping\mapping.cpp(1055): warning C4456: declaration of 'ofc' hides previous local declaration
C:\Users\Davi\Downloads\oma\.release\native-build\src\ifc\src\ifcgeom\mapping\mapping.cpp(1034): note: see declaration of 'ofc'
C:\Users\Davi\Downloads\oma\.release\native-build\src\ifc\src\ifcgeom\mapping\mapping.cpp(1059): warning C4456: declaration of 'ofc' hides previous local declaration
C:\Users\Davi\Downloads\oma\.release\native-build\src\ifc\src\ifcgeom\mapping\mapping.cpp(1034): note: see declaration of 'ofc'
[792/818] Linking CXX static library ifcgeom\IfcGeom.lib
[793/818] Linking CXX static library ifcgeom\kernels\geometry_kernel_opencascade.lib
[794/818] Building CXX object serializers\CMakeFiles\Serializers.dir\TtlWktSerializer.cpp.obj
C:\Users\Davi\Downloads\oma\.release\native-build\src\ifc\src\serializers\TtlWktSerializer.cpp(210): warning C4244: 'argument': conversion from 'const _Elem' to '_Elem', possible loss of data
        with
        [
            _Elem=char32_t
        ]
        and
        [
            _Elem=char
        ]
C:\Users\Davi\Downloads\oma\.release\native-build\src\ifc\src\serializers\TtlWktSerializer.cpp(446): warning C4456: declaration of 'it' hides previous local declaration
C:\Users\Davi\Downloads\oma\.release\native-build\src\ifc\src\serializers\TtlWktSerializer.cpp(415): note: see declaration of 'it'
C:\Users\Davi\Downloads\oma\.release\native-build\src\ifc\src\serializers\TtlWktSerializer.cpp(456): warning C4456: declaration of 'i' hides previous local declaration
C:\Users\Davi\Downloads\oma\.release\native-build\src\ifc\src\serializers\TtlWktSerializer.cpp(429): note: see declaration of 'i'
C:\Users\Davi\Downloads\oma\.release\native-build\src\ifc\src\serializers\TtlWktSerializer.cpp(341) : warning C4701: potentially uninitialized local variable 'z_value' used
[795/818] Building CXX object serializers\CMakeFiles\Serializers.dir\util.cpp.obj
[796/818] Building CXX object serializers\schema_dependent\CMakeFiles\Serializers_ifc2x3.dir\JsonSerializer.cpp.obj
[797/818] Building CXX object serializers\CMakeFiles\Serializers.dir\XmlSerializer.cpp.obj
[798/818] Building CXX object serializers\schema_dependent\CMakeFiles\Serializers_ifc4.dir\JsonSerializer.cpp.obj
[799/818] Building CXX object serializers\CMakeFiles\Serializers.dir\SvgSerializer.cpp.obj
C:\Users\Davi\Downloads\oma\.release\native-build\src\ifc\src\serializers\SvgSerializer.h(738): warning C4100: 'b': unreferenced formal parameter
[800/818] Building CXX object serializers\schema_dependent\CMakeFiles\Serializers_ifc4x1.dir\JsonSerializer.cpp.obj
[801/818] Building CXX object serializers\CMakeFiles\Serializers.dir\WavefrontObjSerializer.cpp.obj
C:\Users\Davi\Downloads\oma\.release\native-build\src\ifc\src\serializers\WavefrontObjSerializer.cpp(144): warning C4267: 'initializing': conversion from 'size_t' to 'int', possible loss of data
C:\Users\Davi\Downloads\oma\.release\native-build\src\ifc\src\serializers\WavefrontObjSerializer.cpp(144): warning C4267: 'initializing': conversion from 'size_t' to 'const int', possible loss of data
C:\Users\Davi\Downloads\oma\.release\native-build\src\ifc\src\serializers\WavefrontObjSerializer.cpp(145): warning C4267: 'initializing': conversion from 'size_t' to 'int', possible loss of data
C:\Users\Davi\Downloads\oma\.release\native-build\src\ifc\src\serializers\WavefrontObjSerializer.cpp(145): warning C4267: 'initializing': conversion from 'size_t' to 'const int', possible loss of data
C:\Users\Davi\Downloads\oma\.release\native-build\src\ifc\src\serializers\WavefrontObjSerializer.cpp(146): warning C4267: 'initializing': conversion from 'size_t' to 'int', possible loss of data
C:\Users\Davi\Downloads\oma\.release\native-build\src\ifc\src\serializers\WavefrontObjSerializer.cpp(146): warning C4267: 'initializing': conversion from 'size_t' to 'const int', possible loss of data
C:\Users\Davi\Downloads\oma\.release\native-build\src\ifc\src\serializers\WavefrontObjSerializer.cpp(148): warning C4267: 'initializing': conversion from 'size_t' to 'int', possible loss of data
C:\Users\Davi\Downloads\oma\.release\native-build\src\ifc\src\serializers\WavefrontObjSerializer.cpp(148): warning C4267: 'initializing': conversion from 'size_t' to 'const int', possible loss of data
C:\Users\Davi\Downloads\oma\.release\native-build\src\ifc\src\serializers\WavefrontObjSerializer.cpp(149): warning C4267: 'initializing': conversion from 'size_t' to 'int', possible loss of data
C:\Users\Davi\Downloads\oma\.release\native-build\src\ifc\src\serializers\WavefrontObjSerializer.cpp(149): warning C4267: 'initializing': conversion from 'size_t' to 'const int', possible loss of data
C:\Users\Davi\Downloads\oma\.release\native-build\src\ifc\src\serializers\WavefrontObjSerializer.cpp(150): warning C4267: 'initializing': conversion from 'size_t' to 'int', possible loss of data
C:\Users\Davi\Downloads\oma\.release\native-build\src\ifc\src\serializers\WavefrontObjSerializer.cpp(150): warning C4267: 'initializing': conversion from 'size_t' to 'const int', possible loss of data
C:\Users\Davi\Downloads\oma\.release\native-build\src\ifc\src\serializers\WavefrontObjSerializer.cpp(190): warning C4267: 'initializing': conversion from 'size_t' to 'int', possible loss of data
C:\Users\Davi\Downloads\oma\.release\native-build\src\ifc\src\serializers\WavefrontObjSerializer.cpp(190): warning C4267: 'initializing': conversion from 'size_t' to 'const int', possible loss of data
C:\Users\Davi\Downloads\oma\.release\native-build\src\ifc\src\serializers\WavefrontObjSerializer.cpp(191): warning C4267: 'initializing': conversion from 'size_t' to 'int', possible loss of data
C:\Users\Davi\Downloads\oma\.release\native-build\src\ifc\src\serializers\WavefrontObjSerializer.cpp(191): warning C4267: 'initializing': conversion from 'size_t' to 'const int', possible loss of data
[802/818] Building CXX object serializers\schema_dependent\CMakeFiles\Serializers_ifc4x2.dir\JsonSerializer.cpp.obj
[803/818] Building CXX object serializers\schema_dependent\CMakeFiles\Serializers_ifc2x3.dir\XmlSerializer.cpp.obj
C:\Users\Davi\Downloads\oma\.release\native-build\src\ifc\src\serializers\schema_dependent\XmlSerializer.cpp(129): warning C4189: 'placement': local variable is initialized but not referenced
C:\Users\Davi\Downloads\oma\.release\native-build\src\ifc\src\serializers\schema_dependent\XmlSerializer.cpp(155): warning C4267: 'initializing': conversion from 'size_t' to 'unsigned int', possible loss of data
C:\Users\Davi\Downloads\oma\.release\native-build\src\ifc\src\serializers\schema_dependent\XmlSerializer.cpp(155): warning C4267: 'initializing': conversion from 'size_t' to 'const unsigned int', possible loss of data
[804/818] Building CXX object serializers\schema_dependent\CMakeFiles\Serializers_ifc4x3.dir\JsonSerializer.cpp.obj
[805/818] Building CXX object serializers\schema_dependent\CMakeFiles\Serializers_ifc4.dir\XmlSerializer.cpp.obj
C:\Users\Davi\Downloads\oma\.release\native-build\src\ifc\src\serializers\schema_dependent\XmlSerializer.cpp(129): warning C4189: 'placement': local variable is initialized but not referenced
C:\Users\Davi\Downloads\oma\.release\native-build\src\ifc\src\serializers\schema_dependent\XmlSerializer.cpp(155): warning C4267: 'initializing': conversion from 'size_t' to 'unsigned int', possible loss of data
C:\Users\Davi\Downloads\oma\.release\native-build\src\ifc\src\serializers\schema_dependent\XmlSerializer.cpp(155): warning C4267: 'initializing': conversion from 'size_t' to 'const unsigned int', possible loss of data
[806/818] Building CXX object serializers\schema_dependent\CMakeFiles\Serializers_ifc4x3_tc1.dir\JsonSerializer.cpp.obj
[807/818] Building CXX object serializers\schema_dependent\CMakeFiles\Serializers_ifc4x1.dir\XmlSerializer.cpp.obj
C:\Users\Davi\Downloads\oma\.release\native-build\src\ifc\src\serializers\schema_dependent\XmlSerializer.cpp(129): warning C4189: 'placement': local variable is initialized but not referenced
C:\Users\Davi\Downloads\oma\.release\native-build\src\ifc\src\serializers\schema_dependent\XmlSerializer.cpp(155): warning C4267: 'initializing': conversion from 'size_t' to 'unsigned int', possible loss of data
C:\Users\Davi\Downloads\oma\.release\native-build\src\ifc\src\serializers\schema_dependent\XmlSerializer.cpp(155): warning C4267: 'initializing': conversion from 'size_t' to 'const unsigned int', possible loss of data
[808/818] Building CXX object serializers\schema_dependent\CMakeFiles\Serializers_ifc4x3_add1.dir\JsonSerializer.cpp.obj
[809/818] Building CXX object serializers\schema_dependent\CMakeFiles\Serializers_ifc4x2.dir\XmlSerializer.cpp.obj
C:\Users\Davi\Downloads\oma\.release\native-build\src\ifc\src\serializers\schema_dependent\XmlSerializer.cpp(129): warning C4189: 'placement': local variable is initialized but not referenced
C:\Users\Davi\Downloads\oma\.release\native-build\src\ifc\src\serializers\schema_dependent\XmlSerializer.cpp(155): warning C4267: 'initializing': conversion from 'size_t' to 'unsigned int', possible loss of data
C:\Users\Davi\Downloads\oma\.release\native-build\src\ifc\src\serializers\schema_dependent\XmlSerializer.cpp(155): warning C4267: 'initializing': conversion from 'size_t' to 'const unsigned int', possible loss of data
[810/818] Building CXX object serializers\schema_dependent\CMakeFiles\Serializers_ifc4x3_add2.dir\JsonSerializer.cpp.obj
[811/818] Building CXX object serializers\schema_dependent\CMakeFiles\Serializers_ifc4x3.dir\XmlSerializer.cpp.obj
C:\Users\Davi\Downloads\oma\.release\native-build\src\ifc\src\serializers\schema_dependent\XmlSerializer.cpp(129): warning C4189: 'placement': local variable is initialized but not referenced
C:\Users\Davi\Downloads\oma\.release\native-build\src\ifc\src\serializers\schema_dependent\XmlSerializer.cpp(155): warning C4267: 'initializing': conversion from 'size_t' to 'unsigned int', possible loss of data
C:\Users\Davi\Downloads\oma\.release\native-build\src\ifc\src\serializers\schema_dependent\XmlSerializer.cpp(155): warning C4267: 'initializing': conversion from 'size_t' to 'const unsigned int', possible loss of data
[812/818] Building CXX object serializers\schema_dependent\CMakeFiles\Serializers_ifc4x3_tc1.dir\XmlSerializer.cpp.obj
C:\Users\Davi\Downloads\oma\.release\native-build\src\ifc\src\serializers\schema_dependent\XmlSerializer.cpp(129): warning C4189: 'placement': local variable is initialized but not referenced
C:\Users\Davi\Downloads\oma\.release\native-build\src\ifc\src\serializers\schema_dependent\XmlSerializer.cpp(155): warning C4267: 'initializing': conversion from 'size_t' to 'unsigned int', possible loss of data
C:\Users\Davi\Downloads\oma\.release\native-build\src\ifc\src\serializers\schema_dependent\XmlSerializer.cpp(155): warning C4267: 'initializing': conversion from 'size_t' to 'const unsigned int', possible loss of data
[813/818] Building CXX object serializers\schema_dependent\CMakeFiles\Serializers_ifc4x3_add1.dir\XmlSerializer.cpp.obj
C:\Users\Davi\Downloads\oma\.release\native-build\src\ifc\src\serializers\schema_dependent\XmlSerializer.cpp(129): warning C4189: 'placement': local variable is initialized but not referenced
C:\Users\Davi\Downloads\oma\.release\native-build\src\ifc\src\serializers\schema_dependent\XmlSerializer.cpp(155): warning C4267: 'initializing': conversion from 'size_t' to 'unsigned int', possible loss of data
C:\Users\Davi\Downloads\oma\.release\native-build\src\ifc\src\serializers\schema_dependent\XmlSerializer.cpp(155): warning C4267: 'initializing': conversion from 'size_t' to 'const unsigned int', possible loss of data
[814/818] Building CXX object serializers\schema_dependent\CMakeFiles\Serializers_ifc4x3_add2.dir\XmlSerializer.cpp.obj
C:\Users\Davi\Downloads\oma\.release\native-build\src\ifc\src\serializers\schema_dependent\XmlSerializer.cpp(129): warning C4189: 'placement': local variable is initialized but not referenced
C:\Users\Davi\Downloads\oma\.release\native-build\src\ifc\src\serializers\schema_dependent\XmlSerializer.cpp(155): warning C4267: 'initializing': conversion from 'size_t' to 'unsigned int', possible loss of data
C:\Users\Davi\Downloads\oma\.release\native-build\src\ifc\src\serializers\schema_dependent\XmlSerializer.cpp(155): warning C4267: 'initializing': conversion from 'size_t' to 'const unsigned int', possible loss of data
[815/818] Linking CXX static library serializers\Serializers.lib
[816/818] Swig compile IfcPython.i for python
C:\Users\Davi\Downloads\oma\.release\native-build\src\ifc\src\ifcwrap\..\ifcgeom\ConversionResult.h(62) : Warning 317: Specialization of non-template 'hash'.
C:\Users\Davi\Downloads\oma\.release\native-build\src\ifc\src\ifcwrap\..\ifcgeom\ConversionResult.h(224) : Warning 362: operator= ignored
C:\Users\Davi\Downloads\oma\.release\native-build\src\ifc\src\ifcwrap\..\ifcgeom\taxonomy.h(228) : Warning 362: operator= ignored
C:\Users\Davi\Downloads\oma\.release\native-build\src\ifc\src\ifcwrap\..\ifcgeom\taxonomy.h(651) : Warning 314: 'print' is a python keyword, renaming to '_print'
C:\Users\Davi\Downloads\oma\.release\native-build\src\ifc\src\ifcwrap\..\ifcgeom\taxonomy.h(651) : Warning 314: 'print' is a python keyword, renaming to '_print'
C:\Users\Davi\Downloads\oma\.release\native-build\src\ifc\src\ifcwrap\..\ifcgeom\taxonomy.h(669) : Warning 314: 'print' is a python keyword, renaming to '_print'
C:\Users\Davi\Downloads\oma\.release\native-build\src\ifc\src\ifcwrap\..\ifcgeom\taxonomy.h(669) : Warning 314: 'print' is a python keyword, renaming to '_print'
C:\Users\Davi\Downloads\oma\.release\native-build\src\ifc\src\ifcwrap\..\ifcgeom\taxonomy.h(1523) : Warning 302: Redefinition of identifier 'cast' as ifcopenshell::geometry::taxonomy::cast ignored,
C:\Users\Davi\Downloads\oma\.release\native-build\src\ifc\src\ifcwrap\..\ifcgeom\taxonomy.h(47) : Warning 302: previous definition of 'cast' as ifcopenshell::geometry::taxonomy::cast.
C:\Users\Davi\Downloads\oma\.release\native-build\src\ifc\src\ifcwrap\..\ifcgeom\taxonomy.h(1563) : Warning 302: Redefinition of identifier 'dcast' as ifcopenshell::geometry::taxonomy::dcast ignored,
C:\Users\Davi\Downloads\oma\.release\native-build\src\ifc\src\ifcwrap\..\ifcgeom\taxonomy.h(49) : Warning 302: previous definition of 'dcast' as ifcopenshell::geometry::taxonomy::dcast.
C:\Users\Davi\Downloads\oma\.release\native-build\src\ifc\src\ifcwrap\..\serializers\XmlSerializer.h(38) : Warning 325: Nested class not currently supported (Factory ignored)
C:\Users\Davi\Downloads\oma\.release\native-build\src\ifc\src\ifcwrap\..\ifcgeom\kernels\opencascade\IfcGeomTree.h(1006) : Warning 325: Nested struct not currently supported (clash_task ignored)
C:\Users\Davi\Downloads\oma\.release\native-build\src\ifc\src\ifcwrap\..\ifcparse\IfcFile.h(482) : Warning 317: Specialization of non-template 'iterator_traits'.
C:\Users\Davi\Downloads\oma\.release\native-build\src\ifc\src\ifcwrap\..\ifcparse\IfcBaseClass.h(128) : Warning 302: Redefinition of identifier 'id' by %extend ignored,
C:\Users\Davi\Downloads\oma\.release\native-build\src\ifc\src\ifcwrap\IfcParseWrapper.i(360) : Warning 302: %extend definition of 'id'.
C:\Users\Davi\Downloads\oma\.release\native-build\src\ifc\src\ifcwrap\..\ifcparse\IfcSchema.h(64) : Warning 314: 'is' is a python keyword, renaming to '_is'
C:\Users\Davi\Downloads\oma\.release\native-build\src\ifc\src\ifcwrap\..\ifcparse\IfcSchema.h(65) : Warning 314: 'is' is a python keyword, renaming to '_is'
C:\Users\Davi\Downloads\oma\.release\native-build\src\ifc\src\ifcwrap\..\ifcparse\IfcSchema.h(80) : Warning 314: 'is' is a python keyword, renaming to '_is'
C:\Users\Davi\Downloads\oma\.release\native-build\src\ifc\src\ifcwrap\..\ifcparse\IfcSchema.h(81) : Warning 314: 'is' is a python keyword, renaming to '_is'
C:\Users\Davi\Downloads\oma\.release\native-build\src\ifc\src\ifcwrap\..\ifcparse\IfcSchema.h(171) : Warning 314: 'is' is a python keyword, renaming to '_is'
C:\Users\Davi\Downloads\oma\.release\native-build\src\ifc\src\ifcwrap\..\ifcparse\IfcSchema.h(172) : Warning 314: 'is' is a python keyword, renaming to '_is'
C:\Users\Davi\Downloads\oma\.release\native-build\src\ifc\src\ifcwrap\..\ifcparse\IfcSchema.h(320) : Warning 325: Nested class not currently supported (attribute_by_name_cmp ignored)
C:\Users\Davi\Downloads\oma\.release\native-build\src\ifc\src\ifcwrap\IfcParseWrapper.i(653) : Warning 303: %extend defined for an undeclared class IfcParse::FileName.
C:\Users\Davi\Downloads\oma\.release\native-build\src\ifc\src\ifcwrap\IfcParseWrapper.i(696) : Warning 303: %extend defined for an undeclared class IfcParse::FileSchema.
C:\Users\Davi\Downloads\oma\.release\native-build\src\ifc\src\ifcwrap\IfcGeomWrapper.i(873) : Warning 303: %extend defined for an undeclared class IfcGeom::Matrix.
C:\Users\Davi\Downloads\oma\.release\native-build\src\ifc\src\ifcwrap\IfcParseWrapper.i(643) : Warning 303: %extend defined for an undeclared class IfcParse::FileDescription.
C:\Users\Davi\Downloads\oma\.release\native-build\src\ifc\src\ifcwrap\..\ifcgeom\ConversionSettings.h(455) : Warning 401: Nothing known about base class 'SettingBase< MakeVolume,bool >'. Ignored.
C:\Users\Davi\Downloads\oma\.release\native-build\src\ifc\src\ifcwrap\..\ifcgeom\ConversionSettings.h(455) : Warning 401: Maybe you forgot to instantiate 'SettingBase< MakeVolume,bool >' using %template.
C:\Users\Davi\Downloads\oma\.release\native-build\src\ifc\src\ifcwrap\..\ifcgeom\ConversionSettings.h(655) : Warning 401: Nothing known about base class 'SettingsContainer< std::tuple< MesherLinearDeflection,MesherAngularDeflection,ReorientShells,LengthUnit,PlaneUnit,Precision,OutputDimensionality,LayersetFirst,DisableBooleanResult,NoWireIntersectionCheck,NoWireIntersectionTolerance,PrecisionFactor,DebugBooleanOperations,BooleanAttempt2d,SurfaceColour,WeldVertices,UseWorldCoords,UnifyShapes,UseMaterialNames,ConvertBackUnits,ContextIds,ContextTypes,ContextIdentifiers,IteratorOutput,DisableOpeningSubtractions,ApplyDefaultMaterials,DontEmitNormals,GenerateUvs,ApplyLayerSets,UseElementHierarchy,ValidateQuantities,EdgeArrows,BuildingLocalPlacement,SiteLocalPlacement,ForceSpaceTransparency,CircleSegments,CgalSmoothAngleDegrees,KeepBoundingBoxes,ComputeCurvature,FunctionStepType,FunctionStepParam,NoParallelMapping,PermissiveShapeReuse,ModelOffset,ModelRotation,TriangulationType,CgalEmitOriginalEdges,OcctNoCleanTriangulation,CacheShapes,DeferProcessingFirstElement,MaxOffset,MaxOffsetDeviation,ApplyOffset,MakeVolume > >'. Ignored.
C:\Users\Davi\Downloads\oma\.release\native-build\src\ifc\src\ifcwrap\..\ifcgeom\ConversionSettings.h(655) : Warning 401: Maybe you forgot to instantiate 'SettingsContainer< std::tuple< MesherLinearDeflection,MesherAngularDeflection,ReorientShells,LengthUnit,PlaneUnit,Precision,OutputDimensionality,LayersetFirst,DisableBooleanResult,NoWireIntersectionCheck,NoWireIntersectionTolerance,PrecisionFactor,DebugBooleanOperations,BooleanAttempt2d,SurfaceColour,WeldVertices,UseWorldCoords,UnifyShapes,UseMaterialNames,ConvertBackUnits,ContextIds,ContextTypes,ContextIdentifiers,IteratorOutput,DisableOpeningSubtractions,ApplyDefaultMaterials,DontEmitNormals,GenerateUvs,ApplyLayerSets,UseElementHierarchy,ValidateQuantities,EdgeArrows,BuildingLocalPlacement,SiteLocalPlacement,ForceSpaceTransparency,CircleSegments,CgalSmoothAngleDegrees,KeepBoundingBoxes,ComputeCurvature,FunctionStepType,FunctionStepParam,NoParallelMapping,PermissiveShapeReuse,ModelOffset,ModelRotation,TriangulationType,CgalEmitOriginalEdges,OcctNoCleanTriangulation,CacheShapes,DeferProcessingFirstElement,MaxOffset,MaxOffsetDeviation,ApplyOffset,MakeVolume > >' using %template.
C:\Users\Davi\Downloads\oma\.release\native-build\src\ifc\src\ifcwrap\..\ifcgeom\GeometrySerializer.h(98) : Warning 401: Nothing known about base class 'SettingsContainer< std::tuple< UseElementNames,UseElementGuids,UseElementStepIds,UseElementTypes,UseYUp,WriteGltfEcef,FloatingPointDigits,BaseUri,WktUseSection,SeparateZUpNode > >'. Ignored.
C:\Users\Davi\Downloads\oma\.release\native-build\src\ifc\src\ifcwrap\..\ifcgeom\GeometrySerializer.h(98) : Warning 401: Maybe you forgot to instantiate 'SettingsContainer< std::tuple< UseElementNames,UseElementGuids,UseElementStepIds,UseElementTypes,UseYUp,WriteGltfEcef,FloatingPointDigits,BaseUri,WktUseSection,SeparateZUpNode > >' using %template.
C:\Users\Davi\Downloads\oma\.release\native-build\src\ifc\src\ifcwrap\..\ifcgeom\GeometrySerializer.h(142) : Warning 401: Nothing known about base class 'Serializer'. Ignored.
C:\Users\Davi\Downloads\oma\.release\native-build\src\ifc\src\ifcwrap\..\ifcgeom\taxonomy.h(277) : Warning 401: Nothing known about base class 'eigen_base< Eigen::Matrix4d >'. Ignored.
C:\Users\Davi\Downloads\oma\.release\native-build\src\ifc\src\ifcwrap\..\ifcgeom\taxonomy.h(277) : Warning 401: Maybe you forgot to instantiate 'eigen_base< Eigen::Matrix4d >' using %template.
C:\Users\Davi\Downloads\oma\.release\native-build\src\ifc\src\ifcwrap\..\ifcgeom\taxonomy.h(343) : Warning 401: Nothing known about base class 'eigen_base< Eigen::Vector3d >'. Ignored.
C:\Users\Davi\Downloads\oma\.release\native-build\src\ifc\src\ifcwrap\..\ifcgeom\taxonomy.h(343) : Warning 401: Maybe you forgot to instantiate 'eigen_base< Eigen::Vector3d >' using %template.
C:\Users\Davi\Downloads\oma\.release\native-build\src\ifc\src\ifcwrap\..\ifcgeom\taxonomy.h(640) : Warning 401: Nothing known about base class 'cartesian_base< 3 >'. Ignored.
C:\Users\Davi\Downloads\oma\.release\native-build\src\ifc\src\ifcwrap\..\ifcgeom\taxonomy.h(640) : Warning 401: Maybe you forgot to instantiate 'cartesian_base< 3 >' using %template.
C:\Users\Davi\Downloads\oma\.release\native-build\src\ifc\src\ifcwrap\..\ifcgeom\taxonomy.h(658) : Warning 401: Nothing known about base class 'cartesian_base< 3 >'. Ignored.
C:\Users\Davi\Downloads\oma\.release\native-build\src\ifc\src\ifcwrap\..\ifcgeom\taxonomy.h(658) : Warning 401: Maybe you forgot to instantiate 'cartesian_base< 3 >' using %template.
C:\Users\Davi\Downloads\oma\.release\native-build\src\ifc\src\ifcwrap\..\ifcgeom\taxonomy.h(914) : Warning 401: Nothing known about base class 'collection_base< geom_item >'. Ignored.
C:\Users\Davi\Downloads\oma\.release\native-build\src\ifc\src\ifcwrap\..\ifcgeom\taxonomy.h(914) : Warning 401: Maybe you forgot to instantiate 'collection_base< geom_item >' using %template.
C:\Users\Davi\Downloads\oma\.release\native-build\src\ifc\src\ifcwrap\..\ifcgeom\taxonomy.h(927) : Warning 401: Nothing known about base class 'collection_base< edge >'. Ignored.
C:\Users\Davi\Downloads\oma\.release\native-build\src\ifc\src\ifcwrap\..\ifcgeom\taxonomy.h(927) : Warning 401: Maybe you forgot to instantiate 'collection_base< edge >' using %template.
C:\Users\Davi\Downloads\oma\.release\native-build\src\ifc\src\ifcwrap\..\ifcgeom\taxonomy.h(991) : Warning 401: Nothing known about base class 'collection_base< loop >'. Ignored.
C:\Users\Davi\Downloads\oma\.release\native-build\src\ifc\src\ifcwrap\..\ifcgeom\taxonomy.h(991) : Warning 401: Maybe you forgot to instantiate 'collection_base< loop >' using %template.
C:\Users\Davi\Downloads\oma\.release\native-build\src\ifc\src\ifcwrap\..\ifcgeom\taxonomy.h(1012) : Warning 401: Nothing known about base class 'collection_base< face >'. Ignored.
C:\Users\Davi\Downloads\oma\.release\native-build\src\ifc\src\ifcwrap\..\ifcgeom\taxonomy.h(1012) : Warning 401: Maybe you forgot to instantiate 'collection_base< face >' using %template.
C:\Users\Davi\Downloads\oma\.release\native-build\src\ifc\src\ifcwrap\..\ifcgeom\taxonomy.h(1050) : Warning 401: Nothing known about base class 'collection_base< shell >'. Ignored.
C:\Users\Davi\Downloads\oma\.release\native-build\src\ifc\src\ifcwrap\..\ifcgeom\taxonomy.h(1050) : Warning 401: Maybe you forgot to instantiate 'collection_base< shell >' using %template.
C:\Users\Davi\Downloads\oma\.release\native-build\src\ifc\src\ifcwrap\..\ifcgeom\taxonomy.h(1062) : Warning 401: Nothing known about base class 'collection_base< geom_item >'. Ignored.
C:\Users\Davi\Downloads\oma\.release\native-build\src\ifc\src\ifcwrap\..\ifcgeom\taxonomy.h(1062) : Warning 401: Maybe you forgot to instantiate 'collection_base< geom_item >' using %template.
C:\Users\Davi\Downloads\oma\.release\native-build\src\ifc\src\ifcwrap\..\ifcgeom\taxonomy.h(1264) : Warning 401: Nothing known about base class 'collection_base< geom_item >'. Ignored.
C:\Users\Davi\Downloads\oma\.release\native-build\src\ifc\src\ifcwrap\..\ifcgeom\taxonomy.h(1264) : Warning 401: Maybe you forgot to instantiate 'collection_base< geom_item >' using %template.
C:\Users\Davi\Downloads\oma\.release\native-build\src\ifc\src\ifcwrap\..\serializers\XmlSerializer.h(11) : Warning 401: Nothing known about base class 'Serializer'. Ignored.
C:\Users\Davi\Downloads\oma\.release\native-build\src\ifc\src\ifcwrap\..\ifcgeom\kernels\opencascade\IfcGeomTree.h(1484) : Warning 401: Nothing known about base class 'impl::tree< IfcUtil::IfcBaseEntity const * >'. Ignored.
C:\Users\Davi\Downloads\oma\.release\native-build\src\ifc\src\ifcwrap\..\ifcgeom\kernels\opencascade\IfcGeomTree.h(1484) : Warning 401: Maybe you forgot to instantiate 'impl::tree< IfcUtil::IfcBaseEntity const * >' using %template.
C:\Users\Davi\Downloads\oma\.release\native-build\src\ifc\src\ifcwrap\IfcGeomWrapper.i(382) : Warning 509: Overloaded method ifcopenshell::geometry::Settings::set_(std::string const &,ifcopenshell::geometry::settings::IteratorOutputOptions) effectively ignored,
C:\Users\Davi\Downloads\oma\.release\native-build\src\ifc\src\ifcwrap\IfcGeomWrapper.i(379) : Warning 509: as it is shadowed by ifcopenshell::geometry::Settings::set_(std::string const &,int).
C:\Users\Davi\Downloads\oma\.release\native-build\src\ifc\src\ifcwrap\IfcGeomWrapper.i(385) : Warning 509: Overloaded method ifcopenshell::geometry::Settings::set_(std::string const &,ifcopenshell::geometry::settings::FunctionStepMethod) effectively ignored,
C:\Users\Davi\Downloads\oma\.release\native-build\src\ifc\src\ifcwrap\IfcGeomWrapper.i(379) : Warning 509: as it is shadowed by ifcopenshell::geometry::Settings::set_(std::string const &,int).
C:\Users\Davi\Downloads\oma\.release\native-build\src\ifc\src\ifcwrap\IfcGeomWrapper.i(388) : Warning 509: Overloaded method ifcopenshell::geometry::Settings::set_(std::string const &,ifcopenshell::geometry::settings::OutputDimensionalityTypes) effectively ignored,
C:\Users\Davi\Downloads\oma\.release\native-build\src\ifc\src\ifcwrap\IfcGeomWrapper.i(379) : Warning 509: as it is shadowed by ifcopenshell::geometry::Settings::set_(std::string const &,int).
C:\Users\Davi\Downloads\oma\.release\native-build\src\ifc\src\ifcwrap\IfcGeomWrapper.i(400) : Warning 509: Overloaded method ifcopenshell::geometry::Settings::set_(std::string const &,std::set< std::string > const &) effectively ignored,
C:\Users\Davi\Downloads\oma\.release\native-build\src\ifc\src\ifcwrap\IfcGeomWrapper.i(397) : Warning 509: as it is shadowed by ifcopenshell::geometry::Settings::set_(std::string const &,std::set< int > const &).
C:\Users\Davi\Downloads\oma\.release\native-build\src\ifc\src\ifcwrap\IfcGeomWrapper.i(403) : Warning 509: Overloaded method ifcopenshell::geometry::Settings::set_(std::string const &,std::vector< double,std::allocator< double > > const &) effectively ignored,
C:\Users\Davi\Downloads\oma\.release\native-build\src\ifc\src\ifcwrap\IfcGeomWrapper.i(397) : Warning 509: as it is shadowed by ifcopenshell::geometry::Settings::set_(std::string const &,std::set< int > const &).
C:\Users\Davi\Downloads\oma\.release\native-build\src\ifc\src\ifcwrap\..\ifcgeom\taxonomy.h(449) : Warning 509: Overloaded method ifcopenshell::geometry::taxonomy::functor_item::functor_item(ifcopenshell::geometry::taxonomy::functor_item const &) effectively ignored,
C:\Users\Davi\Downloads\oma\.release\native-build\src\ifc\src\ifcwrap\..\ifcgeom\taxonomy.h(448) : Warning 509: as it is shadowed by ifcopenshell::geometry::taxonomy::functor_item::functor_item(ifcopenshell::geometry::taxonomy::functor_item &&).
C:\Users\Davi\Downloads\oma\.release\native-build\src\ifc\src\ifcwrap\..\ifcgeom\taxonomy.h(477) : Warning 509: Overloaded method ifcopenshell::geometry::taxonomy::piecewise_function::piecewise_function(ifcopenshell::geometry::taxonomy::piecewise_function const &) effectively ignored,
C:\Users\Davi\Downloads\oma\.release\native-build\src\ifc\src\ifcwrap\..\ifcgeom\taxonomy.h(476) : Warning 509: as it is shadowed by ifcopenshell::geometry::taxonomy::piecewise_function::piecewise_function(ifcopenshell::geometry::taxonomy::piecewise_function &&).
C:\Users\Davi\Downloads\oma\.release\native-build\src\ifc\src\ifcwrap\..\ifcgeom\taxonomy.h(505) : Warning 509: Overloaded method ifcopenshell::geometry::taxonomy::gradient_function::gradient_function(ifcopenshell::geometry::taxonomy::gradient_function const &) effectively ignored,
C:\Users\Davi\Downloads\oma\.release\native-build\src\ifc\src\ifcwrap\..\ifcgeom\taxonomy.h(504) : Warning 509: as it is shadowed by ifcopenshell::geometry::taxonomy::gradient_function::gradient_function(ifcopenshell::geometry::taxonomy::gradient_function &&).
C:\Users\Davi\Downloads\oma\.release\native-build\src\ifc\src\ifcwrap\..\ifcgeom\taxonomy.h(531) : Warning 509: Overloaded method ifcopenshell::geometry::taxonomy::cant_function::cant_function(ifcopenshell::geometry::taxonomy::cant_function const &) effectively ignored,
C:\Users\Davi\Downloads\oma\.release\native-build\src\ifc\src\ifcwrap\..\ifcgeom\taxonomy.h(530) : Warning 509: as it is shadowed by ifcopenshell::geometry::taxonomy::cant_function::cant_function(ifcopenshell::geometry::taxonomy::cant_function &&).
C:\Users\Davi\Downloads\oma\.release\native-build\src\ifc\src\ifcwrap\..\ifcgeom\taxonomy.h(558) : Warning 509: Overloaded method ifcopenshell::geometry::taxonomy::offset_function::offset_function(ifcopenshell::geometry::taxonomy::offset_function const &) effectively ignored,
C:\Users\Davi\Downloads\oma\.release\native-build\src\ifc\src\ifcwrap\..\ifcgeom\taxonomy.h(557) : Warning 509: as it is shadowed by ifcopenshell::geometry::taxonomy::offset_function::offset_function(ifcopenshell::geometry::taxonomy::offset_function &&).
C:\Users\Davi\Downloads\oma\.release\native-build\src\ifc\src\ifcwrap\IfcGeomWrapper.i(479) : Warning 509: Overloaded method IfcGeom::tree::select_box(Bnd_Box const &) const effectively ignored,
C:\Users\Davi\Downloads\oma\.release\native-build\src\ifc\src\ifcwrap\IfcGeomWrapper.i(474) : Warning 509: as it is shadowed by IfcGeom::tree::select_box(gp_Pnt const &) const.
C:\Users\Davi\Downloads\oma\.release\native-build\src\ifc\src\ifcwrap\..\ifcparse\file_open_status.h(29) : Warning 503: Can't wrap 'operator file_open_enum' unless renamed to a valid identifier.
[817/818] Building CXX object ifcwrap\CMakeFiles\ifcopenshell_wrapper.dir\CMakeFiles\ifcopenshell_wrapper.dir\IfcPythonPYTHON_wrap.cxx.obj
FAILED: ifcwrap/CMakeFiles/ifcopenshell_wrapper.dir/CMakeFiles/ifcopenshell_wrapper.dir/IfcPythonPYTHON_wrap.cxx.obj 
"C:\Program Files (x86)\Microsoft Visual Studio\2022\BuildTools\VC\Tools\MSVC\14.40.33807\bin\Hostx64\x64\cl.exe"  /nologo /TP -DBOOST_ALL_NO_LIB -DGLX_GLXEXT_LEGACY -DGL_GLEXT_LEGACY -DHAS_SCHEMA_2x3 -DHAS_SCHEMA_4 -DHAS_SCHEMA_4x1 -DHAS_SCHEMA_4x2 -DHAS_SCHEMA_4x3 -DHAS_SCHEMA_4x3_add1 -DHAS_SCHEMA_4x3_add2 -DHAS_SCHEMA_4x3_tc1 -DHAVE_NO_DLL -DIFOPSH_WITH_OPENCASCADE -DNOMINMAX -DPy_NO_LINK_LIB -DSCHEMA_SEQ=(2x3)(4)(4x1)(4x2)(4x3)(4x3_tc1)(4x3_add1)(4x3_add2) -DSTRSAFE_NO_DEPRECATE -DSWIG_PYTHON_INTERPRETER_NO_DEBUG -DUNICODE -D_CRT_NONSTDC_NO_DEPRECATE -D_CRT_SECURE_NO_WARNINGS -D_DISABLE_CONSTEXPR_MUTEX_CONSTRUCTOR -D_ENABLE_EXTENDED_ALIGNED_STORAGE -D_SCL_SECURE_NO_WARNINGS -D_UNICODE -Difcopenshell_wrapper_EXPORTS -IC:\Users\Davi\Downloads\oma\.release\native-build\src\ifc\src\ifcwrap -IC:\Users\Davi\Downloads\oma\.release\native-build\src\boost -external:I"C:\Program Files\WindowsApps\PythonSoftwareFoundation.Python.3.12_3.12.2800.0_x64__qbz5n2kfra8p0\include" -external:IC:\Users\Davi\Downloads\oma\.release\native-build\sdk\occt\inc -external:IC:\Users\Davi\Downloads\oma\.release\native-build\src\eigen -external:W0 /DWIN32 /D_WINDOWS /EHsc /O2 /Ob2 /DNDEBUG -std:c++17 -MD   -wd4250 -wd4584 -bigobj -W4 -wd4458 -permissive- /showIncludes /Foifcwrap\CMakeFiles\ifcopenshell_wrapper.dir\CMakeFiles\ifcopenshell_wrapper.dir\IfcPythonPYTHON_wrap.cxx.obj /Fdifcwrap\CMakeFiles\ifcopenshell_wrapper.dir\ /FS -c C:\Users\Davi\Downloads\oma\.release\native-build\build\ifc\ifcwrap\CMakeFiles\ifcopenshell_wrapper.dir\IfcPythonPYTHON_wrap.cxx
C:\Users\Davi\Downloads\oma\.release\native-build\src\ifc\src\ifcwrap\../serializers/SvgSerializer.h(738): warning C4100: 'b': unreferenced formal parameter
C:\Users\Davi\Downloads\oma\.release\native-build\src\ifc\src\ifcwrap\../ifcgeom/hybrid_kernel.h(86): warning C4189: 'has_openings': local variable is initialized but not referenced
C:\Users\Davi\Downloads\oma\.release\native-build\build\ifc\ifcwrap\CMakeFiles\ifcopenshell_wrapper.dir\IfcPythonPYTHON_wrap.cxx(7462): warning C4267: 'return': conversion from 'size_t' to 'int', possible loss of data
C:\Users\Davi\Downloads\oma\.release\native-build\build\ifc\ifcwrap\CMakeFiles\ifcopenshell_wrapper.dir\IfcPythonPYTHON_wrap.cxx(7507): warning C4100: 'key': unreferenced formal parameter
C:\Users\Davi\Downloads\oma\.release\native-build\build\ifc\ifcwrap\CMakeFiles\ifcopenshell_wrapper.dir\IfcPythonPYTHON_wrap.cxx(7561): warning C4267: 'return': conversion from 'size_t' to 'int', possible loss of data
C:\Users\Davi\Downloads\oma\.release\native-build\build\ifc\ifcwrap\CMakeFiles\ifcopenshell_wrapper.dir\IfcPythonPYTHON_wrap.cxx(7815): warning C4100: 'self': unreferenced formal parameter
C:\Users\Davi\Downloads\oma\.release\native-build\build\ifc\ifcwrap\CMakeFiles\ifcopenshell_wrapper.dir\IfcPythonPYTHON_wrap.cxx(7855): warning C4267: 'argument': conversion from 'size_t' to 'int', possible loss of data
C:\Users\Davi\Downloads\oma\.release\native-build\build\ifc\ifcwrap\CMakeFiles\ifcopenshell_wrapper.dir\IfcPythonPYTHON_wrap.cxx(7863): warning C4267: 'argument': conversion from 'size_t' to 'int', possible loss of data
C:\Users\Davi\Downloads\oma\.release\native-build\build\ifc\ifcwrap\CMakeFiles\ifcopenshell_wrapper.dir\IfcPythonPYTHON_wrap.cxx(7965): warning C4189: 'attr_type': local variable is initialized but not referenced
C:\Users\Davi\Downloads\oma\.release\native-build\build\ifc\ifcwrap\CMakeFiles\ifcopenshell_wrapper.dir\IfcPythonPYTHON_wrap.cxx(11294): error C2248: 'SwigValueWrapper<IfcGeom::OpaqueCoordinate<3>>::SwigValueWrapper': cannot access private member declared in class 'SwigValueWrapper<IfcGeom::OpaqueCoordinate<3>>'
C:\Users\Davi\Downloads\oma\.release\native-build\build\ifc\ifcwrap\CMakeFiles\ifcopenshell_wrapper.dir\IfcPythonPYTHON_wrap.cxx(3492): note: see declaration of 'SwigValueWrapper<IfcGeom::OpaqueCoordinate<3>>::SwigValueWrapper'
C:\Users\Davi\Downloads\oma\.release\native-build\build\ifc\ifcwrap\CMakeFiles\ifcopenshell_wrapper.dir\IfcPythonPYTHON_wrap.cxx(3483): note: see declaration of 'SwigValueWrapper<IfcGeom::OpaqueCoordinate<3>>'
C:\Users\Davi\Downloads\oma\.release\native-build\build\ifc\ifcwrap\CMakeFiles\ifcopenshell_wrapper.dir\IfcPythonPYTHON_wrap.cxx(11330): error C2248: 'SwigValueWrapper<IfcGeom::OpaqueCoordinate<3>>::SwigValueWrapper': cannot access private member declared in class 'SwigValueWrapper<IfcGeom::OpaqueCoordinate<3>>'
C:\Users\Davi\Downloads\oma\.release\native-build\build\ifc\ifcwrap\CMakeFiles\ifcopenshell_wrapper.dir\IfcPythonPYTHON_wrap.cxx(3492): note: see declaration of 'SwigValueWrapper<IfcGeom::OpaqueCoordinate<3>>::SwigValueWrapper'
C:\Users\Davi\Downloads\oma\.release\native-build\build\ifc\ifcwrap\CMakeFiles\ifcopenshell_wrapper.dir\IfcPythonPYTHON_wrap.cxx(3483): note: see declaration of 'SwigValueWrapper<IfcGeom::OpaqueCoordinate<3>>'
C:\Users\Davi\Downloads\oma\.release\native-build\build\ifc\ifcwrap\CMakeFiles\ifcopenshell_wrapper.dir\IfcPythonPYTHON_wrap.cxx(11366): error C2248: 'SwigValueWrapper<IfcGeom::OpaqueCoordinate<4>>::SwigValueWrapper': cannot access private member declared in class 'SwigValueWrapper<IfcGeom::OpaqueCoordinate<4>>'
C:\Users\Davi\Downloads\oma\.release\native-build\build\ifc\ifcwrap\CMakeFiles\ifcopenshell_wrapper.dir\IfcPythonPYTHON_wrap.cxx(3492): note: see declaration of 'SwigValueWrapper<IfcGeom::OpaqueCoordinate<4>>::SwigValueWrapper'
C:\Users\Davi\Downloads\oma\.release\native-build\build\ifc\ifcwrap\CMakeFiles\ifcopenshell_wrapper.dir\IfcPythonPYTHON_wrap.cxx(3483): note: see declaration of 'SwigValueWrapper<IfcGeom::OpaqueCoordinate<4>>'
C:\Users\Davi\Downloads\oma\.release\native-build\build\ifc\ifcwrap\CMakeFiles\ifcopenshell_wrapper.dir\IfcPythonPYTHON_wrap.cxx(56356): warning C4267: 'initializing': conversion from 'size_t' to 'unsigned int', possible loss of data
C:\Users\Davi\Downloads\oma\.release\native-build\build\ifc\ifcwrap\CMakeFiles\ifcopenshell_wrapper.dir\IfcPythonPYTHON_wrap.cxx(56356): warning C4267: 'initializing': conversion from 'size_t' to 'const unsigned int', possible loss of data
C:\Users\Davi\Downloads\oma\.release\native-build\build\ifc\ifcwrap\CMakeFiles\ifcopenshell_wrapper.dir\IfcPythonPYTHON_wrap.cxx(56420): warning C4267: 'initializing': conversion from 'size_t' to 'unsigned int', possible loss of data
C:\Users\Davi\Downloads\oma\.release\native-build\build\ifc\ifcwrap\CMakeFiles\ifcopenshell_wrapper.dir\IfcPythonPYTHON_wrap.cxx(56420): warning C4267: 'initializing': conversion from 'size_t' to 'const unsigned int', possible loss of data
C:\Users\Davi\Downloads\oma\.release\native-build\build\ifc\ifcwrap\CMakeFiles\ifcopenshell_wrapper.dir\IfcPythonPYTHON_wrap.cxx(56476): warning C4267: 'initializing': conversion from 'size_t' to 'unsigned int', possible loss of data
C:\Users\Davi\Downloads\oma\.release\native-build\build\ifc\ifcwrap\CMakeFiles\ifcopenshell_wrapper.dir\IfcPythonPYTHON_wrap.cxx(56476): warning C4267: 'initializing': conversion from 'size_t' to 'const unsigned int', possible loss of data
C:\Users\Davi\Downloads\oma\.release\native-build\build\ifc\ifcwrap\CMakeFiles\ifcopenshell_wrapper.dir\IfcPythonPYTHON_wrap.cxx(56524): warning C4267: 'initializing': conversion from 'size_t' to 'unsigned int', possible loss of data
C:\Users\Davi\Downloads\oma\.release\native-build\build\ifc\ifcwrap\CMakeFiles\ifcopenshell_wrapper.dir\IfcPythonPYTHON_wrap.cxx(56524): warning C4267: 'initializing': conversion from 'size_t' to 'const unsigned int', possible loss of data
C:\Users\Davi\Downloads\oma\.release\native-build\build\ifc\ifcwrap\CMakeFiles\ifcopenshell_wrapper.dir\IfcPythonPYTHON_wrap.cxx(56575): warning C4267: 'initializing': conversion from 'size_t' to 'unsigned int', possible loss of data
C:\Users\Davi\Downloads\oma\.release\native-build\build\ifc\ifcwrap\CMakeFiles\ifcopenshell_wrapper.dir\IfcPythonPYTHON_wrap.cxx(56575): warning C4267: 'initializing': conversion from 'size_t' to 'const unsigned int', possible loss of data
C:\Users\Davi\Downloads\oma\.release\native-build\build\ifc\ifcwrap\CMakeFiles\ifcopenshell_wrapper.dir\IfcPythonPYTHON_wrap.cxx(56639): warning C4267: 'initializing': conversion from 'size_t' to 'unsigned int', possible loss of data
C:\Users\Davi\Downloads\oma\.release\native-build\build\ifc\ifcwrap\CMakeFiles\ifcopenshell_wrapper.dir\IfcPythonPYTHON_wrap.cxx(56639): warning C4267: 'initializing': conversion from 'size_t' to 'const unsigned int', possible loss of data
C:\Users\Davi\Downloads\oma\.release\native-build\build\ifc\ifcwrap\CMakeFiles\ifcopenshell_wrapper.dir\IfcPythonPYTHON_wrap.cxx(56695): warning C4267: 'initializing': conversion from 'size_t' to 'unsigned int', possible loss of data
C:\Users\Davi\Downloads\oma\.release\native-build\build\ifc\ifcwrap\CMakeFiles\ifcopenshell_wrapper.dir\IfcPythonPYTHON_wrap.cxx(56695): warning C4267: 'initializing': conversion from 'size_t' to 'const unsigned int', possible loss of data
C:\Users\Davi\Downloads\oma\.release\native-build\build\ifc\ifcwrap\CMakeFiles\ifcopenshell_wrapper.dir\IfcPythonPYTHON_wrap.cxx(56889): warning C4267: 'initializing': conversion from 'size_t' to 'unsigned int', possible loss of data
C:\Users\Davi\Downloads\oma\.release\native-build\build\ifc\ifcwrap\CMakeFiles\ifcopenshell_wrapper.dir\IfcPythonPYTHON_wrap.cxx(56889): warning C4267: 'initializing': conversion from 'size_t' to 'const unsigned int', possible loss of data
C:\Users\Davi\Downloads\oma\.release\native-build\build\ifc\ifcwrap\CMakeFiles\ifcopenshell_wrapper.dir\IfcPythonPYTHON_wrap.cxx(56945): warning C4267: 'initializing': conversion from 'size_t' to 'unsigned int', possible loss of data
C:\Users\Davi\Downloads\oma\.release\native-build\build\ifc\ifcwrap\CMakeFiles\ifcopenshell_wrapper.dir\IfcPythonPYTHON_wrap.cxx(56945): warning C4267: 'initializing': conversion from 'size_t' to 'const unsigned int', possible loss of data
C:\Users\Davi\Downloads\oma\.release\native-build\build\ifc\ifcwrap\CMakeFiles\ifcopenshell_wrapper.dir\IfcPythonPYTHON_wrap.cxx(56993): warning C4267: 'initializing': conversion from 'size_t' to 'unsigned int', possible loss of data
C:\Users\Davi\Downloads\oma\.release\native-build\build\ifc\ifcwrap\CMakeFiles\ifcopenshell_wrapper.dir\IfcPythonPYTHON_wrap.cxx(56993): warning C4267: 'initializing': conversion from 'size_t' to 'const unsigned int', possible loss of data
C:\Users\Davi\Downloads\oma\.release\native-build\build\ifc\ifcwrap\CMakeFiles\ifcopenshell_wrapper.dir\IfcPythonPYTHON_wrap.cxx(57052): warning C4267: 'initializing': conversion from 'size_t' to 'unsigned int', possible loss of data
C:\Users\Davi\Downloads\oma\.release\native-build\build\ifc\ifcwrap\CMakeFiles\ifcopenshell_wrapper.dir\IfcPythonPYTHON_wrap.cxx(57052): warning C4267: 'initializing': conversion from 'size_t' to 'const unsigned int', possible loss of data
C:\Users\Davi\Downloads\oma\.release\native-build\build\ifc\ifcwrap\CMakeFiles\ifcopenshell_wrapper.dir\IfcPythonPYTHON_wrap.cxx(57103): warning C4267: 'initializing': conversion from 'size_t' to 'unsigned int', possible loss of data
C:\Users\Davi\Downloads\oma\.release\native-build\build\ifc\ifcwrap\CMakeFiles\ifcopenshell_wrapper.dir\IfcPythonPYTHON_wrap.cxx(57103): warning C4267: 'initializing': conversion from 'size_t' to 'const unsigned int', possible loss of data
C:\Users\Davi\Downloads\oma\.release\native-build\build\ifc\ifcwrap\CMakeFiles\ifcopenshell_wrapper.dir\IfcPythonPYTHON_wrap.cxx(57172): warning C4267: 'initializing': conversion from 'size_t' to 'unsigned int', possible loss of data
C:\Users\Davi\Downloads\oma\.release\native-build\build\ifc\ifcwrap\CMakeFiles\ifcopenshell_wrapper.dir\IfcPythonPYTHON_wrap.cxx(57172): warning C4267: 'initializing': conversion from 'size_t' to 'const unsigned int', possible loss of data
C:\Users\Davi\Downloads\oma\.release\native-build\build\ifc\ifcwrap\CMakeFiles\ifcopenshell_wrapper.dir\IfcPythonPYTHON_wrap.cxx(57235): warning C4267: 'initializing': conversion from 'size_t' to 'unsigned int', possible loss of data
C:\Users\Davi\Downloads\oma\.release\native-build\build\ifc\ifcwrap\CMakeFiles\ifcopenshell_wrapper.dir\IfcPythonPYTHON_wrap.cxx(57235): warning C4267: 'initializing': conversion from 'size_t' to 'const unsigned int', possible loss of data
C:\Users\Davi\Downloads\oma\.release\native-build\build\ifc\ifcwrap\CMakeFiles\ifcopenshell_wrapper.dir\IfcPythonPYTHON_wrap.cxx(57290): warning C4267: 'initializing': conversion from 'size_t' to 'unsigned int', possible loss of data
C:\Users\Davi\Downloads\oma\.release\native-build\build\ifc\ifcwrap\CMakeFiles\ifcopenshell_wrapper.dir\IfcPythonPYTHON_wrap.cxx(57290): warning C4267: 'initializing': conversion from 'size_t' to 'const unsigned int', possible loss of data
C:\Users\Davi\Downloads\oma\.release\native-build\build\ifc\ifcwrap\CMakeFiles\ifcopenshell_wrapper.dir\IfcPythonPYTHON_wrap.cxx(57356): warning C4267: 'initializing': conversion from 'size_t' to 'unsigned int', possible loss of data
C:\Users\Davi\Downloads\oma\.release\native-build\build\ifc\ifcwrap\CMakeFiles\ifcopenshell_wrapper.dir\IfcPythonPYTHON_wrap.cxx(57356): warning C4267: 'initializing': conversion from 'size_t' to 'const unsigned int', possible loss of data
C:\Users\Davi\Downloads\oma\.release\native-build\build\ifc\ifcwrap\CMakeFiles\ifcopenshell_wrapper.dir\IfcPythonPYTHON_wrap.cxx(57412): warning C4267: 'initializing': conversion from 'size_t' to 'unsigned int', possible loss of data
C:\Users\Davi\Downloads\oma\.release\native-build\build\ifc\ifcwrap\CMakeFiles\ifcopenshell_wrapper.dir\IfcPythonPYTHON_wrap.cxx(57412): warning C4267: 'initializing': conversion from 'size_t' to 'const unsigned int', possible loss of data
C:\Users\Davi\Downloads\oma\.release\native-build\build\ifc\ifcwrap\CMakeFiles\ifcopenshell_wrapper.dir\IfcPythonPYTHON_wrap.cxx(57460): warning C4267: 'initializing': conversion from 'size_t' to 'unsigned int', possible loss of data
C:\Users\Davi\Downloads\oma\.release\native-build\build\ifc\ifcwrap\CMakeFiles\ifcopenshell_wrapper.dir\IfcPythonPYTHON_wrap.cxx(57460): warning C4267: 'initializing': conversion from 'size_t' to 'const unsigned int', possible loss of data
C:\Users\Davi\Downloads\oma\.release\native-build\build\ifc\ifcwrap\CMakeFiles\ifcopenshell_wrapper.dir\IfcPythonPYTHON_wrap.cxx(61859): warning C4267: 'initializing': conversion from 'size_t' to 'unsigned int', possible loss of data
C:\Users\Davi\Downloads\oma\.release\native-build\build\ifc\ifcwrap\CMakeFiles\ifcopenshell_wrapper.dir\IfcPythonPYTHON_wrap.cxx(61859): warning C4267: 'initializing': conversion from 'size_t' to 'const unsigned int', possible loss of data
C:\Users\Davi\Downloads\oma\.release\native-build\build\ifc\ifcwrap\CMakeFiles\ifcopenshell_wrapper.dir\IfcPythonPYTHON_wrap.cxx(61907): warning C4267: 'initializing': conversion from 'size_t' to 'unsigned int', possible loss of data
C:\Users\Davi\Downloads\oma\.release\native-build\build\ifc\ifcwrap\CMakeFiles\ifcopenshell_wrapper.dir\IfcPythonPYTHON_wrap.cxx(61907): warning C4267: 'initializing': conversion from 'size_t' to 'const unsigned int', possible loss of data
C:\Users\Davi\Downloads\oma\.release\native-build\build\ifc\ifcwrap\CMakeFiles\ifcopenshell_wrapper.dir\IfcPythonPYTHON_wrap.cxx(61960): warning C4267: 'initializing': conversion from 'size_t' to 'unsigned int', possible loss of data
C:\Users\Davi\Downloads\oma\.release\native-build\build\ifc\ifcwrap\CMakeFiles\ifcopenshell_wrapper.dir\IfcPythonPYTHON_wrap.cxx(61960): warning C4267: 'initializing': conversion from 'size_t' to 'const unsigned int', possible loss of data
C:\Users\Davi\Downloads\oma\.release\native-build\build\ifc\ifcwrap\CMakeFiles\ifcopenshell_wrapper.dir\IfcPythonPYTHON_wrap.cxx(62060): warning C4267: 'initializing': conversion from 'size_t' to 'unsigned int', possible loss of data
C:\Users\Davi\Downloads\oma\.release\native-build\build\ifc\ifcwrap\CMakeFiles\ifcopenshell_wrapper.dir\IfcPythonPYTHON_wrap.cxx(62060): warning C4267: 'initializing': conversion from 'size_t' to 'const unsigned int', possible loss of data
C:\Users\Davi\Downloads\oma\.release\native-build\build\ifc\ifcwrap\CMakeFiles\ifcopenshell_wrapper.dir\IfcPythonPYTHON_wrap.cxx(62248): warning C4267: 'initializing': conversion from 'size_t' to 'unsigned int', possible loss of data
C:\Users\Davi\Downloads\oma\.release\native-build\build\ifc\ifcwrap\CMakeFiles\ifcopenshell_wrapper.dir\IfcPythonPYTHON_wrap.cxx(62248): warning C4267: 'initializing': conversion from 'size_t' to 'const unsigned int', possible loss of data
C:\Users\Davi\Downloads\oma\.release\native-build\build\ifc\ifcwrap\CMakeFiles\ifcopenshell_wrapper.dir\IfcPythonPYTHON_wrap.cxx(62288): warning C4267: 'initializing': conversion from 'size_t' to 'unsigned int', possible loss of data
C:\Users\Davi\Downloads\oma\.release\native-build\build\ifc\ifcwrap\CMakeFiles\ifcopenshell_wrapper.dir\IfcPythonPYTHON_wrap.cxx(62288): warning C4267: 'initializing': conversion from 'size_t' to 'const unsigned int', possible loss of data
C:\Users\Davi\Downloads\oma\.release\native-build\build\ifc\ifcwrap\CMakeFiles\ifcopenshell_wrapper.dir\IfcPythonPYTHON_wrap.cxx(62378): warning C4267: 'initializing': conversion from 'size_t' to 'unsigned int', possible loss of data
C:\Users\Davi\Downloads\oma\.release\native-build\build\ifc\ifcwrap\CMakeFiles\ifcopenshell_wrapper.dir\IfcPythonPYTHON_wrap.cxx(62378): warning C4267: 'initializing': conversion from 'size_t' to 'const unsigned int', possible loss of data
C:\Users\Davi\Downloads\oma\.release\native-build\build\ifc\ifcwrap\CMakeFiles\ifcopenshell_wrapper.dir\IfcPythonPYTHON_wrap.cxx(62418): warning C4267: 'initializing': conversion from 'size_t' to 'unsigned int', possible loss of data
C:\Users\Davi\Downloads\oma\.release\native-build\build\ifc\ifcwrap\CMakeFiles\ifcopenshell_wrapper.dir\IfcPythonPYTHON_wrap.cxx(62418): warning C4267: 'initializing': conversion from 'size_t' to 'const unsigned int', possible loss of data
C:\Users\Davi\Downloads\oma\.release\native-build\build\ifc\ifcwrap\CMakeFiles\ifcopenshell_wrapper.dir\IfcPythonPYTHON_wrap.cxx(62569): warning C4267: 'initializing': conversion from 'size_t' to 'unsigned int', possible loss of data
C:\Users\Davi\Downloads\oma\.release\native-build\build\ifc\ifcwrap\CMakeFiles\ifcopenshell_wrapper.dir\IfcPythonPYTHON_wrap.cxx(62569): warning C4267: 'initializing': conversion from 'size_t' to 'const unsigned int', possible loss of data
C:\Users\Davi\Downloads\oma\.release\native-build\build\ifc\ifcwrap\CMakeFiles\ifcopenshell_wrapper.dir\IfcPythonPYTHON_wrap.cxx(63611): warning C4267: 'initializing': conversion from 'size_t' to 'unsigned int', possible loss of data
C:\Users\Davi\Downloads\oma\.release\native-build\build\ifc\ifcwrap\CMakeFiles\ifcopenshell_wrapper.dir\IfcPythonPYTHON_wrap.cxx(63611): warning C4267: 'initializing': conversion from 'size_t' to 'const unsigned int', possible loss of data
C:\Users\Davi\Downloads\oma\.release\native-build\build\ifc\ifcwrap\CMakeFiles\ifcopenshell_wrapper.dir\IfcPythonPYTHON_wrap.cxx(65883): warning C4267: 'initializing': conversion from 'size_t' to 'unsigned int', possible loss of data
C:\Users\Davi\Downloads\oma\.release\native-build\build\ifc\ifcwrap\CMakeFiles\ifcopenshell_wrapper.dir\IfcPythonPYTHON_wrap.cxx(65883): warning C4267: 'initializing': conversion from 'size_t' to 'const unsigned int', possible loss of data
ninja: build stopped: subcommand failed.
