[1/5643] Generating C unity source src/TKMath/cotire/TKMath_C_unity.c
CMake Warning (deprecated) at C:/Users/Davi/Downloads/oma/.release/native-build/src/occt/adm/cmake/cotire.cmake:40 (cmake_minimum_required):
  Compatibility with CMake < 3.10 will be removed from a future version of
  CMake.

  Update the VERSION argument <min> value.  Or, use the <min>...<max> syntax
  to tell CMake that the project requires at least <min> but has been updated
  to work with policies introduced by <max> or earlier.
This warning is for project developers.  Use -Wno-author or -Wno-deprecated
to suppress it.

[2/5643] Generating CXX unity source src/TKG2d/cotire/TKG2d_CXX_unity.cxx
CMake Warning (deprecated) at C:/Users/Davi/Downloads/oma/.release/native-build/src/occt/adm/cmake/cotire.cmake:40 (cmake_minimum_required):
  Compatibility with CMake < 3.10 will be removed from a future version of
  CMake.

  Update the VERSION argument <min> value.  Or, use the <min>...<max> syntax
  to tell CMake that the project requires at least <min> but has been updated
  to work with policies introduced by <max> or earlier.
This warning is for project developers.  Use -Wno-author or -Wno-deprecated
to suppress it.

[3/5643] Generating CXX unity source src/TKernel/cotire/TKernel_CXX_unity.cxx
CMake Warning (deprecated) at C:/Users/Davi/Downloads/oma/.release/native-build/src/occt/adm/cmake/cotire.cmake:40 (cmake_minimum_required):
  Compatibility with CMake < 3.10 will be removed from a future version of
  CMake.

  Update the VERSION argument <min> value.  Or, use the <min>...<max> syntax
  to tell CMake that the project requires at least <min> but has been updated
  to work with policies introduced by <max> or earlier.
This warning is for project developers.  Use -Wno-author or -Wno-deprecated
to suppress it.

[4/5643] Generating CXX unity source src/TKMath/cotire/TKMath_CXX_unity.cxx
CMake Warning (deprecated) at C:/Users/Davi/Downloads/oma/.release/native-build/src/occt/adm/cmake/cotire.cmake:40 (cmake_minimum_required):
  Compatibility with CMake < 3.10 will be removed from a future version of
  CMake.

  Update the VERSION argument <min> value.  Or, use the <min>...<max> syntax
  to tell CMake that the project requires at least <min> but has been updated
  to work with policies introduced by <max> or earlier.
This warning is for project developers.  Use -Wno-author or -Wno-deprecated
to suppress it.

[5/5643] Generating C prefix header src/TKMath/cotire/TKMath_C_prefix.h
CMake Warning (deprecated) at C:/Users/Davi/Downloads/oma/.release/native-build/src/occt/adm/cmake/cotire.cmake:40 (cmake_minimum_required):
  Compatibility with CMake < 3.10 will be removed from a future version of
  CMake.

  Update the VERSION argument <min> value.  Or, use the <min>...<max> syntax
  to tell CMake that the project requires at least <min> but has been updated
  to work with policies introduced by <max> or earlier.
This warning is for project developers.  Use -Wno-author or -Wno-deprecated
to suppress it.

[6/5643] Generating CXX unity source src/TKG3d/cotire/TKG3d_CXX_unity.cxx
CMake Warning (deprecated) at C:/Users/Davi/Downloads/oma/.release/native-build/src/occt/adm/cmake/cotire.cmake:40 (cmake_minimum_required):
  Compatibility with CMake < 3.10 will be removed from a future version of
  CMake.

  Update the VERSION argument <min> value.  Or, use the <min>...<max> syntax
  to tell CMake that the project requires at least <min> but has been updated
  to work with policies introduced by <max> or earlier.
This warning is for project developers.  Use -Wno-author or -Wno-deprecated
to suppress it.

[7/5643] Generating CXX prefix header src/TKG2d/cotire/TKG2d_CXX_prefix.hxx
CMake Warning (deprecated) at C:/Users/Davi/Downloads/oma/.release/native-build/src/occt/adm/cmake/cotire.cmake:40 (cmake_minimum_required):
  Compatibility with CMake < 3.10 will be removed from a future version of
  CMake.

  Update the VERSION argument <min> value.  Or, use the <min>...<max> syntax
  to tell CMake that the project requires at least <min> but has been updated
  to work with policies introduced by <max> or earlier.
This warning is for project developers.  Use -Wno-author or -Wno-deprecated
to suppress it.

[8/5643] Building CXX object src\TKG2d\CMakeFiles\TKG2d.dir\__\Geom2d\Geom2d_AxisPlacement.cxx.obj
[9/5643] Generating CXX prefix header src/TKernel/cotire/TKernel_CXX_prefix.hxx
CMake Warning (deprecated) at C:/Users/Davi/Downloads/oma/.release/native-build/src/occt/adm/cmake/cotire.cmake:40 (cmake_minimum_required):
  Compatibility with CMake < 3.10 will be removed from a future version of
  CMake.

  Update the VERSION argument <min> value.  Or, use the <min>...<max> syntax
  to tell CMake that the project requires at least <min> but has been updated
  to work with policies introduced by <max> or earlier.
This warning is for project developers.  Use -Wno-author or -Wno-deprecated
to suppress it.

[10/5643] Building CXX object src\TKG2d\CMakeFiles\TKG2d.dir\__\Geom2d\Geom2d_BezierCurve.cxx.obj
[11/5643] Generating CXX prefix header src/TKG3d/cotire/TKG3d_CXX_prefix.hxx
CMake Warning (deprecated) at C:/Users/Davi/Downloads/oma/.release/native-build/src/occt/adm/cmake/cotire.cmake:40 (cmake_minimum_required):
  Compatibility with CMake < 3.10 will be removed from a future version of
  CMake.

  Update the VERSION argument <min> value.  Or, use the <min>...<max> syntax
  to tell CMake that the project requires at least <min> but has been updated
  to work with policies introduced by <max> or earlier.
This warning is for project developers.  Use -Wno-author or -Wno-deprecated
to suppress it.

[12/5643] Building RC object src\TKernel\CMakeFiles\TKernel.dir\__\__\resources\TKernel.rc.res
[13/5643] Building C object src\TKernel\CMakeFiles\TKernel.dir\__\Resource\Resource_ConvertUnicode.c.obj
[14/5643] Building CXX object src\TKG2d\CMakeFiles\TKG2d.dir\__\Geom2d\Geom2d_BoundedCurve.cxx.obj
[15/5643] Generating CXX prefix header src/TKMath/cotire/TKMath_CXX_prefix.hxx
CMake Warning (deprecated) at C:/Users/Davi/Downloads/oma/.release/native-build/src/occt/adm/cmake/cotire.cmake:40 (cmake_minimum_required):
  Compatibility with CMake < 3.10 will be removed from a future version of
  CMake.

  Update the VERSION argument <min> value.  Or, use the <min>...<max> syntax
  to tell CMake that the project requires at least <min> but has been updated
  to work with policies introduced by <max> or earlier.
This warning is for project developers.  Use -Wno-author or -Wno-deprecated
to suppress it.

[16/5643] Building CXX object src\TKG2d\CMakeFiles\TKG2d.dir\__\Geom2d\Geom2d_BSplineCurve_1.cxx.obj
[17/5643] Building CXX object src\TKG2d\CMakeFiles\TKG2d.dir\__\Geom2d\Geom2d_BSplineCurve.cxx.obj
[18/5643] Building C object src\TKMath\CMakeFiles\TKMath.dir\__\ExprIntrp\ExprIntrp.tab.c.obj
[19/5643] Building RC object src\TKMath\CMakeFiles\TKMath.dir\__\__\resources\TKMath.rc.res
[20/5643] Building CXX object src\TKernel\CMakeFiles\TKernel.dir\__\FSD\FSD_Base64.cxx.obj
[21/5643] Building C object src\TKMath\CMakeFiles\TKMath.dir\__\ExprIntrp\lex.ExprIntrp.c.obj
[22/5643] Building CXX object src\TKG2d\CMakeFiles\TKG2d.dir\__\Geom2d\Geom2d_CartesianPoint.cxx.obj
[23/5643] Building CXX object src\TKernel\CMakeFiles\TKernel.dir\__\FSD\FSD_CmpFile.cxx.obj
[24/5643] Building CXX object src\TKernel\CMakeFiles\TKernel.dir\__\OSD\OSD.cxx.obj
[25/5643] Building CXX object src\TKernel\CMakeFiles\TKernel.dir\__\FSD\FSD_BinaryFile.cxx.obj
[26/5643] Building CXX object src\TKMath\CMakeFiles\TKMath.dir\__\math\math.cxx.obj
[27/5643] Building CXX object src\TKernel\CMakeFiles\TKernel.dir\__\FSD\FSD_File.cxx.obj
[28/5643] Building CXX object src\TKernel\CMakeFiles\TKernel.dir\__\OSD\OSD_CachedFileSystem.cxx.obj
[29/5643] Building CXX object src\TKernel\CMakeFiles\TKernel.dir\__\OSD\OSD_Chronometer.cxx.obj
[30/5643] Building CXX object src\TKernel\CMakeFiles\TKernel.dir\__\OSD\OSD_Directory.cxx.obj
[31/5643] Building CXX object src\TKernel\CMakeFiles\TKernel.dir\__\OSD\OSD_DirectoryIterator.cxx.obj
[32/5643] Building CXX object src\TKernel\CMakeFiles\TKernel.dir\__\OSD\OSD_Disk.cxx.obj
[33/5643] Building CXX object src\TKernel\CMakeFiles\TKernel.dir\__\OSD\OSD_Error.cxx.obj
[34/5643] Building CXX object src\TKernel\CMakeFiles\TKernel.dir\__\OSD\OSD_Environment.cxx.obj
[35/5643] Building CXX object src\TKernel\CMakeFiles\TKernel.dir\__\OSD\OSD_FileIterator.cxx.obj
[36/5643] Building CXX object src\TKernel\CMakeFiles\TKernel.dir\__\OSD\OSD_File.cxx.obj
[37/5643] Building CXX object src\TKernel\CMakeFiles\TKernel.dir\__\OSD\OSD_FileNode.cxx.obj
[38/5643] Building CXX object src\TKernel\CMakeFiles\TKernel.dir\__\OSD\OSD_Host.cxx.obj
[39/5643] Building CXX object src\TKernel\CMakeFiles\TKernel.dir\__\OSD\OSD_FileSystemSelector.cxx.obj
[40/5643] Building CXX object src\TKernel\CMakeFiles\TKernel.dir\__\OSD\OSD_FileSystem.cxx.obj
[41/5643] Building CXX object src\TKernel\CMakeFiles\TKernel.dir\__\OSD\OSD_LocalFileSystem.cxx.obj
[42/5643] Building CXX object src\TKernel\CMakeFiles\TKernel.dir\__\OSD\OSD_OpenFile.cxx.obj
[43/5643] Building CXX object src\TKernel\CMakeFiles\TKernel.dir\__\OSD\OSD_MemInfo.cxx.obj
[44/5643] Building CXX object src\TKernel\CMakeFiles\TKernel.dir\__\OSD\OSD_Parallel_TBB.cxx.obj
[45/5643] Building CXX object src\TKernel\CMakeFiles\TKernel.dir\__\OSD\OSD_Parallel.cxx.obj
[46/5643] Building CXX object src\TKernel\CMakeFiles\TKernel.dir\__\OSD\OSD_MAllocHook.cxx.obj
[47/5643] Building CXX object src\TKernel\CMakeFiles\TKernel.dir\__\OSD\OSD_Parallel_Threads.cxx.obj
[48/5643] Building CXX object src\TKernel\CMakeFiles\TKernel.dir\__\OSD\OSD_Path.cxx.obj
[49/5643] Building CXX object src\TKernel\CMakeFiles\TKernel.dir\__\OSD\OSD_PerfMeter.cxx.obj
[50/5643] Building CXX object src\TKernel\CMakeFiles\TKernel.dir\__\OSD\OSD_Protection.cxx.obj
[51/5643] Building CXX object src\TKernel\CMakeFiles\TKernel.dir\__\OSD\OSD_SharedLibrary.cxx.obj
[52/5643] Building CXX object src\TKernel\CMakeFiles\TKernel.dir\__\OSD\OSD_Process.cxx.obj
[53/5643] Building CXX object src\TKernel\CMakeFiles\TKernel.dir\__\OSD\OSD_Thread.cxx.obj
[54/5643] Building CXX object src\TKernel\CMakeFiles\TKernel.dir\__\OSD\OSD_Timer.cxx.obj
[55/5643] Building CXX object src\TKernel\CMakeFiles\TKernel.dir\__\OSD\OSD_WNT.cxx.obj
[56/5643] Building CXX object src\TKernel\CMakeFiles\TKernel.dir\__\OSD\OSD_signal.cxx.obj
[57/5643] Building CXX object src\TKernel\CMakeFiles\TKernel.dir\__\OSD\OSD_ThreadPool.cxx.obj
[58/5643] Building CXX object src\TKernel\CMakeFiles\TKernel.dir\__\Quantity\Quantity_Date.cxx.obj
[59/5643] Building CXX object src\TKernel\CMakeFiles\TKernel.dir\__\Quantity\Quantity_ColorRGBA.cxx.obj
[60/5643] Building CXX object src\TKernel\CMakeFiles\TKernel.dir\__\Plugin\Plugin.cxx.obj
[61/5643] Building CXX object src\TKernel\CMakeFiles\TKernel.dir\__\Resource\Resource_LexicalCompare.cxx.obj
[62/5643] Building CXX object src\TKernel\CMakeFiles\TKernel.dir\__\Quantity\Quantity_Period.cxx.obj
[63/5643] Building CXX object src\TKernel\CMakeFiles\TKernel.dir\__\Standard\Standard.cxx.obj
[64/5643] Building CXX object src\TKernel\CMakeFiles\TKernel.dir\__\Standard\Standard_ArrayStreamBuffer.cxx.obj
[65/5643] Building CXX object src\TKernel\CMakeFiles\TKernel.dir\__\Resource\Resource_Unicode.cxx.obj
[66/5643] Building CXX object src\TKernel\CMakeFiles\TKernel.dir\__\Standard\Standard_CLocaleSentry.cxx.obj
[67/5643] Building CXX object src\TKernel\CMakeFiles\TKernel.dir\__\Resource\Resource_Manager.cxx.obj
[68/5643] Building CXX object src\TKernel\CMakeFiles\TKernel.dir\__\Standard\Standard_Condition.cxx.obj
[69/5643] Building CXX object src\TKernel\CMakeFiles\TKernel.dir\__\Standard\Standard_CString.cxx.obj
[70/5643] Building CXX object src\TKernel\CMakeFiles\TKernel.dir\__\Standard\Standard_ErrorHandler.cxx.obj
[71/5643] Building CXX object src\TKernel\CMakeFiles\TKernel.dir\__\Standard\Standard_Failure.cxx.obj
[72/5643] Building CXX object src\TKernel\CMakeFiles\TKernel.dir\__\Standard\Standard_Dump.cxx.obj
[73/5643] Building CXX object src\TKernel\CMakeFiles\TKernel.dir\__\Standard\Standard_MMgrRoot.cxx.obj
[74/5643] Building CXX object src\TKernel\CMakeFiles\TKernel.dir\__\Standard\Standard_GUID.cxx.obj
[75/5643] Building CXX object src\TKernel\CMakeFiles\TKernel.dir\__\Standard\Standard_MMgrOpt.cxx.obj
[76/5643] Building CXX object src\TKernel\CMakeFiles\TKernel.dir\__\Standard\Standard_Mutex.cxx.obj
[77/5643] Building CXX object src\TKernel\CMakeFiles\TKernel.dir\__\Standard\Standard_OutOfMemory.cxx.obj
[78/5643] Building CXX object src\TKernel\CMakeFiles\TKernel.dir\__\Standard\Standard_Persistent.cxx.obj
[79/5643] Building CXX object src\TKernel\CMakeFiles\TKernel.dir\__\Standard\Standard_Real.cxx.obj
[80/5643] Building CXX object src\TKernel\CMakeFiles\TKernel.dir\__\Standard\Standard_Transient.cxx.obj
[81/5643] Building CXX object src\TKernel\CMakeFiles\TKernel.dir\__\Standard\Standard_StackTrace.cxx.obj
[82/5643] Building CXX object src\TKernel\CMakeFiles\TKernel.dir\__\Standard\Standard_Strtod.cxx.obj
[83/5643] Building CXX object src\TKernel\CMakeFiles\TKernel.dir\__\Storage\Storage.cxx.obj
[84/5643] Building CXX object src\TKernel\CMakeFiles\TKernel.dir\__\Standard\Standard_Type.cxx.obj
[85/5643] Building CXX object src\TKernel\CMakeFiles\TKernel.dir\__\Storage\Storage_BaseDriver.cxx.obj
[86/5643] Building CXX object src\TKernel\CMakeFiles\TKernel.dir\__\Storage\Storage_CallBack.cxx.obj
[87/5643] Building CXX object src\TKernel\CMakeFiles\TKernel.dir\__\Storage\Storage_Data.cxx.obj
[88/5643] Building CXX object src\TKernel\CMakeFiles\TKernel.dir\__\Storage\Storage_DefaultCallBack.cxx.obj
[89/5643] Building CXX object src\TKernel\CMakeFiles\TKernel.dir\__\Storage\Storage_HeaderData.cxx.obj
[90/5643] Building CXX object src\TKernel\CMakeFiles\TKernel.dir\__\Storage\Storage_InternalData.cxx.obj
[91/5643] Building CXX object src\TKernel\CMakeFiles\TKernel.dir\__\Storage\Storage_Root.cxx.obj
[92/5643] Building CXX object src\TKernel\CMakeFiles\TKernel.dir\__\Storage\Storage_RootData.cxx.obj
[93/5643] Building CXX object src\TKernel\CMakeFiles\TKernel.dir\__\Storage\Storage_TypedCallBack.cxx.obj
[94/5643] Building CXX object src\TKernel\CMakeFiles\TKernel.dir\__\Storage\Storage_TypeData.cxx.obj
[95/5643] Building CXX object src\TKernel\CMakeFiles\TKernel.dir\__\TColStd\TColStd_HPackedMapOfInteger.cxx.obj
[96/5643] Building CXX object src\TKernel\CMakeFiles\TKernel.dir\__\Storage\Storage_Schema.cxx.obj
[97/5643] Building CXX object src\TKernel\CMakeFiles\TKernel.dir\__\TCollection\TCollection.cxx.obj
[98/5643] Building CXX object src\TKernel\CMakeFiles\TKernel.dir\__\TColStd\TColStd_PackedMapOfInteger.cxx.obj
[99/5643] Building CXX object src\TKernel\CMakeFiles\TKernel.dir\__\TCollection\TCollection_ExtendedString.cxx.obj
[100/5643] Building CXX object src\TKernel\CMakeFiles\TKernel.dir\__\TCollection\TCollection_AsciiString.cxx.obj
[101/5643] Building CXX object src\TKernel\CMakeFiles\TKernel.dir\__\TCollection\TCollection_HAsciiString.cxx.obj
[102/5643] Building CXX object src\TKernel\CMakeFiles\TKernel.dir\__\TCollection\TCollection_HExtendedString.cxx.obj
[103/5643] Building CXX object src\TKernel\CMakeFiles\TKernel.dir\__\Units\Units_Dimensions.cxx.obj
[104/5643] Building CXX object src\TKernel\CMakeFiles\TKernel.dir\__\Units\Units.cxx.obj
[105/5643] Building CXX object src\TKernel\CMakeFiles\TKernel.dir\__\Units\Units_Explorer.cxx.obj
[106/5643] Building CXX object src\TKernel\CMakeFiles\TKernel.dir\__\Units\Units_Lexicon.cxx.obj
[107/5643] Building CXX object src\TKernel\CMakeFiles\TKernel.dir\__\Units\Units_MathSentence.cxx.obj
[108/5643] Building CXX object src\TKernel\CMakeFiles\TKernel.dir\__\Units\Units_Measurement.cxx.obj
[109/5643] Building CXX object src\TKernel\CMakeFiles\TKernel.dir\__\Units\Units_Quantity.cxx.obj
[110/5643] Building CXX object src\TKernel\CMakeFiles\TKernel.dir\__\Units\Units_Sentence.cxx.obj
[111/5643] Building CXX object src\TKernel\CMakeFiles\TKernel.dir\__\Units\Units_ShiftedToken.cxx.obj
[112/5643] Building CXX object src\TKernel\CMakeFiles\TKernel.dir\__\Units\Units_ShiftedUnit.cxx.obj
[113/5643] Building CXX object src\TKernel\CMakeFiles\TKernel.dir\__\Units\Units_Token.cxx.obj
[114/5643] Building CXX object src\TKernel\CMakeFiles\TKernel.dir\__\Units\Units_Unit.cxx.obj
[115/5643] Building CXX object src\TKernel\CMakeFiles\TKernel.dir\__\Units\Units_UnitsLexicon.cxx.obj
[116/5643] Building CXX object src\TKernel\CMakeFiles\TKernel.dir\__\Units\Units_UnitSentence.cxx.obj
[117/5643] Building CXX object src\TKernel\CMakeFiles\TKernel.dir\__\Units\Units_UnitsDictionary.cxx.obj
[118/5643] Building CXX object src\TKernel\CMakeFiles\TKernel.dir\__\UnitsMethods\UnitsMethods.cxx.obj
[119/5643] Building CXX object src\TKernel\CMakeFiles\TKernel.dir\__\UnitsAPI\UnitsAPI.cxx.obj
[120/5643] Building CXX object src\TKernel\CMakeFiles\TKernel.dir\__\Units\Units_UnitsSystem.cxx.obj
[121/5643] Building CXX object src\TKernel\CMakeFiles\TKernel.dir\__\NCollection\NCollection_AccAllocator.cxx.obj
[122/5643] Building CXX object src\TKernel\CMakeFiles\TKernel.dir\__\NCollection\NCollection_BaseAllocator.cxx.obj
[123/5643] Building CXX object src\TKernel\CMakeFiles\TKernel.dir\__\NCollection\NCollection_AlignedAllocator.cxx.obj
[124/5643] Building CXX object src\TKernel\CMakeFiles\TKernel.dir\__\NCollection\NCollection_BaseList.cxx.obj
[125/5643] Building CXX object src\TKernel\CMakeFiles\TKernel.dir\__\NCollection\NCollection_BasePointerVector.cxx.obj
[126/5643] Building CXX object src\TKernel\CMakeFiles\TKernel.dir\__\NCollection\NCollection_BaseMap.cxx.obj
[127/5643] Building CXX object src\TKernel\CMakeFiles\TKernel.dir\__\NCollection\NCollection_BaseSequence.cxx.obj
[128/5643] Building CXX object src\TKernel\CMakeFiles\TKernel.dir\__\NCollection\NCollection_HeapAllocator.cxx.obj
[129/5643] Building CXX object src\TKernel\CMakeFiles\TKernel.dir\__\NCollection\NCollection_IncAllocator.cxx.obj
[130/5643] Building CXX object src\TKernel\CMakeFiles\TKernel.dir\__\NCollection\NCollection_SparseArrayBase.cxx.obj
[131/5643] Building CXX object src\TKernel\CMakeFiles\TKernel.dir\__\NCollection\NCollection_UtfString.cxx.obj
[132/5643] Building CXX object src\TKernel\CMakeFiles\TKernel.dir\__\NCollection\NCollection_WinHeapAllocator.cxx.obj
[133/5643] Building CXX object src\TKernel\CMakeFiles\TKernel.dir\__\Message\Message_Alert.cxx.obj
[134/5643] Building CXX object src\TKernel\CMakeFiles\TKernel.dir\__\Message\Message.cxx.obj
[135/5643] Building CXX object src\TKernel\CMakeFiles\TKernel.dir\__\Message\Message_AlertExtended.cxx.obj
[136/5643] Building CXX object src\TKernel\CMakeFiles\TKernel.dir\__\Message\Message_Attribute.cxx.obj
[137/5643] Building CXX object src\TKernel\CMakeFiles\TKernel.dir\__\Message\Message_Algorithm.cxx.obj
[138/5643] Building CXX object src\TKernel\CMakeFiles\TKernel.dir\__\Message\Message_AttributeObject.cxx.obj
[139/5643] Building CXX object src\TKernel\CMakeFiles\TKernel.dir\__\Message\Message_AttributeMeter.cxx.obj
[140/5643] Building CXX object src\TKernel\CMakeFiles\TKernel.dir\__\Quantity\Quantity_Color.cxx.obj
[141/5643] Building CXX object src\TKernel\CMakeFiles\TKernel.dir\__\Message\Message_AttributeStream.cxx.obj
[142/5643] Building CXX object src\TKernel\CMakeFiles\TKernel.dir\__\Message\Message_CompositeAlerts.cxx.obj
[143/5643] Building CXX object src\TKernel\CMakeFiles\TKernel.dir\__\Message\Message_Msg.cxx.obj
[144/5643] Building CXX object src\TKernel\CMakeFiles\TKernel.dir\__\Message\Message_Messenger.cxx.obj
[145/5643] Building CXX object src\TKernel\CMakeFiles\TKernel.dir\__\Message\Message_Level.cxx.obj
[146/5643] Building CXX object src\TKernel\CMakeFiles\TKernel.dir\__\Message\Message_PrinterSystemLog.cxx.obj
[147/5643] Building CXX object src\TKernel\CMakeFiles\TKernel.dir\__\Message\Message_PrinterOStream.cxx.obj
[148/5643] Building CXX object src\TKernel\CMakeFiles\TKernel.dir\__\Message\Message_Printer.cxx.obj
[149/5643] Building CXX object src\TKernel\CMakeFiles\TKernel.dir\__\Message\Message_MsgFile.cxx.obj
[150/5643] Building CXX object src\TKernel\CMakeFiles\TKernel.dir\__\Message\Message_ProgressIndicator.cxx.obj
[151/5643] Building CXX object src\TKernel\CMakeFiles\TKernel.dir\__\Message\Message_PrinterToReport.cxx.obj
[152/5643] Building CXX object src\TKMath\CMakeFiles\TKMath.dir\__\math\math_BissecNewton.cxx.obj
[153/5643] Building CXX object src\TKernel\CMakeFiles\TKernel.dir\__\Message\Message_Report.cxx.obj
[154/5643] Building CXX object src\TKMath\CMakeFiles\TKMath.dir\__\math\math_BFGS.cxx.obj
[155/5643] Building CXX object src\TKMath\CMakeFiles\TKMath.dir\__\math\math_BracketedRoot.cxx.obj
[156/5643] Building CXX object src\TKMath\CMakeFiles\TKMath.dir\__\math\math_BracketMinimum.cxx.obj
[157/5643] Linking CXX static library win64\vc14\lib\TKernel.lib
[158/5643] Building CXX object src\TKMath\CMakeFiles\TKMath.dir\__\math\math_BrentMinimum.cxx.obj
[159/5643] Building CXX object src\TKMath\CMakeFiles\TKMath.dir\__\math\math_DirectPolynomialRoots.cxx.obj
[160/5643] Building CXX object src\TKMath\CMakeFiles\TKMath.dir\__\math\math_ComputeGaussPointsAndWeights.cxx.obj
[161/5643] Building CXX object src\TKMath\CMakeFiles\TKMath.dir\__\math\math_ComputeKronrodPointsAndWeights.cxx.obj
[162/5643] Building CXX object src\TKMath\CMakeFiles\TKMath.dir\__\math\math_Crout.cxx.obj
[163/5643] Building CXX object src\TKMath\CMakeFiles\TKMath.dir\__\math\math_DoubleTab.cxx.obj
[164/5643] Building CXX object src\TKMath\CMakeFiles\TKMath.dir\__\math\math_Function.cxx.obj
[165/5643] Building CXX object src\TKMath\CMakeFiles\TKMath.dir\__\math\math_EigenValuesSearcher.cxx.obj
[166/5643] Building CXX object src\TKMath\CMakeFiles\TKMath.dir\__\math\math_FRPR.cxx.obj
[167/5643] Building CXX object src\TKMath\CMakeFiles\TKMath.dir\__\math\math_FunctionAllRoots.cxx.obj
[168/5643] Building CXX object src\TKMath\CMakeFiles\TKMath.dir\__\math\math_FunctionRoot.cxx.obj
[169/5643] Building CXX object src\TKMath\CMakeFiles\TKMath.dir\__\math\math_FunctionSample.cxx.obj
[170/5643] Building CXX object src\TKMath\CMakeFiles\TKMath.dir\__\math\math_FunctionWithDerivative.cxx.obj
[171/5643] Building CXX object src\TKMath\CMakeFiles\TKMath.dir\__\math\math_FunctionSet.cxx.obj
[172/5643] Building CXX object src\TKMath\CMakeFiles\TKMath.dir\__\math\math_FunctionRoots.cxx.obj
[173/5643] Building CXX object src\TKMath\CMakeFiles\TKMath.dir\__\math\math_Gauss.cxx.obj
[174/5643] Building CXX object src\TKMath\CMakeFiles\TKMath.dir\__\math\math_GaussLeastSquare.cxx.obj
[175/5643] Building CXX object src\TKMath\CMakeFiles\TKMath.dir\__\math\math_GaussMultipleIntegration.cxx.obj
[176/5643] Building CXX object src\TKMath\CMakeFiles\TKMath.dir\__\math\math_GaussSingleIntegration.cxx.obj
[177/5643] Building CXX object src\TKMath\CMakeFiles\TKMath.dir\__\math\math_GaussSetIntegration.cxx.obj
[178/5643] Building CXX object src\TKMath\CMakeFiles\TKMath.dir\__\math\math_FunctionSetRoot.cxx.obj
[179/5643] Building CXX object src\TKMath\CMakeFiles\TKMath.dir\__\math\math_Jacobi.cxx.obj
[180/5643] Building CXX object src\TKMath\CMakeFiles\TKMath.dir\__\math\math_Kronrod.cxx.obj
[181/5643] Building CXX object src\TKMath\CMakeFiles\TKMath.dir\__\math\math_Householder.cxx.obj
[182/5643] Building CXX object src\TKMath\CMakeFiles\TKMath.dir\__\math\math_GlobOptMin.cxx.obj
[183/5643] Building CXX object src\TKMath\CMakeFiles\TKMath.dir\__\math\math_NewtonFunctionRoot.cxx.obj
[184/5643] Building CXX object src\TKMath\CMakeFiles\TKMath.dir\__\math\math_MultipleVarFunction.cxx.obj
[185/5643] Building CXX object src\TKMath\CMakeFiles\TKMath.dir\__\math\math_Matrix.cxx.obj
[186/5643] Building CXX object src\TKMath\CMakeFiles\TKMath.dir\__\math\math_KronrodSingleIntegration.cxx.obj
[187/5643] Building CXX object src\TKMath\CMakeFiles\TKMath.dir\__\math\math_NewtonFunctionSetRoot.cxx.obj
[188/5643] Building CXX object src\TKMath\CMakeFiles\TKMath.dir\__\math\math_Powell.cxx.obj
[189/5643] Building CXX object src\TKMath\CMakeFiles\TKMath.dir\__\math\math_NewtonMinimum.cxx.obj
[190/5643] Building CXX object src\TKMath\CMakeFiles\TKMath.dir\__\math\math_PSO.cxx.obj
[191/5643] Building CXX object src\TKMath\CMakeFiles\TKMath.dir\__\math\math_PSOParticlesPool.cxx.obj
[192/5643] Building CXX object src\TKMath\CMakeFiles\TKMath.dir\__\math\math_SVD.cxx.obj
[193/5643] Building CXX object src\TKMath\CMakeFiles\TKMath.dir\__\math\math_TrigonometricFunctionRoots.cxx.obj
[194/5643] Building CXX object src\TKMath\CMakeFiles\TKMath.dir\__\math\math_Uzawa.cxx.obj
[195/5643] Building CXX object src\TKMath\CMakeFiles\TKMath.dir\__\ElCLib\ElCLib.cxx.obj
[196/5643] Building CXX object src\TKMath\CMakeFiles\TKMath.dir\__\ElSLib\ElSLib.cxx.obj
[197/5643] Building CXX object src\TKMath\CMakeFiles\TKMath.dir\__\math\math_Recipes.cxx.obj
[198/5643] Building CXX object src\TKMath\CMakeFiles\TKMath.dir\__\BSplCLib\BSplCLib_1.cxx.obj
[199/5643] Building CXX object src\TKMath\CMakeFiles\TKMath.dir\__\BSplCLib\BSplCLib_2.cxx.obj
[200/5643] Building CXX object src\TKMath\CMakeFiles\TKMath.dir\__\BSplCLib\BSplCLib_3.cxx.obj
[201/5643] Building CXX object src\TKMath\CMakeFiles\TKMath.dir\__\BSplCLib\BSplCLib_BzSyntaxes.cxx.obj
[202/5643] Building CXX object src\TKMath\CMakeFiles\TKMath.dir\__\BSplCLib\BSplCLib_Cache.cxx.obj
[203/5643] Building CXX object src\TKMath\CMakeFiles\TKMath.dir\__\BSplCLib\BSplCLib.cxx.obj
[204/5643] Building CXX object src\TKMath\CMakeFiles\TKMath.dir\__\BSplSLib\BSplSLib.cxx.obj
[205/5643] Building CXX object src\TKMath\CMakeFiles\TKMath.dir\__\BSplSLib\BSplSLib_BzSyntaxes.cxx.obj
[206/5643] Building CXX object src\TKMath\CMakeFiles\TKMath.dir\__\PLib\PLib_Base.cxx.obj
[207/5643] Building CXX object src\TKMath\CMakeFiles\TKMath.dir\__\BSplSLib\BSplSLib_Cache.cxx.obj
[208/5643] Building CXX object src\TKMath\CMakeFiles\TKMath.dir\__\PLib\PLib_DoubleJacobiPolynomial.cxx.obj
[209/5643] Building CXX object src\TKMath\CMakeFiles\TKMath.dir\__\PLib\PLib_HermitJacobi.cxx.obj
[210/5643] Building CXX object src\TKMath\CMakeFiles\TKMath.dir\__\PLib\PLib_JacobiPolynomial.cxx.obj
[211/5643] Building CXX object src\TKMath\CMakeFiles\TKMath.dir\__\PLib\PLib.cxx.obj
[212/5643] Building CXX object src\TKMath\CMakeFiles\TKMath.dir\__\Poly\Poly.cxx.obj
[213/5643] Building CXX object src\TKMath\CMakeFiles\TKMath.dir\__\Poly\Poly_ArrayOfNodes.cxx.obj
[214/5643] Building CXX object src\TKMath\CMakeFiles\TKMath.dir\__\Poly\Poly_CoherentLink.cxx.obj
[215/5643] Building CXX object src\TKMath\CMakeFiles\TKMath.dir\__\Poly\Poly_CoherentNode.cxx.obj
[216/5643] Building CXX object src\TKMath\CMakeFiles\TKMath.dir\__\Poly\Poly_CoherentTriangle.cxx.obj
[217/5643] Building CXX object src\TKMath\CMakeFiles\TKMath.dir\__\Poly\Poly_ArrayOfUVNodes.cxx.obj
[218/5643] Building CXX object src\TKMath\CMakeFiles\TKMath.dir\__\Poly\Poly_CoherentTriPtr.cxx.obj
[219/5643] Building CXX object src\TKMath\CMakeFiles\TKMath.dir\__\Poly\Poly_CoherentTriangulation.cxx.obj
[220/5643] Building CXX object src\TKMath\CMakeFiles\TKMath.dir\__\Poly\Poly_Connect.cxx.obj
[221/5643] Building CXX object src\TKMath\CMakeFiles\TKMath.dir\__\Poly\Poly_MakeLoops.cxx.obj
[222/5643] Building CXX object src\TKMath\CMakeFiles\TKMath.dir\__\Poly\Poly_MergeNodesTool.cxx.obj
[223/5643] Building CXX object src\TKMath\CMakeFiles\TKMath.dir\__\Poly\Poly_Polygon2D.cxx.obj
[224/5643] Building CXX object src\TKMath\CMakeFiles\TKMath.dir\__\Poly\Poly_Polygon3D.cxx.obj
[225/5643] Building CXX object src\TKMath\CMakeFiles\TKMath.dir\__\Poly\Poly_PolygonOnTriangulation.cxx.obj
[226/5643] Building CXX object src\TKMath\CMakeFiles\TKMath.dir\__\Poly\Poly_TriangulationParameters.cxx.obj
[227/5643] Building CXX object src\TKMath\CMakeFiles\TKMath.dir\__\CSLib\CSLib_Class2d.cxx.obj
[228/5643] Building CXX object src\TKMath\CMakeFiles\TKMath.dir\__\CSLib\CSLib_NormalPolyDef.cxx.obj
[229/5643] Building CXX object src\TKMath\CMakeFiles\TKMath.dir\__\CSLib\CSLib.cxx.obj
[230/5643] Building CXX object src\TKMath\CMakeFiles\TKMath.dir\__\Poly\Poly_Triangulation.cxx.obj
[231/5643] Building CXX object src\TKMath\CMakeFiles\TKMath.dir\__\Convert\Convert_CircleToBSplineCurve.cxx.obj
[232/5643] Building CXX object src\TKMath\CMakeFiles\TKMath.dir\__\Convert\Convert_CompBezierCurves2dToBSplineCurve2d.cxx.obj
[233/5643] Building CXX object src\TKMath\CMakeFiles\TKMath.dir\__\Convert\Convert_CompPolynomialToPoles.cxx.obj
[234/5643] Building CXX object src\TKMath\CMakeFiles\TKMath.dir\__\Convert\Convert_CompBezierCurvesToBSplineCurve.cxx.obj
[235/5643] Building CXX object src\TKMath\CMakeFiles\TKMath.dir\__\Convert\Convert_ConeToBSplineSurface.cxx.obj
[236/5643] Building CXX object src\TKMath\CMakeFiles\TKMath.dir\__\Convert\Convert_CylinderToBSplineSurface.cxx.obj
[237/5643] Building CXX object src\TKMath\CMakeFiles\TKMath.dir\__\Convert\Convert_ElementarySurfaceToBSplineSurface.cxx.obj
[238/5643] Building CXX object src\TKMath\CMakeFiles\TKMath.dir\__\Convert\Convert_ConicToBSplineCurve.cxx.obj
[239/5643] Building CXX object src\TKMath\CMakeFiles\TKMath.dir\__\Convert\Convert_EllipseToBSplineCurve.cxx.obj
[240/5643] Building CXX object src\TKMath\CMakeFiles\TKMath.dir\__\Convert\Convert_HyperbolaToBSplineCurve.cxx.obj
[241/5643] Building CXX object src\TKMath\CMakeFiles\TKMath.dir\__\Convert\Convert_ParabolaToBSplineCurve.cxx.obj
[242/5643] Building CXX object src\TKMath\CMakeFiles\TKMath.dir\__\Convert\Convert_GridPolynomialToPoles.cxx.obj
[243/5643] Building CXX object src\TKMath\CMakeFiles\TKMath.dir\__\Convert\Convert_PolynomialCosAndSin.cxx.obj
[244/5643] Building CXX object src\TKMath\CMakeFiles\TKMath.dir\__\Convert\Convert_SphereToBSplineSurface.cxx.obj
[245/5643] Building CXX object src\TKMath\CMakeFiles\TKMath.dir\__\Bnd\Bnd_B2d_0.cxx.obj
[246/5643] Building CXX object src\TKMath\CMakeFiles\TKMath.dir\__\Convert\Convert_TorusToBSplineSurface.cxx.obj
[247/5643] Building CXX object src\TKMath\CMakeFiles\TKMath.dir\__\Bnd\Bnd_B2f_0.cxx.obj
[248/5643] Building CXX object src\TKMath\CMakeFiles\TKMath.dir\__\Bnd\Bnd_B3d_0.cxx.obj
[249/5643] Building CXX object src\TKMath\CMakeFiles\TKMath.dir\__\Bnd\Bnd_B3f_0.cxx.obj
[250/5643] Building CXX object src\TKMath\CMakeFiles\TKMath.dir\__\Bnd\Bnd_Box.cxx.obj
[251/5643] Building CXX object src\TKMath\CMakeFiles\TKMath.dir\__\Bnd\Bnd_BoundSortBox.cxx.obj
[252/5643] Building CXX object src\TKMath\CMakeFiles\TKMath.dir\__\Bnd\Bnd_Box2d.cxx.obj
[253/5643] Building CXX object src\TKMath\CMakeFiles\TKMath.dir\__\Bnd\Bnd_Range.cxx.obj
[254/5643] Building CXX object src\TKMath\CMakeFiles\TKMath.dir\__\Bnd\Bnd_Sphere.cxx.obj
[255/5643] Building CXX object src\TKMath\CMakeFiles\TKMath.dir\__\Bnd\Bnd_OBB.cxx.obj
[256/5643] Building CXX object src\TKMath\CMakeFiles\TKMath.dir\__\BVH\BVH_BuildQueue.cxx.obj
[257/5643] Building CXX object src\TKMath\CMakeFiles\TKMath.dir\__\BVH\BVH_BuildThread.cxx.obj
[258/5643] Building CXX object src\TKMath\CMakeFiles\TKMath.dir\__\BVH\BVH_Properties.cxx.obj
[259/5643] Building CXX object src\TKMath\CMakeFiles\TKMath.dir\__\gp\gp.cxx.obj
[260/5643] Building CXX object src\TKMath\CMakeFiles\TKMath.dir\__\gp\gp_Ax1.cxx.obj
[261/5643] Building CXX object src\TKMath\CMakeFiles\TKMath.dir\__\gp\gp_Ax2d.cxx.obj
[262/5643] Building CXX object src\TKMath\CMakeFiles\TKMath.dir\__\gp\gp_Ax2.cxx.obj
[263/5643] Building CXX object src\TKMath\CMakeFiles\TKMath.dir\__\gp\gp_Ax3.cxx.obj
[264/5643] Building CXX object src\TKMath\CMakeFiles\TKMath.dir\__\gp\gp_Circ.cxx.obj
[265/5643] Building CXX object src\TKMath\CMakeFiles\TKMath.dir\__\gp\gp_Ax22d.cxx.obj
[266/5643] Building CXX object src\TKMath\CMakeFiles\TKMath.dir\__\gp\gp_Circ2d.cxx.obj
[267/5643] Building CXX object src\TKMath\CMakeFiles\TKMath.dir\__\gp\gp_Cone.cxx.obj
[268/5643] Building CXX object src\TKMath\CMakeFiles\TKMath.dir\__\gp\gp_Cylinder.cxx.obj
[269/5643] Building CXX object src\TKMath\CMakeFiles\TKMath.dir\__\gp\gp_Dir.cxx.obj
[270/5643] Building CXX object src\TKMath\CMakeFiles\TKMath.dir\__\BVH\BVH.cxx.obj
[271/5643] Building CXX object src\TKMath\CMakeFiles\TKMath.dir\__\gp\gp_Dir2d.cxx.obj
[272/5643] Building CXX object src\TKMath\CMakeFiles\TKMath.dir\__\gp\gp_Elips.cxx.obj
[273/5643] Building CXX object src\TKMath\CMakeFiles\TKMath.dir\__\gp\gp_Elips2d.cxx.obj
[274/5643] Building CXX object src\TKMath\CMakeFiles\TKMath.dir\__\gp\gp_Hypr.cxx.obj
[275/5643] Building CXX object src\TKMath\CMakeFiles\TKMath.dir\__\gp\gp_GTrsf.cxx.obj
[276/5643] Building CXX object src\TKMath\CMakeFiles\TKMath.dir\__\gp\gp_GTrsf2d.cxx.obj
[277/5643] Building CXX object src\TKMath\CMakeFiles\TKMath.dir\__\gp\gp_Hypr2d.cxx.obj
[278/5643] Building CXX object src\TKMath\CMakeFiles\TKMath.dir\__\gp\gp_Lin2d.cxx.obj
[279/5643] Building CXX object src\TKMath\CMakeFiles\TKMath.dir\__\gp\gp_Lin.cxx.obj
[280/5643] Building CXX object src\TKMath\CMakeFiles\TKMath.dir\__\gp\gp_Mat.cxx.obj
[281/5643] Building CXX object src\TKMath\CMakeFiles\TKMath.dir\__\gp\gp_Mat2d.cxx.obj
[282/5643] Building CXX object src\TKMath\CMakeFiles\TKMath.dir\__\gp\gp_Parab.cxx.obj
[283/5643] Building CXX object src\TKMath\CMakeFiles\TKMath.dir\__\gp\gp_Parab2d.cxx.obj
[284/5643] Building CXX object src\TKMath\CMakeFiles\TKMath.dir\__\gp\gp_Pln.cxx.obj
[285/5643] Building CXX object src\TKMath\CMakeFiles\TKMath.dir\__\gp\gp_Pnt.cxx.obj
[286/5643] Building CXX object src\TKMath\CMakeFiles\TKMath.dir\__\gp\gp_Pnt2d.cxx.obj
[287/5643] Building CXX object src\TKMath\CMakeFiles\TKMath.dir\__\gp\gp_Quaternion.cxx.obj
[288/5643] Building CXX object src\TKMath\CMakeFiles\TKMath.dir\__\gp\gp_Sphere.cxx.obj
[289/5643] Building CXX object src\TKMath\CMakeFiles\TKMath.dir\__\gp\gp_Torus.cxx.obj
[290/5643] Building CXX object src\TKMath\CMakeFiles\TKMath.dir\__\gp\gp_Trsf2d.cxx.obj
[291/5643] Building CXX object src\TKMath\CMakeFiles\TKMath.dir\__\gp\gp_Trsf.cxx.obj
[292/5643] Building CXX object src\TKMath\CMakeFiles\TKMath.dir\__\gp\gp_Vec.cxx.obj
[293/5643] Building CXX object src\TKMath\CMakeFiles\TKMath.dir\__\gp\gp_XY.cxx.obj
[294/5643] Building CXX object src\TKMath\CMakeFiles\TKMath.dir\__\gp\gp_XYZ.cxx.obj
[295/5643] Building CXX object src\TKMath\CMakeFiles\TKMath.dir\__\gp\gp_Vec2d.cxx.obj
[296/5643] Building CXX object src\TKMath\CMakeFiles\TKMath.dir\__\TopLoc\TopLoc_Datum3D.cxx.obj
[297/5643] Building CXX object src\TKMath\CMakeFiles\TKMath.dir\__\TopLoc\TopLoc_ItemLocation.cxx.obj
[298/5643] Building CXX object src\TKMath\CMakeFiles\TKMath.dir\__\TopLoc\TopLoc_SListNodeOfItemLocation.cxx.obj
[299/5643] Building CXX object src\TKMath\CMakeFiles\TKMath.dir\__\TopLoc\TopLoc_Location.cxx.obj
[300/5643] Building CXX object src\TKMath\CMakeFiles\TKMath.dir\__\TopLoc\TopLoc_SListOfItemLocation.cxx.obj
[301/5643] Building CXX object src\TKMath\CMakeFiles\TKMath.dir\__\Expr\Expr.cxx.obj
[302/5643] Building CXX object src\TKMath\CMakeFiles\TKMath.dir\__\Expr\Expr_Absolute.cxx.obj
[303/5643] Building CXX object src\TKMath\CMakeFiles\TKMath.dir\__\Expr\Expr_ArcCosine.cxx.obj
[304/5643] Building CXX object src\TKMath\CMakeFiles\TKMath.dir\__\Expr\Expr_ArcSine.cxx.obj
[305/5643] Building CXX object src\TKMath\CMakeFiles\TKMath.dir\__\Expr\Expr_ArcTangent.cxx.obj
[306/5643] Building CXX object src\TKMath\CMakeFiles\TKMath.dir\__\Expr\Expr_ArgCosh.cxx.obj
[307/5643] Building CXX object src\TKMath\CMakeFiles\TKMath.dir\__\Expr\Expr_ArgSinh.cxx.obj
[308/5643] Building CXX object src\TKMath\CMakeFiles\TKMath.dir\__\Expr\Expr_ArgTanh.cxx.obj
[309/5643] Building CXX object src\TKMath\CMakeFiles\TKMath.dir\__\Expr\Expr_BinaryExpression.cxx.obj
[310/5643] Building CXX object src\TKMath\CMakeFiles\TKMath.dir\__\Expr\Expr_BinaryFunction.cxx.obj
[311/5643] Building CXX object src\TKMath\CMakeFiles\TKMath.dir\__\Expr\Expr_Cosh.cxx.obj
[312/5643] Building CXX object src\TKMath\CMakeFiles\TKMath.dir\__\Expr\Expr_Cosine.cxx.obj
[313/5643] Building CXX object src\TKMath\CMakeFiles\TKMath.dir\__\Expr\Expr_Difference.cxx.obj
[314/5643] Building CXX object src\TKMath\CMakeFiles\TKMath.dir\__\Expr\Expr_Different.cxx.obj
[315/5643] Building CXX object src\TKMath\CMakeFiles\TKMath.dir\__\Expr\Expr_Division.cxx.obj
[316/5643] Building CXX object src\TKMath\CMakeFiles\TKMath.dir\__\Expr\Expr_Equal.cxx.obj
[317/5643] Building CXX object src\TKMath\CMakeFiles\TKMath.dir\__\Expr\Expr_Exponential.cxx.obj
[318/5643] Building CXX object src\TKMath\CMakeFiles\TKMath.dir\__\Expr\Expr_Exponentiate.cxx.obj
[319/5643] Building CXX object src\TKMath\CMakeFiles\TKMath.dir\__\Expr\Expr_FunctionDerivative.cxx.obj
[320/5643] Building CXX object src\TKMath\CMakeFiles\TKMath.dir\__\Expr\Expr_GeneralExpression.cxx.obj
[321/5643] Building CXX object src\TKMath\CMakeFiles\TKMath.dir\__\Expr\Expr_GeneralFunction.cxx.obj
[322/5643] Building CXX object src\TKMath\CMakeFiles\TKMath.dir\__\Expr\Expr_GeneralRelation.cxx.obj
[323/5643] Building CXX object src\TKMath\CMakeFiles\TKMath.dir\__\Expr\Expr_GreaterThan.cxx.obj
[324/5643] Building CXX object src\TKMath\CMakeFiles\TKMath.dir\__\Expr\Expr_GreaterThanOrEqual.cxx.obj
[325/5643] Building CXX object src\TKMath\CMakeFiles\TKMath.dir\__\Expr\Expr_LessThan.cxx.obj
[326/5643] Building CXX object src\TKMath\CMakeFiles\TKMath.dir\__\Expr\Expr_LessThanOrEqual.cxx.obj
[327/5643] Building CXX object src\TKMath\CMakeFiles\TKMath.dir\__\Expr\Expr_LogOf10.cxx.obj
[328/5643] Building CXX object src\TKMath\CMakeFiles\TKMath.dir\__\Expr\Expr_LogOfe.cxx.obj
[329/5643] Building CXX object src\TKMath\CMakeFiles\TKMath.dir\__\Expr\Expr_NamedConstant.cxx.obj
[330/5643] Building CXX object src\TKMath\CMakeFiles\TKMath.dir\__\Expr\Expr_NamedExpression.cxx.obj
[331/5643] Building CXX object src\TKMath\CMakeFiles\TKMath.dir\__\Expr\Expr_NamedFunction.cxx.obj
[332/5643] Building CXX object src\TKMath\CMakeFiles\TKMath.dir\__\Expr\Expr_NamedUnknown.cxx.obj
[333/5643] Building CXX object src\TKMath\CMakeFiles\TKMath.dir\__\Expr\Expr_NumericValue.cxx.obj
[334/5643] Building CXX object src\TKMath\CMakeFiles\TKMath.dir\__\Expr\Expr_Operators.cxx.obj
[335/5643] Building CXX object src\TKMath\CMakeFiles\TKMath.dir\__\Expr\Expr_PolyExpression.cxx.obj
[336/5643] Building CXX object src\TKMath\CMakeFiles\TKMath.dir\__\Expr\Expr_PolyFunction.cxx.obj
[337/5643] Building CXX object src\TKMath\CMakeFiles\TKMath.dir\__\Expr\Expr_RelationIterator.cxx.obj
[338/5643] Building CXX object src\TKMath\CMakeFiles\TKMath.dir\__\Expr\Expr_Product.cxx.obj
[339/5643] Building CXX object src\TKMath\CMakeFiles\TKMath.dir\__\Expr\Expr_Sign.cxx.obj
[340/5643] Building CXX object src\TKMath\CMakeFiles\TKMath.dir\__\Expr\Expr_RUIterator.cxx.obj
[341/5643] Building CXX object src\TKMath\CMakeFiles\TKMath.dir\__\Expr\Expr_Sine.cxx.obj
[342/5643] Building CXX object src\TKMath\CMakeFiles\TKMath.dir\__\Expr\Expr_SingleRelation.cxx.obj
[343/5643] Building CXX object src\TKMath\CMakeFiles\TKMath.dir\__\Expr\Expr_Sinh.cxx.obj
[344/5643] Building CXX object src\TKMath\CMakeFiles\TKMath.dir\__\Expr\Expr_Square.cxx.obj
[345/5643] Building CXX object src\TKMath\CMakeFiles\TKMath.dir\__\Expr\Expr_SquareRoot.cxx.obj
[346/5643] Building CXX object src\TKMath\CMakeFiles\TKMath.dir\__\Expr\Expr_Sum.cxx.obj
[347/5643] Building CXX object src\TKMath\CMakeFiles\TKMath.dir\__\Expr\Expr_SystemRelation.cxx.obj
[348/5643] Building CXX object src\TKMath\CMakeFiles\TKMath.dir\__\Expr\Expr_Tangent.cxx.obj
[349/5643] Building CXX object src\TKMath\CMakeFiles\TKMath.dir\__\Expr\Expr_Tanh.cxx.obj
[350/5643] Building CXX object src\TKMath\CMakeFiles\TKMath.dir\__\Expr\Expr_UnaryExpression.cxx.obj
[351/5643] Building CXX object src\TKMath\CMakeFiles\TKMath.dir\__\Expr\Expr_UnaryFunction.cxx.obj
[352/5643] Building CXX object src\TKMath\CMakeFiles\TKMath.dir\__\Expr\Expr_UnknownIterator.cxx.obj
[353/5643] Building CXX object src\TKMath\CMakeFiles\TKMath.dir\__\Expr\Expr_UnaryMinus.cxx.obj
[354/5643] Building CXX object src\TKMath\CMakeFiles\TKMath.dir\__\ExprIntrp\ExprIntrp.cxx.obj
[355/5643] Building CXX object src\TKMath\CMakeFiles\TKMath.dir\__\ExprIntrp\ExprIntrp_Generator.cxx.obj
[356/5643] Building CXX object src\TKMath\CMakeFiles\TKMath.dir\__\ExprIntrp\ExprIntrp_GenExp.cxx.obj
[357/5643] Building CXX object src\TKMath\CMakeFiles\TKMath.dir\__\ExprIntrp\ExprIntrp_Analysis.cxx.obj
[358/5643] Building CXX object src\TKMath\CMakeFiles\TKMath.dir\__\ExprIntrp\ExprIntrp_GenFct.cxx.obj
[359/5643] Building CXX object src\TKMath\CMakeFiles\TKMath.dir\__\ExprIntrp\ExprIntrp_yacclex.cxx.obj
[360/5643] Building CXX object src\TKMath\CMakeFiles\TKMath.dir\__\ExprIntrp\ExprIntrp_GenRel.cxx.obj
[361/5643] Building CXX object src\TKG2d\CMakeFiles\TKG2d.dir\__\Geom2d\Geom2d_Circle.cxx.obj
[362/5643] Building CXX object src\TKMath\CMakeFiles\TKMath.dir\__\ExprIntrp\ExprIntrp_yaccintrf.cxx.obj
[363/5643] Building CXX object src\TKG2d\CMakeFiles\TKG2d.dir\__\Geom2d\Geom2d_Conic.cxx.obj
[364/5643] Building CXX object src\TKG2d\CMakeFiles\TKG2d.dir\__\Geom2d\Geom2d_Curve.cxx.obj
[365/5643] Linking CXX static library win64\vc14\lib\TKMath.lib
[366/5643] Building CXX object src\TKG2d\CMakeFiles\TKG2d.dir\__\Geom2d\Geom2d_Direction.cxx.obj
[367/5643] Building CXX object src\TKG2d\CMakeFiles\TKG2d.dir\__\Geom2d\Geom2d_Geometry.cxx.obj
[368/5643] Building CXX object src\TKG2d\CMakeFiles\TKG2d.dir\__\Geom2d\Geom2d_Ellipse.cxx.obj
[369/5643] Building CXX object src\TKG2d\CMakeFiles\TKG2d.dir\__\Geom2d\Geom2d_Hyperbola.cxx.obj
[370/5643] Building CXX object src\TKG2d\CMakeFiles\TKG2d.dir\__\Geom2d\Geom2d_Line.cxx.obj
[371/5643] Building CXX object src\TKG2d\CMakeFiles\TKG2d.dir\__\Geom2d\Geom2d_Parabola.cxx.obj
[372/5643] Building CXX object src\TKG2d\CMakeFiles\TKG2d.dir\__\Geom2d\Geom2d_OffsetCurve.cxx.obj
[373/5643] Building CXX object src\TKG2d\CMakeFiles\TKG2d.dir\__\Geom2d\Geom2d_Point.cxx.obj
[374/5643] Building CXX object src\TKG2d\CMakeFiles\TKG2d.dir\__\Geom2d\Geom2d_Transformation.cxx.obj
[375/5643] Building CXX object src\TKG2d\CMakeFiles\TKG2d.dir\__\Geom2d\Geom2d_Vector.cxx.obj
[376/5643] Building CXX object src\TKG2d\CMakeFiles\TKG2d.dir\__\Geom2d\Geom2d_VectorWithMagnitude.cxx.obj
[377/5643] Building CXX object src\TKG2d\CMakeFiles\TKG2d.dir\__\LProp\LProp_AnalyticCurInf.cxx.obj
[378/5643] Building CXX object src\TKG2d\CMakeFiles\TKG2d.dir\__\Geom2d\Geom2d_TrimmedCurve.cxx.obj
[379/5643] Building CXX object src\TKG2d\CMakeFiles\TKG2d.dir\__\LProp\LProp_CurAndInf.cxx.obj
[380/5643] Building CXX object src\TKG2d\CMakeFiles\TKG2d.dir\__\Adaptor2d\Adaptor2d_Curve2d.cxx.obj
[381/5643] Building CXX object src\TKG2d\CMakeFiles\TKG2d.dir\__\Geom2dLProp\Geom2dLProp_CLProps2d_0.cxx.obj
[382/5643] Building CXX object src\TKG2d\CMakeFiles\TKG2d.dir\__\Adaptor2d\Adaptor2d_Line2d.cxx.obj
[383/5643] Building CXX object src\TKG2d\CMakeFiles\TKG2d.dir\__\Adaptor2d\Adaptor2d_OffsetCurve.cxx.obj
[384/5643] Building CXX object src\TKG2d\CMakeFiles\TKG2d.dir\__\Geom2dLProp\Geom2dLProp_Curve2dTool.cxx.obj
[385/5643] Building CXX object src\TKG2d\CMakeFiles\TKG2d.dir\__\Geom2dLProp\Geom2dLProp_FuncCurNul.cxx.obj
[386/5643] Building CXX object src\TKG2d\CMakeFiles\TKG2d.dir\__\Geom2dLProp\Geom2dLProp_FuncCurExt.cxx.obj
[387/5643] Building CXX object src\TKG2d\CMakeFiles\TKG2d.dir\__\Geom2dLProp\Geom2dLProp_CurAndInf2d.cxx.obj
[388/5643] Building CXX object src\TKG2d\CMakeFiles\TKG2d.dir\__\Geom2dLProp\Geom2dLProp_NumericCurInf2d.cxx.obj
[389/5643] Building CXX object src\TKG2d\CMakeFiles\TKG2d.dir\__\Geom2dEvaluator\Geom2dEvaluator_OffsetCurve.cxx.obj
[390/5643] Building CXX object src\TKG2d\CMakeFiles\TKG2d.dir\__\Geom2dAdaptor\Geom2dAdaptor.cxx.obj
[391/5643] Building CXX object src\TKG2d\CMakeFiles\TKG2d.dir\__\Geom2dEvaluator\Geom2dEvaluator.cxx.obj
[392/5643] Building CXX object src\TKG2d\CMakeFiles\TKG2d.dir\__\Geom2dAdaptor\Geom2dAdaptor_Curve.cxx.obj
[393/5643] Building RC object src\TKG2d\CMakeFiles\TKG2d.dir\__\__\resources\TKG2d.rc.res
[394/5643] Building RC object src\TKG3d\CMakeFiles\TKG3d.dir\__\__\resources\TKG3d.rc.res
[395/5643] Linking CXX static library win64\vc14\lib\TKG2d.lib
[396/5643] Generating CXX unity source src/TKBRep/cotire/TKBRep_CXX_unity.cxx
CMake Warning (deprecated) at C:/Users/Davi/Downloads/oma/.release/native-build/src/occt/adm/cmake/cotire.cmake:40 (cmake_minimum_required):
  Compatibility with CMake < 3.10 will be removed from a future version of
  CMake.

  Update the VERSION argument <min> value.  Or, use the <min>...<max> syntax
  to tell CMake that the project requires at least <min> but has been updated
  to work with policies introduced by <max> or earlier.
This warning is for project developers.  Use -Wno-author or -Wno-deprecated
to suppress it.

[397/5643] Generating CXX unity source src/TKGeomBase/cotire/TKGeomBase_CXX_unity.cxx
CMake Warning (deprecated) at C:/Users/Davi/Downloads/oma/.release/native-build/src/occt/adm/cmake/cotire.cmake:40 (cmake_minimum_required):
  Compatibility with CMake < 3.10 will be removed from a future version of
  CMake.

  Update the VERSION argument <min> value.  Or, use the <min>...<max> syntax
  to tell CMake that the project requires at least <min> but has been updated
  to work with policies introduced by <max> or earlier.
This warning is for project developers.  Use -Wno-author or -Wno-deprecated
to suppress it.

[398/5643] Generating CXX unity source src/TKGeomAlgo/cotire/TKGeomAlgo_CXX_unity.cxx
CMake Warning (deprecated) at C:/Users/Davi/Downloads/oma/.release/native-build/src/occt/adm/cmake/cotire.cmake:40 (cmake_minimum_required):
  Compatibility with CMake < 3.10 will be removed from a future version of
  CMake.

  Update the VERSION argument <min> value.  Or, use the <min>...<max> syntax
  to tell CMake that the project requires at least <min> but has been updated
  to work with policies introduced by <max> or earlier.
This warning is for project developers.  Use -Wno-author or -Wno-deprecated
to suppress it.

[399/5643] Building CXX object src\TKG3d\CMakeFiles\TKG3d.dir\__\Geom\Geom_Axis1Placement.cxx.obj
[400/5643] Building CXX object src\TKG3d\CMakeFiles\TKG3d.dir\__\Geom\Geom_Axis2Placement.cxx.obj
[401/5643] Building CXX object src\TKG3d\CMakeFiles\TKG3d.dir\__\Geom\Geom_AxisPlacement.cxx.obj
[402/5643] Building CXX object src\TKG3d\CMakeFiles\TKG3d.dir\__\Geom\Geom_BezierCurve.cxx.obj
[403/5643] Building CXX object src\TKG3d\CMakeFiles\TKG3d.dir\__\Geom\Geom_BezierSurface.cxx.obj
[404/5643] Generating CXX prefix header src/TKBRep/cotire/TKBRep_CXX_prefix.hxx
CMake Warning (deprecated) at C:/Users/Davi/Downloads/oma/.release/native-build/src/occt/adm/cmake/cotire.cmake:40 (cmake_minimum_required):
  Compatibility with CMake < 3.10 will be removed from a future version of
  CMake.

  Update the VERSION argument <min> value.  Or, use the <min>...<max> syntax
  to tell CMake that the project requires at least <min> but has been updated
  to work with policies introduced by <max> or earlier.
This warning is for project developers.  Use -Wno-author or -Wno-deprecated
to suppress it.

[405/5643] Building CXX object src\TKG3d\CMakeFiles\TKG3d.dir\__\Geom\Geom_BoundedCurve.cxx.obj
[406/5643] Building CXX object src\TKG3d\CMakeFiles\TKG3d.dir\__\Geom\Geom_BoundedSurface.cxx.obj
[407/5643] Building CXX object src\TKG3d\CMakeFiles\TKG3d.dir\__\Geom\Geom_BSplineCurve_1.cxx.obj
[408/5643] Building CXX object src\TKG3d\CMakeFiles\TKG3d.dir\__\Geom\Geom_BSplineCurve.cxx.obj
[409/5643] Building CXX object src\TKG3d\CMakeFiles\TKG3d.dir\__\Geom\Geom_BSplineSurface.cxx.obj
[410/5643] Building CXX object src\TKG3d\CMakeFiles\TKG3d.dir\__\Geom\Geom_BSplineSurface_1.cxx.obj
[411/5643] Building CXX object src\TKG3d\CMakeFiles\TKG3d.dir\__\Geom\Geom_CartesianPoint.cxx.obj
[412/5643] Building CXX object src\TKG3d\CMakeFiles\TKG3d.dir\__\Geom\Geom_Circle.cxx.obj
[413/5643] Building CXX object src\TKG3d\CMakeFiles\TKG3d.dir\__\Geom\Geom_Conic.cxx.obj
[414/5643] Building CXX object src\TKG3d\CMakeFiles\TKG3d.dir\__\Geom\Geom_ConicalSurface.cxx.obj
[415/5643] Generating CXX prefix header src/TKGeomBase/cotire/TKGeomBase_CXX_prefix.hxx
CMake Warning (deprecated) at C:/Users/Davi/Downloads/oma/.release/native-build/src/occt/adm/cmake/cotire.cmake:40 (cmake_minimum_required):
  Compatibility with CMake < 3.10 will be removed from a future version of
  CMake.

  Update the VERSION argument <min> value.  Or, use the <min>...<max> syntax
  to tell CMake that the project requires at least <min> but has been updated
  to work with policies introduced by <max> or earlier.
This warning is for project developers.  Use -Wno-author or -Wno-deprecated
to suppress it.

[416/5643] Building CXX object src\TKG3d\CMakeFiles\TKG3d.dir\__\Geom\Geom_Curve.cxx.obj
[417/5643] Building CXX object src\TKG3d\CMakeFiles\TKG3d.dir\__\Geom\Geom_Direction.cxx.obj
[418/5643] Building CXX object src\TKG3d\CMakeFiles\TKG3d.dir\__\Geom\Geom_CylindricalSurface.cxx.obj
[419/5643] Building CXX object src\TKG3d\CMakeFiles\TKG3d.dir\__\Geom\Geom_ElementarySurface.cxx.obj
[420/5643] Building CXX object src\TKG3d\CMakeFiles\TKG3d.dir\__\Geom\Geom_Geometry.cxx.obj
[421/5643] Building CXX object src\TKG3d\CMakeFiles\TKG3d.dir\__\Geom\Geom_Ellipse.cxx.obj
[422/5643] Building CXX object src\TKG3d\CMakeFiles\TKG3d.dir\__\Geom\Geom_Hyperbola.cxx.obj
[423/5643] Building CXX object src\TKG3d\CMakeFiles\TKG3d.dir\__\Geom\Geom_Line.cxx.obj
[424/5643] Building CXX object src\TKG3d\CMakeFiles\TKG3d.dir\__\Geom\Geom_OffsetCurve.cxx.obj
[425/5643] Generating CXX prefix header src/TKGeomAlgo/cotire/TKGeomAlgo_CXX_prefix.hxx
CMake Warning (deprecated) at C:/Users/Davi/Downloads/oma/.release/native-build/src/occt/adm/cmake/cotire.cmake:40 (cmake_minimum_required):
  Compatibility with CMake < 3.10 will be removed from a future version of
  CMake.

  Update the VERSION argument <min> value.  Or, use the <min>...<max> syntax
  to tell CMake that the project requires at least <min> but has been updated
  to work with policies introduced by <max> or earlier.
This warning is for project developers.  Use -Wno-author or -Wno-deprecated
to suppress it.

[426/5643] Building CXX object src\TKG3d\CMakeFiles\TKG3d.dir\__\Geom\Geom_OffsetSurface.cxx.obj
[427/5643] Building CXX object src\TKG3d\CMakeFiles\TKG3d.dir\__\Geom\Geom_Parabola.cxx.obj
[428/5643] Building CXX object src\TKG3d\CMakeFiles\TKG3d.dir\__\Geom\Geom_Plane.cxx.obj
[429/5643] Building CXX object src\TKG3d\CMakeFiles\TKG3d.dir\__\Geom\Geom_OsculatingSurface.cxx.obj
[430/5643] Building CXX object src\TKG3d\CMakeFiles\TKG3d.dir\__\Geom\Geom_Point.cxx.obj
[431/5643] Building CXX object src\TKG3d\CMakeFiles\TKG3d.dir\__\Geom\Geom_Surface.cxx.obj
[432/5643] Building CXX object src\TKG3d\CMakeFiles\TKG3d.dir\__\Geom\Geom_SphericalSurface.cxx.obj
[433/5643] Building CXX object src\TKG3d\CMakeFiles\TKG3d.dir\__\Geom\Geom_RectangularTrimmedSurface.cxx.obj
[434/5643] Building CXX object src\TKG3d\CMakeFiles\TKG3d.dir\__\Geom\Geom_SurfaceOfLinearExtrusion.cxx.obj
[435/5643] Building CXX object src\TKG3d\CMakeFiles\TKG3d.dir\__\Geom\Geom_SweptSurface.cxx.obj
[436/5643] Building CXX object src\TKG3d\CMakeFiles\TKG3d.dir\__\Geom\Geom_SurfaceOfRevolution.cxx.obj
[437/5643] Building CXX object src\TKG3d\CMakeFiles\TKG3d.dir\__\Geom\Geom_ToroidalSurface.cxx.obj
[438/5643] Building CXX object src\TKG3d\CMakeFiles\TKG3d.dir\__\Geom\Geom_Transformation.cxx.obj
[439/5643] Building CXX object src\TKG3d\CMakeFiles\TKG3d.dir\__\Geom\Geom_Vector.cxx.obj
[440/5643] Building CXX object src\TKG3d\CMakeFiles\TKG3d.dir\__\Geom\Geom_VectorWithMagnitude.cxx.obj
[441/5643] Building CXX object src\TKG3d\CMakeFiles\TKG3d.dir\__\Geom\Geom_TrimmedCurve.cxx.obj
[442/5643] Building CXX object src\TKG3d\CMakeFiles\TKG3d.dir\__\GeomAdaptor\GeomAdaptor.cxx.obj
[443/5643] Building CXX object src\TKG3d\CMakeFiles\TKG3d.dir\__\GeomAdaptor\GeomAdaptor_Curve.cxx.obj
[444/5643] Building CXX object src\TKG3d\CMakeFiles\TKG3d.dir\__\GeomAdaptor\GeomAdaptor_SurfaceOfLinearExtrusion.cxx.obj
[445/5643] Building CXX object src\TKG3d\CMakeFiles\TKG3d.dir\__\AdvApprox\AdvApprox_Cutting.cxx.obj
[446/5643] Building CXX object src\TKG3d\CMakeFiles\TKG3d.dir\__\GeomAdaptor\GeomAdaptor_Surface.cxx.obj
[447/5643] Building CXX object src\TKG3d\CMakeFiles\TKG3d.dir\__\AdvApprox\AdvApprox_DichoCutting.cxx.obj
[448/5643] Building CXX object src\TKG3d\CMakeFiles\TKG3d.dir\__\AdvApprox\AdvApprox_PrefAndRec.cxx.obj
[449/5643] Building CXX object src\TKG3d\CMakeFiles\TKG3d.dir\__\GeomAdaptor\GeomAdaptor_SurfaceOfRevolution.cxx.obj
[450/5643] Building CXX object src\TKG3d\CMakeFiles\TKG3d.dir\__\AdvApprox\AdvApprox_PrefCutting.cxx.obj
[451/5643] Building CXX object src\TKG3d\CMakeFiles\TKG3d.dir\__\AdvApprox\AdvApprox_ApproxAFunction.cxx.obj
[452/5643] Building CXX object src\TKG3d\CMakeFiles\TKG3d.dir\__\GeomLProp\GeomLProp_CLProps_0.cxx.obj
[453/5643] Building CXX object src\TKG3d\CMakeFiles\TKG3d.dir\__\GeomLProp\GeomLProp.cxx.obj
[454/5643] Building CXX object src\TKG3d\CMakeFiles\TKG3d.dir\__\AdvApprox\AdvApprox_SimpleApprox.cxx.obj
[455/5643] Building CXX object src\TKG3d\CMakeFiles\TKG3d.dir\__\GeomLProp\GeomLProp_CurveTool.cxx.obj
[456/5643] Building CXX object src\TKG3d\CMakeFiles\TKG3d.dir\__\GeomLProp\GeomLProp_SurfaceTool.cxx.obj
[457/5643] Building CXX object src\TKG3d\CMakeFiles\TKG3d.dir\__\GeomLProp\GeomLProp_SLProps_0.cxx.obj
[458/5643] Building CXX object src\TKG3d\CMakeFiles\TKG3d.dir\__\Adaptor3d\Adaptor3d_Curve.cxx.obj
[459/5643] Building CXX object src\TKG3d\CMakeFiles\TKG3d.dir\__\Adaptor3d\Adaptor3d_HVertex.cxx.obj
[460/5643] Building CXX object src\TKG3d\CMakeFiles\TKG3d.dir\__\Adaptor3d\Adaptor3d_HSurfaceTool.cxx.obj
[461/5643] Building CXX object src\TKG3d\CMakeFiles\TKG3d.dir\__\Adaptor3d\Adaptor3d_InterFunc.cxx.obj
[462/5643] Building CXX object src\TKG3d\CMakeFiles\TKG3d.dir\__\Adaptor3d\Adaptor3d_CurveOnSurface.cxx.obj
[463/5643] Building CXX object src\TKG3d\CMakeFiles\TKG3d.dir\__\Adaptor3d\Adaptor3d_Surface.cxx.obj
[464/5643] Building CXX object src\TKG3d\CMakeFiles\TKG3d.dir\__\Adaptor3d\Adaptor3d_IsoCurve.cxx.obj
[465/5643] Building CXX object src\TKG3d\CMakeFiles\TKG3d.dir\__\LProp3d\LProp3d_CLProps_0.cxx.obj
[466/5643] Building CXX object src\TKG3d\CMakeFiles\TKG3d.dir\__\LProp3d\LProp3d_CurveTool.cxx.obj
[467/5643] Building CXX object src\TKG3d\CMakeFiles\TKG3d.dir\__\Adaptor3d\Adaptor3d_TopolTool.cxx.obj
[468/5643] Building CXX object src\TKG3d\CMakeFiles\TKG3d.dir\__\LProp3d\LProp3d_SurfaceTool.cxx.obj
[469/5643] Building CXX object src\TKG3d\CMakeFiles\TKG3d.dir\__\LProp3d\LProp3d_SLProps_0.cxx.obj
[470/5643] Building CXX object src\TKG3d\CMakeFiles\TKG3d.dir\__\TopAbs\TopAbs.cxx.obj
[471/5643] Building CXX object src\TKG3d\CMakeFiles\TKG3d.dir\__\GeomEvaluator\GeomEvaluator_OffsetCurve.cxx.obj
[472/5643] Building CXX object src\TKG3d\CMakeFiles\TKG3d.dir\__\GeomEvaluator\GeomEvaluator_SurfaceOfRevolution.cxx.obj
[473/5643] Building CXX object src\TKG3d\CMakeFiles\TKG3d.dir\__\GeomEvaluator\GeomEvaluator_SurfaceOfExtrusion.cxx.obj
[474/5643] Building CXX object src\TKG3d\CMakeFiles\TKG3d.dir\__\GeomEvaluator\GeomEvaluator_OffsetSurface.cxx.obj
[475/5643] Building CXX object src\TKG3d\CMakeFiles\TKG3d.dir\__\GProp\GProp.cxx.obj
[476/5643] Building CXX object src\TKG3d\CMakeFiles\TKG3d.dir\__\GProp\GProp_GProps.cxx.obj
[477/5643] Building CXX object src\TKG3d\CMakeFiles\TKG3d.dir\__\GProp\GProp_CelGProps.cxx.obj
[478/5643] Building CXX object src\TKG3d\CMakeFiles\TKG3d.dir\__\GProp\GProp_PEquation.cxx.obj
[479/5643] Building CXX object src\TKG3d\CMakeFiles\TKG3d.dir\__\GProp\GProp_PGProps.cxx.obj
[480/5643] Building CXX object src\TKG3d\CMakeFiles\TKG3d.dir\__\GProp\GProp_PrincipalProps.cxx.obj
[481/5643] Building RC object src\TKGeomBase\CMakeFiles\TKGeomBase.dir\__\__\resources\TKGeomBase.rc.res
[482/5643] Building CXX object src\TKG3d\CMakeFiles\TKG3d.dir\__\GProp\GProp_SelGProps.cxx.obj
[483/5643] Building CXX object src\TKG3d\CMakeFiles\TKG3d.dir\__\GProp\GProp_VelGProps.cxx.obj
[484/5643] Building RC object src\TKBRep\CMakeFiles\TKBRep.dir\__\__\resources\TKBRep.rc.res
[485/5643] Linking CXX static library win64\vc14\lib\TKG3d.lib
[486/5643] Building RC object src\TKGeomAlgo\CMakeFiles\TKGeomAlgo.dir\__\__\resources\TKGeomAlgo.rc.res
[487/5643] Generating CXX unity source src/TKTopAlgo/cotire/TKTopAlgo_CXX_unity.cxx
CMake Warning (deprecated) at C:/Users/Davi/Downloads/oma/.release/native-build/src/occt/adm/cmake/cotire.cmake:40 (cmake_minimum_required):
  Compatibility with CMake < 3.10 will be removed from a future version of
  CMake.

  Update the VERSION argument <min> value.  Or, use the <min>...<max> syntax
  to tell CMake that the project requires at least <min> but has been updated
  to work with policies introduced by <max> or earlier.
This warning is for project developers.  Use -Wno-author or -Wno-deprecated
to suppress it.

[488/5643] Building CXX object src\TKGeomBase\CMakeFiles\TKGeomBase.dir\__\ProjLib\ProjLib.cxx.obj
[489/5643] Building CXX object src\TKBRep\CMakeFiles\TKBRep.dir\__\TopoDS\TopoDS_AlertAttribute.cxx.obj
[490/5643] Building CXX object src\TKGeomAlgo\CMakeFiles\TKGeomAlgo.dir\__\Hatch\Hatch_Hatcher.cxx.obj
[491/5643] Building CXX object src\TKGeomBase\CMakeFiles\TKGeomBase.dir\__\ProjLib\ProjLib_ComputeApprox.cxx.obj
[492/5643] Building CXX object src\TKGeomBase\CMakeFiles\TKGeomBase.dir\__\ProjLib\ProjLib_Cone.cxx.obj
[493/5643] Building CXX object src\TKGeomBase\CMakeFiles\TKGeomBase.dir\__\ProjLib\ProjLib_CompProjectedCurve.cxx.obj
[494/5643] Building CXX object src\TKGeomBase\CMakeFiles\TKGeomBase.dir\__\ProjLib\ProjLib_ComputeApproxOnPolarSurface.cxx.obj
[495/5643] Building CXX object src\TKGeomBase\CMakeFiles\TKGeomBase.dir\__\ProjLib\ProjLib_Cylinder.cxx.obj
[496/5643] Building CXX object src\TKGeomBase\CMakeFiles\TKGeomBase.dir\__\ProjLib\ProjLib_Plane.cxx.obj
[497/5643] Building CXX object src\TKGeomBase\CMakeFiles\TKGeomBase.dir\__\ProjLib\ProjLib_PrjFunc.cxx.obj
[498/5643] Building CXX object src\TKGeomBase\CMakeFiles\TKGeomBase.dir\__\ProjLib\ProjLib_PrjResolve.cxx.obj
[499/5643] Building CXX object src\TKGeomBase\CMakeFiles\TKGeomBase.dir\__\ProjLib\ProjLib_ProjectOnSurface.cxx.obj
[500/5643] Building CXX object src\TKGeomBase\CMakeFiles\TKGeomBase.dir\__\ProjLib\ProjLib_ProjectedCurve.cxx.obj
[501/5643] Building CXX object src\TKGeomBase\CMakeFiles\TKGeomBase.dir\__\ProjLib\ProjLib_ProjectOnPlane.cxx.obj
[502/5643] Building CXX object src\TKGeomBase\CMakeFiles\TKGeomBase.dir\__\ProjLib\ProjLib_Projector.cxx.obj
[503/5643] Building CXX object src\TKGeomBase\CMakeFiles\TKGeomBase.dir\__\ProjLib\ProjLib_Sphere.cxx.obj
[504/5643] Building CXX object src\TKGeomBase\CMakeFiles\TKGeomBase.dir\__\ProjLib\ProjLib_Torus.cxx.obj
[505/5643] Building CXX object src\TKGeomBase\CMakeFiles\TKGeomBase.dir\__\GCPnts\GCPnts_AbscissaPoint.cxx.obj
[506/5643] Generating CXX prefix header src/TKTopAlgo/cotire/TKTopAlgo_CXX_prefix.hxx
CMake Warning (deprecated) at C:/Users/Davi/Downloads/oma/.release/native-build/src/occt/adm/cmake/cotire.cmake:40 (cmake_minimum_required):
  Compatibility with CMake < 3.10 will be removed from a future version of
  CMake.

  Update the VERSION argument <min> value.  Or, use the <min>...<max> syntax
  to tell CMake that the project requires at least <min> but has been updated
  to work with policies introduced by <max> or earlier.
This warning is for project developers.  Use -Wno-author or -Wno-deprecated
to suppress it.

[507/5643] Building CXX object src\TKGeomBase\CMakeFiles\TKGeomBase.dir\__\GeomProjLib\GeomProjLib.cxx.obj
[508/5643] Building CXX object src\TKGeomBase\CMakeFiles\TKGeomBase.dir\__\GCPnts\GCPnts_QuasiUniformAbscissa.cxx.obj
[509/5643] Building CXX object src\TKGeomBase\CMakeFiles\TKGeomBase.dir\__\GCPnts\GCPnts_QuasiUniformDeflection.cxx.obj
[510/5643] Building CXX object src\TKGeomBase\CMakeFiles\TKGeomBase.dir\__\GCPnts\GCPnts_UniformAbscissa.cxx.obj
[511/5643] Building CXX object src\TKGeomBase\CMakeFiles\TKGeomBase.dir\__\GCPnts\GCPnts_TangentialDeflection.cxx.obj
[512/5643] Building CXX object src\TKGeomBase\CMakeFiles\TKGeomBase.dir\__\GCPnts\GCPnts_UniformDeflection.cxx.obj
[513/5643] Building CXX object src\TKGeomBase\CMakeFiles\TKGeomBase.dir\__\GCPnts\GCPnts_DistFunction.cxx.obj
[514/5643] Building CXX object src\TKGeomBase\CMakeFiles\TKGeomBase.dir\__\CPnts\CPnts_MyGaussFunction.cxx.obj
[515/5643] Building CXX object src\TKGeomBase\CMakeFiles\TKGeomBase.dir\__\GCPnts\GCPnts_DistFunction2d.cxx.obj
[516/5643] Building CXX object src\TKGeomBase\CMakeFiles\TKGeomBase.dir\__\CPnts\CPnts_MyRootFunction.cxx.obj
[517/5643] Building CXX object src\TKGeomBase\CMakeFiles\TKGeomBase.dir\__\CPnts\CPnts_AbscissaPoint.cxx.obj
[518/5643] Building CXX object src\TKGeomBase\CMakeFiles\TKGeomBase.dir\__\CPnts\CPnts_UniformDeflection.cxx.obj
[519/5643] Building CXX object src\TKGeomBase\CMakeFiles\TKGeomBase.dir\__\Approx\Approx_Curve2d.cxx.obj
[520/5643] Building CXX object src\TKGeomBase\CMakeFiles\TKGeomBase.dir\__\Approx\Approx_Curve3d.cxx.obj
[521/5643] Building CXX object src\TKGeomBase\CMakeFiles\TKGeomBase.dir\__\Approx\Approx_CurveOnSurface.cxx.obj
[522/5643] Building CXX object src\TKGeomBase\CMakeFiles\TKGeomBase.dir\__\Approx\Approx_CurvilinearParameter.cxx.obj
[523/5643] Building CXX object src\TKGeomBase\CMakeFiles\TKGeomBase.dir\__\Approx\Approx_CurvlinFunc.cxx.obj
[524/5643] Building CXX object src\TKGeomBase\CMakeFiles\TKGeomBase.dir\__\Approx\Approx_FitAndDivide2d_0.cxx.obj
[525/5643] Building CXX object src\TKGeomBase\CMakeFiles\TKGeomBase.dir\__\Approx\Approx_FitAndDivide_0.cxx.obj
[526/5643] Building CXX object src\TKGeomBase\CMakeFiles\TKGeomBase.dir\__\Approx\Approx_MCurvesToBSpCurve.cxx.obj
[527/5643] Building CXX object src\TKGeomBase\CMakeFiles\TKGeomBase.dir\__\Approx\Approx_SameParameter.cxx.obj
[528/5643] Building CXX object src\TKGeomBase\CMakeFiles\TKGeomBase.dir\__\Approx\Approx_SweepFunction.cxx.obj
[529/5643] Building CXX object src\TKGeomBase\CMakeFiles\TKGeomBase.dir\__\Approx\Approx_SweepApproximation.cxx.obj
[530/5643] Building CXX object src\TKGeomBase\CMakeFiles\TKGeomBase.dir\__\AppParCurves\AppParCurves_ConstraintCouple.cxx.obj
[531/5643] Building CXX object src\TKGeomBase\CMakeFiles\TKGeomBase.dir\__\AppParCurves\AppParCurves.cxx.obj
[532/5643] Building CXX object src\TKGeomBase\CMakeFiles\TKGeomBase.dir\__\AppParCurves\AppParCurves_MultiBSpCurve.cxx.obj
[533/5643] Building CXX object src\TKGeomBase\CMakeFiles\TKGeomBase.dir\__\AppParCurves\AppParCurves_MultiCurve.cxx.obj
[534/5643] Building CXX object src\TKGeomBase\CMakeFiles\TKGeomBase.dir\__\AppParCurves\AppParCurves_MultiPoint.cxx.obj
[535/5643] Building CXX object src\TKGeomBase\CMakeFiles\TKGeomBase.dir\__\FEmTool\FEmTool_ElementaryCriterion.cxx.obj
[536/5643] Building CXX object src\TKGeomBase\CMakeFiles\TKGeomBase.dir\__\FEmTool\FEmTool_ElementsOfRefMatrix.cxx.obj
[537/5643] Building CXX object src\TKGeomBase\CMakeFiles\TKGeomBase.dir\__\FEmTool\FEmTool_Assembly.cxx.obj
[538/5643] Building CXX object src\TKGeomBase\CMakeFiles\TKGeomBase.dir\__\FEmTool\FEmTool_Curve.cxx.obj
[539/5643] Building CXX object src\TKGeomBase\CMakeFiles\TKGeomBase.dir\__\FEmTool\FEmTool_ProfileMatrix.cxx.obj
[540/5643] Building CXX object src\TKGeomBase\CMakeFiles\TKGeomBase.dir\__\FEmTool\FEmTool_LinearFlexion.cxx.obj
[541/5643] Building CXX object src\TKGeomBase\CMakeFiles\TKGeomBase.dir\__\FEmTool\FEmTool_LinearJerk.cxx.obj
[542/5643] Building CXX object src\TKGeomBase\CMakeFiles\TKGeomBase.dir\__\FEmTool\FEmTool_LinearTension.cxx.obj
[543/5643] Building CXX object src\TKGeomBase\CMakeFiles\TKGeomBase.dir\__\FEmTool\FEmTool_SparseMatrix.cxx.obj
[544/5643] Building CXX object src\TKGeomBase\CMakeFiles\TKGeomBase.dir\__\AppCont\AppCont_ContMatrices.cxx.obj
[545/5643] Building CXX object src\TKGeomBase\CMakeFiles\TKGeomBase.dir\__\AppCont\AppCont_ContMatrices_1.cxx.obj
[546/5643] Building CXX object src\TKGeomBase\CMakeFiles\TKGeomBase.dir\__\AppCont\AppCont_ContMatrices_2.cxx.obj
[547/5643] Building CXX object src\TKGeomBase\CMakeFiles\TKGeomBase.dir\__\AppCont\AppCont_ContMatrices_3.cxx.obj
[548/5643] Building CXX object src\TKGeomBase\CMakeFiles\TKGeomBase.dir\__\AppCont\AppCont_ContMatrices_4.cxx.obj
[549/5643] Building CXX object src\TKGeomBase\CMakeFiles\TKGeomBase.dir\__\Extrema\Extrema_CCLocFOfLocECC2d_0.cxx.obj
[550/5643] Building CXX object src\TKGeomBase\CMakeFiles\TKGeomBase.dir\__\Extrema\Extrema_Curve2dTool.cxx.obj
[551/5643] Building CXX object src\TKGeomBase\CMakeFiles\TKGeomBase.dir\__\Extrema\Extrema_CCLocFOfLocECC_0.cxx.obj
[552/5643] Building CXX object src\TKGeomBase\CMakeFiles\TKGeomBase.dir\__\AppCont\AppCont_LeastSquare.cxx.obj
[553/5643] Building CXX object src\TKGeomBase\CMakeFiles\TKGeomBase.dir\__\Extrema\Extrema_CurveTool.cxx.obj
[554/5643] Building CXX object src\TKGeomBase\CMakeFiles\TKGeomBase.dir\__\Extrema\Extrema_ELPCOfLocateExtPC2d_0.cxx.obj
[555/5643] Building CXX object src\TKGeomBase\CMakeFiles\TKGeomBase.dir\__\Extrema\Extrema_ECC2d_0.cxx.obj
[556/5643] Building CXX object src\TKGeomBase\CMakeFiles\TKGeomBase.dir\__\Extrema\Extrema_ECC_0.cxx.obj
[557/5643] Building CXX object src\TKGeomBase\CMakeFiles\TKGeomBase.dir\__\Extrema\Extrema_ELPCOfLocateExtPC_0.cxx.obj
[558/5643] Building CXX object src\TKGeomBase\CMakeFiles\TKGeomBase.dir\__\Extrema\Extrema_EPCOfELPCOfLocateExtPC_0.cxx.obj
[559/5643] Building CXX object src\TKGeomBase\CMakeFiles\TKGeomBase.dir\__\Extrema\Extrema_EPCOfELPCOfLocateExtPC2d_0.cxx.obj
[560/5643] Building CXX object src\TKGeomBase\CMakeFiles\TKGeomBase.dir\__\Extrema\Extrema_EPCOfExtPC2d_0.cxx.obj
[561/5643] Building CXX object src\TKGeomBase\CMakeFiles\TKGeomBase.dir\__\Extrema\Extrema_EPCOfExtPC_0.cxx.obj
[562/5643] Building CXX object src\TKGeomBase\CMakeFiles\TKGeomBase.dir\__\Extrema\Extrema_ExtCC2d.cxx.obj
[563/5643] Building CXX object src\TKGeomBase\CMakeFiles\TKGeomBase.dir\__\Extrema\Extrema_ExtElC.cxx.obj
[564/5643] Building CXX object src\TKGeomBase\CMakeFiles\TKGeomBase.dir\__\Extrema\Extrema_ExtCC.cxx.obj
[565/5643] Building CXX object src\TKGeomBase\CMakeFiles\TKGeomBase.dir\__\Extrema\Extrema_ExtCS.cxx.obj
[566/5643] Building CXX object src\TKGeomBase\CMakeFiles\TKGeomBase.dir\__\Extrema\Extrema_ExtElC2d.cxx.obj
[567/5643] Building CXX object src\TKGeomBase\CMakeFiles\TKGeomBase.dir\__\Extrema\Extrema_ExtElSS.cxx.obj
[568/5643] Building CXX object src\TKGeomBase\CMakeFiles\TKGeomBase.dir\__\Extrema\Extrema_ExtElCS.cxx.obj
[569/5643] Building CXX object src\TKGeomBase\CMakeFiles\TKGeomBase.dir\__\Extrema\Extrema_ExtPC2d_0.cxx.obj
[570/5643] Building CXX object src\TKGeomBase\CMakeFiles\TKGeomBase.dir\__\Extrema\Extrema_ExtPElC.cxx.obj
[571/5643] Building CXX object src\TKGeomBase\CMakeFiles\TKGeomBase.dir\__\Extrema\Extrema_ExtPElC2d.cxx.obj
[572/5643] Building CXX object src\TKGeomBase\CMakeFiles\TKGeomBase.dir\__\Extrema\Extrema_ExtPC_0.cxx.obj
[573/5643] Building CXX object src\TKGeomBase\CMakeFiles\TKGeomBase.dir\__\Extrema\Extrema_ExtPElS.cxx.obj
[574/5643] Building CXX object src\TKGeomBase\CMakeFiles\TKGeomBase.dir\__\Extrema\Extrema_ExtPExtS.cxx.obj
[575/5643] Building CXX object src\TKGeomBase\CMakeFiles\TKGeomBase.dir\__\Extrema\Extrema_ExtPRevS.cxx.obj
[576/5643] Building CXX object src\TKGeomBase\CMakeFiles\TKGeomBase.dir\__\Extrema\Extrema_ExtPS.cxx.obj
[577/5643] Building CXX object src\TKGeomBase\CMakeFiles\TKGeomBase.dir\__\Extrema\Extrema_ExtSS.cxx.obj
[578/5643] Building CXX object src\TKGeomBase\CMakeFiles\TKGeomBase.dir\__\Extrema\Extrema_FuncExtCS.cxx.obj
[579/5643] Building CXX object src\TKGeomBase\CMakeFiles\TKGeomBase.dir\__\Extrema\Extrema_FuncPSNorm.cxx.obj
[580/5643] Building CXX object src\TKGeomBase\CMakeFiles\TKGeomBase.dir\__\Extrema\Extrema_FuncPSDist.cxx.obj
[581/5643] Building CXX object src\TKGeomBase\CMakeFiles\TKGeomBase.dir\__\Extrema\Extrema_FuncExtSS.cxx.obj
[582/5643] Building CXX object src\TKGeomBase\CMakeFiles\TKGeomBase.dir\__\Extrema\Extrema_GenExtSS.cxx.obj
[583/5643] Building CXX object src\TKGeomBase\CMakeFiles\TKGeomBase.dir\__\Extrema\Extrema_GenLocateExtCS.cxx.obj
[584/5643] Building CXX object src\TKGeomBase\CMakeFiles\TKGeomBase.dir\__\Extrema\Extrema_GenExtCS.cxx.obj
[585/5643] Building CXX object src\TKGeomBase\CMakeFiles\TKGeomBase.dir\__\Extrema\Extrema_GenExtPS.cxx.obj
[586/5643] Building CXX object src\TKGeomBase\CMakeFiles\TKGeomBase.dir\__\Extrema\Extrema_GenLocateExtPS.cxx.obj
[587/5643] Building CXX object src\TKGeomBase\CMakeFiles\TKGeomBase.dir\__\Extrema\Extrema_GenLocateExtSS.cxx.obj
[588/5643] Building CXX object src\TKGeomBase\CMakeFiles\TKGeomBase.dir\__\Extrema\Extrema_GlobOptFuncCC.cxx.obj
[589/5643] Building CXX object src\TKGeomBase\CMakeFiles\TKGeomBase.dir\__\Extrema\Extrema_GlobOptFuncCS.cxx.obj
[590/5643] Building CXX object src\TKGeomBase\CMakeFiles\TKGeomBase.dir\__\Extrema\Extrema_GlobOptFuncConicS.cxx.obj
[591/5643] Building CXX object src\TKGeomBase\CMakeFiles\TKGeomBase.dir\__\Extrema\Extrema_LocateExtCC.cxx.obj
[592/5643] Building CXX object src\TKGeomBase\CMakeFiles\TKGeomBase.dir\__\Extrema\Extrema_GlobOptFuncCQuadric.cxx.obj
[593/5643] Building CXX object src\TKGeomBase\CMakeFiles\TKGeomBase.dir\__\Extrema\Extrema_LocateExtCC2d.cxx.obj
[594/5643] Building CXX object src\TKGeomBase\CMakeFiles\TKGeomBase.dir\__\Extrema\Extrema_LocateExtPC2d_0.cxx.obj
[595/5643] Building CXX object src\TKGeomBase\CMakeFiles\TKGeomBase.dir\__\Extrema\Extrema_LocECC2d_0.cxx.obj
[596/5643] Building CXX object src\TKGeomBase\CMakeFiles\TKGeomBase.dir\__\Extrema\Extrema_LocateExtPC_0.cxx.obj
[597/5643] Building CXX object src\TKGeomBase\CMakeFiles\TKGeomBase.dir\__\Extrema\Extrema_LocECC_0.cxx.obj
[598/5643] Building CXX object src\TKGeomBase\CMakeFiles\TKGeomBase.dir\__\Extrema\Extrema_LocEPCOfLocateExtPC2d_0.cxx.obj
[599/5643] Building CXX object src\TKGeomBase\CMakeFiles\TKGeomBase.dir\__\Extrema\Extrema_LocEPCOfLocateExtPC_0.cxx.obj
[600/5643] Building CXX object src\TKGeomBase\CMakeFiles\TKGeomBase.dir\__\Extrema\Extrema_PCFOfEPCOfELPCOfLocateExtPC2d_0.cxx.obj
[601/5643] Building CXX object src\TKGeomBase\CMakeFiles\TKGeomBase.dir\__\Extrema\Extrema_PCFOfEPCOfELPCOfLocateExtPC_0.cxx.obj
[602/5643] Building CXX object src\TKGeomBase\CMakeFiles\TKGeomBase.dir\__\Extrema\Extrema_PCFOfEPCOfExtPC2d_0.cxx.obj
[603/5643] Building CXX object src\TKGeomBase\CMakeFiles\TKGeomBase.dir\__\Extrema\Extrema_PCFOfEPCOfExtPC_0.cxx.obj
[604/5643] Building CXX object src\TKGeomBase\CMakeFiles\TKGeomBase.dir\__\Extrema\Extrema_PCLocFOfLocEPCOfLocateExtPC2d_0.cxx.obj
[605/5643] Building CXX object src\TKGeomBase\CMakeFiles\TKGeomBase.dir\__\Extrema\Extrema_PCLocFOfLocEPCOfLocateExtPC_0.cxx.obj
[606/5643] Building CXX object src\TKGeomBase\CMakeFiles\TKGeomBase.dir\__\Extrema\Extrema_POnCurv2d_0.cxx.obj
[607/5643] Building CXX object src\TKGeomBase\CMakeFiles\TKGeomBase.dir\__\Extrema\Extrema_POnCurv_0.cxx.obj
[608/5643] Building CXX object src\TKGeomBase\CMakeFiles\TKGeomBase.dir\__\IntAna\IntAna_Curve.cxx.obj
[609/5643] Building CXX object src\TKGeomBase\CMakeFiles\TKGeomBase.dir\__\IntAna\IntAna_Int3Pln.cxx.obj
[610/5643] Building CXX object src\TKGeomBase\CMakeFiles\TKGeomBase.dir\__\IntAna\IntAna_IntLinTorus.cxx.obj
[611/5643] Building CXX object src\TKGeomBase\CMakeFiles\TKGeomBase.dir\__\IntAna\IntAna_IntConicQuad.cxx.obj
[612/5643] Building CXX object src\TKGeomBase\CMakeFiles\TKGeomBase.dir\__\IntAna\IntAna_IntQuadQuad.cxx.obj
[613/5643] Building CXX object src\TKGeomBase\CMakeFiles\TKGeomBase.dir\__\IntAna2d\IntAna2d_AnaIntersection.cxx.obj
[614/5643] Building CXX object src\TKGeomBase\CMakeFiles\TKGeomBase.dir\__\IntAna\IntAna_Quadric.cxx.obj
[615/5643] Building CXX object src\TKGeomBase\CMakeFiles\TKGeomBase.dir\__\IntAna2d\IntAna2d_AnaIntersection_1.cxx.obj
[616/5643] Building CXX object src\TKGeomBase\CMakeFiles\TKGeomBase.dir\__\IntAna2d\IntAna2d_AnaIntersection_2.cxx.obj
[617/5643] Building CXX object src\TKGeomBase\CMakeFiles\TKGeomBase.dir\__\IntAna\IntAna_QuadQuadGeo.cxx.obj
[618/5643] Building CXX object src\TKGeomBase\CMakeFiles\TKGeomBase.dir\__\IntAna2d\IntAna2d_AnaIntersection_3.cxx.obj
[619/5643] Building CXX object src\TKGeomBase\CMakeFiles\TKGeomBase.dir\__\IntAna2d\IntAna2d_AnaIntersection_4.cxx.obj
[620/5643] Building CXX object src\TKGeomBase\CMakeFiles\TKGeomBase.dir\__\IntAna2d\IntAna2d_AnaIntersection_5.cxx.obj
[621/5643] Building CXX object src\TKGeomBase\CMakeFiles\TKGeomBase.dir\__\IntAna2d\IntAna2d_AnaIntersection_6.cxx.obj
[622/5643] Building CXX object src\TKGeomBase\CMakeFiles\TKGeomBase.dir\__\IntAna2d\IntAna2d_AnaIntersection_7.cxx.obj
[623/5643] Building CXX object src\TKGeomBase\CMakeFiles\TKGeomBase.dir\__\IntAna2d\IntAna2d_AnaIntersection_8.cxx.obj
[624/5643] Building CXX object src\TKGeomBase\CMakeFiles\TKGeomBase.dir\__\IntAna2d\IntAna2d_Conic.cxx.obj
[625/5643] Building CXX object src\TKGeomBase\CMakeFiles\TKGeomBase.dir\__\IntAna2d\IntAna2d_IntPoint.cxx.obj
[626/5643] Building CXX object src\TKGeomBase\CMakeFiles\TKGeomBase.dir\__\IntAna2d\IntAna2d_Outils.cxx.obj
[627/5643] Building CXX object src\TKGeomBase\CMakeFiles\TKGeomBase.dir\__\GeomConvert\GeomConvert_ApproxCurve.cxx.obj
[628/5643] Building CXX object src\TKGeomBase\CMakeFiles\TKGeomBase.dir\__\GeomConvert\GeomConvert_ApproxSurface.cxx.obj
[629/5643] Building CXX object src\TKGeomBase\CMakeFiles\TKGeomBase.dir\__\GeomConvert\GeomConvert.cxx.obj
[630/5643] Building CXX object src\TKGeomBase\CMakeFiles\TKGeomBase.dir\__\GeomConvert\GeomConvert_BSplineCurveKnotSplitting.cxx.obj
[631/5643] Building CXX object src\TKGeomBase\CMakeFiles\TKGeomBase.dir\__\GeomConvert\GeomConvert_1.cxx.obj
[632/5643] Building CXX object src\TKGeomBase\CMakeFiles\TKGeomBase.dir\__\GeomConvert\GeomConvert_BSplineCurveToBezierCurve.cxx.obj
[633/5643] Building CXX object src\TKGeomBase\CMakeFiles\TKGeomBase.dir\__\GeomConvert\GeomConvert_BSplineSurfaceKnotSplitting.cxx.obj
[634/5643] Building CXX object src\TKGeomBase\CMakeFiles\TKGeomBase.dir\__\GeomConvert\GeomConvert_BSplineSurfaceToBezierSurface.cxx.obj
[635/5643] Building CXX object src\TKGeomBase\CMakeFiles\TKGeomBase.dir\__\GeomConvert\GeomConvert_CompCurveToBSplineCurve.cxx.obj
[636/5643] Building CXX object src\TKGeomBase\CMakeFiles\TKGeomBase.dir\__\GeomConvert\GeomConvert_CompBezierSurfacesToBSplineSurface.cxx.obj
[637/5643] Building CXX object src\TKGeomBase\CMakeFiles\TKGeomBase.dir\__\GeomConvert\GeomConvert_Units.cxx.obj
[638/5643] Building CXX object src\TKGeomBase\CMakeFiles\TKGeomBase.dir\__\GeomConvert\GeomConvert_CurveToAnaCurve.cxx.obj
[639/5643] Building CXX object src\TKGeomBase\CMakeFiles\TKGeomBase.dir\__\GeomConvert\GeomConvert_FuncSphereLSDist.cxx.obj
[640/5643] Building CXX object src\TKGeomBase\CMakeFiles\TKGeomBase.dir\__\GeomConvert\GeomConvert_FuncCylinderLSDist.cxx.obj
[641/5643] Building CXX object src\TKGeomBase\CMakeFiles\TKGeomBase.dir\__\GeomConvert\GeomConvert_FuncConeLSDist.cxx.obj
[642/5643] Building CXX object src\TKGeomBase\CMakeFiles\TKGeomBase.dir\__\GeomConvert\GeomConvert_SurfToAnaSurf.cxx.obj
[643/5643] Building CXX object src\TKGeomBase\CMakeFiles\TKGeomBase.dir\__\AdvApp2Var\AdvApp2Var_ApproxF2var.cxx.obj
[644/5643] Building CXX object src\TKGeomBase\CMakeFiles\TKGeomBase.dir\__\AdvApp2Var\AdvApp2Var_Criterion.cxx.obj
[645/5643] Building CXX object src\TKGeomBase\CMakeFiles\TKGeomBase.dir\__\AdvApp2Var\AdvApp2Var_Data_0.cxx.obj
[646/5643] Building CXX object src\TKGeomBase\CMakeFiles\TKGeomBase.dir\__\AdvApp2Var\AdvApp2Var_Context.cxx.obj
[647/5643] Building CXX object src\TKGeomBase\CMakeFiles\TKGeomBase.dir\__\AdvApp2Var\AdvApp2Var_Data_1.cxx.obj
[648/5643] Building CXX object src\TKGeomBase\CMakeFiles\TKGeomBase.dir\__\AdvApp2Var\AdvApp2Var_Data_2.cxx.obj
[649/5643] Building CXX object src\TKGeomBase\CMakeFiles\TKGeomBase.dir\__\AdvApp2Var\AdvApp2Var_Data_3.cxx.obj
[650/5643] Building CXX object src\TKGeomBase\CMakeFiles\TKGeomBase.dir\__\AdvApp2Var\AdvApp2Var_ApproxAFunc2Var.cxx.obj
[651/5643] Building CXX object src\TKGeomBase\CMakeFiles\TKGeomBase.dir\__\AdvApp2Var\AdvApp2Var_Data_4.cxx.obj
[652/5643] Building CXX object src\TKGeomBase\CMakeFiles\TKGeomBase.dir\__\AdvApp2Var\AdvApp2Var_Data_5.cxx.obj
[653/5643] Building CXX object src\TKGeomBase\CMakeFiles\TKGeomBase.dir\__\AdvApp2Var\AdvApp2Var_Data_6.cxx.obj
[654/5643] Building CXX object src\TKGeomBase\CMakeFiles\TKGeomBase.dir\__\AdvApp2Var\AdvApp2Var_Data_7.cxx.obj
[655/5643] Building CXX object src\TKGeomBase\CMakeFiles\TKGeomBase.dir\__\AdvApp2Var\AdvApp2Var_MathBase_mathinit.cxx.obj
[656/5643] Building CXX object src\TKGeomBase\CMakeFiles\TKGeomBase.dir\__\AdvApp2Var\AdvApp2Var_Framework.cxx.obj
[657/5643] Building CXX object src\TKGeomBase\CMakeFiles\TKGeomBase.dir\__\AdvApp2Var\AdvApp2Var_MathBase.cxx.obj
[658/5643] Building CXX object src\TKGeomBase\CMakeFiles\TKGeomBase.dir\__\AdvApp2Var\AdvApp2Var_Iso.cxx.obj
[659/5643] Building CXX object src\TKGeomBase\CMakeFiles\TKGeomBase.dir\__\AdvApp2Var\AdvApp2Var_Network.cxx.obj
[660/5643] Building CXX object src\TKGeomBase\CMakeFiles\TKGeomBase.dir\__\AdvApp2Var\AdvApp2Var_SysBase_baseinit.cxx.obj
[661/5643] Building CXX object src\TKGeomBase\CMakeFiles\TKGeomBase.dir\__\AdvApp2Var\AdvApp2Var_SysBase.cxx.obj
[662/5643] Building CXX object src\TKGeomBase\CMakeFiles\TKGeomBase.dir\__\AdvApp2Var\AdvApp2Var_Node.cxx.obj
[663/5643] Building CXX object src\TKGeomBase\CMakeFiles\TKGeomBase.dir\__\GeomLib\GeomLib_Check2dBSplineCurve.cxx.obj
[664/5643] Building CXX object src\TKGeomBase\CMakeFiles\TKGeomBase.dir\__\GeomLib\GeomLib_CheckBSplineCurve.cxx.obj
[665/5643] Building CXX object src\TKGeomBase\CMakeFiles\TKGeomBase.dir\__\AdvApp2Var\AdvApp2Var_Patch.cxx.obj
[666/5643] Building CXX object src\TKGeomBase\CMakeFiles\TKGeomBase.dir\__\GeomLib\GeomLib_CheckCurveOnSurface.cxx.obj
[667/5643] Building CXX object src\TKGeomBase\CMakeFiles\TKGeomBase.dir\__\GeomLib\GeomLib_Interpolate.cxx.obj
[668/5643] Building CXX object src\TKGeomBase\CMakeFiles\TKGeomBase.dir\__\GeomLib\GeomLib_DenominatorMultiplier.cxx.obj
[669/5643] Building CXX object src\TKGeomBase\CMakeFiles\TKGeomBase.dir\__\GeomLib\GeomLib_IsPlanarSurface.cxx.obj
[670/5643] Building CXX object src\TKGeomBase\CMakeFiles\TKGeomBase.dir\__\GeomLib\GeomLib_LogSample.cxx.obj
[671/5643] Building CXX object src\TKGeomBase\CMakeFiles\TKGeomBase.dir\__\GeomLib\GeomLib.cxx.obj
[672/5643] Building CXX object src\TKGeomBase\CMakeFiles\TKGeomBase.dir\__\GeomLib\GeomLib_MakeCurvefromApprox.cxx.obj
[673/5643] Building CXX object src\TKGeomBase\CMakeFiles\TKGeomBase.dir\__\GeomLib\GeomLib_PolyFunc.cxx.obj
[674/5643] Building CXX object src\TKGeomBase\CMakeFiles\TKGeomBase.dir\__\GeomLib\GeomLib_Tool.cxx.obj
[675/5643] Building CXX object src\TKGeomBase\CMakeFiles\TKGeomBase.dir\__\Geom2dConvert\Geom2dConvert_ApproxCurve.cxx.obj
[676/5643] Building CXX object src\TKGeomBase\CMakeFiles\TKGeomBase.dir\__\Geom2dConvert\Geom2dConvert.cxx.obj
[677/5643] Building CXX object src\TKGeomBase\CMakeFiles\TKGeomBase.dir\__\Geom2dConvert\Geom2dConvert_ApproxArcsSegments.cxx.obj
[678/5643] Building CXX object src\TKGeomBase\CMakeFiles\TKGeomBase.dir\__\Geom2dConvert\Geom2dConvert_BSplineCurveKnotSplitting.cxx.obj
[679/5643] Building CXX object src\TKGeomBase\CMakeFiles\TKGeomBase.dir\__\Geom2dConvert\Geom2dConvert_BSplineCurveToBezierCurve.cxx.obj
[680/5643] Building CXX object src\TKGeomBase\CMakeFiles\TKGeomBase.dir\__\Geom2dConvert\Geom2dConvert_PPoint.cxx.obj
[681/5643] Building CXX object src\TKGeomBase\CMakeFiles\TKGeomBase.dir\__\Geom2dConvert\Geom2dConvert_CompCurveToBSplineCurve.cxx.obj
[682/5643] Building CXX object src\TKGeomBase\CMakeFiles\TKGeomBase.dir\__\BndLib\BndLib.cxx.obj
[683/5643] Building CXX object src\TKGeomBase\CMakeFiles\TKGeomBase.dir\__\Hermit\Hermit.cxx.obj
[684/5643] Building CXX object src\TKGeomBase\CMakeFiles\TKGeomBase.dir\__\BndLib\BndLib_Add2dCurve.cxx.obj
[685/5643] Building CXX object src\TKGeomBase\CMakeFiles\TKGeomBase.dir\__\BndLib\BndLib_Add3dCurve.cxx.obj
[686/5643] Building CXX object src\TKGeomBase\CMakeFiles\TKGeomBase.dir\__\AppDef\AppDef_BSpGradient_BFGSOfMyBSplGradientOfBSplineCompute_0.cxx.obj
[687/5643] Building CXX object src\TKGeomBase\CMakeFiles\TKGeomBase.dir\__\AppDef\AppDef_BSpParFunctionOfMyBSplGradientOfBSplineCompute_0.cxx.obj
[688/5643] Building CXX object src\TKGeomBase\CMakeFiles\TKGeomBase.dir\__\BndLib\BndLib_AddSurface.cxx.obj
[689/5643] Building CXX object src\TKGeomBase\CMakeFiles\TKGeomBase.dir\__\AppDef\AppDef_BSplineCompute_0.cxx.obj
[690/5643] Building CXX object src\TKGeomBase\CMakeFiles\TKGeomBase.dir\__\AppDef\AppDef_Gradient_BFGSOfMyGradientbisOfBSplineCompute_0.cxx.obj
[691/5643] Building CXX object src\TKGeomBase\CMakeFiles\TKGeomBase.dir\__\AppDef\AppDef_Gradient_BFGSOfMyGradientOfCompute_0.cxx.obj
[692/5643] Building CXX object src\TKGeomBase\CMakeFiles\TKGeomBase.dir\__\AppDef\AppDef_Gradient_BFGSOfTheGradient_0.cxx.obj
[693/5643] Building CXX object src\TKGeomBase\CMakeFiles\TKGeomBase.dir\__\AppDef\AppDef_Compute_0.cxx.obj
[694/5643] Building CXX object src\TKGeomBase\CMakeFiles\TKGeomBase.dir\__\AppDef\AppDef_MultiLine.cxx.obj
[695/5643] Building CXX object src\TKGeomBase\CMakeFiles\TKGeomBase.dir\__\AppDef\AppDef_LinearCriteria.cxx.obj
[696/5643] Building CXX object src\TKGeomBase\CMakeFiles\TKGeomBase.dir\__\AppDef\AppDef_MultiPointConstraint.cxx.obj
[697/5643] Building CXX object src\TKGeomBase\CMakeFiles\TKGeomBase.dir\__\AppDef\AppDef_BSpParLeastSquareOfMyBSplGradientOfBSplineCompute_0.cxx.obj
[698/5643] Building CXX object src\TKGeomBase\CMakeFiles\TKGeomBase.dir\__\AppDef\AppDef_MyLineTool.cxx.obj
[699/5643] Building CXX object src\TKGeomBase\CMakeFiles\TKGeomBase.dir\__\AppDef\AppDef_MyBSplGradientOfBSplineCompute_0.cxx.obj
[700/5643] Building CXX object src\TKGeomBase\CMakeFiles\TKGeomBase.dir\__\AppDef\AppDef_MyGradientbisOfBSplineCompute_0.cxx.obj
[701/5643] Building CXX object src\TKGeomBase\CMakeFiles\TKGeomBase.dir\__\AppDef\AppDef_MyGradientOfCompute_0.cxx.obj
[702/5643] Building CXX object src\TKGeomBase\CMakeFiles\TKGeomBase.dir\__\AppDef\AppDef_ParLeastSquareOfMyGradientbisOfBSplineCompute_0.cxx.obj
[703/5643] Building CXX object src\TKGeomBase\CMakeFiles\TKGeomBase.dir\__\AppDef\AppDef_ParFunctionOfMyGradientbisOfBSplineCompute_0.cxx.obj
[704/5643] Building CXX object src\TKGeomBase\CMakeFiles\TKGeomBase.dir\__\AppDef\AppDef_ParFunctionOfMyGradientOfCompute_0.cxx.obj
[705/5643] Building CXX object src\TKGeomBase\CMakeFiles\TKGeomBase.dir\__\AppDef\AppDef_ParFunctionOfTheGradient_0.cxx.obj
[706/5643] Building CXX object src\TKGeomBase\CMakeFiles\TKGeomBase.dir\__\AppDef\AppDef_ResConstraintOfMyGradientbisOfBSplineCompute_0.cxx.obj
[707/5643] Building CXX object src\TKGeomBase\CMakeFiles\TKGeomBase.dir\__\AppDef\AppDef_ResConstraintOfMyGradientOfCompute_0.cxx.obj
[708/5643] Building CXX object src\TKGeomBase\CMakeFiles\TKGeomBase.dir\__\AppDef\AppDef_SmoothCriterion.cxx.obj
[709/5643] Building CXX object src\TKGeomBase\CMakeFiles\TKGeomBase.dir\__\AppDef\AppDef_ParLeastSquareOfMyGradientOfCompute_0.cxx.obj
[710/5643] Building CXX object src\TKGeomBase\CMakeFiles\TKGeomBase.dir\__\AppDef\AppDef_ParLeastSquareOfTheGradient_0.cxx.obj
[711/5643] Building CXX object src\TKGeomBase\CMakeFiles\TKGeomBase.dir\__\AppDef\AppDef_ResConstraintOfTheGradient_0.cxx.obj
[712/5643] Building CXX object src\TKGeomBase\CMakeFiles\TKGeomBase.dir\__\AppDef\AppDef_TheGradient_0.cxx.obj
[713/5643] Building CXX object src\TKGeomBase\CMakeFiles\TKGeomBase.dir\__\AppDef\AppDef_TheResol_0.cxx.obj
[714/5643] Building CXX object src\TKGeomBase\CMakeFiles\TKGeomBase.dir\__\GeomTools\GeomTools.cxx.obj
[715/5643] Building CXX object src\TKGeomBase\CMakeFiles\TKGeomBase.dir\__\AppDef\AppDef_TheFunction_0.cxx.obj
[716/5643] Building CXX object src\TKGeomBase\CMakeFiles\TKGeomBase.dir\__\AppDef\AppDef_TheLeastSquares_0.cxx.obj
[717/5643] Building CXX object src\TKGeomBase\CMakeFiles\TKGeomBase.dir\__\AppDef\AppDef_Variational.cxx.obj
[718/5643] Building CXX object src\TKGeomBase\CMakeFiles\TKGeomBase.dir\__\GeomTools\GeomTools_Debug.cxx.obj
[719/5643] Building CXX object src\TKGeomBase\CMakeFiles\TKGeomBase.dir\__\GeomTools\GeomTools_Curve2dSet.cxx.obj
[720/5643] Building CXX object src\TKGeomBase\CMakeFiles\TKGeomBase.dir\__\GeomTools\GeomTools_UndefinedTypeHandler.cxx.obj
[721/5643] Building CXX object src\TKGeomBase\CMakeFiles\TKGeomBase.dir\__\GeomTools\GeomTools_CurveSet.cxx.obj
[722/5643] Building CXX object src\TKGeomBase\CMakeFiles\TKGeomBase.dir\__\GC\GC_MakeArcOfEllipse.cxx.obj
[723/5643] Building CXX object src\TKGeomBase\CMakeFiles\TKGeomBase.dir\__\GC\GC_MakeArcOfCircle.cxx.obj
[724/5643] Building CXX object src\TKGeomBase\CMakeFiles\TKGeomBase.dir\__\GeomTools\GeomTools_SurfaceSet.cxx.obj
[725/5643] Building CXX object src\TKGeomBase\CMakeFiles\TKGeomBase.dir\__\GC\GC_MakeArcOfHyperbola.cxx.obj
[726/5643] Building CXX object src\TKGeomBase\CMakeFiles\TKGeomBase.dir\__\GC\GC_MakeCircle.cxx.obj
[727/5643] Building CXX object src\TKGeomBase\CMakeFiles\TKGeomBase.dir\__\GC\GC_MakeArcOfParabola.cxx.obj
[728/5643] Building CXX object src\TKGeomBase\CMakeFiles\TKGeomBase.dir\__\GC\GC_MakeConicalSurface.cxx.obj
[729/5643] Building CXX object src\TKGeomBase\CMakeFiles\TKGeomBase.dir\__\GC\GC_MakeCylindricalSurface.cxx.obj
[730/5643] Building CXX object src\TKGeomBase\CMakeFiles\TKGeomBase.dir\__\GC\GC_MakeEllipse.cxx.obj
[731/5643] Building CXX object src\TKGeomBase\CMakeFiles\TKGeomBase.dir\__\GC\GC_MakeHyperbola.cxx.obj
[732/5643] Building CXX object src\TKGeomBase\CMakeFiles\TKGeomBase.dir\__\GC\GC_MakeLine.cxx.obj
[733/5643] Building CXX object src\TKGeomBase\CMakeFiles\TKGeomBase.dir\__\GC\GC_MakeMirror.cxx.obj
[734/5643] Building CXX object src\TKGeomBase\CMakeFiles\TKGeomBase.dir\__\GC\GC_MakeRotation.cxx.obj
[735/5643] Building CXX object src\TKGeomBase\CMakeFiles\TKGeomBase.dir\__\GC\GC_MakePlane.cxx.obj
[736/5643] Building CXX object src\TKGeomBase\CMakeFiles\TKGeomBase.dir\__\GC\GC_MakeScale.cxx.obj
[737/5643] Building CXX object src\TKGeomBase\CMakeFiles\TKGeomBase.dir\__\GC\GC_MakeSegment.cxx.obj
[738/5643] Building CXX object src\TKGeomBase\CMakeFiles\TKGeomBase.dir\__\GC\GC_MakeTranslation.cxx.obj
[739/5643] Building CXX object src\TKGeomBase\CMakeFiles\TKGeomBase.dir\__\GC\GC_MakeTrimmedCone.cxx.obj
[740/5643] Building CXX object src\TKGeomBase\CMakeFiles\TKGeomBase.dir\__\GC\GC_MakeTrimmedCylinder.cxx.obj
[741/5643] Building CXX object src\TKGeomBase\CMakeFiles\TKGeomBase.dir\__\GCE2d\GCE2d_MakeArcOfEllipse.cxx.obj
[742/5643] Building CXX object src\TKGeomBase\CMakeFiles\TKGeomBase.dir\__\GCE2d\GCE2d_MakeArcOfCircle.cxx.obj
[743/5643] Building CXX object src\TKGeomBase\CMakeFiles\TKGeomBase.dir\__\GCE2d\GCE2d_MakeArcOfHyperbola.cxx.obj
[744/5643] Building CXX object src\TKGeomBase\CMakeFiles\TKGeomBase.dir\__\GCE2d\GCE2d_MakeArcOfParabola.cxx.obj
[745/5643] Building CXX object src\TKGeomBase\CMakeFiles\TKGeomBase.dir\__\GCE2d\GCE2d_MakeCircle.cxx.obj
[746/5643] Building CXX object src\TKGeomBase\CMakeFiles\TKGeomBase.dir\__\GCE2d\GCE2d_MakeEllipse.cxx.obj
[747/5643] Building CXX object src\TKGeomBase\CMakeFiles\TKGeomBase.dir\__\GCE2d\GCE2d_MakeHyperbola.cxx.obj
[748/5643] Building CXX object src\TKGeomBase\CMakeFiles\TKGeomBase.dir\__\GCE2d\GCE2d_MakeLine.cxx.obj
[749/5643] Building CXX object src\TKGeomBase\CMakeFiles\TKGeomBase.dir\__\GCE2d\GCE2d_MakeMirror.cxx.obj
[750/5643] Building CXX object src\TKGeomBase\CMakeFiles\TKGeomBase.dir\__\GCE2d\GCE2d_MakeParabola.cxx.obj
[751/5643] Building CXX object src\TKGeomBase\CMakeFiles\TKGeomBase.dir\__\GCE2d\GCE2d_MakeRotation.cxx.obj
[752/5643] Building CXX object src\TKGeomBase\CMakeFiles\TKGeomBase.dir\__\GCE2d\GCE2d_MakeScale.cxx.obj
[753/5643] Building CXX object src\TKGeomBase\CMakeFiles\TKGeomBase.dir\__\GCE2d\GCE2d_MakeTranslation.cxx.obj
[754/5643] Building CXX object src\TKGeomBase\CMakeFiles\TKGeomBase.dir\__\GCE2d\GCE2d_MakeSegment.cxx.obj
[755/5643] Building CXX object src\TKGeomBase\CMakeFiles\TKGeomBase.dir\__\gce\gce_MakeCirc.cxx.obj
[756/5643] Building CXX object src\TKGeomBase\CMakeFiles\TKGeomBase.dir\__\gce\gce_MakeCirc2d.cxx.obj
[757/5643] Building CXX object src\TKGeomBase\CMakeFiles\TKGeomBase.dir\__\gce\gce_MakeCone.cxx.obj
[758/5643] Building CXX object src\TKGeomBase\CMakeFiles\TKGeomBase.dir\__\gce\gce_MakeCylinder.cxx.obj
[759/5643] Building CXX object src\TKGeomBase\CMakeFiles\TKGeomBase.dir\__\gce\gce_MakeDir.cxx.obj
[760/5643] Building CXX object src\TKGeomBase\CMakeFiles\TKGeomBase.dir\__\gce\gce_MakeDir2d.cxx.obj
[761/5643] Building CXX object src\TKGeomBase\CMakeFiles\TKGeomBase.dir\__\gce\gce_MakeElips.cxx.obj
[762/5643] Building CXX object src\TKGeomBase\CMakeFiles\TKGeomBase.dir\__\gce\gce_MakeElips2d.cxx.obj
[763/5643] Building CXX object src\TKGeomBase\CMakeFiles\TKGeomBase.dir\__\gce\gce_MakeHypr.cxx.obj
[764/5643] Building CXX object src\TKGeomBase\CMakeFiles\TKGeomBase.dir\__\gce\gce_MakeHypr2d.cxx.obj
[765/5643] Building CXX object src\TKGeomBase\CMakeFiles\TKGeomBase.dir\__\gce\gce_MakeLin.cxx.obj
[766/5643] Building CXX object src\TKGeomBase\CMakeFiles\TKGeomBase.dir\__\gce\gce_MakeLin2d.cxx.obj
[767/5643] Building CXX object src\TKGeomBase\CMakeFiles\TKGeomBase.dir\__\gce\gce_MakeMirror.cxx.obj
[768/5643] Building CXX object src\TKGeomBase\CMakeFiles\TKGeomBase.dir\__\gce\gce_MakeMirror2d.cxx.obj
[769/5643] Building CXX object src\TKGeomBase\CMakeFiles\TKGeomBase.dir\__\gce\gce_MakeParab.cxx.obj
[770/5643] Building CXX object src\TKGeomBase\CMakeFiles\TKGeomBase.dir\__\gce\gce_MakeParab2d.cxx.obj
[771/5643] Building CXX object src\TKGeomBase\CMakeFiles\TKGeomBase.dir\__\gce\gce_MakePln.cxx.obj
[772/5643] Building CXX object src\TKGeomBase\CMakeFiles\TKGeomBase.dir\__\gce\gce_MakeRotation.cxx.obj
[773/5643] Building CXX object src\TKGeomBase\CMakeFiles\TKGeomBase.dir\__\gce\gce_MakeScale.cxx.obj
[774/5643] Building CXX object src\TKGeomBase\CMakeFiles\TKGeomBase.dir\__\gce\gce_MakeRotation2d.cxx.obj
[775/5643] Building CXX object src\TKGeomBase\CMakeFiles\TKGeomBase.dir\__\gce\gce_Root.cxx.obj
[776/5643] Building CXX object src\TKGeomBase\CMakeFiles\TKGeomBase.dir\__\gce\gce_MakeScale2d.cxx.obj
[777/5643] Building CXX object src\TKGeomBase\CMakeFiles\TKGeomBase.dir\__\gce\gce_MakeTranslation.cxx.obj
[778/5643] Building CXX object src\TKGeomBase\CMakeFiles\TKGeomBase.dir\__\gce\gce_MakeTranslation2d.cxx.obj
[779/5643] Building CXX object src\TKBRep\CMakeFiles\TKBRep.dir\__\TopoDS\TopoDS_Builder.cxx.obj
[780/5643] Building CXX object src\TKBRep\CMakeFiles\TKBRep.dir\__\TopoDS\TopoDS_HShape.cxx.obj
[781/5643] Building CXX object src\TKBRep\CMakeFiles\TKBRep.dir\__\TopoDS\TopoDS_Iterator.cxx.obj
[782/5643] Linking CXX static library win64\vc14\lib\TKGeomBase.lib
[783/5643] Building CXX object src\TKBRep\CMakeFiles\TKBRep.dir\__\TopoDS\TopoDS_Shape.cxx.obj
[784/5643] Building CXX object src\TKBRep\CMakeFiles\TKBRep.dir\__\TopoDS\TopoDS_TCompound.cxx.obj
[785/5643] Building CXX object src\TKBRep\CMakeFiles\TKBRep.dir\__\TopoDS\TopoDS_TCompSolid.cxx.obj
[786/5643] Building CXX object src\TKBRep\CMakeFiles\TKBRep.dir\__\TopoDS\TopoDS_TEdge.cxx.obj
[787/5643] Building CXX object src\TKBRep\CMakeFiles\TKBRep.dir\__\TopoDS\TopoDS_TShape.cxx.obj
[788/5643] Building CXX object src\TKBRep\CMakeFiles\TKBRep.dir\__\TopoDS\TopoDS_TFace.cxx.obj
[789/5643] Building CXX object src\TKBRep\CMakeFiles\TKBRep.dir\__\TopoDS\TopoDS_TShell.cxx.obj
[790/5643] Building CXX object src\TKBRep\CMakeFiles\TKBRep.dir\__\TopoDS\TopoDS_TSolid.cxx.obj
[791/5643] Building CXX object src\TKBRep\CMakeFiles\TKBRep.dir\__\TopoDS\TopoDS_TVertex.cxx.obj
[792/5643] Building CXX object src\TKBRep\CMakeFiles\TKBRep.dir\__\TopoDS\TopoDS_TWire.cxx.obj
[793/5643] Building CXX object src\TKBRep\CMakeFiles\TKBRep.dir\__\TopoDS\TopoDS_AlertWithShape.cxx.obj
[794/5643] Building CXX object src\TKBRep\CMakeFiles\TKBRep.dir\__\TopExp\TopExp.cxx.obj
[795/5643] Building CXX object src\TKBRep\CMakeFiles\TKBRep.dir\__\TopTools\TopTools.cxx.obj
[796/5643] Building CXX object src\TKBRep\CMakeFiles\TKBRep.dir\__\TopExp\TopExp_Explorer.cxx.obj
[797/5643] Building CXX object src\TKBRep\CMakeFiles\TKBRep.dir\__\TopTools\TopTools_LocationSet.cxx.obj
[798/5643] Building CXX object src\TKBRep\CMakeFiles\TKBRep.dir\__\TopTools\TopTools_MutexForShapeProvider.cxx.obj
[799/5643] Building CXX object src\TKBRep\CMakeFiles\TKBRep.dir\__\BRep\BRep_Curve3D.cxx.obj
[800/5643] Building CXX object src\TKBRep\CMakeFiles\TKBRep.dir\__\TopTools\TopTools_ShapeSet.cxx.obj
[801/5643] Building CXX object src\TKBRep\CMakeFiles\TKBRep.dir\__\BRep\BRep_Builder.cxx.obj
[802/5643] Building CXX object src\TKBRep\CMakeFiles\TKBRep.dir\__\BRep\BRep_CurveOn2Surfaces.cxx.obj
[803/5643] Building CXX object src\TKBRep\CMakeFiles\TKBRep.dir\__\BRep\BRep_CurveOnClosedSurface.cxx.obj
[804/5643] Building CXX object src\TKBRep\CMakeFiles\TKBRep.dir\__\BRep\BRep_CurveOnSurface.cxx.obj
[805/5643] Building CXX object src\TKBRep\CMakeFiles\TKBRep.dir\__\BRep\BRep_GCurve.cxx.obj
[806/5643] Building CXX object src\TKBRep\CMakeFiles\TKBRep.dir\__\BRep\BRep_CurveRepresentation.cxx.obj
[807/5643] Building CXX object src\TKBRep\CMakeFiles\TKBRep.dir\__\BRep\BRep_PointOnCurve.cxx.obj
[808/5643] Building CXX object src\TKBRep\CMakeFiles\TKBRep.dir\__\BRep\BRep_PointOnCurveOnSurface.cxx.obj
[809/5643] Building CXX object src\TKBRep\CMakeFiles\TKBRep.dir\__\BRep\BRep_PointOnSurface.cxx.obj
[810/5643] Building CXX object src\TKBRep\CMakeFiles\TKBRep.dir\__\BRep\BRep_PointRepresentation.cxx.obj
[811/5643] Building CXX object src\TKBRep\CMakeFiles\TKBRep.dir\__\BRep\BRep_PointsOnSurface.cxx.obj
[812/5643] Building CXX object src\TKBRep\CMakeFiles\TKBRep.dir\__\BRep\BRep_Polygon3D.cxx.obj
[813/5643] Building CXX object src\TKBRep\CMakeFiles\TKBRep.dir\__\BRep\BRep_PolygonOnClosedSurface.cxx.obj
[814/5643] Building CXX object src\TKBRep\CMakeFiles\TKBRep.dir\__\BRep\BRep_PolygonOnSurface.cxx.obj
[815/5643] Building CXX object src\TKBRep\CMakeFiles\TKBRep.dir\__\BRep\BRep_PolygonOnClosedTriangulation.cxx.obj
[816/5643] Building CXX object src\TKBRep\CMakeFiles\TKBRep.dir\__\BRep\BRep_PolygonOnTriangulation.cxx.obj
[817/5643] Building CXX object src\TKBRep\CMakeFiles\TKBRep.dir\__\BRep\BRep_TEdge.cxx.obj
[818/5643] Building CXX object src\TKBRep\CMakeFiles\TKBRep.dir\__\BRep\BRep_TFace.cxx.obj
[819/5643] Building CXX object src\TKBRep\CMakeFiles\TKBRep.dir\__\BRep\BRep_TVertex.cxx.obj
[820/5643] Building CXX object src\TKBRep\CMakeFiles\TKBRep.dir\__\BRepLProp\BRepLProp.cxx.obj
[821/5643] Building CXX object src\TKBRep\CMakeFiles\TKBRep.dir\__\BRepLProp\BRepLProp_CLProps_0.cxx.obj
[822/5643] Building CXX object src\TKBRep\CMakeFiles\TKBRep.dir\__\BRep\BRep_Tool.cxx.obj
[823/5643] Building CXX object src\TKBRep\CMakeFiles\TKBRep.dir\__\BRepLProp\BRepLProp_CurveTool.cxx.obj
[824/5643] Building CXX object src\TKBRep\CMakeFiles\TKBRep.dir\__\BRepLProp\BRepLProp_SLProps_0.cxx.obj
[825/5643] Building CXX object src\TKBRep\CMakeFiles\TKBRep.dir\__\BRepLProp\BRepLProp_SurfaceTool.cxx.obj
[826/5643] Building CXX object src\TKBRep\CMakeFiles\TKBRep.dir\__\BRepAdaptor\BRepAdaptor_Curve.cxx.obj
[827/5643] Building CXX object src\TKBRep\CMakeFiles\TKBRep.dir\__\BRepAdaptor\BRepAdaptor_CompCurve.cxx.obj
[828/5643] Building CXX object src\TKBRep\CMakeFiles\TKBRep.dir\__\BRepAdaptor\BRepAdaptor_Curve2d.cxx.obj
[829/5643] Building CXX object src\TKBRep\CMakeFiles\TKBRep.dir\__\BRepAdaptor\BRepAdaptor_Surface.cxx.obj
[830/5643] Building CXX object src\TKBRep\CMakeFiles\TKBRep.dir\__\BRepTools\BRepTools_Debug.cxx.obj
[831/5643] Building CXX object src\TKBRep\CMakeFiles\TKBRep.dir\__\BRepTools\BRepTools_CopyModification.cxx.obj
[832/5643] Building CXX object src\TKBRep\CMakeFiles\TKBRep.dir\__\BRepTools\BRepTools_Modification.cxx.obj
[833/5643] Building CXX object src\TKBRep\CMakeFiles\TKBRep.dir\__\BRepTools\BRepTools_GTrsfModification.cxx.obj
[834/5643] Building CXX object src\TKBRep\CMakeFiles\TKBRep.dir\__\BRepTools\BRepTools.cxx.obj
[835/5643] Building CXX object src\TKBRep\CMakeFiles\TKBRep.dir\__\BRepTools\BRepTools_History.cxx.obj
[836/5643] Building CXX object src\TKBRep\CMakeFiles\TKBRep.dir\__\BRepTools\BRepTools_ReShape.cxx.obj
[837/5643] Building CXX object src\TKBRep\CMakeFiles\TKBRep.dir\__\BRepTools\BRepTools_Quilt.cxx.obj
[838/5643] Building CXX object src\TKBRep\CMakeFiles\TKBRep.dir\__\BRepTools\BRepTools_Modifier.cxx.obj
[839/5643] Building CXX object src\TKBRep\CMakeFiles\TKBRep.dir\__\BRepTools\BRepTools_NurbsConvertModification.cxx.obj
[840/5643] Building CXX object src\TKBRep\CMakeFiles\TKBRep.dir\__\BRepTools\BRepTools_Substitution.cxx.obj
[841/5643] Building CXX object src\TKBRep\CMakeFiles\TKBRep.dir\__\BRepTools\BRepTools_TrsfModification.cxx.obj
[842/5643] Building CXX object src\TKBRep\CMakeFiles\TKBRep.dir\__\BRepTools\BRepTools_ShapeSet.cxx.obj
[843/5643] Building CXX object src\TKBRep\CMakeFiles\TKBRep.dir\__\BRepTools\BRepTools_WireExplorer.cxx.obj
[844/5643] Building CXX object src\TKBRep\CMakeFiles\TKBRep.dir\__\BRepTools\BRepTools_PurgeLocations.cxx.obj
[845/5643] Building CXX object src\TKBRep\CMakeFiles\TKBRep.dir\__\BinTools\BinTools.cxx.obj
[846/5643] Building CXX object src\TKBRep\CMakeFiles\TKBRep.dir\__\BinTools\BinTools_Curve2dSet.cxx.obj
[847/5643] Building CXX object src\TKBRep\CMakeFiles\TKBRep.dir\__\BinTools\BinTools_IStream.cxx.obj
[848/5643] Building CXX object src\TKBRep\CMakeFiles\TKBRep.dir\__\BinTools\BinTools_LocationSet.cxx.obj
[849/5643] Building CXX object src\TKBRep\CMakeFiles\TKBRep.dir\__\BinTools\BinTools_CurveSet.cxx.obj
[850/5643] Building CXX object src\TKBRep\CMakeFiles\TKBRep.dir\__\BinTools\BinTools_ShapeSetBase.cxx.obj
[851/5643] Building CXX object src\TKBRep\CMakeFiles\TKBRep.dir\__\BinTools\BinTools_OStream.cxx.obj
[852/5643] Building CXX object src\TKBRep\CMakeFiles\TKBRep.dir\__\BinTools\BinTools_ShapeSet.cxx.obj
[853/5643] Building CXX object src\TKBRep\CMakeFiles\TKBRep.dir\__\BinTools\BinTools_SurfaceSet.cxx.obj
[854/5643] Building CXX object src\TKGeomAlgo\CMakeFiles\TKGeomAlgo.dir\__\Hatch\Hatch_Parameter.cxx.obj
[855/5643] Building CXX object src\TKGeomAlgo\CMakeFiles\TKGeomAlgo.dir\__\Hatch\Hatch_Line.cxx.obj
[856/5643] Building CXX object src\TKGeomAlgo\CMakeFiles\TKGeomAlgo.dir\__\GeomInt\GeomInt.cxx.obj
[857/5643] Building CXX object src\TKBRep\CMakeFiles\TKBRep.dir\__\BinTools\BinTools_ShapeReader.cxx.obj
[858/5643] Building CXX object src\TKBRep\CMakeFiles\TKBRep.dir\__\BinTools\BinTools_ShapeWriter.cxx.obj
[859/5643] Linking CXX static library win64\vc14\lib\TKBRep.lib
[860/5643] Building CXX object src\TKGeomAlgo\CMakeFiles\TKGeomAlgo.dir\__\GeomInt\GeomInt_BSpGradient_BFGSOfMyBSplGradientOfTheComputeLineOfWLApprox_0.cxx.obj
[861/5643] Building CXX object src\TKGeomAlgo\CMakeFiles\TKGeomAlgo.dir\__\GeomInt\GeomInt_BSpParFunctionOfMyBSplGradientOfTheComputeLineOfWLApprox_0.cxx.obj
[862/5643] Building CXX object src\TKGeomAlgo\CMakeFiles\TKGeomAlgo.dir\__\GeomInt\GeomInt_Gradient_BFGSOfMyGradientbisOfTheComputeLineOfWLApprox_0.cxx.obj
[863/5643] Building CXX object src\TKGeomAlgo\CMakeFiles\TKGeomAlgo.dir\__\GeomInt\GeomInt_Gradient_BFGSOfMyGradientOfTheComputeLineBezierOfWLApprox_0.cxx.obj
[864/5643] Building CXX object src\TKGeomAlgo\CMakeFiles\TKGeomAlgo.dir\__\GeomInt\GeomInt_IntSS.cxx.obj
[865/5643] Building CXX object src\TKGeomAlgo\CMakeFiles\TKGeomAlgo.dir\__\GeomInt\GeomInt_BSpParLeastSquareOfMyBSplGradientOfTheComputeLineOfWLApprox_0.cxx.obj
[866/5643] Building CXX object src\TKGeomAlgo\CMakeFiles\TKGeomAlgo.dir\__\GeomInt\GeomInt_LineConstructor.cxx.obj
[867/5643] Building CXX object src\TKGeomAlgo\CMakeFiles\TKGeomAlgo.dir\__\GeomInt\GeomInt_MyBSplGradientOfTheComputeLineOfWLApprox_0.cxx.obj
[868/5643] Building CXX object src\TKGeomAlgo\CMakeFiles\TKGeomAlgo.dir\__\GeomInt\GeomInt_IntSS_1.cxx.obj
[869/5643] Building CXX object src\TKGeomAlgo\CMakeFiles\TKGeomAlgo.dir\__\GeomInt\GeomInt_ParameterAndOrientation.cxx.obj
[870/5643] Building CXX object src\TKGeomAlgo\CMakeFiles\TKGeomAlgo.dir\__\GeomInt\GeomInt_LineTool.cxx.obj
[871/5643] Building CXX object src\TKGeomAlgo\CMakeFiles\TKGeomAlgo.dir\__\GeomInt\GeomInt_MyGradientbisOfTheComputeLineOfWLApprox_0.cxx.obj
[872/5643] Building CXX object src\TKGeomAlgo\CMakeFiles\TKGeomAlgo.dir\__\GeomInt\GeomInt_MyGradientOfTheComputeLineBezierOfWLApprox_0.cxx.obj
[873/5643] Building CXX object src\TKGeomAlgo\CMakeFiles\TKGeomAlgo.dir\__\GeomInt\GeomInt_ParLeastSquareOfMyGradientbisOfTheComputeLineOfWLApprox_0.cxx.obj
[874/5643] Building CXX object src\TKGeomAlgo\CMakeFiles\TKGeomAlgo.dir\__\GeomInt\GeomInt_ParFunctionOfMyGradientOfTheComputeLineBezierOfWLApprox_0.cxx.obj
[875/5643] Building CXX object src\TKGeomAlgo\CMakeFiles\TKGeomAlgo.dir\__\GeomInt\GeomInt_ParFunctionOfMyGradientbisOfTheComputeLineOfWLApprox_0.cxx.obj
[876/5643] Building CXX object src\TKGeomAlgo\CMakeFiles\TKGeomAlgo.dir\__\GeomInt\GeomInt_ParLeastSquareOfMyGradientOfTheComputeLineBezierOfWLApprox_0.cxx.obj
[877/5643] Building CXX object src\TKGeomAlgo\CMakeFiles\TKGeomAlgo.dir\__\GeomInt\GeomInt_ResConstraintOfMyGradientbisOfTheComputeLineOfWLApprox_0.cxx.obj
[878/5643] Building CXX object src\TKGeomAlgo\CMakeFiles\TKGeomAlgo.dir\__\GeomInt\GeomInt_ResConstraintOfMyGradientOfTheComputeLineBezierOfWLApprox_0.cxx.obj
[879/5643] Building CXX object src\TKGeomAlgo\CMakeFiles\TKGeomAlgo.dir\__\GeomInt\GeomInt_TheComputeLineOfWLApprox_0.cxx.obj
[880/5643] Building CXX object src\TKGeomAlgo\CMakeFiles\TKGeomAlgo.dir\__\GeomInt\GeomInt_TheComputeLineBezierOfWLApprox_0.cxx.obj
[881/5643] Building CXX object src\TKGeomAlgo\CMakeFiles\TKGeomAlgo.dir\__\GeomInt\GeomInt_TheFunctionOfTheInt2SOfThePrmPrmSvSurfacesOfWLApprox_0.cxx.obj
[882/5643] Building CXX object src\TKGeomAlgo\CMakeFiles\TKGeomAlgo.dir\__\GeomInt\GeomInt_TheInt2SOfThePrmPrmSvSurfacesOfWLApprox_0.cxx.obj
[883/5643] Building CXX object src\TKGeomAlgo\CMakeFiles\TKGeomAlgo.dir\__\GeomInt\GeomInt_TheImpPrmSvSurfacesOfWLApprox_0.cxx.obj
[884/5643] Building CXX object src\TKGeomAlgo\CMakeFiles\TKGeomAlgo.dir\__\GeomInt\GeomInt_TheMultiLineOfWLApprox_0.cxx.obj
[885/5643] Building CXX object src\TKGeomAlgo\CMakeFiles\TKGeomAlgo.dir\__\GeomInt\GeomInt_ThePrmPrmSvSurfacesOfWLApprox_0.cxx.obj
[886/5643] Building CXX object src\TKGeomAlgo\CMakeFiles\TKGeomAlgo.dir\__\IntStart\IntStart_SITopolTool.cxx.obj
[887/5643] Building CXX object src\TKGeomAlgo\CMakeFiles\TKGeomAlgo.dir\__\GeomInt\GeomInt_TheZerImpFuncOfTheImpPrmSvSurfacesOfWLApprox_0.cxx.obj
[888/5643] Building CXX object src\TKGeomAlgo\CMakeFiles\TKGeomAlgo.dir\__\GeomInt\GeomInt_WLApprox_0.cxx.obj
[889/5643] Building CXX object src\TKGeomAlgo\CMakeFiles\TKGeomAlgo.dir\__\IntWalk\IntWalk_TheFunctionOfTheInt2S_0.cxx.obj
[890/5643] Building CXX object src\TKGeomAlgo\CMakeFiles\TKGeomAlgo.dir\__\IntImp\IntImp_ComputeTangence.cxx.obj
[891/5643] Building CXX object src\TKGeomAlgo\CMakeFiles\TKGeomAlgo.dir\__\IntWalk\IntWalk_TheInt2S_0.cxx.obj
[892/5643] Building CXX object src\TKGeomAlgo\CMakeFiles\TKGeomAlgo.dir\__\IntCurveSurface\IntCurveSurface_IntersectionPoint.cxx.obj
[893/5643] Building CXX object src\TKGeomAlgo\CMakeFiles\TKGeomAlgo.dir\__\IntCurveSurface\IntCurveSurface_Intersection.cxx.obj
[894/5643] Building CXX object src\TKGeomAlgo\CMakeFiles\TKGeomAlgo.dir\__\IntWalk\IntWalk_PWalking.cxx.obj
[895/5643] Building CXX object src\TKGeomAlgo\CMakeFiles\TKGeomAlgo.dir\__\IntCurveSurface\IntCurveSurface_IntersectionSegment.cxx.obj
[896/5643] Building CXX object src\TKGeomAlgo\CMakeFiles\TKGeomAlgo.dir\__\IntCurveSurface\IntCurveSurface_HInter_0.cxx.obj
[897/5643] Building CXX object src\TKGeomAlgo\CMakeFiles\TKGeomAlgo.dir\__\IntCurveSurface\IntCurveSurface_TheCSFunctionOfHInter_0.cxx.obj
[898/5643] Building CXX object src\TKGeomAlgo\CMakeFiles\TKGeomAlgo.dir\__\IntCurveSurface\IntCurveSurface_TheExactHInter_0.cxx.obj
[899/5643] Building CXX object src\TKGeomAlgo\CMakeFiles\TKGeomAlgo.dir\__\IntCurveSurface\IntCurveSurface_TheHCurveTool_0.cxx.obj
[900/5643] Building CXX object src\TKGeomAlgo\CMakeFiles\TKGeomAlgo.dir\__\IntCurveSurface\IntCurveSurface_ThePolygonOfHInter_0.cxx.obj
[901/5643] Building CXX object src\TKGeomAlgo\CMakeFiles\TKGeomAlgo.dir\__\IntCurveSurface\IntCurveSurface_TheInterferenceOfHInter_0.cxx.obj
[902/5643] Building CXX object src\TKGeomAlgo\CMakeFiles\TKGeomAlgo.dir\__\IntCurveSurface\IntCurveSurface_ThePolygonToolOfHInter_0.cxx.obj
[903/5643] Building CXX object src\TKGeomAlgo\CMakeFiles\TKGeomAlgo.dir\__\IntCurveSurface\IntCurveSurface_ThePolyhedronOfHInter_0.cxx.obj
[904/5643] Building CXX object src\TKGeomAlgo\CMakeFiles\TKGeomAlgo.dir\__\IntCurveSurface\IntCurveSurface_ThePolyhedronToolOfHInter_0.cxx.obj
[905/5643] Building CXX object src\TKGeomAlgo\CMakeFiles\TKGeomAlgo.dir\__\IntCurveSurface\IntCurveSurface_TheQuadCurvFuncOfTheQuadCurvExactHInter_0.cxx.obj
[906/5643] Building CXX object src\TKGeomAlgo\CMakeFiles\TKGeomAlgo.dir\__\IntCurveSurface\IntCurveSurface_TheQuadCurvExactHInter_0.cxx.obj
[907/5643] Building CXX object src\TKGeomAlgo\CMakeFiles\TKGeomAlgo.dir\__\IntSurf\IntSurf_InteriorPoint.cxx.obj
[908/5643] Building CXX object src\TKGeomAlgo\CMakeFiles\TKGeomAlgo.dir\__\IntSurf\IntSurf.cxx.obj
[909/5643] Building CXX object src\TKGeomAlgo\CMakeFiles\TKGeomAlgo.dir\__\IntSurf\IntSurf_LineOn2S.cxx.obj
[910/5643] Building CXX object src\TKGeomAlgo\CMakeFiles\TKGeomAlgo.dir\__\IntSurf\IntSurf_PathPoint.cxx.obj
[911/5643] Building CXX object src\TKGeomAlgo\CMakeFiles\TKGeomAlgo.dir\__\IntSurf\IntSurf_PntOn2S.cxx.obj
[912/5643] Building CXX object src\TKGeomAlgo\CMakeFiles\TKGeomAlgo.dir\__\IntSurf\IntSurf_Transition.cxx.obj
[913/5643] Building CXX object src\TKGeomAlgo\CMakeFiles\TKGeomAlgo.dir\__\IntSurf\IntSurf_Quadric.cxx.obj
[914/5643] Building CXX object src\TKGeomAlgo\CMakeFiles\TKGeomAlgo.dir\__\IntSurf\IntSurf_QuadricTool.cxx.obj
[915/5643] Building CXX object src\TKGeomAlgo\CMakeFiles\TKGeomAlgo.dir\__\IntPatch\IntPatch_ALine.cxx.obj
[916/5643] Building CXX object src\TKGeomAlgo\CMakeFiles\TKGeomAlgo.dir\__\IntPatch\IntPatch_ArcFunction.cxx.obj
[917/5643] Building CXX object src\TKGeomAlgo\CMakeFiles\TKGeomAlgo.dir\__\IntPatch\IntPatch_CSFunction.cxx.obj
[918/5643] Building CXX object src\TKGeomAlgo\CMakeFiles\TKGeomAlgo.dir\__\IntPatch\IntPatch_ALineToWLine.cxx.obj
[919/5643] Building CXX object src\TKGeomAlgo\CMakeFiles\TKGeomAlgo.dir\__\IntPatch\IntPatch_GLine.cxx.obj
[920/5643] Building CXX object src\TKGeomAlgo\CMakeFiles\TKGeomAlgo.dir\__\IntPatch\IntPatch_CurvIntSurf_0.cxx.obj
[921/5643] Building CXX object src\TKGeomAlgo\CMakeFiles\TKGeomAlgo.dir\__\IntPatch\IntPatch_HCurve2dTool.cxx.obj
[922/5643] Building CXX object src\TKGeomAlgo\CMakeFiles\TKGeomAlgo.dir\__\IntPatch\IntPatch_HInterTool.cxx.obj
[923/5643] Building CXX object src\TKGeomAlgo\CMakeFiles\TKGeomAlgo.dir\__\IntPatch\IntPatch_InterferencePolyhedron.cxx.obj
[924/5643] Building CXX object src\TKGeomAlgo\CMakeFiles\TKGeomAlgo.dir\__\IntPatch\IntPatch_Line.cxx.obj
[925/5643] Building CXX object src\TKGeomAlgo\CMakeFiles\TKGeomAlgo.dir\__\IntPatch\IntPatch_Intersection.cxx.obj
[926/5643] Building CXX object src\TKGeomAlgo\CMakeFiles\TKGeomAlgo.dir\__\IntPatch\IntPatch_ImpImpIntersection.cxx.obj
[927/5643] Building CXX object src\TKGeomAlgo\CMakeFiles\TKGeomAlgo.dir\__\IntPatch\IntPatch_Point.cxx.obj
[928/5643] Building CXX object src\TKGeomAlgo\CMakeFiles\TKGeomAlgo.dir\__\IntPatch\IntPatch_PointLine.cxx.obj
[929/5643] Building CXX object src\TKGeomAlgo\CMakeFiles\TKGeomAlgo.dir\__\IntPatch\IntPatch_LineConstructor.cxx.obj
[930/5643] Building CXX object src\TKGeomAlgo\CMakeFiles\TKGeomAlgo.dir\__\IntPatch\IntPatch_PolyArc.cxx.obj
[931/5643] Building CXX object src\TKGeomAlgo\CMakeFiles\TKGeomAlgo.dir\__\IntPatch\IntPatch_Polygo.cxx.obj
[932/5643] Building CXX object src\TKGeomAlgo\CMakeFiles\TKGeomAlgo.dir\__\IntPatch\IntPatch_PolyLine.cxx.obj
[933/5643] Building CXX object src\TKGeomAlgo\CMakeFiles\TKGeomAlgo.dir\__\IntPatch\IntPatch_Polyhedron.cxx.obj
[934/5643] Building CXX object src\TKGeomAlgo\CMakeFiles\TKGeomAlgo.dir\__\IntPatch\IntPatch_PrmPrmIntersection_T3Bits.cxx.obj
[935/5643] Building CXX object src\TKGeomAlgo\CMakeFiles\TKGeomAlgo.dir\__\IntPatch\IntPatch_RLine.cxx.obj
[936/5643] Building CXX object src\TKGeomAlgo\CMakeFiles\TKGeomAlgo.dir\__\IntPatch\IntPatch_SpecialPoints.cxx.obj
[937/5643] Building CXX object src\TKGeomAlgo\CMakeFiles\TKGeomAlgo.dir\__\IntPatch\IntPatch_PrmPrmIntersection.cxx.obj
[938/5643] Building CXX object src\TKGeomAlgo\CMakeFiles\TKGeomAlgo.dir\__\IntPatch\IntPatch_RstInt.cxx.obj
[939/5643] Building CXX object src\TKGeomAlgo\CMakeFiles\TKGeomAlgo.dir\__\IntPatch\IntPatch_ImpPrmIntersection.cxx.obj
[940/5643] Building CXX object src\TKGeomAlgo\CMakeFiles\TKGeomAlgo.dir\__\IntPatch\IntPatch_TheIWLineOfTheIWalking_0.cxx.obj
[941/5643] Building CXX object src\TKGeomAlgo\CMakeFiles\TKGeomAlgo.dir\__\IntPatch\IntPatch_ThePathPointOfTheSOnBounds_0.cxx.obj
[942/5643] Building CXX object src\TKGeomAlgo\CMakeFiles\TKGeomAlgo.dir\__\IntPatch\IntPatch_TheSegmentOfTheSOnBounds_0.cxx.obj
[943/5643] Building CXX object src\TKGeomAlgo\CMakeFiles\TKGeomAlgo.dir\__\IntPatch\IntPatch_TheSearchInside_0.cxx.obj
[944/5643] Building CXX object src\TKGeomAlgo\CMakeFiles\TKGeomAlgo.dir\__\IntPatch\IntPatch_TheSurfFunction_0.cxx.obj
[945/5643] Building CXX object src\TKGeomAlgo\CMakeFiles\TKGeomAlgo.dir\__\IntPatch\IntPatch_TheSOnBounds_0.cxx.obj
[946/5643] Building CXX object src\TKGeomAlgo\CMakeFiles\TKGeomAlgo.dir\__\IntPatch\IntPatch_TheIWalking_0.cxx.obj
[947/5643] Building CXX object src\TKGeomAlgo\CMakeFiles\TKGeomAlgo.dir\__\IntPatch\IntPatch_WLine.cxx.obj
[948/5643] Building CXX object src\TKGeomAlgo\CMakeFiles\TKGeomAlgo.dir\__\Geom2dInt\Geom2dInt_Geom2dCurveTool.cxx.obj
[949/5643] Building CXX object src\TKGeomAlgo\CMakeFiles\TKGeomAlgo.dir\__\Geom2dInt\Geom2dInt_ExactIntersectionPointOfTheIntPCurvePCurveOfGInter_0.cxx.obj
[950/5643] Building CXX object src\TKGeomAlgo\CMakeFiles\TKGeomAlgo.dir\__\IntPatch\IntPatch_WLineTool.cxx.obj
[951/5643] Building CXX object src\TKGeomAlgo\CMakeFiles\TKGeomAlgo.dir\__\Geom2dInt\Geom2dInt_MyImpParToolOfTheIntersectorOfTheIntConicCurveOfGInter_0.cxx.obj
[952/5643] Building CXX object src\TKGeomAlgo\CMakeFiles\TKGeomAlgo.dir\__\Geom2dInt\Geom2dInt_IntConicCurveOfGInter_0.cxx.obj
[953/5643] Building CXX object src\TKGeomAlgo\CMakeFiles\TKGeomAlgo.dir\__\Geom2dInt\Geom2dInt_PCLocFOfTheLocateExtPCOfTheProjPCurOfGInter_0.cxx.obj
[954/5643] Building CXX object src\TKGeomAlgo\CMakeFiles\TKGeomAlgo.dir\__\Geom2dInt\Geom2dInt_GInter_0.cxx.obj
[955/5643] Building CXX object src\TKGeomAlgo\CMakeFiles\TKGeomAlgo.dir\__\Geom2dInt\Geom2dInt_TheCurveLocatorOfTheProjPCurOfGInter_0.cxx.obj
[956/5643] Building CXX object src\TKGeomAlgo\CMakeFiles\TKGeomAlgo.dir\__\Geom2dInt\Geom2dInt_TheDistBetweenPCurvesOfTheIntPCurvePCurveOfGInter_0.cxx.obj
[957/5643] Building CXX object src\TKGeomAlgo\CMakeFiles\TKGeomAlgo.dir\__\Geom2dInt\Geom2dInt_TheIntConicCurveOfGInter_0.cxx.obj
[958/5643] Building CXX object src\TKGeomAlgo\CMakeFiles\TKGeomAlgo.dir\__\Geom2dInt\Geom2dInt_TheIntersectorOfTheIntConicCurveOfGInter_0.cxx.obj
[959/5643] Building CXX object src\TKGeomAlgo\CMakeFiles\TKGeomAlgo.dir\__\Geom2dInt\Geom2dInt_TheLocateExtPCOfTheProjPCurOfGInter_0.cxx.obj
[960/5643] Building CXX object src\TKGeomAlgo\CMakeFiles\TKGeomAlgo.dir\__\Geom2dInt\Geom2dInt_ThePolygon2dOfTheIntPCurvePCurveOfGInter_0.cxx.obj
[961/5643] Building CXX object src\TKGeomAlgo\CMakeFiles\TKGeomAlgo.dir\__\Geom2dInt\Geom2dInt_TheIntPCurvePCurveOfGInter_0.cxx.obj
[962/5643] Building CXX object src\TKGeomAlgo\CMakeFiles\TKGeomAlgo.dir\__\IntImpParGen\IntImpParGen.cxx.obj
[963/5643] Building CXX object src\TKGeomAlgo\CMakeFiles\TKGeomAlgo.dir\__\Geom2dInt\Geom2dInt_TheProjPCurOfGInter_0.cxx.obj
[964/5643] Building CXX object src\TKGeomAlgo\CMakeFiles\TKGeomAlgo.dir\__\IntImpParGen\IntImpParGen_Tool.cxx.obj
[965/5643] Building CXX object src\TKGeomAlgo\CMakeFiles\TKGeomAlgo.dir\__\IntRes2d\IntRes2d_Domain.cxx.obj
[966/5643] Building CXX object src\TKGeomAlgo\CMakeFiles\TKGeomAlgo.dir\__\IntRes2d\IntRes2d_IntersectionPoint.cxx.obj
[967/5643] Building CXX object src\TKGeomAlgo\CMakeFiles\TKGeomAlgo.dir\__\IntRes2d\IntRes2d_Transition.cxx.obj
[968/5643] Building CXX object src\TKGeomAlgo\CMakeFiles\TKGeomAlgo.dir\__\IntRes2d\IntRes2d_Intersection.cxx.obj
[969/5643] Building CXX object src\TKGeomAlgo\CMakeFiles\TKGeomAlgo.dir\__\IntRes2d\IntRes2d_IntersectionSegment.cxx.obj
[970/5643] Building CXX object src\TKGeomAlgo\CMakeFiles\TKGeomAlgo.dir\__\IntCurve\IntCurve_IConicTool.cxx.obj
[971/5643] Building CXX object src\TKGeomAlgo\CMakeFiles\TKGeomAlgo.dir\__\IntCurve\IntCurve_IntConicConic_Tool.cxx.obj
[972/5643] Building CXX object src\TKGeomAlgo\CMakeFiles\TKGeomAlgo.dir\__\IntCurve\IntCurve_IntConicConic.cxx.obj
[973/5643] Building CXX object src\TKGeomAlgo\CMakeFiles\TKGeomAlgo.dir\__\IntCurve\IntCurve_IntConicConic_1.cxx.obj
[974/5643] Building CXX object src\TKGeomAlgo\CMakeFiles\TKGeomAlgo.dir\__\IntCurve\IntCurve_MyImpParToolOfIntImpConicParConic_0.cxx.obj
[975/5643] Building CXX object src\TKGeomAlgo\CMakeFiles\TKGeomAlgo.dir\__\IntCurve\IntCurve_PConic.cxx.obj
[976/5643] Building CXX object src\TKGeomAlgo\CMakeFiles\TKGeomAlgo.dir\__\IntCurve\IntCurve_IntImpConicParConic_0.cxx.obj
[977/5643] Building CXX object src\TKGeomAlgo\CMakeFiles\TKGeomAlgo.dir\__\IntCurve\IntCurve_PConicTool.cxx.obj
[978/5643] Building CXX object src\TKGeomAlgo\CMakeFiles\TKGeomAlgo.dir\__\IntCurve\IntCurve_ProjectOnPConicTool.cxx.obj
[979/5643] Building CXX object src\TKGeomAlgo\CMakeFiles\TKGeomAlgo.dir\__\TopTrans\TopTrans_CurveTransition.cxx.obj
[980/5643] Building CXX object src\TKGeomAlgo\CMakeFiles\TKGeomAlgo.dir\__\Intf\Intf.cxx.obj
[981/5643] Building CXX object src\TKGeomAlgo\CMakeFiles\TKGeomAlgo.dir\__\TopTrans\TopTrans_SurfaceTransition.cxx.obj
[982/5643] Building CXX object src\TKGeomAlgo\CMakeFiles\TKGeomAlgo.dir\__\Intf\Intf_Interference.cxx.obj
[983/5643] Building CXX object src\TKGeomAlgo\CMakeFiles\TKGeomAlgo.dir\__\Intf\Intf_Polygon2d.cxx.obj
[984/5643] Building CXX object src\TKGeomAlgo\CMakeFiles\TKGeomAlgo.dir\__\Intf\Intf_SectionLine.cxx.obj
[985/5643] Building CXX object src\TKGeomAlgo\CMakeFiles\TKGeomAlgo.dir\__\Intf\Intf_InterferencePolygon2d.cxx.obj
[986/5643] Building CXX object src\TKGeomAlgo\CMakeFiles\TKGeomAlgo.dir\__\Intf\Intf_SectionPoint.cxx.obj
[987/5643] Building CXX object src\TKGeomAlgo\CMakeFiles\TKGeomAlgo.dir\__\Intf\Intf_TangentZone.cxx.obj
[988/5643] Building CXX object src\TKGeomAlgo\CMakeFiles\TKGeomAlgo.dir\__\ApproxInt\ApproxInt_SvSurfaces.cxx.obj
[989/5643] Building CXX object src\TKGeomAlgo\CMakeFiles\TKGeomAlgo.dir\__\Intf\Intf_Tool.cxx.obj
[990/5643] Building CXX object src\TKGeomAlgo\CMakeFiles\TKGeomAlgo.dir\__\ApproxInt\ApproxInt_KnotTools.cxx.obj
[991/5643] Building CXX object src\TKGeomAlgo\CMakeFiles\TKGeomAlgo.dir\__\GccAna\GccAna_Circ2d2TanOn_1.cxx.obj
[992/5643] Building CXX object src\TKGeomAlgo\CMakeFiles\TKGeomAlgo.dir\__\GccAna\GccAna_Circ2d2TanOn.cxx.obj
[993/5643] Building CXX object src\TKGeomAlgo\CMakeFiles\TKGeomAlgo.dir\__\GccAna\GccAna_Circ2d2TanOn_2.cxx.obj
[994/5643] Building CXX object src\TKGeomAlgo\CMakeFiles\TKGeomAlgo.dir\__\GccAna\GccAna_Circ2d2TanOn_3.cxx.obj
[995/5643] Building CXX object src\TKGeomAlgo\CMakeFiles\TKGeomAlgo.dir\__\GccAna\GccAna_Circ2d2TanOn_4.cxx.obj
[996/5643] Building CXX object src\TKGeomAlgo\CMakeFiles\TKGeomAlgo.dir\__\GccAna\GccAna_Circ2d2TanOn_5.cxx.obj
[997/5643] Building CXX object src\TKGeomAlgo\CMakeFiles\TKGeomAlgo.dir\__\GccAna\GccAna_Circ2d2TanOn_6.cxx.obj
[998/5643] Building CXX object src\TKGeomAlgo\CMakeFiles\TKGeomAlgo.dir\__\GccAna\GccAna_Circ2d2TanOn_7.cxx.obj
[999/5643] Building CXX object src\TKGeomAlgo\CMakeFiles\TKGeomAlgo.dir\__\GccAna\GccAna_Circ2d2TanOn_8.cxx.obj
[1000/5643] Building CXX object src\TKGeomAlgo\CMakeFiles\TKGeomAlgo.dir\__\GccAna\GccAna_Circ2d2TanOn_9.cxx.obj
[1001/5643] Building CXX object src\TKGeomAlgo\CMakeFiles\TKGeomAlgo.dir\__\GccAna\GccAna_Circ2d2TanOn_10.cxx.obj
[1002/5643] Building CXX object src\TKGeomAlgo\CMakeFiles\TKGeomAlgo.dir\__\GccAna\GccAna_Circ2d2TanOn_11.cxx.obj
[1003/5643] Building CXX object src\TKGeomAlgo\CMakeFiles\TKGeomAlgo.dir\__\GccAna\GccAna_Circ2d2TanRad_1.cxx.obj
[1004/5643] Building CXX object src\TKGeomAlgo\CMakeFiles\TKGeomAlgo.dir\__\GccAna\GccAna_Circ2d2TanRad_2.cxx.obj
[1005/5643] Building CXX object src\TKGeomAlgo\CMakeFiles\TKGeomAlgo.dir\__\GccAna\GccAna_Circ2d2TanRad_3.cxx.obj
[1006/5643] Building CXX object src\TKGeomAlgo\CMakeFiles\TKGeomAlgo.dir\__\GccAna\GccAna_Circ2d2TanRad_4.cxx.obj
[1007/5643] Building CXX object src\TKGeomAlgo\CMakeFiles\TKGeomAlgo.dir\__\GccAna\GccAna_Circ2d2TanRad.cxx.obj
[1008/5643] Building CXX object src\TKGeomAlgo\CMakeFiles\TKGeomAlgo.dir\__\GccAna\GccAna_Circ2d2TanRad_5.cxx.obj
[1009/5643] Building CXX object src\TKGeomAlgo\CMakeFiles\TKGeomAlgo.dir\__\GccAna\GccAna_Circ2d3Tan_2.cxx.obj
[1010/5643] Building CXX object src\TKGeomAlgo\CMakeFiles\TKGeomAlgo.dir\__\GccAna\GccAna_Circ2d3Tan_1.cxx.obj
[1011/5643] Building CXX object src\TKGeomAlgo\CMakeFiles\TKGeomAlgo.dir\__\GccAna\GccAna_Circ2d3Tan_3.cxx.obj
[1012/5643] Building CXX object src\TKGeomAlgo\CMakeFiles\TKGeomAlgo.dir\__\GccAna\GccAna_Circ2d3Tan_5.cxx.obj
[1013/5643] Building CXX object src\TKGeomAlgo\CMakeFiles\TKGeomAlgo.dir\__\GccAna\GccAna_Circ2d3Tan_4.cxx.obj
[1014/5643] Building CXX object src\TKGeomAlgo\CMakeFiles\TKGeomAlgo.dir\__\GccAna\GccAna_Circ2d3Tan_6.cxx.obj
[1015/5643] Building CXX object src\TKGeomAlgo\CMakeFiles\TKGeomAlgo.dir\__\GccAna\GccAna_Circ2d3Tan_7.cxx.obj
[1016/5643] Building CXX object src\TKGeomAlgo\CMakeFiles\TKGeomAlgo.dir\__\GccAna\GccAna_Circ2d3Tan_8.cxx.obj
[1017/5643] Building CXX object src\TKGeomAlgo\CMakeFiles\TKGeomAlgo.dir\__\GccAna\GccAna_Circ2d3Tan_9.cxx.obj
[1018/5643] Building CXX object src\TKGeomAlgo\CMakeFiles\TKGeomAlgo.dir\__\GccAna\GccAna_Circ2dBisec.cxx.obj
[1019/5643] Building CXX object src\TKGeomAlgo\CMakeFiles\TKGeomAlgo.dir\__\GccAna\GccAna_Circ2dTanCen.cxx.obj
[1020/5643] Building CXX object src\TKGeomAlgo\CMakeFiles\TKGeomAlgo.dir\__\GccAna\GccAna_Circ2dTanOnRad.cxx.obj
[1021/5643] Building CXX object src\TKGeomAlgo\CMakeFiles\TKGeomAlgo.dir\__\GccAna\GccAna_Circ2dTanOnRad_1.cxx.obj
[1022/5643] Building CXX object src\TKGeomAlgo\CMakeFiles\TKGeomAlgo.dir\__\GccAna\GccAna_Circ2dTanOnRad_2.cxx.obj
[1023/5643] Building CXX object src\TKGeomAlgo\CMakeFiles\TKGeomAlgo.dir\__\GccAna\GccAna_Circ2d3Tan.cxx.obj
[1024/5643] Building CXX object src\TKGeomAlgo\CMakeFiles\TKGeomAlgo.dir\__\GccAna\GccAna_Circ2dTanOnRad_3.cxx.obj
[1025/5643] Building CXX object src\TKGeomAlgo\CMakeFiles\TKGeomAlgo.dir\__\GccAna\GccAna_Circ2dTanOnRad_4.cxx.obj
[1026/5643] Building CXX object src\TKGeomAlgo\CMakeFiles\TKGeomAlgo.dir\__\GccAna\GccAna_Circ2dTanOnRad_5.cxx.obj
[1027/5643] Building CXX object src\TKGeomAlgo\CMakeFiles\TKGeomAlgo.dir\__\GccAna\GccAna_CircLin2dBisec.cxx.obj
[1028/5643] Building CXX object src\TKGeomAlgo\CMakeFiles\TKGeomAlgo.dir\__\GccAna\GccAna_CircPnt2dBisec.cxx.obj
[1029/5643] Building CXX object src\TKGeomAlgo\CMakeFiles\TKGeomAlgo.dir\__\GccAna\GccAna_Lin2dBisec.cxx.obj
[1030/5643] Building CXX object src\TKGeomAlgo\CMakeFiles\TKGeomAlgo.dir\__\GccAna\GccAna_Lin2d2Tan.cxx.obj
[1031/5643] Building CXX object src\TKGeomAlgo\CMakeFiles\TKGeomAlgo.dir\__\GccAna\GccAna_Lin2dTanObl.cxx.obj
[1032/5643] Building CXX object src\TKGeomAlgo\CMakeFiles\TKGeomAlgo.dir\__\GccAna\GccAna_Lin2dTanPar.cxx.obj
[1033/5643] Building CXX object src\TKGeomAlgo\CMakeFiles\TKGeomAlgo.dir\__\GccAna\GccAna_LinPnt2dBisec.cxx.obj
[1034/5643] Building CXX object src\TKGeomAlgo\CMakeFiles\TKGeomAlgo.dir\__\GccAna\GccAna_Pnt2dBisec.cxx.obj
[1035/5643] Building CXX object src\TKGeomAlgo\CMakeFiles\TKGeomAlgo.dir\__\GccAna\GccAna_Lin2dTanPer.cxx.obj
[1036/5643] Building CXX object src\TKGeomAlgo\CMakeFiles\TKGeomAlgo.dir\__\GccEnt\GccEnt.cxx.obj
[1037/5643] Building CXX object src\TKGeomAlgo\CMakeFiles\TKGeomAlgo.dir\__\GccEnt\GccEnt_QualifiedCirc.cxx.obj
[1038/5643] Building CXX object src\TKGeomAlgo\CMakeFiles\TKGeomAlgo.dir\__\GccEnt\GccEnt_QualifiedLin.cxx.obj
[1039/5643] Building CXX object src\TKGeomAlgo\CMakeFiles\TKGeomAlgo.dir\__\GccInt\GccInt_BCirc.cxx.obj
[1040/5643] Building CXX object src\TKGeomAlgo\CMakeFiles\TKGeomAlgo.dir\__\GccInt\GccInt_BElips.cxx.obj
[1041/5643] Building CXX object src\TKGeomAlgo\CMakeFiles\TKGeomAlgo.dir\__\GccInt\GccInt_BHyper.cxx.obj
[1042/5643] Building CXX object src\TKGeomAlgo\CMakeFiles\TKGeomAlgo.dir\__\GccInt\GccInt_Bisec.cxx.obj
[1043/5643] Building CXX object src\TKGeomAlgo\CMakeFiles\TKGeomAlgo.dir\__\GccInt\GccInt_BLine.cxx.obj
[1044/5643] Building CXX object src\TKGeomAlgo\CMakeFiles\TKGeomAlgo.dir\__\GccInt\GccInt_BParab.cxx.obj
[1045/5643] Building CXX object src\TKGeomAlgo\CMakeFiles\TKGeomAlgo.dir\__\HatchGen\HatchGen_Domain.cxx.obj
[1046/5643] Building CXX object src\TKGeomAlgo\CMakeFiles\TKGeomAlgo.dir\__\HatchGen\HatchGen_IntersectionPoint.cxx.obj
[1047/5643] Building CXX object src\TKGeomAlgo\CMakeFiles\TKGeomAlgo.dir\__\GccInt\GccInt_BPoint.cxx.obj
[1048/5643] Building CXX object src\TKGeomAlgo\CMakeFiles\TKGeomAlgo.dir\__\HatchGen\HatchGen_PointOnElement.cxx.obj
[1049/5643] Building CXX object src\TKGeomAlgo\CMakeFiles\TKGeomAlgo.dir\__\HatchGen\HatchGen_PointOnHatching.cxx.obj
[1050/5643] Building CXX object src\TKGeomAlgo\CMakeFiles\TKGeomAlgo.dir\__\Geom2dHatch\Geom2dHatch_Element.cxx.obj
[1051/5643] Building CXX object src\TKGeomAlgo\CMakeFiles\TKGeomAlgo.dir\__\Geom2dHatch\Geom2dHatch_Classifier_0.cxx.obj
[1052/5643] Building CXX object src\TKGeomAlgo\CMakeFiles\TKGeomAlgo.dir\__\Geom2dHatch\Geom2dHatch_Elements.cxx.obj
[1053/5643] Building CXX object src\TKGeomAlgo\CMakeFiles\TKGeomAlgo.dir\__\Geom2dHatch\Geom2dHatch_FClass2dOfClassifier_0.cxx.obj
[1054/5643] Building CXX object src\TKGeomAlgo\CMakeFiles\TKGeomAlgo.dir\__\Geom2dHatch\Geom2dHatch_Hatching.cxx.obj
[1055/5643] Building CXX object src\TKGeomAlgo\CMakeFiles\TKGeomAlgo.dir\__\Geom2dHatch\Geom2dHatch_Hatcher.cxx.obj
[1056/5643] Building CXX object src\TKGeomAlgo\CMakeFiles\TKGeomAlgo.dir\__\Geom2dHatch\Geom2dHatch_Intersector.cxx.obj
[1057/5643] Building CXX object src\TKGeomAlgo\CMakeFiles\TKGeomAlgo.dir\__\Law\Law.cxx.obj
[1058/5643] Building CXX object src\TKGeomAlgo\CMakeFiles\TKGeomAlgo.dir\__\Law\Law_BSpFunc.cxx.obj
[1059/5643] Building CXX object src\TKGeomAlgo\CMakeFiles\TKGeomAlgo.dir\__\Law\Law_BSplineKnotSplitting.cxx.obj
[1060/5643] Building CXX object src\TKGeomAlgo\CMakeFiles\TKGeomAlgo.dir\__\Law\Law_Constant.cxx.obj
[1061/5643] Building CXX object src\TKGeomAlgo\CMakeFiles\TKGeomAlgo.dir\__\Law\Law_Composite.cxx.obj
[1062/5643] Building CXX object src\TKGeomAlgo\CMakeFiles\TKGeomAlgo.dir\__\Law\Law_BSpline.cxx.obj
[1063/5643] Building CXX object src\TKGeomAlgo\CMakeFiles\TKGeomAlgo.dir\__\Law\Law_Function.cxx.obj
[1064/5643] Building CXX object src\TKGeomAlgo\CMakeFiles\TKGeomAlgo.dir\__\Law\Law_Linear.cxx.obj
[1065/5643] Building CXX object src\TKGeomAlgo\CMakeFiles\TKGeomAlgo.dir\__\Law\Law_Interpol.cxx.obj
[1066/5643] Building CXX object src\TKGeomAlgo\CMakeFiles\TKGeomAlgo.dir\__\Law\Law_S.cxx.obj
[1067/5643] Building CXX object src\TKGeomAlgo\CMakeFiles\TKGeomAlgo.dir\__\AppBlend\AppBlend_Debug.cxx.obj
[1068/5643] Building CXX object src\TKGeomAlgo\CMakeFiles\TKGeomAlgo.dir\__\Law\Law_Interpolate.cxx.obj
[1069/5643] Building CXX object src\TKGeomAlgo\CMakeFiles\TKGeomAlgo.dir\__\Plate\Plate_D1.cxx.obj
[1070/5643] Building CXX object src\TKGeomAlgo\CMakeFiles\TKGeomAlgo.dir\__\AppBlend\AppBlend_Approx.cxx.obj
[1071/5643] Building CXX object src\TKGeomAlgo\CMakeFiles\TKGeomAlgo.dir\__\Plate\Plate_D2.cxx.obj
[1072/5643] Building CXX object src\TKGeomAlgo\CMakeFiles\TKGeomAlgo.dir\__\Plate\Plate_D3.cxx.obj
[1073/5643] Building CXX object src\TKGeomAlgo\CMakeFiles\TKGeomAlgo.dir\__\Plate\Plate_GlobalTranslationConstraint.cxx.obj
[1074/5643] Building CXX object src\TKGeomAlgo\CMakeFiles\TKGeomAlgo.dir\__\Plate\Plate_LinearScalarConstraint.cxx.obj
[1075/5643] Building CXX object src\TKGeomAlgo\CMakeFiles\TKGeomAlgo.dir\__\Plate\Plate_GtoCConstraint.cxx.obj
[1076/5643] Building CXX object src\TKGeomAlgo\CMakeFiles\TKGeomAlgo.dir\__\Plate\Plate_LinearXYZConstraint.cxx.obj
[1077/5643] Building CXX object src\TKGeomAlgo\CMakeFiles\TKGeomAlgo.dir\__\Plate\Plate_FreeGtoCConstraint.cxx.obj
[1078/5643] Building CXX object src\TKGeomAlgo\CMakeFiles\TKGeomAlgo.dir\__\Plate\Plate_PinpointConstraint.cxx.obj
[1079/5643] Building CXX object src\TKGeomAlgo\CMakeFiles\TKGeomAlgo.dir\__\Plate\Plate_LineConstraint.cxx.obj
[1080/5643] Building CXX object src\TKGeomAlgo\CMakeFiles\TKGeomAlgo.dir\__\Plate\Plate_PlaneConstraint.cxx.obj
[1081/5643] Building CXX object src\TKGeomAlgo\CMakeFiles\TKGeomAlgo.dir\__\Plate\Plate_SampledCurveConstraint.cxx.obj
[1082/5643] Building CXX object src\TKGeomAlgo\CMakeFiles\TKGeomAlgo.dir\__\GeomPlate\GeomPlate_Aij.cxx.obj
[1083/5643] Building CXX object src\TKGeomAlgo\CMakeFiles\TKGeomAlgo.dir\__\GeomPlate\GeomPlate_CurveConstraint.cxx.obj
[1084/5643] Building CXX object src\TKGeomAlgo\CMakeFiles\TKGeomAlgo.dir\__\GeomPlate\GeomPlate_BuildAveragePlane.cxx.obj
[1085/5643] Building CXX object src\TKGeomAlgo\CMakeFiles\TKGeomAlgo.dir\__\GeomPlate\GeomPlate_PlateG0Criterion.cxx.obj
[1086/5643] Building CXX object src\TKGeomAlgo\CMakeFiles\TKGeomAlgo.dir\__\GeomPlate\GeomPlate_MakeApprox.cxx.obj
[1087/5643] Building CXX object src\TKGeomAlgo\CMakeFiles\TKGeomAlgo.dir\__\GeomPlate\GeomPlate_PlateG1Criterion.cxx.obj
[1088/5643] Building CXX object src\TKGeomAlgo\CMakeFiles\TKGeomAlgo.dir\__\Plate\Plate_Plate.cxx.obj
[1089/5643] Building CXX object src\TKGeomAlgo\CMakeFiles\TKGeomAlgo.dir\__\GeomPlate\GeomPlate_PointConstraint.cxx.obj
[1090/5643] Building CXX object src\TKGeomAlgo\CMakeFiles\TKGeomAlgo.dir\__\GeomPlate\GeomPlate_BuildPlateSurface.cxx.obj
[1091/5643] Building CXX object src\TKGeomAlgo\CMakeFiles\TKGeomAlgo.dir\__\LocalAnalysis\LocalAnalysis.cxx.obj
[1092/5643] Building CXX object src\TKGeomAlgo\CMakeFiles\TKGeomAlgo.dir\__\GeomPlate\GeomPlate_Surface.cxx.obj
[1093/5643] Building CXX object src\TKGeomAlgo\CMakeFiles\TKGeomAlgo.dir\__\LocalAnalysis\LocalAnalysis_CurveContinuity.cxx.obj
[1094/5643] Building CXX object src\TKGeomAlgo\CMakeFiles\TKGeomAlgo.dir\__\LocalAnalysis\LocalAnalysis_SurfaceContinuity.cxx.obj
[1095/5643] Building CXX object src\TKGeomAlgo\CMakeFiles\TKGeomAlgo.dir\__\GeomAPI\GeomAPI.cxx.obj
[1096/5643] Building CXX object src\TKGeomAlgo\CMakeFiles\TKGeomAlgo.dir\__\GeomAPI\GeomAPI_ExtremaCurveCurve.cxx.obj
[1097/5643] Building CXX object src\TKGeomAlgo\CMakeFiles\TKGeomAlgo.dir\__\GeomAPI\GeomAPI_ExtremaCurveSurface.cxx.obj
[1098/5643] Building CXX object src\TKGeomAlgo\CMakeFiles\TKGeomAlgo.dir\__\GeomAPI\GeomAPI_ExtremaSurfaceSurface.cxx.obj
[1099/5643] Building CXX object src\TKGeomAlgo\CMakeFiles\TKGeomAlgo.dir\__\GeomAPI\GeomAPI_IntCS.cxx.obj
[1100/5643] Building CXX object src\TKGeomAlgo\CMakeFiles\TKGeomAlgo.dir\__\GeomAPI\GeomAPI_PointsToBSpline.cxx.obj
[1101/5643] Building CXX object src\TKGeomAlgo\CMakeFiles\TKGeomAlgo.dir\__\GeomAPI\GeomAPI_Interpolate.cxx.obj
[1102/5643] Building CXX object src\TKGeomAlgo\CMakeFiles\TKGeomAlgo.dir\__\GeomAPI\GeomAPI_PointsToBSplineSurface.cxx.obj
[1103/5643] Building CXX object src\TKGeomAlgo\CMakeFiles\TKGeomAlgo.dir\__\GeomAPI\GeomAPI_ProjectPointOnCurve.cxx.obj
[1104/5643] Building CXX object src\TKGeomAlgo\CMakeFiles\TKGeomAlgo.dir\__\GeomAPI\GeomAPI_ProjectPointOnSurf.cxx.obj
[1105/5643] Building CXX object src\TKGeomAlgo\CMakeFiles\TKGeomAlgo.dir\__\GeomFill\GeomFill.cxx.obj
[1106/5643] Building CXX object src\TKGeomAlgo\CMakeFiles\TKGeomAlgo.dir\__\GeomFill\GeomFill_Boundary.cxx.obj
[1107/5643] Building CXX object src\TKGeomAlgo\CMakeFiles\TKGeomAlgo.dir\__\GeomFill\GeomFill_BezierCurves.cxx.obj
[1108/5643] Building CXX object src\TKGeomAlgo\CMakeFiles\TKGeomAlgo.dir\__\GeomFill\GeomFill_AppSurf_0.cxx.obj
[1109/5643] Building CXX object src\TKGeomAlgo\CMakeFiles\TKGeomAlgo.dir\__\GeomFill\GeomFill_AppSweep_0.cxx.obj
[1110/5643] Building CXX object src\TKGeomAlgo\CMakeFiles\TKGeomAlgo.dir\__\GeomFill\GeomFill_BoundWithSurf.cxx.obj
[1111/5643] Building CXX object src\TKGeomAlgo\CMakeFiles\TKGeomAlgo.dir\__\GeomFill\GeomFill_BSplineCurves.cxx.obj
[1112/5643] Building CXX object src\TKGeomAlgo\CMakeFiles\TKGeomAlgo.dir\__\GeomFill\GeomFill_ConstantBiNormal.cxx.obj
[1113/5643] Building CXX object src\TKGeomAlgo\CMakeFiles\TKGeomAlgo.dir\__\GeomFill\GeomFill_CircularBlendFunc.cxx.obj
[1114/5643] Building CXX object src\TKGeomAlgo\CMakeFiles\TKGeomAlgo.dir\__\GeomFill\GeomFill_CornerState.cxx.obj
[1115/5643] Building CXX object src\TKGeomAlgo\CMakeFiles\TKGeomAlgo.dir\__\GeomFill\GeomFill_CoonsAlgPatch.cxx.obj
[1116/5643] Building CXX object src\TKGeomAlgo\CMakeFiles\TKGeomAlgo.dir\__\GeomFill\GeomFill_Coons.cxx.obj
[1117/5643] Building CXX object src\TKGeomAlgo\CMakeFiles\TKGeomAlgo.dir\__\GeomFill\GeomFill_ConstrainedFilling.cxx.obj
[1118/5643] Building CXX object src\TKGeomAlgo\CMakeFiles\TKGeomAlgo.dir\__\GeomFill\GeomFill_CurveAndTrihedron.cxx.obj
[1119/5643] Building CXX object src\TKGeomAlgo\CMakeFiles\TKGeomAlgo.dir\__\GeomFill\GeomFill_Curved.cxx.obj
[1120/5643] Building CXX object src\TKGeomAlgo\CMakeFiles\TKGeomAlgo.dir\__\GeomFill\GeomFill_CorrectedFrenet.cxx.obj
[1121/5643] Building CXX object src\TKGeomAlgo\CMakeFiles\TKGeomAlgo.dir\__\GeomFill\GeomFill_DegeneratedBound.cxx.obj
[1122/5643] Building CXX object src\TKGeomAlgo\CMakeFiles\TKGeomAlgo.dir\__\GeomFill\GeomFill_Darboux.cxx.obj
[1123/5643] Building CXX object src\TKGeomAlgo\CMakeFiles\TKGeomAlgo.dir\__\GeomFill\GeomFill_DraftTrihedron.cxx.obj
[1124/5643] Building CXX object src\TKGeomAlgo\CMakeFiles\TKGeomAlgo.dir\__\GeomFill\GeomFill_DiscreteTrihedron.cxx.obj
[1125/5643] Building CXX object src\TKGeomAlgo\CMakeFiles\TKGeomAlgo.dir\__\GeomFill\GeomFill_Filling.cxx.obj
[1126/5643] Building CXX object src\TKGeomAlgo\CMakeFiles\TKGeomAlgo.dir\__\GeomFill\GeomFill_EvolvedSection.cxx.obj
[1127/5643] Building CXX object src\TKGeomAlgo\CMakeFiles\TKGeomAlgo.dir\__\GeomFill\GeomFill_Fixed.cxx.obj
[1128/5643] Building CXX object src\TKGeomAlgo\CMakeFiles\TKGeomAlgo.dir\__\GeomFill\GeomFill_FunctionDraft.cxx.obj
[1129/5643] Building CXX object src\TKGeomAlgo\CMakeFiles\TKGeomAlgo.dir\__\GeomFill\GeomFill_FunctionGuide.cxx.obj
[1130/5643] Building CXX object src\TKGeomAlgo\CMakeFiles\TKGeomAlgo.dir\__\GeomFill\GeomFill_Generator.cxx.obj
[1131/5643] Building CXX object src\TKGeomAlgo\CMakeFiles\TKGeomAlgo.dir\__\GeomFill\GeomFill_Frenet.cxx.obj
[1132/5643] Building CXX object src\TKGeomAlgo\CMakeFiles\TKGeomAlgo.dir\__\GeomFill\GeomFill_Line.cxx.obj
[1133/5643] Building CXX object src\TKGeomAlgo\CMakeFiles\TKGeomAlgo.dir\__\GeomFill\GeomFill_GuideTrihedronAC.cxx.obj
[1134/5643] Building CXX object src\TKGeomAlgo\CMakeFiles\TKGeomAlgo.dir\__\GeomFill\GeomFill_GuideTrihedronPlan.cxx.obj
[1135/5643] Building CXX object src\TKGeomAlgo\CMakeFiles\TKGeomAlgo.dir\__\GeomFill\GeomFill_LocationLaw.cxx.obj
[1136/5643] Building CXX object src\TKGeomAlgo\CMakeFiles\TKGeomAlgo.dir\__\GeomFill\GeomFill_LocationDraft.cxx.obj
[1137/5643] Building CXX object src\TKGeomAlgo\CMakeFiles\TKGeomAlgo.dir\__\GeomFill\GeomFill_LocFunction.cxx.obj
[1138/5643] Building CXX object src\TKGeomAlgo\CMakeFiles\TKGeomAlgo.dir\__\GeomFill\GeomFill_LocationGuide.cxx.obj
[1139/5643] Building CXX object src\TKGeomAlgo\CMakeFiles\TKGeomAlgo.dir\__\GeomFill\GeomFill_PlanFunc.cxx.obj
[1140/5643] Building CXX object src\TKGeomAlgo\CMakeFiles\TKGeomAlgo.dir\__\GeomFill\GeomFill_NSections.cxx.obj
[1141/5643] Building CXX object src\TKGeomAlgo\CMakeFiles\TKGeomAlgo.dir\__\GeomFill\GeomFill_PolynomialConvertor.cxx.obj
[1142/5643] Building CXX object src\TKGeomAlgo\CMakeFiles\TKGeomAlgo.dir\__\GeomFill\GeomFill_Pipe.cxx.obj
[1143/5643] Building CXX object src\TKGeomAlgo\CMakeFiles\TKGeomAlgo.dir\__\GeomFill\GeomFill_Profiler.cxx.obj
[1144/5643] Building CXX object src\TKGeomAlgo\CMakeFiles\TKGeomAlgo.dir\__\GeomFill\GeomFill_SectionGenerator.cxx.obj
[1145/5643] Building CXX object src\TKGeomAlgo\CMakeFiles\TKGeomAlgo.dir\__\GeomFill\GeomFill_SectionLaw.cxx.obj
[1146/5643] Building CXX object src\TKGeomAlgo\CMakeFiles\TKGeomAlgo.dir\__\GeomFill\GeomFill_QuasiAngularConvertor.cxx.obj
[1147/5643] Building CXX object src\TKGeomAlgo\CMakeFiles\TKGeomAlgo.dir\__\GeomFill\GeomFill_SnglrFunc.cxx.obj
[1148/5643] Building CXX object src\TKGeomAlgo\CMakeFiles\TKGeomAlgo.dir\__\GeomFill\GeomFill_SimpleBound.cxx.obj
[1149/5643] Building CXX object src\TKGeomAlgo\CMakeFiles\TKGeomAlgo.dir\__\GeomFill\GeomFill_Stretch.cxx.obj
[1150/5643] Building CXX object src\TKGeomAlgo\CMakeFiles\TKGeomAlgo.dir\__\GeomFill\GeomFill_SectionPlacement.cxx.obj
[1151/5643] Building CXX object src\TKGeomAlgo\CMakeFiles\TKGeomAlgo.dir\__\GeomFill\GeomFill_Tensor.cxx.obj
[1152/5643] Building CXX object src\TKGeomAlgo\CMakeFiles\TKGeomAlgo.dir\__\GeomFill\GeomFill_SweepFunction.cxx.obj
[1153/5643] Building CXX object src\TKGeomAlgo\CMakeFiles\TKGeomAlgo.dir\__\GeomFill\GeomFill_SweepSectionGenerator.cxx.obj
[1154/5643] Building CXX object src\TKGeomAlgo\CMakeFiles\TKGeomAlgo.dir\__\GeomFill\GeomFill_TgtField.cxx.obj
[1155/5643] Building CXX object src\TKGeomAlgo\CMakeFiles\TKGeomAlgo.dir\__\GeomFill\GeomFill_TgtOnCoons.cxx.obj
[1156/5643] Building CXX object src\TKGeomAlgo\CMakeFiles\TKGeomAlgo.dir\__\GeomFill\GeomFill_TrihedronWithGuide.cxx.obj
[1157/5643] Building CXX object src\TKGeomAlgo\CMakeFiles\TKGeomAlgo.dir\__\GeomFill\GeomFill_TrihedronLaw.cxx.obj
[1158/5643] Building CXX object src\TKGeomAlgo\CMakeFiles\TKGeomAlgo.dir\__\GeomFill\GeomFill_Sweep.cxx.obj
[1159/5643] Building CXX object src\TKGeomAlgo\CMakeFiles\TKGeomAlgo.dir\__\GeomFill\GeomFill_UniformSection.cxx.obj
[1160/5643] Building CXX object src\TKGeomAlgo\CMakeFiles\TKGeomAlgo.dir\__\Geom2dAPI\Geom2dAPI_ExtremaCurveCurve.cxx.obj
[1161/5643] Building CXX object src\TKGeomAlgo\CMakeFiles\TKGeomAlgo.dir\__\Geom2dAPI\Geom2dAPI_InterCurveCurve.cxx.obj
[1162/5643] Building CXX object src\TKGeomAlgo\CMakeFiles\TKGeomAlgo.dir\__\Geom2dAPI\Geom2dAPI_Interpolate.cxx.obj
[1163/5643] Building CXX object src\TKGeomAlgo\CMakeFiles\TKGeomAlgo.dir\__\Geom2dAPI\Geom2dAPI_PointsToBSpline.cxx.obj
[1164/5643] Building CXX object src\TKGeomAlgo\CMakeFiles\TKGeomAlgo.dir\__\Geom2dGcc\Geom2dGcc.cxx.obj
[1165/5643] Building CXX object src\TKGeomAlgo\CMakeFiles\TKGeomAlgo.dir\__\Geom2dAPI\Geom2dAPI_ProjectPointOnCurve.cxx.obj
[1166/5643] Building CXX object src\TKGeomAlgo\CMakeFiles\TKGeomAlgo.dir\__\Geom2dGcc\Geom2dGcc_Circ2d2TanOnGeo.cxx.obj
[1167/5643] Building CXX object src\TKGeomAlgo\CMakeFiles\TKGeomAlgo.dir\__\Geom2dGcc\Geom2dGcc_Circ2d2TanOn.cxx.obj
[1168/5643] Building CXX object src\TKGeomAlgo\CMakeFiles\TKGeomAlgo.dir\__\Geom2dGcc\Geom2dGcc_Circ2d2TanOnIter.cxx.obj
[1169/5643] Building CXX object src\TKGeomAlgo\CMakeFiles\TKGeomAlgo.dir\__\Geom2dGcc\Geom2dGcc_Circ2d2TanRad.cxx.obj
[1170/5643] Building CXX object src\TKGeomAlgo\CMakeFiles\TKGeomAlgo.dir\__\Geom2dGcc\Geom2dGcc_Circ2d3Tan.cxx.obj
[1171/5643] Building CXX object src\TKGeomAlgo\CMakeFiles\TKGeomAlgo.dir\__\Geom2dGcc\Geom2dGcc_Circ2d3TanIter.cxx.obj
[1172/5643] Building CXX object src\TKGeomAlgo\CMakeFiles\TKGeomAlgo.dir\__\Geom2dGcc\Geom2dGcc_Circ2d2TanRadGeo.cxx.obj
[1173/5643] Building CXX object src\TKGeomAlgo\CMakeFiles\TKGeomAlgo.dir\__\Geom2dGcc\Geom2dGcc_Circ2dTanCen.cxx.obj
[1174/5643] Building CXX object src\TKGeomAlgo\CMakeFiles\TKGeomAlgo.dir\__\Geom2dGcc\Geom2dGcc_CurveTool.cxx.obj
[1175/5643] Building CXX object src\TKGeomAlgo\CMakeFiles\TKGeomAlgo.dir\__\Geom2dGcc\Geom2dGcc_Circ2dTanCenGeo.cxx.obj
[1176/5643] Building CXX object src\TKGeomAlgo\CMakeFiles\TKGeomAlgo.dir\__\Geom2dGcc\Geom2dGcc_Circ2dTanOnRad.cxx.obj
[1177/5643] Building CXX object src\TKGeomAlgo\CMakeFiles\TKGeomAlgo.dir\__\Geom2dGcc\Geom2dGcc_Circ2dTanOnRadGeo.cxx.obj
[1178/5643] Building CXX object src\TKGeomAlgo\CMakeFiles\TKGeomAlgo.dir\__\Geom2dGcc\Geom2dGcc_FunctionTanCirCu.cxx.obj
[1179/5643] Building CXX object src\TKGeomAlgo\CMakeFiles\TKGeomAlgo.dir\__\Geom2dGcc\Geom2dGcc_FunctionTanCuCu.cxx.obj
[1180/5643] Building CXX object src\TKGeomAlgo\CMakeFiles\TKGeomAlgo.dir\__\Geom2dGcc\Geom2dGcc_FunctionTanCuCuCu.cxx.obj
[1181/5643] Building CXX object src\TKGeomAlgo\CMakeFiles\TKGeomAlgo.dir\__\Geom2dGcc\Geom2dGcc_FunctionTanCuCuOnCu.cxx.obj
[1182/5643] Building CXX object src\TKGeomAlgo\CMakeFiles\TKGeomAlgo.dir\__\Geom2dGcc\Geom2dGcc_FunctionTanCuPnt.cxx.obj
[1183/5643] Building CXX object src\TKGeomAlgo\CMakeFiles\TKGeomAlgo.dir\__\Geom2dGcc\Geom2dGcc_FunctionTanObl.cxx.obj
[1184/5643] Building CXX object src\TKGeomAlgo\CMakeFiles\TKGeomAlgo.dir\__\Geom2dGcc\Geom2dGcc_Lin2d2Tan.cxx.obj
[1185/5643] Building CXX object src\TKGeomAlgo\CMakeFiles\TKGeomAlgo.dir\__\Geom2dGcc\Geom2dGcc_Lin2d2TanIter.cxx.obj
[1186/5643] Building CXX object src\TKGeomAlgo\CMakeFiles\TKGeomAlgo.dir\__\Geom2dGcc\Geom2dGcc_Lin2dTanObl.cxx.obj
[1187/5643] Building CXX object src\TKGeomAlgo\CMakeFiles\TKGeomAlgo.dir\__\Geom2dGcc\Geom2dGcc_Lin2dTanOblIter.cxx.obj
[1188/5643] Building CXX object src\TKGeomAlgo\CMakeFiles\TKGeomAlgo.dir\__\Geom2dGcc\Geom2dGcc_QCurve.cxx.obj
[1189/5643] Building CXX object src\TKGeomAlgo\CMakeFiles\TKGeomAlgo.dir\__\FairCurve\FairCurve_BattenLaw.cxx.obj
[1190/5643] Building CXX object src\TKGeomAlgo\CMakeFiles\TKGeomAlgo.dir\__\Geom2dGcc\Geom2dGcc_QualifiedCurve.cxx.obj
[1191/5643] Building CXX object src\TKGeomAlgo\CMakeFiles\TKGeomAlgo.dir\__\FairCurve\FairCurve_DistributionOfEnergy.cxx.obj
[1192/5643] Building CXX object src\TKGeomAlgo\CMakeFiles\TKGeomAlgo.dir\__\FairCurve\FairCurve_Batten.cxx.obj
[1193/5643] Building CXX object src\TKGeomAlgo\CMakeFiles\TKGeomAlgo.dir\__\FairCurve\FairCurve_DistributionOfSagging.cxx.obj
[1194/5643] Building CXX object src\TKGeomAlgo\CMakeFiles\TKGeomAlgo.dir\__\FairCurve\FairCurve_DistributionOfJerk.cxx.obj
[1195/5643] Building CXX object src\TKGeomAlgo\CMakeFiles\TKGeomAlgo.dir\__\FairCurve\FairCurve_DistributionOfTension.cxx.obj
[1196/5643] Building CXX object src\TKGeomAlgo\CMakeFiles\TKGeomAlgo.dir\__\FairCurve\FairCurve_EnergyOfBatten.cxx.obj
[1197/5643] Building CXX object src\TKGeomAlgo\CMakeFiles\TKGeomAlgo.dir\__\FairCurve\FairCurve_EnergyOfMVC.cxx.obj
[1198/5643] Building CXX object src\TKGeomAlgo\CMakeFiles\TKGeomAlgo.dir\__\FairCurve\FairCurve_Energy.cxx.obj
[1199/5643] Building CXX object src\TKGeomAlgo\CMakeFiles\TKGeomAlgo.dir\__\NLPlate\NLPlate_HGPPConstraint.cxx.obj
[1200/5643] Building CXX object src\TKGeomAlgo\CMakeFiles\TKGeomAlgo.dir\__\FairCurve\FairCurve_Newton.cxx.obj
[1201/5643] Building CXX object src\TKGeomAlgo\CMakeFiles\TKGeomAlgo.dir\__\NLPlate\NLPlate_HPG0Constraint.cxx.obj
[1202/5643] Building CXX object src\TKGeomAlgo\CMakeFiles\TKGeomAlgo.dir\__\NLPlate\NLPlate_HPG0G1Constraint.cxx.obj
[1203/5643] Building CXX object src\TKGeomAlgo\CMakeFiles\TKGeomAlgo.dir\__\NLPlate\NLPlate_HPG0G2Constraint.cxx.obj
[1204/5643] Building CXX object src\TKGeomAlgo\CMakeFiles\TKGeomAlgo.dir\__\FairCurve\FairCurve_MinimalVariation.cxx.obj
[1205/5643] Building CXX object src\TKGeomAlgo\CMakeFiles\TKGeomAlgo.dir\__\NLPlate\NLPlate_HPG0G3Constraint.cxx.obj
[1206/5643] Building CXX object src\TKGeomAlgo\CMakeFiles\TKGeomAlgo.dir\__\NLPlate\NLPlate_HPG1Constraint.cxx.obj
[1207/5643] Building CXX object src\TKGeomAlgo\CMakeFiles\TKGeomAlgo.dir\__\NLPlate\NLPlate_HPG2Constraint.cxx.obj
[1208/5643] Building CXX object src\TKGeomAlgo\CMakeFiles\TKGeomAlgo.dir\__\NLPlate\NLPlate_HPG3Constraint.cxx.obj
[1209/5643] Building CXX object src\TKGeomAlgo\CMakeFiles\TKGeomAlgo.dir\__\IntPolyh\IntPolyh_Couple.cxx.obj
[1210/5643] Building CXX object src\TKGeomAlgo\CMakeFiles\TKGeomAlgo.dir\__\IntPolyh\IntPolyh_Edge.cxx.obj
[1211/5643] Building CXX object src\TKGeomAlgo\CMakeFiles\TKGeomAlgo.dir\__\IntPolyh\IntPolyh_Point.cxx.obj
[1212/5643] Building CXX object src\TKGeomAlgo\CMakeFiles\TKGeomAlgo.dir\__\NLPlate\NLPlate_NLPlate.cxx.obj
[1213/5643] Building CXX object src\TKGeomAlgo\CMakeFiles\TKGeomAlgo.dir\__\IntPolyh\IntPolyh_Intersection.cxx.obj
[1214/5643] Building CXX object src\TKGeomAlgo\CMakeFiles\TKGeomAlgo.dir\__\IntPolyh\IntPolyh_SectionLine.cxx.obj
[1215/5643] Building CXX object src\TKGeomAlgo\CMakeFiles\TKGeomAlgo.dir\__\IntPolyh\IntPolyh_StartPoint.cxx.obj
[1216/5643] Building CXX object src\TKGeomAlgo\CMakeFiles\TKGeomAlgo.dir\__\IntPolyh\IntPolyh_MaillageAffinage.cxx.obj
[1217/5643] Building CXX object src\TKGeomAlgo\CMakeFiles\TKGeomAlgo.dir\__\TopClass\TopClass.cxx.obj
[1218/5643] Building CXX object src\TKGeomAlgo\CMakeFiles\TKGeomAlgo.dir\__\IntPolyh\IntPolyh_Tools.cxx.obj
[1219/5643] Building CXX object src\TKGeomAlgo\CMakeFiles\TKGeomAlgo.dir\__\TopClass\TopClass_SolidExplorer.cxx.obj
[1220/5643] Building RC object src\TKTopAlgo\CMakeFiles\TKTopAlgo.dir\__\__\resources\TKTopAlgo.rc.res
[1221/5643] Generating CXX unity source src/TKPrim/cotire/TKPrim_CXX_unity.cxx
CMake Warning (deprecated) at C:/Users/Davi/Downloads/oma/.release/native-build/src/occt/adm/cmake/cotire.cmake:40 (cmake_minimum_required):
  Compatibility with CMake < 3.10 will be removed from a future version of
  CMake.

  Update the VERSION argument <min> value.  Or, use the <min>...<max> syntax
  to tell CMake that the project requires at least <min> but has been updated
  to work with policies introduced by <max> or earlier.
This warning is for project developers.  Use -Wno-author or -Wno-deprecated
to suppress it.

[1222/5643] Generating CXX unity source src/TKBO/cotire/TKBO_CXX_unity.cxx
CMake Warning (deprecated) at C:/Users/Davi/Downloads/oma/.release/native-build/src/occt/adm/cmake/cotire.cmake:40 (cmake_minimum_required):
  Compatibility with CMake < 3.10 will be removed from a future version of
  CMake.

  Update the VERSION argument <min> value.  Or, use the <min>...<max> syntax
  to tell CMake that the project requires at least <min> but has been updated
  to work with policies introduced by <max> or earlier.
This warning is for project developers.  Use -Wno-author or -Wno-deprecated
to suppress it.

[1223/5643] Building CXX object src\TKGeomAlgo\CMakeFiles\TKGeomAlgo.dir\__\IntPolyh\IntPolyh_Triangle.cxx.obj
[1224/5643] Linking CXX static library win64\vc14\lib\TKGeomAlgo.lib
[1225/5643] Generating CXX unity source src/TKShHealing/cotire/TKShHealing_CXX_unity.cxx
CMake Warning (deprecated) at C:/Users/Davi/Downloads/oma/.release/native-build/src/occt/adm/cmake/cotire.cmake:40 (cmake_minimum_required):
  Compatibility with CMake < 3.10 will be removed from a future version of
  CMake.

  Update the VERSION argument <min> value.  Or, use the <min>...<max> syntax
  to tell CMake that the project requires at least <min> but has been updated
  to work with policies introduced by <max> or earlier.
This warning is for project developers.  Use -Wno-author or -Wno-deprecated
to suppress it.

[1226/5643] Building CXX object src\TKTopAlgo\CMakeFiles\TKTopAlgo.dir\__\IntCurvesFace\IntCurvesFace_Intersector.cxx.obj
[1227/5643] Building CXX object src\TKTopAlgo\CMakeFiles\TKTopAlgo.dir\__\IntCurvesFace\IntCurvesFace_ShapeIntersector.cxx.obj
[1228/5643] Generating CXX prefix header src/TKPrim/cotire/TKPrim_CXX_prefix.hxx
CMake Warning (deprecated) at C:/Users/Davi/Downloads/oma/.release/native-build/src/occt/adm/cmake/cotire.cmake:40 (cmake_minimum_required):
  Compatibility with CMake < 3.10 will be removed from a future version of
  CMake.

  Update the VERSION argument <min> value.  Or, use the <min>...<max> syntax
  to tell CMake that the project requires at least <min> but has been updated
  to work with policies introduced by <max> or earlier.
This warning is for project developers.  Use -Wno-author or -Wno-deprecated
to suppress it.

[1229/5643] Building CXX object src\TKTopAlgo\CMakeFiles\TKTopAlgo.dir\__\MAT\MAT_Arc.cxx.obj
[1230/5643] Building CXX object src\TKTopAlgo\CMakeFiles\TKTopAlgo.dir\__\MAT\MAT_BasicElt.cxx.obj
[1231/5643] Building CXX object src\TKTopAlgo\CMakeFiles\TKTopAlgo.dir\__\MAT\MAT_Bisector.cxx.obj
[1232/5643] Building CXX object src\TKTopAlgo\CMakeFiles\TKTopAlgo.dir\__\MAT\MAT_Edge.cxx.obj
[1233/5643] Building CXX object src\TKTopAlgo\CMakeFiles\TKTopAlgo.dir\__\MAT\MAT_ListOfBisector_0.cxx.obj
[1234/5643] Building CXX object src\TKTopAlgo\CMakeFiles\TKTopAlgo.dir\__\MAT\MAT_ListOfEdge_0.cxx.obj
[1235/5643] Building CXX object src\TKTopAlgo\CMakeFiles\TKTopAlgo.dir\__\MAT\MAT_Graph.cxx.obj
[1236/5643] Building CXX object src\TKTopAlgo\CMakeFiles\TKTopAlgo.dir\__\MAT\MAT_TListNodeOfListOfBisector_0.cxx.obj
[1237/5643] Building CXX object src\TKTopAlgo\CMakeFiles\TKTopAlgo.dir\__\MAT\MAT_Node.cxx.obj
[1238/5643] Building CXX object src\TKTopAlgo\CMakeFiles\TKTopAlgo.dir\__\MAT\MAT_TListNodeOfListOfEdge_0.cxx.obj
[1239/5643] Building CXX object src\TKTopAlgo\CMakeFiles\TKTopAlgo.dir\__\MAT2d\MAT2d_BiInt.cxx.obj
[1240/5643] Building CXX object src\TKTopAlgo\CMakeFiles\TKTopAlgo.dir\__\MAT\MAT_Zone.cxx.obj
[1241/5643] Building CXX object src\TKTopAlgo\CMakeFiles\TKTopAlgo.dir\__\MAT2d\MAT2d_Connexion.cxx.obj
[1242/5643] Building CXX object src\TKTopAlgo\CMakeFiles\TKTopAlgo.dir\__\MAT2d\MAT2d_CutCurve.cxx.obj
[1243/5643] Building CXX object src\TKTopAlgo\CMakeFiles\TKTopAlgo.dir\__\MAT2d\MAT2d_Circuit.cxx.obj
[1244/5643] Generating CXX prefix header src/TKBO/cotire/TKBO_CXX_prefix.hxx
CMake Warning (deprecated) at C:/Users/Davi/Downloads/oma/.release/native-build/src/occt/adm/cmake/cotire.cmake:40 (cmake_minimum_required):
  Compatibility with CMake < 3.10 will be removed from a future version of
  CMake.

  Update the VERSION argument <min> value.  Or, use the <min>...<max> syntax
  to tell CMake that the project requires at least <min> but has been updated
  to work with policies introduced by <max> or earlier.
This warning is for project developers.  Use -Wno-author or -Wno-deprecated
to suppress it.

[1245/5643] Generating CXX prefix header src/TKShHealing/cotire/TKShHealing_CXX_prefix.hxx
CMake Warning (deprecated) at C:/Users/Davi/Downloads/oma/.release/native-build/src/occt/adm/cmake/cotire.cmake:40 (cmake_minimum_required):
  Compatibility with CMake < 3.10 will be removed from a future version of
  CMake.

  Update the VERSION argument <min> value.  Or, use the <min>...<max> syntax
  to tell CMake that the project requires at least <min> but has been updated
  to work with policies introduced by <max> or earlier.
This warning is for project developers.  Use -Wno-author or -Wno-deprecated
to suppress it.

[1246/5643] Building CXX object src\TKTopAlgo\CMakeFiles\TKTopAlgo.dir\__\MAT2d\MAT2d_MiniPath.cxx.obj
[1247/5643] Building CXX object src\TKTopAlgo\CMakeFiles\TKTopAlgo.dir\__\Bisector\Bisector.cxx.obj
[1248/5643] Building CXX object src\TKTopAlgo\CMakeFiles\TKTopAlgo.dir\__\MAT2d\MAT2d_Tool2d.cxx.obj
[1249/5643] Building CXX object src\TKTopAlgo\CMakeFiles\TKTopAlgo.dir\__\MAT2d\MAT2d_Mat2d.cxx.obj
[1250/5643] Building CXX object src\TKTopAlgo\CMakeFiles\TKTopAlgo.dir\__\Bisector\Bisector_Bisec.cxx.obj
[1251/5643] Building CXX object src\TKTopAlgo\CMakeFiles\TKTopAlgo.dir\__\Bisector\Bisector_Curve.cxx.obj
[1252/5643] Building CXX object src\TKTopAlgo\CMakeFiles\TKTopAlgo.dir\__\Bisector\Bisector_BisecPC.cxx.obj
[1253/5643] Building CXX object src\TKTopAlgo\CMakeFiles\TKTopAlgo.dir\__\Bisector\Bisector_BisecCC.cxx.obj
[1254/5643] Building CXX object src\TKTopAlgo\CMakeFiles\TKTopAlgo.dir\__\Bisector\Bisector_BisecAna.cxx.obj
[1255/5643] Building CXX object src\TKTopAlgo\CMakeFiles\TKTopAlgo.dir\__\Bisector\Bisector_FunctionH.cxx.obj
[1256/5643] Building CXX object src\TKTopAlgo\CMakeFiles\TKTopAlgo.dir\__\Bisector\Bisector_FunctionInter.cxx.obj
[1257/5643] Building CXX object src\TKTopAlgo\CMakeFiles\TKTopAlgo.dir\__\Bisector\Bisector_PointOnBis.cxx.obj
[1258/5643] Building CXX object src\TKTopAlgo\CMakeFiles\TKTopAlgo.dir\__\Bisector\Bisector_PolyBis.cxx.obj
[1259/5643] Building CXX object src\TKTopAlgo\CMakeFiles\TKTopAlgo.dir\__\Bisector\Bisector_Inter.cxx.obj
[1260/5643] Building CXX object src\TKTopAlgo\CMakeFiles\TKTopAlgo.dir\__\BRepMAT2d\BRepMAT2d_BisectingLocus.cxx.obj
[1261/5643] Building CXX object src\TKTopAlgo\CMakeFiles\TKTopAlgo.dir\__\BRepMAT2d\BRepMAT2d_LinkTopoBilo.cxx.obj
[1262/5643] Building CXX object src\TKTopAlgo\CMakeFiles\TKTopAlgo.dir\__\BRepCheck\BRepCheck.cxx.obj
[1263/5643] Building CXX object src\TKTopAlgo\CMakeFiles\TKTopAlgo.dir\__\BRepMAT2d\BRepMAT2d_Explorer.cxx.obj
[1264/5643] Building CXX object src\TKTopAlgo\CMakeFiles\TKTopAlgo.dir\__\BRepCheck\BRepCheck_Analyzer.cxx.obj
[1265/5643] Building CXX object src\TKTopAlgo\CMakeFiles\TKTopAlgo.dir\__\BRepCheck\BRepCheck_Result.cxx.obj
[1266/5643] Building CXX object src\TKTopAlgo\CMakeFiles\TKTopAlgo.dir\__\BRepCheck\BRepCheck_Edge.cxx.obj
[1267/5643] Building CXX object src\TKTopAlgo\CMakeFiles\TKTopAlgo.dir\__\BRepCheck\BRepCheck_Face.cxx.obj
[1268/5643] Building CXX object src\TKTopAlgo\CMakeFiles\TKTopAlgo.dir\__\BRepCheck\BRepCheck_Solid.cxx.obj
[1269/5643] Building CXX object src\TKTopAlgo\CMakeFiles\TKTopAlgo.dir\__\BRepCheck\BRepCheck_Vertex.cxx.obj
[1270/5643] Building CXX object src\TKTopAlgo\CMakeFiles\TKTopAlgo.dir\__\BRepCheck\BRepCheck_Shell.cxx.obj
[1271/5643] Building CXX object src\TKTopAlgo\CMakeFiles\TKTopAlgo.dir\__\BRepBndLib\BRepBndLib.cxx.obj
[1272/5643] Building CXX object src\TKTopAlgo\CMakeFiles\TKTopAlgo.dir\__\BRepBndLib\BRepBndLib_1.cxx.obj
[1273/5643] Building CXX object src\TKTopAlgo\CMakeFiles\TKTopAlgo.dir\__\BRepCheck\BRepCheck_Wire.cxx.obj
[1274/5643] Building CXX object src\TKTopAlgo\CMakeFiles\TKTopAlgo.dir\__\BRepExtrema\BRepExtrema_DistanceSS.cxx.obj
[1275/5643] Building CXX object src\TKTopAlgo\CMakeFiles\TKTopAlgo.dir\__\BRepExtrema\BRepExtrema_ExtCC.cxx.obj
[1276/5643] Building CXX object src\TKTopAlgo\CMakeFiles\TKTopAlgo.dir\__\BRepExtrema\BRepExtrema_DistShapeShape.cxx.obj
[1277/5643] Building CXX object src\TKTopAlgo\CMakeFiles\TKTopAlgo.dir\__\BRepExtrema\BRepExtrema_ExtCF.cxx.obj
[1278/5643] Building CXX object src\TKTopAlgo\CMakeFiles\TKTopAlgo.dir\__\BRepExtrema\BRepExtrema_ExtFF.cxx.obj
[1279/5643] Building CXX object src\TKTopAlgo\CMakeFiles\TKTopAlgo.dir\__\BRepExtrema\BRepExtrema_ExtPC.cxx.obj
[1280/5643] Building CXX object src\TKTopAlgo\CMakeFiles\TKTopAlgo.dir\__\BRepExtrema\BRepExtrema_Poly.cxx.obj
[1281/5643] Building CXX object src\TKTopAlgo\CMakeFiles\TKTopAlgo.dir\__\BRepExtrema\BRepExtrema_OverlapTool.cxx.obj
[1282/5643] Building CXX object src\TKTopAlgo\CMakeFiles\TKTopAlgo.dir\__\BRepExtrema\BRepExtrema_ExtPF.cxx.obj
[1283/5643] Building CXX object src\TKTopAlgo\CMakeFiles\TKTopAlgo.dir\__\BRepExtrema\BRepExtrema_ProximityValueTool.cxx.obj
[1284/5643] Building CXX object src\TKTopAlgo\CMakeFiles\TKTopAlgo.dir\__\BRepExtrema\BRepExtrema_SelfIntersection.cxx.obj
[1285/5643] Building CXX object src\TKTopAlgo\CMakeFiles\TKTopAlgo.dir\__\BRepExtrema\BRepExtrema_ProximityDistTool.cxx.obj
[1286/5643] Building CXX object src\TKTopAlgo\CMakeFiles\TKTopAlgo.dir\__\BRepExtrema\BRepExtrema_ShapeProximity.cxx.obj
[1287/5643] Building CXX object src\TKTopAlgo\CMakeFiles\TKTopAlgo.dir\__\BRepClass\BRepClass_Edge.cxx.obj
[1288/5643] Building CXX object src\TKTopAlgo\CMakeFiles\TKTopAlgo.dir\__\BRepExtrema\BRepExtrema_TriangleSet.cxx.obj
[1289/5643] Building CXX object src\TKTopAlgo\CMakeFiles\TKTopAlgo.dir\__\BRepClass\BRepClass_FaceClassifier.cxx.obj
[1290/5643] Building CXX object src\TKTopAlgo\CMakeFiles\TKTopAlgo.dir\__\BRepClass\BRepClass_FacePassiveClassifier_0.cxx.obj
[1291/5643] Building CXX object src\TKTopAlgo\CMakeFiles\TKTopAlgo.dir\__\BRepClass\BRepClass_FaceExplorer.cxx.obj
[1292/5643] Building CXX object src\TKTopAlgo\CMakeFiles\TKTopAlgo.dir\__\BRepClass\BRepClass_FClass2dOfFClassifier_0.cxx.obj
[1293/5643] Building CXX object src\TKTopAlgo\CMakeFiles\TKTopAlgo.dir\__\BRepClass\BRepClass_FClassifier_0.cxx.obj
[1294/5643] Building CXX object src\TKTopAlgo\CMakeFiles\TKTopAlgo.dir\__\BRepClass3d\BRepClass3d.cxx.obj
[1295/5643] Building CXX object src\TKTopAlgo\CMakeFiles\TKTopAlgo.dir\__\BRepClass\BRepClass_Intersector.cxx.obj
[1296/5643] Building CXX object src\TKTopAlgo\CMakeFiles\TKTopAlgo.dir\__\BRepClass3d\BRepClass3d_BndBoxTree.cxx.obj
[1297/5643] Building CXX object src\TKTopAlgo\CMakeFiles\TKTopAlgo.dir\__\BRepClass3d\BRepClass3d_Intersector3d.cxx.obj
[1298/5643] Building CXX object src\TKTopAlgo\CMakeFiles\TKTopAlgo.dir\__\BRepClass3d\BRepClass3d_SolidClassifier.cxx.obj
[1299/5643] Building CXX object src\TKTopAlgo\CMakeFiles\TKTopAlgo.dir\__\BRepClass3d\BRepClass3d_SolidPassiveClassifier_0.cxx.obj
[1300/5643] Building CXX object src\TKTopAlgo\CMakeFiles\TKTopAlgo.dir\__\BRepClass3d\BRepClass3d_SClassifier.cxx.obj
[1301/5643] Building CXX object src\TKTopAlgo\CMakeFiles\TKTopAlgo.dir\__\BRepLib\BRepLib_1.cxx.obj
[1302/5643] Building CXX object src\TKTopAlgo\CMakeFiles\TKTopAlgo.dir\__\BRepClass3d\BRepClass3d_SolidExplorer.cxx.obj
[1303/5643] Building CXX object src\TKTopAlgo\CMakeFiles\TKTopAlgo.dir\__\BRepLib\BRepLib_Command.cxx.obj
[1304/5643] Building CXX object src\TKTopAlgo\CMakeFiles\TKTopAlgo.dir\__\BRepLib\BRepLib_CheckCurveOnSurface.cxx.obj
[1305/5643] Building CXX object src\TKTopAlgo\CMakeFiles\TKTopAlgo.dir\__\BRepLib\BRepLib.cxx.obj
[1306/5643] Building CXX object src\TKTopAlgo\CMakeFiles\TKTopAlgo.dir\__\BRepLib\BRepLib_FindSurface.cxx.obj
[1307/5643] Building CXX object src\TKTopAlgo\CMakeFiles\TKTopAlgo.dir\__\BRepLib\BRepLib_MakeEdge.cxx.obj
[1308/5643] Building CXX object src\TKTopAlgo\CMakeFiles\TKTopAlgo.dir\__\BRepLib\BRepLib_FuseEdges.cxx.obj
[1309/5643] Building CXX object src\TKTopAlgo\CMakeFiles\TKTopAlgo.dir\__\BRepLib\BRepLib_MakeEdge2d.cxx.obj
[1310/5643] Building CXX object src\TKTopAlgo\CMakeFiles\TKTopAlgo.dir\__\BRepLib\BRepLib_MakeShape.cxx.obj
[1311/5643] Building CXX object src\TKTopAlgo\CMakeFiles\TKTopAlgo.dir\__\BRepLib\BRepLib_MakePolygon.cxx.obj
[1312/5643] Building CXX object src\TKTopAlgo\CMakeFiles\TKTopAlgo.dir\__\BRepLib\BRepLib_MakeFace.cxx.obj
[1313/5643] Building CXX object src\TKTopAlgo\CMakeFiles\TKTopAlgo.dir\__\BRepLib\BRepLib_MakeSolid.cxx.obj
[1314/5643] Building CXX object src\TKTopAlgo\CMakeFiles\TKTopAlgo.dir\__\BRepLib\BRepLib_MakeVertex.cxx.obj
[1315/5643] Building CXX object src\TKTopAlgo\CMakeFiles\TKTopAlgo.dir\__\BRepLib\BRepLib_MakeShell.cxx.obj
[1316/5643] Building CXX object src\TKTopAlgo\CMakeFiles\TKTopAlgo.dir\__\BRepLib\BRepLib_PointCloudShape.cxx.obj
[1317/5643] Building CXX object src\TKTopAlgo\CMakeFiles\TKTopAlgo.dir\__\BRepLib\BRepLib_MakeWire.cxx.obj
[1318/5643] Building CXX object src\TKTopAlgo\CMakeFiles\TKTopAlgo.dir\__\BRepLib\BRepLib_ToolTriangulatedShape.cxx.obj
[1319/5643] Building CXX object src\TKTopAlgo\CMakeFiles\TKTopAlgo.dir\__\BRepLib\BRepLib_MakeWire_1.cxx.obj
[1320/5643] Building CXX object src\TKTopAlgo\CMakeFiles\TKTopAlgo.dir\__\BRepLib\BRepLib_ValidateEdge.cxx.obj
[1321/5643] Building CXX object src\TKTopAlgo\CMakeFiles\TKTopAlgo.dir\__\BRepGProp\BRepGProp_Cinert.cxx.obj
[1322/5643] Building CXX object src\TKTopAlgo\CMakeFiles\TKTopAlgo.dir\__\BRepGProp\BRepGProp_Domain.cxx.obj
[1323/5643] Building CXX object src\TKTopAlgo\CMakeFiles\TKTopAlgo.dir\__\BRepGProp\BRepGProp.cxx.obj
[1324/5643] Building CXX object src\TKTopAlgo\CMakeFiles\TKTopAlgo.dir\__\BRepGProp\BRepGProp_EdgeTool.cxx.obj
[1325/5643] Building CXX object src\TKTopAlgo\CMakeFiles\TKTopAlgo.dir\__\BRepGProp\BRepGProp_Face.cxx.obj
[1326/5643] Building CXX object src\TKTopAlgo\CMakeFiles\TKTopAlgo.dir\__\BRepGProp\BRepGProp_Sinert.cxx.obj
[1327/5643] Building CXX object src\TKTopAlgo\CMakeFiles\TKTopAlgo.dir\__\BRepGProp\BRepGProp_TFunction.cxx.obj
[1328/5643] Building CXX object src\TKTopAlgo\CMakeFiles\TKTopAlgo.dir\__\BRepGProp\BRepGProp_Gauss.cxx.obj
[1329/5643] Building CXX object src\TKTopAlgo\CMakeFiles\TKTopAlgo.dir\__\BRepGProp\BRepGProp_UFunction.cxx.obj
[1330/5643] Building CXX object src\TKTopAlgo\CMakeFiles\TKTopAlgo.dir\__\BRepGProp\BRepGProp_Vinert.cxx.obj
[1331/5643] Building CXX object src\TKTopAlgo\CMakeFiles\TKTopAlgo.dir\__\BRepGProp\BRepGProp_VinertGK.cxx.obj
[1332/5643] Building CXX object src\TKTopAlgo\CMakeFiles\TKTopAlgo.dir\__\BRepGProp\BRepGProp_MeshCinert.cxx.obj
[1333/5643] Building CXX object src\TKTopAlgo\CMakeFiles\TKTopAlgo.dir\__\BRepGProp\BRepGProp_MeshProps.cxx.obj
[1334/5643] Building CXX object src\TKTopAlgo\CMakeFiles\TKTopAlgo.dir\__\BRepIntCurveSurface\BRepIntCurveSurface_Inter.cxx.obj
[1335/5643] Building CXX object src\TKTopAlgo\CMakeFiles\TKTopAlgo.dir\__\BRepTopAdaptor\BRepTopAdaptor_Tool.cxx.obj
[1336/5643] Building CXX object src\TKTopAlgo\CMakeFiles\TKTopAlgo.dir\__\BRepTopAdaptor\BRepTopAdaptor_HVertex.cxx.obj
[1337/5643] Building CXX object src\TKTopAlgo\CMakeFiles\TKTopAlgo.dir\__\BRepTopAdaptor\BRepTopAdaptor_TopolTool.cxx.obj
[1338/5643] Building CXX object src\TKTopAlgo\CMakeFiles\TKTopAlgo.dir\__\BRepTopAdaptor\BRepTopAdaptor_FClass2d.cxx.obj
[1339/5643] Building CXX object src\TKTopAlgo\CMakeFiles\TKTopAlgo.dir\__\BRepBuilderAPI\BRepBuilderAPI.cxx.obj
[1340/5643] Building CXX object src\TKTopAlgo\CMakeFiles\TKTopAlgo.dir\__\BRepBuilderAPI\BRepBuilderAPI_Collect.cxx.obj
[1341/5643] Building CXX object src\TKTopAlgo\CMakeFiles\TKTopAlgo.dir\__\BRepBuilderAPI\BRepBuilderAPI_Command.cxx.obj
[1342/5643] Building CXX object src\TKTopAlgo\CMakeFiles\TKTopAlgo.dir\__\BRepBuilderAPI\BRepBuilderAPI_Copy.cxx.obj
[1343/5643] Building CXX object src\TKTopAlgo\CMakeFiles\TKTopAlgo.dir\__\BRepBuilderAPI\BRepBuilderAPI_FindPlane.cxx.obj
[1344/5643] Building CXX object src\TKTopAlgo\CMakeFiles\TKTopAlgo.dir\__\BRepBuilderAPI\BRepBuilderAPI_GTransform.cxx.obj
[1345/5643] Building CXX object src\TKTopAlgo\CMakeFiles\TKTopAlgo.dir\__\BRepBuilderAPI\BRepBuilderAPI_FastSewing.cxx.obj
[1346/5643] Building CXX object src\TKTopAlgo\CMakeFiles\TKTopAlgo.dir\__\BRepBuilderAPI\BRepBuilderAPI_MakeEdge.cxx.obj
[1347/5643] Building CXX object src\TKTopAlgo\CMakeFiles\TKTopAlgo.dir\__\BRepBuilderAPI\BRepBuilderAPI_MakeEdge2d.cxx.obj
[1348/5643] Building CXX object src\TKTopAlgo\CMakeFiles\TKTopAlgo.dir\__\BRepBuilderAPI\BRepBuilderAPI_MakePolygon.cxx.obj
[1349/5643] Building CXX object src\TKTopAlgo\CMakeFiles\TKTopAlgo.dir\__\BRepBuilderAPI\BRepBuilderAPI_MakeFace.cxx.obj
[1350/5643] Building CXX object src\TKTopAlgo\CMakeFiles\TKTopAlgo.dir\__\BRepBuilderAPI\BRepBuilderAPI_MakeShape.cxx.obj
[1351/5643] Building CXX object src\TKTopAlgo\CMakeFiles\TKTopAlgo.dir\__\BRepBuilderAPI\BRepBuilderAPI_MakeShell.cxx.obj
[1352/5643] Building CXX object src\TKTopAlgo\CMakeFiles\TKTopAlgo.dir\__\BRepBuilderAPI\BRepBuilderAPI_MakeSolid.cxx.obj
[1353/5643] Building CXX object src\TKTopAlgo\CMakeFiles\TKTopAlgo.dir\__\BRepBuilderAPI\BRepBuilderAPI_MakeVertex.cxx.obj
[1354/5643] Building CXX object src\TKTopAlgo\CMakeFiles\TKTopAlgo.dir\__\BRepBuilderAPI\BRepBuilderAPI_MakeWire.cxx.obj
[1355/5643] Building CXX object src\TKTopAlgo\CMakeFiles\TKTopAlgo.dir\__\BRepBuilderAPI\BRepBuilderAPI_ModifyShape.cxx.obj
[1356/5643] Building CXX object src\TKTopAlgo\CMakeFiles\TKTopAlgo.dir\__\BRepBuilderAPI\BRepBuilderAPI_MakeShapeOnMesh.cxx.obj
[1357/5643] Building CXX object src\TKTopAlgo\CMakeFiles\TKTopAlgo.dir\__\BRepBuilderAPI\BRepBuilderAPI_NurbsConvert.cxx.obj
[1358/5643] Building CXX object src\TKTopAlgo\CMakeFiles\TKTopAlgo.dir\__\BRepBuilderAPI\BRepBuilderAPI_Transform.cxx.obj
[1359/5643] Building CXX object src\TKTopAlgo\CMakeFiles\TKTopAlgo.dir\__\BRepApprox\BRepApprox_ApproxLine.cxx.obj
[1360/5643] Building CXX object src\TKTopAlgo\CMakeFiles\TKTopAlgo.dir\__\BRepApprox\BRepApprox_Approx_0.cxx.obj
[1361/5643] Building CXX object src\TKTopAlgo\CMakeFiles\TKTopAlgo.dir\__\BRepApprox\BRepApprox_BSpGradient_BFGSOfMyBSplGradientOfTheComputeLineOfApprox_0.cxx.obj
[1362/5643] Building CXX object src\TKTopAlgo\CMakeFiles\TKTopAlgo.dir\__\BRepApprox\BRepApprox_BSpParFunctionOfMyBSplGradientOfTheComputeLineOfApprox_0.cxx.obj
[1363/5643] Building CXX object src\TKTopAlgo\CMakeFiles\TKTopAlgo.dir\__\BRepApprox\BRepApprox_Gradient_BFGSOfMyGradientbisOfTheComputeLineOfApprox_0.cxx.obj
[1364/5643] Building CXX object src\TKTopAlgo\CMakeFiles\TKTopAlgo.dir\__\BRepApprox\BRepApprox_Gradient_BFGSOfMyGradientOfTheComputeLineBezierOfApprox_0.cxx.obj
[1365/5643] Building CXX object src\TKTopAlgo\CMakeFiles\TKTopAlgo.dir\__\BRepApprox\BRepApprox_MyBSplGradientOfTheComputeLineOfApprox_0.cxx.obj
[1366/5643] Building CXX object src\TKTopAlgo\CMakeFiles\TKTopAlgo.dir\__\BRepApprox\BRepApprox_MyGradientbisOfTheComputeLineOfApprox_0.cxx.obj
[1367/5643] Building CXX object src\TKTopAlgo\CMakeFiles\TKTopAlgo.dir\__\BRepApprox\BRepApprox_MyGradientOfTheComputeLineBezierOfApprox_0.cxx.obj
[1368/5643] Building CXX object src\TKTopAlgo\CMakeFiles\TKTopAlgo.dir\__\BRepApprox\BRepApprox_BSpParLeastSquareOfMyBSplGradientOfTheComputeLineOfApprox_0.cxx.obj
[1369/5643] Building CXX object src\TKTopAlgo\CMakeFiles\TKTopAlgo.dir\__\BRepBuilderAPI\BRepBuilderAPI_Sewing.cxx.obj
[1370/5643] Building CXX object src\TKTopAlgo\CMakeFiles\TKTopAlgo.dir\__\BRepApprox\BRepApprox_ParLeastSquareOfMyGradientbisOfTheComputeLineOfApprox_0.cxx.obj
[1371/5643] Building CXX object src\TKTopAlgo\CMakeFiles\TKTopAlgo.dir\__\BRepApprox\BRepApprox_ParFunctionOfMyGradientbisOfTheComputeLineOfApprox_0.cxx.obj
[1372/5643] Building CXX object src\TKTopAlgo\CMakeFiles\TKTopAlgo.dir\__\BRepApprox\BRepApprox_ParFunctionOfMyGradientOfTheComputeLineBezierOfApprox_0.cxx.obj
[1373/5643] Building CXX object src\TKTopAlgo\CMakeFiles\TKTopAlgo.dir\__\BRepApprox\BRepApprox_ParLeastSquareOfMyGradientOfTheComputeLineBezierOfApprox_0.cxx.obj
[1374/5643] Building CXX object src\TKTopAlgo\CMakeFiles\TKTopAlgo.dir\__\BRepApprox\BRepApprox_SurfaceTool.cxx.obj
[1375/5643] Building CXX object src\TKTopAlgo\CMakeFiles\TKTopAlgo.dir\__\BRepApprox\BRepApprox_ResConstraintOfMyGradientbisOfTheComputeLineOfApprox_0.cxx.obj
[1376/5643] Building CXX object src\TKTopAlgo\CMakeFiles\TKTopAlgo.dir\__\BRepApprox\BRepApprox_ResConstraintOfMyGradientOfTheComputeLineBezierOfApprox_0.cxx.obj
[1377/5643] Building CXX object src\TKTopAlgo\CMakeFiles\TKTopAlgo.dir\__\BRepApprox\BRepApprox_TheComputeLineOfApprox_0.cxx.obj
[1378/5643] Building CXX object src\TKTopAlgo\CMakeFiles\TKTopAlgo.dir\__\BRepApprox\BRepApprox_TheFunctionOfTheInt2SOfThePrmPrmSvSurfacesOfApprox_0.cxx.obj
[1379/5643] Building CXX object src\TKTopAlgo\CMakeFiles\TKTopAlgo.dir\__\BRepApprox\BRepApprox_TheComputeLineBezierOfApprox_0.cxx.obj
[1380/5643] Building CXX object src\TKTopAlgo\CMakeFiles\TKTopAlgo.dir\__\BRepApprox\BRepApprox_TheImpPrmSvSurfacesOfApprox_0.cxx.obj
[1381/5643] Building CXX object src\TKTopAlgo\CMakeFiles\TKTopAlgo.dir\__\BRepApprox\BRepApprox_TheMultiLineOfApprox_0.cxx.obj
[1382/5643] Building CXX object src\TKTopAlgo\CMakeFiles\TKTopAlgo.dir\__\BRepApprox\BRepApprox_TheInt2SOfThePrmPrmSvSurfacesOfApprox_0.cxx.obj
[1383/5643] Building CXX object src\TKTopAlgo\CMakeFiles\TKTopAlgo.dir\__\BRepApprox\BRepApprox_ThePrmPrmSvSurfacesOfApprox_0.cxx.obj
[1384/5643] Building CXX object src\TKTopAlgo\CMakeFiles\TKTopAlgo.dir\__\BRepApprox\BRepApprox_TheZerImpFuncOfTheImpPrmSvSurfacesOfApprox_0.cxx.obj
[1385/5643] Building RC object src\TKPrim\CMakeFiles\TKPrim.dir\__\__\resources\TKPrim.rc.res
[1386/5643] Building RC object src\TKBO\CMakeFiles\TKBO.dir\__\__\resources\TKBO.rc.res
[1387/5643] Linking CXX static library win64\vc14\lib\TKTopAlgo.lib
[1388/5643] Building RC object src\TKShHealing\CMakeFiles\TKShHealing.dir\__\__\resources\TKShHealing.rc.res
[1389/5643] Generating CXX unity source src/TKBool/cotire/TKBool_CXX_unity.cxx
CMake Warning (deprecated) at C:/Users/Davi/Downloads/oma/.release/native-build/src/occt/adm/cmake/cotire.cmake:40 (cmake_minimum_required):
  Compatibility with CMake < 3.10 will be removed from a future version of
  CMake.

  Update the VERSION argument <min> value.  Or, use the <min>...<max> syntax
  to tell CMake that the project requires at least <min> but has been updated
  to work with policies introduced by <max> or earlier.
This warning is for project developers.  Use -Wno-author or -Wno-deprecated
to suppress it.

[1390/5643] Building CXX object src\TKPrim\CMakeFiles\TKPrim.dir\__\BRepPrim\BRepPrim_Builder.cxx.obj
[1391/5643] Building CXX object src\TKShHealing\CMakeFiles\TKShHealing.dir\__\ShapeBuild\ShapeBuild.cxx.obj
[1392/5643] Building CXX object src\TKBO\CMakeFiles\TKBO.dir\__\IntTools\IntTools.cxx.obj
[1393/5643] Building CXX object src\TKPrim\CMakeFiles\TKPrim.dir\__\BRepPrim\BRepPrim_Cone.cxx.obj
[1394/5643] Building CXX object src\TKPrim\CMakeFiles\TKPrim.dir\__\BRepPrim\BRepPrim_Cylinder.cxx.obj
[1395/5643] Building CXX object src\TKPrim\CMakeFiles\TKPrim.dir\__\BRepPrim\BRepPrim_FaceBuilder.cxx.obj
[1396/5643] Building CXX object src\TKPrim\CMakeFiles\TKPrim.dir\__\BRepPrim\BRepPrim_OneAxis.cxx.obj
[1397/5643] Building CXX object src\TKPrim\CMakeFiles\TKPrim.dir\__\BRepPrim\BRepPrim_GWedge.cxx.obj
[1398/5643] Building CXX object src\TKPrim\CMakeFiles\TKPrim.dir\__\BRepPrim\BRepPrim_Revolution.cxx.obj
[1399/5643] Building CXX object src\TKPrim\CMakeFiles\TKPrim.dir\__\BRepPrim\BRepPrim_Sphere.cxx.obj
[1400/5643] Building CXX object src\TKPrim\CMakeFiles\TKPrim.dir\__\BRepPrim\BRepPrim_Torus.cxx.obj
[1401/5643] Building CXX object src\TKPrim\CMakeFiles\TKPrim.dir\__\BRepPrim\BRepPrim_Wedge.cxx.obj
[1402/5643] Building CXX object src\TKPrim\CMakeFiles\TKPrim.dir\__\BRepSweep\BRepSweep_Iterator.cxx.obj
[1403/5643] Building CXX object src\TKPrim\CMakeFiles\TKPrim.dir\__\BRepSweep\BRepSweep_Builder.cxx.obj
[1404/5643] Building CXX object src\TKPrim\CMakeFiles\TKPrim.dir\__\BRepSweep\BRepSweep_Prism.cxx.obj
[1405/5643] Building CXX object src\TKPrim\CMakeFiles\TKPrim.dir\__\BRepSweep\BRepSweep_NumLinearRegularSweep.cxx.obj
[1406/5643] Building CXX object src\TKPrim\CMakeFiles\TKPrim.dir\__\BRepSweep\BRepSweep_Revol.cxx.obj
[1407/5643] Building CXX object src\TKPrim\CMakeFiles\TKPrim.dir\__\BRepSweep\BRepSweep_Tool.cxx.obj
[1408/5643] Building CXX object src\TKPrim\CMakeFiles\TKPrim.dir\__\BRepSweep\BRepSweep_Rotation.cxx.obj
[1409/5643] Building CXX object src\TKPrim\CMakeFiles\TKPrim.dir\__\BRepSweep\BRepSweep_Translation.cxx.obj
[1410/5643] Building CXX object src\TKPrim\CMakeFiles\TKPrim.dir\__\Sweep\Sweep_NumShape.cxx.obj
[1411/5643] Building CXX object src\TKPrim\CMakeFiles\TKPrim.dir\__\Sweep\Sweep_NumShapeIterator.cxx.obj
[1412/5643] Building CXX object src\TKPrim\CMakeFiles\TKPrim.dir\__\Sweep\Sweep_NumShapeTool.cxx.obj
[1413/5643] Building CXX object src\TKPrim\CMakeFiles\TKPrim.dir\__\BRepSweep\BRepSweep_Trsf.cxx.obj
[1414/5643] Building CXX object src\TKPrim\CMakeFiles\TKPrim.dir\__\BRepPrimAPI\BRepPrimAPI_MakeBox.cxx.obj
[1415/5643] Building CXX object src\TKPrim\CMakeFiles\TKPrim.dir\__\BRepPreviewAPI\BRepPreviewAPI_MakeBox.cxx.obj
[1416/5643] Building CXX object src\TKPrim\CMakeFiles\TKPrim.dir\__\BRepPrimAPI\BRepPrimAPI_MakeCone.cxx.obj
[1417/5643] Building CXX object src\TKPrim\CMakeFiles\TKPrim.dir\__\BRepPrimAPI\BRepPrimAPI_MakeCylinder.cxx.obj
[1418/5643] Generating CXX prefix header src/TKBool/cotire/TKBool_CXX_prefix.hxx
CMake Warning (deprecated) at C:/Users/Davi/Downloads/oma/.release/native-build/src/occt/adm/cmake/cotire.cmake:40 (cmake_minimum_required):
  Compatibility with CMake < 3.10 will be removed from a future version of
  CMake.

  Update the VERSION argument <min> value.  Or, use the <min>...<max> syntax
  to tell CMake that the project requires at least <min> but has been updated
  to work with policies introduced by <max> or earlier.
This warning is for project developers.  Use -Wno-author or -Wno-deprecated
to suppress it.

[1419/5643] Building CXX object src\TKPrim\CMakeFiles\TKPrim.dir\__\BRepPrimAPI\BRepPrimAPI_MakeHalfSpace.cxx.obj
[1420/5643] Building CXX object src\TKPrim\CMakeFiles\TKPrim.dir\__\BRepPrimAPI\BRepPrimAPI_MakeOneAxis.cxx.obj
[1421/5643] Building CXX object src\TKPrim\CMakeFiles\TKPrim.dir\__\BRepPrimAPI\BRepPrimAPI_MakePrism.cxx.obj
[1422/5643] Building CXX object src\TKPrim\CMakeFiles\TKPrim.dir\__\BRepPrimAPI\BRepPrimAPI_MakeSphere.cxx.obj
[1423/5643] Building CXX object src\TKPrim\CMakeFiles\TKPrim.dir\__\BRepPrimAPI\BRepPrimAPI_MakeRevolution.cxx.obj
[1424/5643] Building CXX object src\TKBO\CMakeFiles\TKBO.dir\__\IntTools\IntTools_BaseRangeSample.cxx.obj
[1425/5643] Building CXX object src\TKPrim\CMakeFiles\TKPrim.dir\__\BRepPrimAPI\BRepPrimAPI_MakeTorus.cxx.obj
[1426/5643] Building CXX object src\TKPrim\CMakeFiles\TKPrim.dir\__\BRepPrimAPI\BRepPrimAPI_MakeRevol.cxx.obj
[1427/5643] Building CXX object src\TKPrim\CMakeFiles\TKPrim.dir\__\BRepPrimAPI\BRepPrimAPI_MakeWedge.cxx.obj
[1428/5643] Linking CXX static library win64\vc14\lib\TKPrim.lib
[1429/5643] Building CXX object src\TKBO\CMakeFiles\TKBO.dir\__\IntTools\IntTools_CommonPrt.cxx.obj
[1430/5643] Building CXX object src\TKBO\CMakeFiles\TKBO.dir\__\IntTools\IntTools_Curve.cxx.obj
[1431/5643] Building CXX object src\TKBO\CMakeFiles\TKBO.dir\__\IntTools\IntTools_CurveRangeLocalizeData.cxx.obj
[1432/5643] Building CXX object src\TKBO\CMakeFiles\TKBO.dir\__\IntTools\IntTools_CurveRangeSample.cxx.obj
[1433/5643] Building CXX object src\TKBO\CMakeFiles\TKBO.dir\__\IntTools\IntTools_BeanFaceIntersector.cxx.obj
[1434/5643] Building CXX object src\TKBO\CMakeFiles\TKBO.dir\__\IntTools\IntTools_Context.cxx.obj
[1435/5643] Building CXX object src\TKBO\CMakeFiles\TKBO.dir\__\IntTools\IntTools_EdgeEdge.cxx.obj
[1436/5643] Building CXX object src\TKBO\CMakeFiles\TKBO.dir\__\IntTools\IntTools_EdgeFace.cxx.obj
[1437/5643] Building CXX object src\TKBO\CMakeFiles\TKBO.dir\__\IntTools\IntTools_MarkedRangeSet.cxx.obj
[1438/5643] Building CXX object src\TKBO\CMakeFiles\TKBO.dir\__\IntTools\IntTools_PntOn2Faces.cxx.obj
[1439/5643] Building CXX object src\TKBO\CMakeFiles\TKBO.dir\__\IntTools\IntTools_Range.cxx.obj
[1440/5643] Building CXX object src\TKBO\CMakeFiles\TKBO.dir\__\IntTools\IntTools_PntOnFace.cxx.obj
[1441/5643] Building CXX object src\TKBO\CMakeFiles\TKBO.dir\__\IntTools\IntTools_Root.cxx.obj
[1442/5643] Building CXX object src\TKBO\CMakeFiles\TKBO.dir\__\IntTools\IntTools_FClass2d.cxx.obj
[1443/5643] Building CXX object src\TKBO\CMakeFiles\TKBO.dir\__\IntTools\IntTools_SurfaceRangeSample.cxx.obj
[1444/5643] Building CXX object src\TKBO\CMakeFiles\TKBO.dir\__\IntTools\IntTools_ShrunkRange.cxx.obj
[1445/5643] Building CXX object src\TKBO\CMakeFiles\TKBO.dir\__\IntTools\IntTools_SurfaceRangeLocalizeData.cxx.obj
[1446/5643] Building CXX object src\TKBO\CMakeFiles\TKBO.dir\__\IntTools\IntTools_TopolTool.cxx.obj
[1447/5643] Building CXX object src\TKBO\CMakeFiles\TKBO.dir\__\IntTools\IntTools_Tools.cxx.obj
[1448/5643] Building CXX object src\TKBO\CMakeFiles\TKBO.dir\__\IntTools\IntTools_FaceFace.cxx.obj
[1449/5643] Building CXX object src\TKBO\CMakeFiles\TKBO.dir\__\BRepAlgoAPI\BRepAlgoAPI_Algo.cxx.obj
[1450/5643] Building CXX object src\TKBO\CMakeFiles\TKBO.dir\__\IntTools\IntTools_WLineTool.cxx.obj
[1451/5643] Building CXX object src\TKBO\CMakeFiles\TKBO.dir\__\BRepAlgoAPI\BRepAlgoAPI_BooleanOperation.cxx.obj
[1452/5643] Building CXX object src\TKBO\CMakeFiles\TKBO.dir\__\BRepAlgoAPI\BRepAlgoAPI_Check.cxx.obj
[1453/5643] Building CXX object src\TKBO\CMakeFiles\TKBO.dir\__\BRepAlgoAPI\BRepAlgoAPI_BuilderAlgo.cxx.obj
[1454/5643] Building CXX object src\TKBO\CMakeFiles\TKBO.dir\__\BRepAlgoAPI\BRepAlgoAPI_Common.cxx.obj
[1455/5643] Building CXX object src\TKBO\CMakeFiles\TKBO.dir\__\BRepAlgoAPI\BRepAlgoAPI_Defeaturing.cxx.obj
[1456/5643] Building CXX object src\TKBO\CMakeFiles\TKBO.dir\__\BRepAlgoAPI\BRepAlgoAPI_Cut.cxx.obj
[1457/5643] Building CXX object src\TKBO\CMakeFiles\TKBO.dir\__\BOPDS\BOPDS_CommonBlock.cxx.obj
[1458/5643] Building CXX object src\TKBO\CMakeFiles\TKBO.dir\__\BRepAlgoAPI\BRepAlgoAPI_Fuse.cxx.obj
[1459/5643] Building CXX object src\TKBO\CMakeFiles\TKBO.dir\__\BRepAlgoAPI\BRepAlgoAPI_Splitter.cxx.obj
[1460/5643] Building CXX object src\TKBO\CMakeFiles\TKBO.dir\__\BOPDS\BOPDS_IndexRange.cxx.obj
[1461/5643] Building CXX object src\TKBO\CMakeFiles\TKBO.dir\__\BRepAlgoAPI\BRepAlgoAPI_Section.cxx.obj
[1462/5643] Building CXX object src\TKBO\CMakeFiles\TKBO.dir\__\BOPDS\BOPDS_Pave.cxx.obj
[1463/5643] Building CXX object src\TKBO\CMakeFiles\TKBO.dir\__\BOPDS\BOPDS_PaveBlock.cxx.obj
[1464/5643] Building CXX object src\TKBO\CMakeFiles\TKBO.dir\__\BOPDS\BOPDS_ShapeInfo.cxx.obj
[1465/5643] Building CXX object src\TKBO\CMakeFiles\TKBO.dir\__\BOPDS\BOPDS_IteratorSI.cxx.obj
[1466/5643] Building CXX object src\TKBO\CMakeFiles\TKBO.dir\__\BOPDS\BOPDS_Iterator.cxx.obj
[1467/5643] Building CXX object src\TKBO\CMakeFiles\TKBO.dir\__\BOPDS\BOPDS_DS.cxx.obj
[1468/5643] Building CXX object src\TKBO\CMakeFiles\TKBO.dir\__\BOPAlgo\BOPAlgo_Algo.cxx.obj
[1469/5643] Building CXX object src\TKBO\CMakeFiles\TKBO.dir\__\BOPAlgo\BOPAlgo_ToolsProvider.cxx.obj
[1470/5643] Building CXX object src\TKBO\CMakeFiles\TKBO.dir\__\BOPDS\BOPDS_SubIterator.cxx.obj
[1471/5643] Building CXX object src\TKBO\CMakeFiles\TKBO.dir\__\BOPAlgo\BOPAlgo_ArgumentAnalyzer.cxx.obj
[1472/5643] Building CXX object src\TKBO\CMakeFiles\TKBO.dir\__\BOPAlgo\BOPAlgo_BOP.cxx.obj
[1473/5643] Building CXX object src\TKBO\CMakeFiles\TKBO.dir\__\BOPAlgo\BOPAlgo_Builder_1.cxx.obj
[1474/5643] Building CXX object src\TKBO\CMakeFiles\TKBO.dir\__\BOPAlgo\BOPAlgo_Builder.cxx.obj
[1475/5643] Building CXX object src\TKBO\CMakeFiles\TKBO.dir\__\BOPAlgo\BOPAlgo_Builder_4.cxx.obj
[1476/5643] Building CXX object src\TKBO\CMakeFiles\TKBO.dir\__\BOPAlgo\BOPAlgo_BuilderArea.cxx.obj
[1477/5643] Building CXX object src\TKBO\CMakeFiles\TKBO.dir\__\BOPAlgo\BOPAlgo_Builder_2.cxx.obj
[1478/5643] Building CXX object src\TKBO\CMakeFiles\TKBO.dir\__\BOPAlgo\BOPAlgo_Builder_3.cxx.obj
[1479/5643] Building CXX object src\TKBO\CMakeFiles\TKBO.dir\__\BOPAlgo\BOPAlgo_BuilderFace.cxx.obj
[1480/5643] Building CXX object src\TKBO\CMakeFiles\TKBO.dir\__\BOPAlgo\BOPAlgo_CheckerSI.cxx.obj
[1481/5643] Building CXX object src\TKBO\CMakeFiles\TKBO.dir\__\BOPAlgo\BOPAlgo_CheckerSI_1.cxx.obj
[1482/5643] Building CXX object src\TKBO\CMakeFiles\TKBO.dir\__\BOPAlgo\BOPAlgo_CheckResult.cxx.obj
[1483/5643] Building CXX object src\TKBO\CMakeFiles\TKBO.dir\__\BOPAlgo\BOPAlgo_BuilderSolid.cxx.obj
[1484/5643] Building CXX object src\TKBO\CMakeFiles\TKBO.dir\__\BOPAlgo\BOPAlgo_Options.cxx.obj
[1485/5643] Building CXX object src\TKBO\CMakeFiles\TKBO.dir\__\BOPAlgo\BOPAlgo_MakeConnected.cxx.obj
[1486/5643] Building CXX object src\TKBO\CMakeFiles\TKBO.dir\__\BOPAlgo\BOPAlgo_MakePeriodic.cxx.obj
[1487/5643] Building CXX object src\TKBO\CMakeFiles\TKBO.dir\__\BOPAlgo\BOPAlgo_MakerVolume.cxx.obj
[1488/5643] Building CXX object src\TKBO\CMakeFiles\TKBO.dir\__\BOPAlgo\BOPAlgo_PaveFiller.cxx.obj
[1489/5643] Building CXX object src\TKBO\CMakeFiles\TKBO.dir\__\BOPAlgo\BOPAlgo_PaveFiller_1.cxx.obj
[1490/5643] Building CXX object src\TKBO\CMakeFiles\TKBO.dir\__\BOPAlgo\BOPAlgo_PaveFiller_4.cxx.obj
[1491/5643] Building CXX object src\TKBO\CMakeFiles\TKBO.dir\__\BOPAlgo\BOPAlgo_PaveFiller_2.cxx.obj
[1492/5643] Building CXX object src\TKBO\CMakeFiles\TKBO.dir\__\BOPAlgo\BOPAlgo_PaveFiller_3.cxx.obj
[1493/5643] Building CXX object src\TKBO\CMakeFiles\TKBO.dir\__\BOPAlgo\BOPAlgo_PaveFiller_5.cxx.obj
[1494/5643] Building CXX object src\TKBO\CMakeFiles\TKBO.dir\__\BOPAlgo\BOPAlgo_PaveFiller_8.cxx.obj
[1495/5643] Building CXX object src\TKBO\CMakeFiles\TKBO.dir\__\BOPAlgo\BOPAlgo_PaveFiller_7.cxx.obj
[1496/5643] Building CXX object src\TKBO\CMakeFiles\TKBO.dir\__\BOPAlgo\BOPAlgo_PaveFiller_9.cxx.obj
[1497/5643] Building CXX object src\TKBO\CMakeFiles\TKBO.dir\__\BOPAlgo\BOPAlgo_PaveFiller_10.cxx.obj
[1498/5643] Building CXX object src\TKBO\CMakeFiles\TKBO.dir\__\BOPAlgo\BOPAlgo_PaveFiller_11.cxx.obj
[1499/5643] Building CXX object src\TKBO\CMakeFiles\TKBO.dir\__\BOPAlgo\BOPAlgo_RemoveFeatures.cxx.obj
[1500/5643] Building CXX object src\TKBO\CMakeFiles\TKBO.dir\__\BOPAlgo\BOPAlgo_PaveFiller_6.cxx.obj
[1501/5643] Building CXX object src\TKBO\CMakeFiles\TKBO.dir\__\BOPAlgo\BOPAlgo_Section.cxx.obj
[1502/5643] Building CXX object src\TKBO\CMakeFiles\TKBO.dir\__\BOPAlgo\BOPAlgo_ShellSplitter.cxx.obj
[1503/5643] Building CXX object src\TKBO\CMakeFiles\TKBO.dir\__\BOPAlgo\BOPAlgo_WireSplitter.cxx.obj
[1504/5643] Building CXX object src\TKBO\CMakeFiles\TKBO.dir\__\BOPAlgo\BOPAlgo_WireSplitter_1.cxx.obj
[1505/5643] Building CXX object src\TKBO\CMakeFiles\TKBO.dir\__\BOPAlgo\BOPAlgo_Splitter.cxx.obj
[1506/5643] Building CXX object src\TKBO\CMakeFiles\TKBO.dir\__\BOPAlgo\BOPAlgo_Tools.cxx.obj
[1507/5643] Building CXX object src\TKBO\CMakeFiles\TKBO.dir\__\BOPAlgo\BOPAlgo_CellsBuilder.cxx.obj
[1508/5643] Building CXX object src\TKBO\CMakeFiles\TKBO.dir\__\BOPTools\BOPTools_AlgoTools2D.cxx.obj
[1509/5643] Building CXX object src\TKBO\CMakeFiles\TKBO.dir\__\BOPTools\BOPTools_AlgoTools.cxx.obj
[1510/5643] Building CXX object src\TKBO\CMakeFiles\TKBO.dir\__\BOPTools\BOPTools_AlgoTools2D_1.cxx.obj
[1511/5643] Building CXX object src\TKBO\CMakeFiles\TKBO.dir\__\BOPTools\BOPTools_AlgoTools3D.cxx.obj
[1512/5643] Building CXX object src\TKBO\CMakeFiles\TKBO.dir\__\BOPTools\BOPTools_Set.cxx.obj
[1513/5643] Building CXX object src\TKBO\CMakeFiles\TKBO.dir\__\BOPTools\BOPTools_AlgoTools_2.cxx.obj
[1514/5643] Building CXX object src\TKBO\CMakeFiles\TKBO.dir\__\BOPTools\BOPTools_AlgoTools_1.cxx.obj
[1515/5643] Building CXX object src\TKShHealing\CMakeFiles\TKShHealing.dir\__\ShapeBuild\ShapeBuild_Edge.cxx.obj
[1516/5643] Linking CXX static library win64\vc14\lib\TKBO.lib
[1517/5643] Building CXX object src\TKShHealing\CMakeFiles\TKShHealing.dir\__\ShapeExtend\ShapeExtend.cxx.obj
[1518/5643] Building CXX object src\TKShHealing\CMakeFiles\TKShHealing.dir\__\ShapeBuild\ShapeBuild_ReShape.cxx.obj
[1519/5643] Building CXX object src\TKShHealing\CMakeFiles\TKShHealing.dir\__\ShapeBuild\ShapeBuild_Vertex.cxx.obj
[1520/5643] Building CXX object src\TKShHealing\CMakeFiles\TKShHealing.dir\__\ShapeExtend\ShapeExtend_BasicMsgRegistrator.cxx.obj
[1521/5643] Building CXX object src\TKShHealing\CMakeFiles\TKShHealing.dir\__\ShapeExtend\ShapeExtend_ComplexCurve.cxx.obj
[1522/5643] Building CXX object src\TKShHealing\CMakeFiles\TKShHealing.dir\__\ShapeExtend\ShapeExtend_CompositeSurface.cxx.obj
[1523/5643] Building CXX object src\TKShHealing\CMakeFiles\TKShHealing.dir\__\ShapeExtend\ShapeExtend_MsgRegistrator.cxx.obj
[1524/5643] Building CXX object src\TKShHealing\CMakeFiles\TKShHealing.dir\__\ShapeExtend\ShapeExtend_Explorer.cxx.obj
[1525/5643] Building CXX object src\TKShHealing\CMakeFiles\TKShHealing.dir\__\ShapeExtend\ShapeExtend_WireData.cxx.obj
[1526/5643] Building CXX object src\TKShHealing\CMakeFiles\TKShHealing.dir\__\ShapeConstruct\ShapeConstruct_Curve.cxx.obj
[1527/5643] Building CXX object src\TKShHealing\CMakeFiles\TKShHealing.dir\__\ShapeConstruct\ShapeConstruct.cxx.obj
[1528/5643] Building CXX object src\TKShHealing\CMakeFiles\TKShHealing.dir\__\ShapeConstruct\ShapeConstruct_MakeTriangulation.cxx.obj
[1529/5643] Building CXX object src\TKShHealing\CMakeFiles\TKShHealing.dir\__\ShapeCustom\ShapeCustom.cxx.obj
[1530/5643] Building CXX object src\TKShHealing\CMakeFiles\TKShHealing.dir\__\ShapeCustom\ShapeCustom_ConvertToBSpline.cxx.obj
[1531/5643] Building CXX object src\TKShHealing\CMakeFiles\TKShHealing.dir\__\ShapeConstruct\ShapeConstruct_ProjectCurveOnSurface.cxx.obj
[1532/5643] Building CXX object src\TKShHealing\CMakeFiles\TKShHealing.dir\__\ShapeCustom\ShapeCustom_BSplineRestriction.cxx.obj
[1533/5643] Building CXX object src\TKShHealing\CMakeFiles\TKShHealing.dir\__\ShapeCustom\ShapeCustom_Curve.cxx.obj
[1534/5643] Building CXX object src\TKShHealing\CMakeFiles\TKShHealing.dir\__\ShapeCustom\ShapeCustom_ConvertToRevolution.cxx.obj
[1535/5643] Building CXX object src\TKShHealing\CMakeFiles\TKShHealing.dir\__\ShapeCustom\ShapeCustom_Curve2d.cxx.obj
[1536/5643] Building CXX object src\TKShHealing\CMakeFiles\TKShHealing.dir\__\ShapeCustom\ShapeCustom_RestrictionParameters.cxx.obj
[1537/5643] Building CXX object src\TKShHealing\CMakeFiles\TKShHealing.dir\__\ShapeCustom\ShapeCustom_Modification.cxx.obj
[1538/5643] Building CXX object src\TKShHealing\CMakeFiles\TKShHealing.dir\__\ShapeCustom\ShapeCustom_DirectModification.cxx.obj
[1539/5643] Building CXX object src\TKShHealing\CMakeFiles\TKShHealing.dir\__\ShapeCustom\ShapeCustom_TrsfModification.cxx.obj
[1540/5643] Building CXX object src\TKShHealing\CMakeFiles\TKShHealing.dir\__\ShapeCustom\ShapeCustom_Surface.cxx.obj
[1541/5643] Building CXX object src\TKShHealing\CMakeFiles\TKShHealing.dir\__\ShapeCustom\ShapeCustom_SweptToElementary.cxx.obj
[1542/5643] Building CXX object src\TKShHealing\CMakeFiles\TKShHealing.dir\__\ShapeAnalysis\ShapeAnalysis.cxx.obj
[1543/5643] Building CXX object src\TKShHealing\CMakeFiles\TKShHealing.dir\__\ShapeAnalysis\ShapeAnalysis_BoxBndTree.cxx.obj
[1544/5643] Building CXX object src\TKShHealing\CMakeFiles\TKShHealing.dir\__\ShapeAnalysis\ShapeAnalysis_Curve.cxx.obj
[1545/5643] Building CXX object src\TKShHealing\CMakeFiles\TKShHealing.dir\__\ShapeAnalysis\ShapeAnalysis_FreeBoundData.cxx.obj
[1546/5643] Building CXX object src\TKShHealing\CMakeFiles\TKShHealing.dir\__\ShapeAnalysis\ShapeAnalysis_CheckSmallFace.cxx.obj
[1547/5643] Building CXX object src\TKShHealing\CMakeFiles\TKShHealing.dir\__\ShapeAnalysis\ShapeAnalysis_Edge.cxx.obj
[1548/5643] Building CXX object src\TKShHealing\CMakeFiles\TKShHealing.dir\__\ShapeAnalysis\ShapeAnalysis_Geom.cxx.obj
[1549/5643] Building CXX object src\TKShHealing\CMakeFiles\TKShHealing.dir\__\ShapeAnalysis\ShapeAnalysis_FreeBoundsProperties.cxx.obj
[1550/5643] Building CXX object src\TKShHealing\CMakeFiles\TKShHealing.dir\__\ShapeAnalysis\ShapeAnalysis_ShapeTolerance.cxx.obj
[1551/5643] Building CXX object src\TKShHealing\CMakeFiles\TKShHealing.dir\__\ShapeAnalysis\ShapeAnalysis_FreeBounds.cxx.obj
[1552/5643] Building CXX object src\TKShHealing\CMakeFiles\TKShHealing.dir\__\ShapeAnalysis\ShapeAnalysis_ShapeContents.cxx.obj
[1553/5643] Building CXX object src\TKShHealing\CMakeFiles\TKShHealing.dir\__\ShapeAnalysis\ShapeAnalysis_Shell.cxx.obj
[1554/5643] Building CXX object src\TKShHealing\CMakeFiles\TKShHealing.dir\__\ShapeAnalysis\ShapeAnalysis_TransferParameters.cxx.obj
[1555/5643] Building CXX object src\TKShHealing\CMakeFiles\TKShHealing.dir\__\ShapeAnalysis\ShapeAnalysis_Surface.cxx.obj
[1556/5643] Building CXX object src\TKShHealing\CMakeFiles\TKShHealing.dir\__\ShapeAnalysis\ShapeAnalysis_TransferParametersProj.cxx.obj
[1557/5643] Building CXX object src\TKShHealing\CMakeFiles\TKShHealing.dir\__\ShapeAnalysis\ShapeAnalysis_WireOrder.cxx.obj
[1558/5643] Building CXX object src\TKShHealing\CMakeFiles\TKShHealing.dir\__\ShapeAnalysis\ShapeAnalysis_WireVertex.cxx.obj
[1559/5643] Building CXX object src\TKShHealing\CMakeFiles\TKShHealing.dir\__\ShapeAnalysis\ShapeAnalysis_Wire.cxx.obj
[1560/5643] Building CXX object src\TKShHealing\CMakeFiles\TKShHealing.dir\__\ShapeAnalysis\ShapeAnalysis_CanonicalRecognition.cxx.obj
[1561/5643] Building CXX object src\TKShHealing\CMakeFiles\TKShHealing.dir\__\ShapeFix\ShapeFix_Edge.cxx.obj
[1562/5643] Building CXX object src\TKShHealing\CMakeFiles\TKShHealing.dir\__\ShapeFix\ShapeFix.cxx.obj
[1563/5643] Building CXX object src\TKShHealing\CMakeFiles\TKShHealing.dir\__\ShapeFix\ShapeFix_EdgeConnect.cxx.obj
[1564/5643] Building CXX object src\TKShHealing\CMakeFiles\TKShHealing.dir\__\ShapeFix\ShapeFix_EdgeProjAux.cxx.obj
[1565/5643] Building CXX object src\TKShHealing\CMakeFiles\TKShHealing.dir\__\ShapeFix\ShapeFix_ComposeShell.cxx.obj
[1566/5643] Building CXX object src\TKShHealing\CMakeFiles\TKShHealing.dir\__\ShapeFix\ShapeFix_FixSmallFace.cxx.obj
[1567/5643] Building CXX object src\TKShHealing\CMakeFiles\TKShHealing.dir\__\ShapeFix\ShapeFix_FixSmallSolid.cxx.obj
[1568/5643] Building CXX object src\TKShHealing\CMakeFiles\TKShHealing.dir\__\ShapeFix\ShapeFix_Face.cxx.obj
[1569/5643] Building CXX object src\TKShHealing\CMakeFiles\TKShHealing.dir\__\ShapeFix\ShapeFix_FreeBounds.cxx.obj
[1570/5643] Building CXX object src\TKShHealing\CMakeFiles\TKShHealing.dir\__\ShapeFix\ShapeFix_Root.cxx.obj
[1571/5643] Building CXX object src\TKShHealing\CMakeFiles\TKShHealing.dir\__\ShapeFix\ShapeFix_ShapeTolerance.cxx.obj
[1572/5643] Building CXX object src\TKShHealing\CMakeFiles\TKShHealing.dir\__\ShapeFix\ShapeFix_FaceConnect.cxx.obj
[1573/5643] Building CXX object src\TKShHealing\CMakeFiles\TKShHealing.dir\__\ShapeFix\ShapeFix_Shape.cxx.obj
[1574/5643] Building CXX object src\TKShHealing\CMakeFiles\TKShHealing.dir\__\ShapeFix\ShapeFix_SplitCommonVertex.cxx.obj
[1575/5643] Building CXX object src\TKShHealing\CMakeFiles\TKShHealing.dir\__\ShapeFix\ShapeFix_Solid.cxx.obj
[1576/5643] Building CXX object src\TKShHealing\CMakeFiles\TKShHealing.dir\__\ShapeFix\ShapeFix_IntersectionTool.cxx.obj
[1577/5643] Building CXX object src\TKShHealing\CMakeFiles\TKShHealing.dir\__\ShapeFix\ShapeFix_Shell.cxx.obj
[1578/5643] Building CXX object src\TKShHealing\CMakeFiles\TKShHealing.dir\__\ShapeFix\ShapeFix_SplitTool.cxx.obj
[1579/5643] Building CXX object src\TKShHealing\CMakeFiles\TKShHealing.dir\__\ShapeFix\ShapeFix_WireSegment.cxx.obj
[1580/5643] Building CXX object src\TKShHealing\CMakeFiles\TKShHealing.dir\__\ShapeFix\ShapeFix_WireVertex.cxx.obj
[1581/5643] Building CXX object src\TKShHealing\CMakeFiles\TKShHealing.dir\__\ShapeUpgrade\ShapeUpgrade.cxx.obj
[1582/5643] Building CXX object src\TKShHealing\CMakeFiles\TKShHealing.dir\__\ShapeFix\ShapeFix_Wire.cxx.obj
[1583/5643] Building CXX object src\TKShHealing\CMakeFiles\TKShHealing.dir\__\ShapeFix\ShapeFix_Wire_1.cxx.obj
[1584/5643] Building CXX object src\TKShHealing\CMakeFiles\TKShHealing.dir\__\ShapeUpgrade\ShapeUpgrade_ClosedEdgeDivide.cxx.obj
[1585/5643] Building CXX object src\TKShHealing\CMakeFiles\TKShHealing.dir\__\ShapeUpgrade\ShapeUpgrade_ConvertCurve2dToBezier.cxx.obj
[1586/5643] Building CXX object src\TKShHealing\CMakeFiles\TKShHealing.dir\__\ShapeUpgrade\ShapeUpgrade_ClosedFaceDivide.cxx.obj
[1587/5643] Building CXX object src\TKShHealing\CMakeFiles\TKShHealing.dir\__\ShapeUpgrade\ShapeUpgrade_ConvertCurve3dToBezier.cxx.obj
[1588/5643] Building CXX object src\TKShHealing\CMakeFiles\TKShHealing.dir\__\ShapeUpgrade\ShapeUpgrade_EdgeDivide.cxx.obj
[1589/5643] Building CXX object src\TKShHealing\CMakeFiles\TKShHealing.dir\__\ShapeUpgrade\ShapeUpgrade_FaceDivide.cxx.obj
[1590/5643] Building CXX object src\TKShHealing\CMakeFiles\TKShHealing.dir\__\ShapeUpgrade\ShapeUpgrade_ConvertSurfaceToBezierBasis.cxx.obj
[1591/5643] Building CXX object src\TKShHealing\CMakeFiles\TKShHealing.dir\__\ShapeUpgrade\ShapeUpgrade_FaceDivideArea.cxx.obj
[1592/5643] Building CXX object src\TKShHealing\CMakeFiles\TKShHealing.dir\__\ShapeUpgrade\ShapeUpgrade_FixSmallCurves.cxx.obj
[1593/5643] Building CXX object src\TKShHealing\CMakeFiles\TKShHealing.dir\__\ShapeUpgrade\ShapeUpgrade_RemoveInternalWires.cxx.obj
[1594/5643] Building CXX object src\TKShHealing\CMakeFiles\TKShHealing.dir\__\ShapeUpgrade\ShapeUpgrade_FixSmallBezierCurves.cxx.obj
[1595/5643] Building CXX object src\TKShHealing\CMakeFiles\TKShHealing.dir\__\ShapeUpgrade\ShapeUpgrade_RemoveLocations.cxx.obj
[1596/5643] Building CXX object src\TKShHealing\CMakeFiles\TKShHealing.dir\__\ShapeUpgrade\ShapeUpgrade_ShapeDivideAngle.cxx.obj
[1597/5643] Building CXX object src\TKShHealing\CMakeFiles\TKShHealing.dir\__\ShapeUpgrade\ShapeUpgrade_ShapeDivide.cxx.obj
[1598/5643] Building CXX object src\TKShHealing\CMakeFiles\TKShHealing.dir\__\ShapeFix\ShapeFix_Wireframe.cxx.obj
[1599/5643] Building CXX object src\TKShHealing\CMakeFiles\TKShHealing.dir\__\ShapeUpgrade\ShapeUpgrade_ShapeConvertToBezier.cxx.obj
[1600/5643] Building CXX object src\TKShHealing\CMakeFiles\TKShHealing.dir\__\ShapeUpgrade\ShapeUpgrade_ShapeDivideArea.cxx.obj
[1601/5643] Building CXX object src\TKShHealing\CMakeFiles\TKShHealing.dir\__\ShapeUpgrade\ShapeUpgrade_ShapeDivideClosed.cxx.obj
[1602/5643] Building CXX object src\TKShHealing\CMakeFiles\TKShHealing.dir\__\ShapeUpgrade\ShapeUpgrade_ShapeDivideClosedEdges.cxx.obj
[1603/5643] Building CXX object src\TKShHealing\CMakeFiles\TKShHealing.dir\__\ShapeUpgrade\ShapeUpgrade_ShapeDivideContinuity.cxx.obj
[1604/5643] Building CXX object src\TKShHealing\CMakeFiles\TKShHealing.dir\__\ShapeUpgrade\ShapeUpgrade_SplitCurve.cxx.obj
[1605/5643] Building CXX object src\TKShHealing\CMakeFiles\TKShHealing.dir\__\ShapeUpgrade\ShapeUpgrade_ShellSewing.cxx.obj
[1606/5643] Building CXX object src\TKShHealing\CMakeFiles\TKShHealing.dir\__\ShapeUpgrade\ShapeUpgrade_SplitCurve2d.cxx.obj
[1607/5643] Building CXX object src\TKShHealing\CMakeFiles\TKShHealing.dir\__\ShapeUpgrade\ShapeUpgrade_SplitCurve2dContinuity.cxx.obj
[1608/5643] Building CXX object src\TKShHealing\CMakeFiles\TKShHealing.dir\__\ShapeUpgrade\ShapeUpgrade_SplitCurve3d.cxx.obj
[1609/5643] Building CXX object src\TKShHealing\CMakeFiles\TKShHealing.dir\__\ShapeUpgrade\ShapeUpgrade_SplitCurve3dContinuity.cxx.obj
[1610/5643] Building CXX object src\TKShHealing\CMakeFiles\TKShHealing.dir\__\ShapeUpgrade\ShapeUpgrade_SplitSurfaceAngle.cxx.obj
[1611/5643] Building CXX object src\TKShHealing\CMakeFiles\TKShHealing.dir\__\ShapeUpgrade\ShapeUpgrade_SplitSurfaceArea.cxx.obj
[1612/5643] Building CXX object src\TKShHealing\CMakeFiles\TKShHealing.dir\__\ShapeUpgrade\ShapeUpgrade_SplitSurfaceContinuity.cxx.obj
[1613/5643] Building CXX object src\TKShHealing\CMakeFiles\TKShHealing.dir\__\ShapeUpgrade\ShapeUpgrade_Tool.cxx.obj
[1614/5643] Building CXX object src\TKShHealing\CMakeFiles\TKShHealing.dir\__\ShapeUpgrade\ShapeUpgrade_SplitSurface.cxx.obj
[1615/5643] Building CXX object src\TKShHealing\CMakeFiles\TKShHealing.dir\__\ShapeAlgo\ShapeAlgo.cxx.obj
[1616/5643] Building CXX object src\TKShHealing\CMakeFiles\TKShHealing.dir\__\ShapeAlgo\ShapeAlgo_ToolContainer.cxx.obj
[1617/5643] Building CXX object src\TKShHealing\CMakeFiles\TKShHealing.dir\__\ShapeProcess\ShapeProcess.cxx.obj
[1618/5643] Building CXX object src\TKShHealing\CMakeFiles\TKShHealing.dir\__\ShapeAlgo\ShapeAlgo_AlgoContainer.cxx.obj
[1619/5643] Building CXX object src\TKShHealing\CMakeFiles\TKShHealing.dir\__\ShapeProcess\ShapeProcess_Operator.cxx.obj
[1620/5643] Building CXX object src\TKShHealing\CMakeFiles\TKShHealing.dir\__\ShapeProcess\ShapeProcess_Context.cxx.obj
[1621/5643] Building CXX object src\TKShHealing\CMakeFiles\TKShHealing.dir\__\ShapeUpgrade\ShapeUpgrade_WireDivide.cxx.obj
[1622/5643] Building CXX object src\TKShHealing\CMakeFiles\TKShHealing.dir\__\ShapeProcess\ShapeProcess_UOperator.cxx.obj
[1623/5643] Building CXX object src\TKShHealing\CMakeFiles\TKShHealing.dir\__\ShapeProcess\ShapeProcess_ShapeContext.cxx.obj
[1624/5643] Building CXX object src\TKShHealing\CMakeFiles\TKShHealing.dir\__\ShapeProcess\ShapeProcess_OperLibrary.cxx.obj
[1625/5643] Building RC object src\TKBool\CMakeFiles\TKBool.dir\__\__\resources\TKBool.rc.res
[1626/5643] Generating CXX unity source src/TKHLR/cotire/TKHLR_CXX_unity.cxx
CMake Warning (deprecated) at C:/Users/Davi/Downloads/oma/.release/native-build/src/occt/adm/cmake/cotire.cmake:40 (cmake_minimum_required):
  Compatibility with CMake < 3.10 will be removed from a future version of
  CMake.

  Update the VERSION argument <min> value.  Or, use the <min>...<max> syntax
  to tell CMake that the project requires at least <min> but has been updated
  to work with policies introduced by <max> or earlier.
This warning is for project developers.  Use -Wno-author or -Wno-deprecated
to suppress it.

[1627/5643] Building CXX object src\TKShHealing\CMakeFiles\TKShHealing.dir\__\ShapeProcessAPI\ShapeProcessAPI_ApplySequence.cxx.obj
[1628/5643] Generating CXX unity source src/TKFillet/cotire/TKFillet_CXX_unity.cxx
CMake Warning (deprecated) at C:/Users/Davi/Downloads/oma/.release/native-build/src/occt/adm/cmake/cotire.cmake:40 (cmake_minimum_required):
  Compatibility with CMake < 3.10 will be removed from a future version of
  CMake.

  Update the VERSION argument <min> value.  Or, use the <min>...<max> syntax
  to tell CMake that the project requires at least <min> but has been updated
  to work with policies introduced by <max> or earlier.
This warning is for project developers.  Use -Wno-author or -Wno-deprecated
to suppress it.

[1629/5643] Building CXX object src\TKBool\CMakeFiles\TKBool.dir\__\TopOpeBRep\TopOpeBRep.cxx.obj
[1630/5643] Building CXX object src\TKBool\CMakeFiles\TKBool.dir\__\TopOpeBRep\TopOpeBRep_Bipoint.cxx.obj
[1631/5643] Building CXX object src\TKBool\CMakeFiles\TKBool.dir\__\TopOpeBRep\TopOpeBRep_DRAW.cxx.obj
[1632/5643] Building CXX object src\TKShHealing\CMakeFiles\TKShHealing.dir\__\ShapeUpgrade\ShapeUpgrade_UnifySameDomain.cxx.obj
[1633/5643] Building CXX object src\TKBool\CMakeFiles\TKBool.dir\__\TopOpeBRep\TopOpeBRep_DSFiller.cxx.obj
[1634/5643] Linking CXX static library win64\vc14\lib\TKShHealing.lib
[1635/5643] Building CXX object src\TKBool\CMakeFiles\TKBool.dir\__\TopOpeBRep\TopOpeBRep_EdgesFiller.cxx.obj
[1636/5643] Building CXX object src\TKBool\CMakeFiles\TKBool.dir\__\TopOpeBRep\TopOpeBRep_EdgesIntersector.cxx.obj
[1637/5643] Generating CXX prefix header src/TKHLR/cotire/TKHLR_CXX_prefix.hxx
CMake Warning (deprecated) at C:/Users/Davi/Downloads/oma/.release/native-build/src/occt/adm/cmake/cotire.cmake:40 (cmake_minimum_required):
  Compatibility with CMake < 3.10 will be removed from a future version of
  CMake.

  Update the VERSION argument <min> value.  Or, use the <min>...<max> syntax
  to tell CMake that the project requires at least <min> but has been updated
  to work with policies introduced by <max> or earlier.
This warning is for project developers.  Use -Wno-author or -Wno-deprecated
to suppress it.

[1638/5643] Building CXX object src\TKBool\CMakeFiles\TKBool.dir\__\TopOpeBRep\TopOpeBRep_FaceEdgeFiller_DEB.cxx.obj
[1639/5643] Building CXX object src\TKBool\CMakeFiles\TKBool.dir\__\TopOpeBRep\TopOpeBRep_EdgesIntersector_1.cxx.obj
[1640/5643] Building CXX object src\TKBool\CMakeFiles\TKBool.dir\__\TopOpeBRep\TopOpeBRep_FaceEdgeFiller.cxx.obj
[1641/5643] Building CXX object src\TKBool\CMakeFiles\TKBool.dir\__\TopOpeBRep\TopOpeBRep_FaceEdgeIntersector.cxx.obj
[1642/5643] Generating CXX prefix header src/TKFillet/cotire/TKFillet_CXX_prefix.hxx
CMake Warning (deprecated) at C:/Users/Davi/Downloads/oma/.release/native-build/src/occt/adm/cmake/cotire.cmake:40 (cmake_minimum_required):
  Compatibility with CMake < 3.10 will be removed from a future version of
  CMake.

  Update the VERSION argument <min> value.  Or, use the <min>...<max> syntax
  to tell CMake that the project requires at least <min> but has been updated
  to work with policies introduced by <max> or earlier.
This warning is for project developers.  Use -Wno-author or -Wno-deprecated
to suppress it.

[1643/5643] Building CXX object src\TKBool\CMakeFiles\TKBool.dir\__\TopOpeBRep\TopOpeBRep_FacesFiller.cxx.obj
[1644/5643] Building CXX object src\TKBool\CMakeFiles\TKBool.dir\__\TopOpeBRep\TopOpeBRep_FacesFiller_1.cxx.obj
[1645/5643] Building CXX object src\TKBool\CMakeFiles\TKBool.dir\__\TopOpeBRep\TopOpeBRep_FFDumper.cxx.obj
[1646/5643] Building CXX object src\TKBool\CMakeFiles\TKBool.dir\__\TopOpeBRep\TopOpeBRep_FFTransitionTool.cxx.obj
[1647/5643] Building CXX object src\TKBool\CMakeFiles\TKBool.dir\__\TopOpeBRep\TopOpeBRep_FacesIntersector.cxx.obj
[1648/5643] Building CXX object src\TKBool\CMakeFiles\TKBool.dir\__\TopOpeBRep\TopOpeBRep_GeomTool.cxx.obj
[1649/5643] Building CXX object src\TKBool\CMakeFiles\TKBool.dir\__\TopOpeBRep\TopOpeBRep_Hctxff2d.cxx.obj
[1650/5643] Building CXX object src\TKBool\CMakeFiles\TKBool.dir\__\TopOpeBRep\TopOpeBRep_Hctxee2d.cxx.obj
[1651/5643] Building CXX object src\TKBool\CMakeFiles\TKBool.dir\__\TopOpeBRep\TopOpeBRep_kpart.cxx.obj
[1652/5643] Building CXX object src\TKBool\CMakeFiles\TKBool.dir\__\TopOpeBRep\TopOpeBRep_LineInter.cxx.obj
[1653/5643] Building CXX object src\TKBool\CMakeFiles\TKBool.dir\__\TopOpeBRep\TopOpeBRep_mergePDS.cxx.obj
[1654/5643] Building CXX object src\TKBool\CMakeFiles\TKBool.dir\__\TopOpeBRep\TopOpeBRep_PointClassifier.cxx.obj
[1655/5643] Building CXX object src\TKBool\CMakeFiles\TKBool.dir\__\TopOpeBRep\TopOpeBRep_Point2d.cxx.obj
[1656/5643] Building CXX object src\TKBool\CMakeFiles\TKBool.dir\__\TopOpeBRep\TopOpeBRep_PointGeomTool.cxx.obj
[1657/5643] Building CXX object src\TKBool\CMakeFiles\TKBool.dir\__\TopOpeBRep\TopOpeBRep_ProcessGR.cxx.obj
[1658/5643] Building CXX object src\TKBool\CMakeFiles\TKBool.dir\__\TopOpeBRep\TopOpeBRep_ShapeIntersector2d.cxx.obj
[1659/5643] Building CXX object src\TKBool\CMakeFiles\TKBool.dir\__\TopOpeBRep\TopOpeBRep_ProcessSectionEdges.cxx.obj
[1660/5643] Building CXX object src\TKBool\CMakeFiles\TKBool.dir\__\TopOpeBRep\TopOpeBRep_ShapeScanner.cxx.obj
[1661/5643] Building CXX object src\TKBool\CMakeFiles\TKBool.dir\__\TopOpeBRep\TopOpeBRep_trace.cxx.obj
[1662/5643] Building CXX object src\TKBool\CMakeFiles\TKBool.dir\__\TopOpeBRep\TopOpeBRep_ShapeIntersector.cxx.obj
[1663/5643] Building CXX object src\TKBool\CMakeFiles\TKBool.dir\__\TopOpeBRep\TopOpeBRep_traceALWL.cxx.obj
[1664/5643] Building CXX object src\TKBool\CMakeFiles\TKBool.dir\__\TopOpeBRep\TopOpeBRep_traceBOOPNINT.cxx.obj
[1665/5643] Building CXX object src\TKBool\CMakeFiles\TKBool.dir\__\TopOpeBRep\TopOpeBRep_traceSIFF.cxx.obj
[1666/5643] Building CXX object src\TKBool\CMakeFiles\TKBool.dir\__\TopOpeBRep\TopOpeBRep_sort.cxx.obj
[1667/5643] Building CXX object src\TKBool\CMakeFiles\TKBool.dir\__\TopOpeBRep\TopOpeBRep_VPointInterIterator.cxx.obj
[1668/5643] Building CXX object src\TKBool\CMakeFiles\TKBool.dir\__\TopOpeBRep\TopOpeBRep_VPointInter.cxx.obj
[1669/5643] Building CXX object src\TKBool\CMakeFiles\TKBool.dir\__\TopOpeBRep\TopOpeBRep_VPointInterClassifier.cxx.obj
[1670/5643] Building CXX object src\TKBool\CMakeFiles\TKBool.dir\__\TopOpeBRep\TopOpeBRep_WPointInter.cxx.obj
[1671/5643] Building CXX object src\TKBool\CMakeFiles\TKBool.dir\__\TopOpeBRep\TopOpeBRep_vprclo.cxx.obj
[1672/5643] Building CXX object src\TKBool\CMakeFiles\TKBool.dir\__\TopOpeBRep\TopOpeBRep_WPointInterIterator.cxx.obj
[1673/5643] Building CXX object src\TKBool\CMakeFiles\TKBool.dir\__\TopOpeBRep\TopOpeBRep_vpr.cxx.obj
[1674/5643] Building CXX object src\TKBool\CMakeFiles\TKBool.dir\__\TopOpeBRepDS\TopOpeBRepDS_Association.cxx.obj
[1675/5643] Building CXX object src\TKBool\CMakeFiles\TKBool.dir\__\TopOpeBRepDS\TopOpeBRepDS.cxx.obj
[1676/5643] Building CXX object src\TKBool\CMakeFiles\TKBool.dir\__\TopOpeBRep\TopOpeBRep_vprdeg.cxx.obj
[1677/5643] Building CXX object src\TKBool\CMakeFiles\TKBool.dir\__\TopOpeBRepDS\TopOpeBRepDS_Curve.cxx.obj
[1678/5643] Building CXX object src\TKBool\CMakeFiles\TKBool.dir\__\TopOpeBRepDS\TopOpeBRepDS_connex.cxx.obj
[1679/5643] Building CXX object src\TKBool\CMakeFiles\TKBool.dir\__\TopOpeBRepDS\TopOpeBRepDS_Check.cxx.obj
[1680/5643] Building CXX object src\TKBool\CMakeFiles\TKBool.dir\__\TopOpeBRepDS\TopOpeBRepDS_BuildTool.cxx.obj
[1681/5643] Building CXX object src\TKBool\CMakeFiles\TKBool.dir\__\TopOpeBRepDS\TopOpeBRepDS_CurveData.cxx.obj
[1682/5643] Building CXX object src\TKBool\CMakeFiles\TKBool.dir\__\TopOpeBRepDS\TopOpeBRepDS_CurveIterator.cxx.obj
[1683/5643] Building CXX object src\TKBool\CMakeFiles\TKBool.dir\__\TopOpeBRepDS\TopOpeBRepDS_CurvePointInterference.cxx.obj
[1684/5643] Building CXX object src\TKBool\CMakeFiles\TKBool.dir\__\TopOpeBRepDS\TopOpeBRepDS_DRAW.cxx.obj
[1685/5643] Building CXX object src\TKBool\CMakeFiles\TKBool.dir\__\TopOpeBRepDS\TopOpeBRepDS_CurveExplorer.cxx.obj
[1686/5643] Building CXX object src\TKBool\CMakeFiles\TKBool.dir\__\TopOpeBRepDS\TopOpeBRepDS_DataStructure.cxx.obj
[1687/5643] Building CXX object src\TKBool\CMakeFiles\TKBool.dir\__\TopOpeBRepDS\TopOpeBRepDS_Dumper.cxx.obj
[1688/5643] Building CXX object src\TKBool\CMakeFiles\TKBool.dir\__\TopOpeBRepDS\TopOpeBRepDS_EdgeVertexInterference.cxx.obj
[1689/5643] Building CXX object src\TKBool\CMakeFiles\TKBool.dir\__\TopOpeBRepDS\TopOpeBRepDS_EdgeInterferenceTool.cxx.obj
[1690/5643] Building CXX object src\TKBool\CMakeFiles\TKBool.dir\__\TopOpeBRepDS\TopOpeBRepDS_Edge3dInterferenceTool.cxx.obj
[1691/5643] Building CXX object src\TKBool\CMakeFiles\TKBool.dir\__\TopOpeBRepDS\TopOpeBRepDS_FaceEdgeInterference.cxx.obj
[1692/5643] Building CXX object src\TKBool\CMakeFiles\TKBool.dir\__\TopOpeBRepDS\TopOpeBRepDS_Explorer.cxx.obj
[1693/5643] Building CXX object src\TKBool\CMakeFiles\TKBool.dir\__\TopOpeBRepDS\TopOpeBRepDS_Filter.cxx.obj
[1694/5643] Building CXX object src\TKBool\CMakeFiles\TKBool.dir\__\TopOpeBRepDS\TopOpeBRepDS_EIR.cxx.obj
[1695/5643] Building CXX object src\TKBool\CMakeFiles\TKBool.dir\__\TopOpeBRepDS\TopOpeBRepDS_FaceInterferenceTool.cxx.obj
[1696/5643] Building CXX object src\TKBool\CMakeFiles\TKBool.dir\__\TopOpeBRepDS\TopOpeBRepDS_FilterCurveInterferences.cxx.obj
[1697/5643] Building CXX object src\TKBool\CMakeFiles\TKBool.dir\__\TopOpeBRepDS\TopOpeBRepDS_EXPORT.cxx.obj
[1698/5643] Building CXX object src\TKBool\CMakeFiles\TKBool.dir\__\TopOpeBRepDS\TopOpeBRepDS_FilterEdgeInterferences.cxx.obj
[1699/5643] Building CXX object src\TKBool\CMakeFiles\TKBool.dir\__\TopOpeBRepDS\TopOpeBRepDS_FilterFaceInterferences.cxx.obj
[1700/5643] Building CXX object src\TKBool\CMakeFiles\TKBool.dir\__\TopOpeBRepDS\TopOpeBRepDS_GapTool.cxx.obj
[1701/5643] Building CXX object src\TKBool\CMakeFiles\TKBool.dir\__\TopOpeBRepDS\TopOpeBRepDS_FIR.cxx.obj
[1702/5643] Building CXX object src\TKBool\CMakeFiles\TKBool.dir\__\TopOpeBRepDS\TopOpeBRepDS_GeometryData.cxx.obj
[1703/5643] Building CXX object src\TKBool\CMakeFiles\TKBool.dir\__\TopOpeBRepDS\TopOpeBRepDS_GapFiller.cxx.obj
[1704/5643] Building CXX object src\TKBool\CMakeFiles\TKBool.dir\__\TopOpeBRepDS\TopOpeBRepDS_funk.cxx.obj
[1705/5643] Building CXX object src\TKBool\CMakeFiles\TKBool.dir\__\TopOpeBRepDS\TopOpeBRepDS_Interference.cxx.obj
[1706/5643] Building CXX object src\TKBool\CMakeFiles\TKBool.dir\__\TopOpeBRepDS\TopOpeBRepDS_InterferenceIterator.cxx.obj
[1707/5643] Building CXX object src\TKBool\CMakeFiles\TKBool.dir\__\TopOpeBRepDS\TopOpeBRepDS_ListOfShapeOn1State.cxx.obj
[1708/5643] Building CXX object src\TKBool\CMakeFiles\TKBool.dir\__\TopOpeBRepDS\TopOpeBRepDS_InterferenceTool.cxx.obj
[1709/5643] Building CXX object src\TKBool\CMakeFiles\TKBool.dir\__\TopOpeBRepDS\TopOpeBRepDS_HDataStructure.cxx.obj
[1710/5643] Building CXX object src\TKBool\CMakeFiles\TKBool.dir\__\TopOpeBRepDS\TopOpeBRepDS_Marker.cxx.obj
[1711/5643] Building CXX object src\TKBool\CMakeFiles\TKBool.dir\__\TopOpeBRepDS\TopOpeBRepDS_Point.cxx.obj
[1712/5643] Building CXX object src\TKBool\CMakeFiles\TKBool.dir\__\TopOpeBRepDS\TopOpeBRepDS_PointIterator.cxx.obj
[1713/5643] Building CXX object src\TKBool\CMakeFiles\TKBool.dir\__\TopOpeBRepDS\TopOpeBRepDS_PointData.cxx.obj
[1714/5643] Building CXX object src\TKBool\CMakeFiles\TKBool.dir\__\TopOpeBRepDS\TopOpeBRepDS_PointExplorer.cxx.obj
[1715/5643] Building CXX object src\TKBool\CMakeFiles\TKBool.dir\__\TopOpeBRepDS\TopOpeBRepDS_ProcessEdgeInterferences.cxx.obj
[1716/5643] Building CXX object src\TKBool\CMakeFiles\TKBool.dir\__\TopOpeBRepDS\TopOpeBRepDS_ProcessInterferencesTool.cxx.obj
[1717/5643] Building CXX object src\TKBool\CMakeFiles\TKBool.dir\__\TopOpeBRepDS\TopOpeBRepDS_ProcessFaceInterferences.cxx.obj
[1718/5643] Building CXX object src\TKBool\CMakeFiles\TKBool.dir\__\TopOpeBRepDS\TopOpeBRepDS_redu.cxx.obj
[1719/5643] Building CXX object src\TKBool\CMakeFiles\TKBool.dir\__\TopOpeBRepDS\TopOpeBRepDS_Reducer.cxx.obj
[1720/5643] Building CXX object src\TKBool\CMakeFiles\TKBool.dir\__\TopOpeBRepDS\TopOpeBRepDS_ShapeShapeInterference.cxx.obj
[1721/5643] Building CXX object src\TKBool\CMakeFiles\TKBool.dir\__\TopOpeBRepDS\TopOpeBRepDS_ShapeData.cxx.obj
[1722/5643] Building CXX object src\TKBool\CMakeFiles\TKBool.dir\__\TopOpeBRepDS\TopOpeBRepDS_samdom.cxx.obj
[1723/5643] Building CXX object src\TKBool\CMakeFiles\TKBool.dir\__\TopOpeBRepDS\TopOpeBRepDS_SolidSurfaceInterference.cxx.obj
[1724/5643] Building CXX object src\TKBool\CMakeFiles\TKBool.dir\__\TopOpeBRepDS\TopOpeBRepDS_Surface.cxx.obj
[1725/5643] Building CXX object src\TKBool\CMakeFiles\TKBool.dir\__\TopOpeBRepDS\TopOpeBRepDS_repvg.cxx.obj
[1726/5643] Building CXX object src\TKBool\CMakeFiles\TKBool.dir\__\TopOpeBRepDS\TopOpeBRepDS_SurfaceCurveInterference.cxx.obj
[1727/5643] Building CXX object src\TKBool\CMakeFiles\TKBool.dir\__\TopOpeBRepDS\TopOpeBRepDS_ShapeWithState.cxx.obj
[1728/5643] Building CXX object src\TKBool\CMakeFiles\TKBool.dir\__\TopOpeBRepDS\TopOpeBRepDS_SurfaceData.cxx.obj
[1729/5643] Building CXX object src\TKBool\CMakeFiles\TKBool.dir\__\TopOpeBRepDS\TopOpeBRepDS_SurfaceIterator.cxx.obj
[1730/5643] Building CXX object src\TKBool\CMakeFiles\TKBool.dir\__\TopOpeBRepDS\TopOpeBRepDS_SurfaceExplorer.cxx.obj
[1731/5643] Building CXX object src\TKBool\CMakeFiles\TKBool.dir\__\TopOpeBRepDS\TopOpeBRepDS_TKI.cxx.obj
[1732/5643] Building CXX object src\TKBool\CMakeFiles\TKBool.dir\__\TopOpeBRepDS\TopOpeBRepDS_Transition.cxx.obj
[1733/5643] Building CXX object src\TKBool\CMakeFiles\TKBool.dir\__\TopOpeBRepBuild\TopOpeBRepBuild_Area1dBuilder.cxx.obj
[1734/5643] Building CXX object src\TKBool\CMakeFiles\TKBool.dir\__\TopOpeBRepDS\TopOpeBRepDS_TOOL.cxx.obj
[1735/5643] Building CXX object src\TKBool\CMakeFiles\TKBool.dir\__\TopOpeBRepBuild\TopOpeBRepBuild_Area3dBuilder.cxx.obj
[1736/5643] Building CXX object src\TKBool\CMakeFiles\TKBool.dir\__\TopOpeBRepBuild\TopOpeBRepBuild_Area2dBuilder.cxx.obj
[1737/5643] Building CXX object src\TKBool\CMakeFiles\TKBool.dir\__\TopOpeBRepBuild\TopOpeBRepBuild_BlockIterator.cxx.obj
[1738/5643] Building CXX object src\TKBool\CMakeFiles\TKBool.dir\__\TopOpeBRepBuild\TopOpeBRepBuild_AreaBuilder.cxx.obj
[1739/5643] Building CXX object src\TKBool\CMakeFiles\TKBool.dir\__\TopOpeBRepBuild\TopOpeBRepBuild_BlockBuilder.cxx.obj
[1740/5643] Building CXX object src\TKBool\CMakeFiles\TKBool.dir\__\TopOpeBRepBuild\TopOpeBRepBuild_BuildEdges.cxx.obj
[1741/5643] Building CXX object src\TKBool\CMakeFiles\TKBool.dir\__\TopOpeBRepBuild\TopOpeBRepBuild_Builder.cxx.obj
[1742/5643] Building CXX object src\TKBool\CMakeFiles\TKBool.dir\__\TopOpeBRepBuild\TopOpeBRepBuild_Builder1_2.cxx.obj
[1743/5643] Building CXX object src\TKBool\CMakeFiles\TKBool.dir\__\TopOpeBRepBuild\TopOpeBRepBuild_Builder1_1.cxx.obj
[1744/5643] Building CXX object src\TKBool\CMakeFiles\TKBool.dir\__\TopOpeBRepBuild\TopOpeBRepBuild_Builder1.cxx.obj
[1745/5643] Building CXX object src\TKBool\CMakeFiles\TKBool.dir\__\TopOpeBRepBuild\TopOpeBRepBuild_BuildVertices.cxx.obj
[1746/5643] Building CXX object src\TKBool\CMakeFiles\TKBool.dir\__\TopOpeBRepBuild\TopOpeBRepBuild_BuilderON2d.cxx.obj
[1747/5643] Building CXX object src\TKBool\CMakeFiles\TKBool.dir\__\TopOpeBRepBuild\TopOpeBRepBuild_BuildFaces.cxx.obj
[1748/5643] Building CXX object src\TKBool\CMakeFiles\TKBool.dir\__\TopOpeBRepBuild\TopOpeBRepBuild_BuilderON.cxx.obj
[1749/5643] Building CXX object src\TKBool\CMakeFiles\TKBool.dir\__\TopOpeBRepBuild\TopOpeBRepBuild_EdgeBuilder.cxx.obj
[1750/5643] Building CXX object src\TKBool\CMakeFiles\TKBool.dir\__\TopOpeBRepBuild\TopOpeBRepBuild_CompositeClassifier.cxx.obj
[1751/5643] Building CXX object src\TKBool\CMakeFiles\TKBool.dir\__\TopOpeBRepBuild\TopOpeBRepBuild_FaceAreaBuilder.cxx.obj
[1752/5643] Building CXX object src\TKBool\CMakeFiles\TKBool.dir\__\TopOpeBRepBuild\TopOpeBRepBuild_CorrectFace2d.cxx.obj
[1753/5643] Building CXX object src\TKBool\CMakeFiles\TKBool.dir\__\TopOpeBRepBuild\TopOpeBRepBuild_End.cxx.obj
[1754/5643] Building CXX object src\TKBool\CMakeFiles\TKBool.dir\__\TopOpeBRepBuild\TopOpeBRepBuild_FaceBuilder.cxx.obj
[1755/5643] Building CXX object src\TKBool\CMakeFiles\TKBool.dir\__\TopOpeBRepBuild\TopOpeBRepBuild_fctwes.cxx.obj
[1756/5643] Building CXX object src\TKBool\CMakeFiles\TKBool.dir\__\TopOpeBRepBuild\TopOpeBRepBuild_ffwesk.cxx.obj
[1757/5643] Building CXX object src\TKBool\CMakeFiles\TKBool.dir\__\TopOpeBRepBuild\TopOpeBRepBuild_ffsfs.cxx.obj
[1758/5643] Building CXX object src\TKBool\CMakeFiles\TKBool.dir\__\TopOpeBRepBuild\TopOpeBRepBuild_GIter.cxx.obj
[1759/5643] Building CXX object src\TKBool\CMakeFiles\TKBool.dir\__\TopOpeBRepBuild\TopOpeBRepBuild_FREGU.cxx.obj
[1760/5643] Building CXX object src\TKBool\CMakeFiles\TKBool.dir\__\TopOpeBRepBuild\TopOpeBRepBuild_FuseFace.cxx.obj
[1761/5643] Building CXX object src\TKBool\CMakeFiles\TKBool.dir\__\TopOpeBRepBuild\TopOpeBRepBuild_Grid.cxx.obj
[1762/5643] Building CXX object src\TKBool\CMakeFiles\TKBool.dir\__\TopOpeBRepBuild\TopOpeBRepBuild_Griddump.cxx.obj
[1763/5643] Building CXX object src\TKBool\CMakeFiles\TKBool.dir\__\TopOpeBRepBuild\TopOpeBRepBuild_GTool.cxx.obj
[1764/5643] Building CXX object src\TKBool\CMakeFiles\TKBool.dir\__\TopOpeBRepBuild\TopOpeBRepBuild_GTopo.cxx.obj
[1765/5643] Building CXX object src\TKBool\CMakeFiles\TKBool.dir\__\TopOpeBRepBuild\TopOpeBRepBuild_GridEE.cxx.obj
[1766/5643] Building CXX object src\TKBool\CMakeFiles\TKBool.dir\__\TopOpeBRepBuild\TopOpeBRepBuild_GridFF.cxx.obj
[1767/5643] Building CXX object src\TKBool\CMakeFiles\TKBool.dir\__\TopOpeBRepBuild\TopOpeBRepBuild_keep.cxx.obj
[1768/5643] Building CXX object src\TKBool\CMakeFiles\TKBool.dir\__\TopOpeBRepBuild\TopOpeBRepBuild_HBuilder.cxx.obj
[1769/5643] Building CXX object src\TKBool\CMakeFiles\TKBool.dir\__\TopOpeBRepBuild\TopOpeBRepBuild_GridSS.cxx.obj
[1770/5643] Building CXX object src\TKBool\CMakeFiles\TKBool.dir\__\TopOpeBRepBuild\TopOpeBRepBuild_Loop.cxx.obj
[1771/5643] Building CXX object src\TKBool\CMakeFiles\TKBool.dir\__\TopOpeBRepBuild\TopOpeBRepBuild_LoopClassifier.cxx.obj
[1772/5643] Building CXX object src\TKBool\CMakeFiles\TKBool.dir\__\TopOpeBRepBuild\TopOpeBRepBuild_LoopSet.cxx.obj
[1773/5643] Building CXX object src\TKBool\CMakeFiles\TKBool.dir\__\TopOpeBRepBuild\TopOpeBRepBuild_kpkole.cxx.obj
[1774/5643] Building CXX object src\TKBool\CMakeFiles\TKBool.dir\__\TopOpeBRepBuild\TopOpeBRepBuild_makeedges.cxx.obj
[1775/5643] Building CXX object src\TKBool\CMakeFiles\TKBool.dir\__\TopOpeBRepBuild\TopOpeBRepBuild_KPart.cxx.obj
[1776/5643] Building CXX object src\TKBool\CMakeFiles\TKBool.dir\__\TopOpeBRepBuild\TopOpeBRepBuild_makesolids.cxx.obj
[1777/5643] Building CXX object src\TKBool\CMakeFiles\TKBool.dir\__\TopOpeBRepBuild\TopOpeBRepBuild_on.cxx.obj
[1778/5643] Building CXX object src\TKBool\CMakeFiles\TKBool.dir\__\TopOpeBRepBuild\TopOpeBRepBuild_makefaces.cxx.obj
[1779/5643] Building CXX object src\TKBool\CMakeFiles\TKBool.dir\__\TopOpeBRepBuild\TopOpeBRepBuild_Merge.cxx.obj
[1780/5643] Building CXX object src\TKBool\CMakeFiles\TKBool.dir\__\TopOpeBRepBuild\TopOpeBRepBuild_Pave.cxx.obj
[1781/5643] Building CXX object src\TKBool\CMakeFiles\TKBool.dir\__\TopOpeBRepBuild\TopOpeBRepBuild_PaveClassifier.cxx.obj
[1782/5643] Building CXX object src\TKBool\CMakeFiles\TKBool.dir\__\TopOpeBRepBuild\TopOpeBRepBuild_PaveSet.cxx.obj
[1783/5643] Building CXX object src\TKBool\CMakeFiles\TKBool.dir\__\TopOpeBRepBuild\TopOpeBRepBuild_ShapeListOfShape.cxx.obj
[1784/5643] Building CXX object src\TKBool\CMakeFiles\TKBool.dir\__\TopOpeBRepBuild\TopOpeBRepBuild_ShellFaceClassifier.cxx.obj
[1785/5643] Building CXX object src\TKBool\CMakeFiles\TKBool.dir\__\TopOpeBRepBuild\TopOpeBRepBuild_ShapeSet.cxx.obj
[1786/5643] Building CXX object src\TKBool\CMakeFiles\TKBool.dir\__\TopOpeBRepBuild\TopOpeBRepBuild_ShellFaceSet.cxx.obj
[1787/5643] Building CXX object src\TKBool\CMakeFiles\TKBool.dir\__\TopOpeBRepBuild\TopOpeBRepBuild_Section.cxx.obj
[1788/5643] Building CXX object src\TKBool\CMakeFiles\TKBool.dir\__\TopOpeBRepBuild\TopOpeBRepBuild_SolidAreaBuilder.cxx.obj
[1789/5643] Building CXX object src\TKBool\CMakeFiles\TKBool.dir\__\TopOpeBRepBuild\TopOpeBRepBuild_ShellToSolid.cxx.obj
[1790/5643] Building CXX object src\TKBool\CMakeFiles\TKBool.dir\__\TopOpeBRepBuild\TopOpeBRepBuild_SolidBuilder.cxx.obj
[1791/5643] Building CXX object src\TKBool\CMakeFiles\TKBool.dir\__\TopOpeBRepBuild\TopOpeBRepBuild_Tools2d.cxx.obj
[1792/5643] Building CXX object src\TKBool\CMakeFiles\TKBool.dir\__\TopOpeBRepBuild\TopOpeBRepBuild_SREGU.cxx.obj
[1793/5643] Building CXX object src\TKBool\CMakeFiles\TKBool.dir\__\TopOpeBRepBuild\TopOpeBRepBuild_trace.cxx.obj
[1794/5643] Building CXX object src\TKBool\CMakeFiles\TKBool.dir\__\TopOpeBRepBuild\TopOpeBRepBuild_Tools.cxx.obj
[1795/5643] Building CXX object src\TKBool\CMakeFiles\TKBool.dir\__\TopOpeBRepBuild\TopOpeBRepBuild_VertexInfo.cxx.obj
[1796/5643] Building CXX object src\TKBool\CMakeFiles\TKBool.dir\__\TopOpeBRepBuild\TopOpeBRepBuild_Tools_1.cxx.obj
[1797/5643] Building CXX object src\TKBool\CMakeFiles\TKBool.dir\__\TopOpeBRepTool\TopOpeBRepTool.cxx.obj
[1798/5643] Building CXX object src\TKBool\CMakeFiles\TKBool.dir\__\TopOpeBRepBuild\TopOpeBRepBuild_WireToFace.cxx.obj
[1799/5643] Building CXX object src\TKBool\CMakeFiles\TKBool.dir\__\TopOpeBRepBuild\TopOpeBRepBuild_WireEdgeClassifier.cxx.obj
[1800/5643] Building CXX object src\TKBool\CMakeFiles\TKBool.dir\__\TopOpeBRepBuild\TopOpeBRepBuild_WireEdgeSet.cxx.obj
[1801/5643] Building CXX object src\TKBool\CMakeFiles\TKBool.dir\__\TopOpeBRepTool\TopOpeBRepTool_AncestorsTool.cxx.obj
[1802/5643] Building CXX object src\TKBool\CMakeFiles\TKBool.dir\__\TopOpeBRepTool\TopOpeBRepTool_box.cxx.obj
[1803/5643] Building CXX object src\TKBool\CMakeFiles\TKBool.dir\__\TopOpeBRepTool\TopOpeBRepTool_2d.cxx.obj
[1804/5643] Building CXX object src\TKBool\CMakeFiles\TKBool.dir\__\TopOpeBRepTool\TopOpeBRepTool_C2DF.cxx.obj
[1805/5643] Building CXX object src\TKBool\CMakeFiles\TKBool.dir\__\TopOpeBRepTool\TopOpeBRepTool_BoxSort.cxx.obj
[1806/5643] Building CXX object src\TKBool\CMakeFiles\TKBool.dir\__\TopOpeBRepTool\TopOpeBRepTool_connexity.cxx.obj
[1807/5643] Building CXX object src\TKBool\CMakeFiles\TKBool.dir\__\TopOpeBRepTool\TopOpeBRepTool_DRAW.cxx.obj
[1808/5643] Building CXX object src\TKBool\CMakeFiles\TKBool.dir\__\TopOpeBRepTool\TopOpeBRepTool_CLASSI.cxx.obj
[1809/5643] Building CXX object src\TKBool\CMakeFiles\TKBool.dir\__\TopOpeBRepTool\TopOpeBRepTool_face.cxx.obj
[1810/5643] Building CXX object src\TKBool\CMakeFiles\TKBool.dir\__\TopOpeBRepTool\TopOpeBRepTool_CORRISO.cxx.obj
[1811/5643] Building CXX object src\TKBool\CMakeFiles\TKBool.dir\__\TopOpeBRepTool\TopOpeBRepTool_faulty.cxx.obj
[1812/5643] Building CXX object src\TKBool\CMakeFiles\TKBool.dir\__\TopOpeBRepTool\TopOpeBRepTool_CurveTool.cxx.obj
[1813/5643] Building CXX object src\TKBool\CMakeFiles\TKBool.dir\__\TopOpeBRepTool\TopOpeBRepTool_GeomTool.cxx.obj
[1814/5643] Building CXX object src\TKBool\CMakeFiles\TKBool.dir\__\TopOpeBRepTool\TopOpeBRepTool_GEOMETRY.cxx.obj
[1815/5643] Building CXX object src\TKBool\CMakeFiles\TKBool.dir\__\TopOpeBRepTool\TopOpeBRepTool_HBoxTool.cxx.obj
[1816/5643] Building CXX object src\TKBool\CMakeFiles\TKBool.dir\__\TopOpeBRepTool\TopOpeBRepTool_FuseEdges.cxx.obj
[1817/5643] Building CXX object src\TKBool\CMakeFiles\TKBool.dir\__\TopOpeBRepTool\TopOpeBRepTool_makeTransition.cxx.obj
[1818/5643] Building CXX object src\TKBool\CMakeFiles\TKBool.dir\__\TopOpeBRepTool\TopOpeBRepTool_matter.cxx.obj
[1819/5643] Building CXX object src\TKBool\CMakeFiles\TKBool.dir\__\TopOpeBRepTool\TopOpeBRepTool_mkTondgE.cxx.obj
[1820/5643] Building CXX object src\TKBool\CMakeFiles\TKBool.dir\__\TopOpeBRepTool\TopOpeBRepTool_PROJECT.cxx.obj
[1821/5643] Building CXX object src\TKBool\CMakeFiles\TKBool.dir\__\TopOpeBRepTool\TopOpeBRepTool_RegularizeS.cxx.obj
[1822/5643] Building CXX object src\TKBool\CMakeFiles\TKBool.dir\__\TopOpeBRepTool\TopOpeBRepTool_PURGE.cxx.obj
[1823/5643] Building CXX object src\TKBool\CMakeFiles\TKBool.dir\__\TopOpeBRepTool\TopOpeBRepTool_PurgeInternalEdges.cxx.obj
[1824/5643] Building CXX object src\TKBool\CMakeFiles\TKBool.dir\__\TopOpeBRepTool\TopOpeBRepTool_RegularizeW.cxx.obj
[1825/5643] Building CXX object src\TKBool\CMakeFiles\TKBool.dir\__\TopOpeBRepTool\TopOpeBRepTool_SC.cxx.obj
[1826/5643] Building CXX object src\TKBool\CMakeFiles\TKBool.dir\__\TopOpeBRepTool\TopOpeBRepTool_REGUS.cxx.obj
[1827/5643] Building CXX object src\TKBool\CMakeFiles\TKBool.dir\__\TopOpeBRepTool\TopOpeBRepTool_REGUW.cxx.obj
[1828/5643] Building CXX object src\TKBool\CMakeFiles\TKBool.dir\__\TopOpeBRepTool\TopOpeBRepTool_STATE.cxx.obj
[1829/5643] Building CXX object src\TKBool\CMakeFiles\TKBool.dir\__\TopOpeBRepTool\TopOpeBRepTool_ShapeClassifier.cxx.obj
[1830/5643] Building CXX object src\TKBool\CMakeFiles\TKBool.dir\__\TopOpeBRepTool\TopOpeBRepTool_ShapeTool.cxx.obj
[1831/5643] Building CXX object src\TKBool\CMakeFiles\TKBool.dir\__\TopOpeBRepTool\TopOpeBRepTool_SolidClassifier.cxx.obj
[1832/5643] Building CXX object src\TKBool\CMakeFiles\TKBool.dir\__\TopOpeBRepTool\TopOpeBRepTool_tol.cxx.obj
[1833/5643] Building CXX object src\TKBool\CMakeFiles\TKBool.dir\__\TopOpeBRepTool\TopOpeBRepTool_trace.cxx.obj
[1834/5643] Building CXX object src\TKBool\CMakeFiles\TKBool.dir\__\TopOpeBRepTool\TopOpeBRepTool_traceSTATE.cxx.obj
[1835/5643] Building CXX object src\TKBool\CMakeFiles\TKBool.dir\__\TopOpeBRepTool\TopOpeBRepTool_TOPOLOGY.cxx.obj
[1836/5643] Building CXX object src\TKBool\CMakeFiles\TKBool.dir\__\TopOpeBRepTool\TopOpeBRepTool_TOOL.cxx.obj
[1837/5643] Building CXX object src\TKBool\CMakeFiles\TKBool.dir\__\BRepAlgo\BRepAlgo_1.cxx.obj
[1838/5643] Building CXX object src\TKBool\CMakeFiles\TKBool.dir\__\BRepAlgo\BRepAlgo_Image.cxx.obj
[1839/5643] Building CXX object src\TKBool\CMakeFiles\TKBool.dir\__\BRepAlgo\BRepAlgo_AsDes.cxx.obj
[1840/5643] Building CXX object src\TKBool\CMakeFiles\TKBool.dir\__\BRepAlgo\BRepAlgo.cxx.obj
[1841/5643] Building CXX object src\TKBool\CMakeFiles\TKBool.dir\__\BRepAlgo\BRepAlgo_FaceRestrictor.cxx.obj
[1842/5643] Building CXX object src\TKBool\CMakeFiles\TKBool.dir\__\BRepFill\BRepFill_ACRLaw.cxx.obj
[1843/5643] Building CXX object src\TKBool\CMakeFiles\TKBool.dir\__\BRepAlgo\BRepAlgo_Loop.cxx.obj
[1844/5643] Building CXX object src\TKBool\CMakeFiles\TKBool.dir\__\BRepFill\BRepFill.cxx.obj
[1845/5643] Building CXX object src\TKBool\CMakeFiles\TKBool.dir\__\BRepAlgo\BRepAlgo_NormalProjection.cxx.obj
[1846/5643] Building CXX object src\TKBool\CMakeFiles\TKBool.dir\__\BRepFill\BRepFill_ApproxSeewing.cxx.obj
[1847/5643] Building CXX object src\TKBool\CMakeFiles\TKBool.dir\__\BRepFill\BRepFill_ComputeCLine_0.cxx.obj
[1848/5643] Building CXX object src\TKBool\CMakeFiles\TKBool.dir\__\BRepFill\BRepFill_CurveConstraint.cxx.obj
[1849/5643] Building CXX object src\TKBool\CMakeFiles\TKBool.dir\__\BRepFill\BRepFill_DraftLaw.cxx.obj
[1850/5643] Building CXX object src\TKBool\CMakeFiles\TKBool.dir\__\BRepFill\BRepFill_AdvancedEvolved.cxx.obj
[1851/5643] Building CXX object src\TKBool\CMakeFiles\TKBool.dir\__\BRepFill\BRepFill_Edge3DLaw.cxx.obj
[1852/5643] Building CXX object src\TKBool\CMakeFiles\TKBool.dir\__\BRepFill\BRepFill_EdgeFaceAndOrder.cxx.obj
[1853/5643] Building CXX object src\TKBool\CMakeFiles\TKBool.dir\__\BRepFill\BRepFill_Draft.cxx.obj
[1854/5643] Building CXX object src\TKBool\CMakeFiles\TKBool.dir\__\BRepFill\BRepFill_EdgeOnSurfLaw.cxx.obj
[1855/5643] Building CXX object src\TKBool\CMakeFiles\TKBool.dir\__\BRepFill\BRepFill_FaceAndOrder.cxx.obj
[1856/5643] Building CXX object src\TKBool\CMakeFiles\TKBool.dir\__\BRepFill\BRepFill_CompatibleWires.cxx.obj
[1857/5643] Building CXX object src\TKBool\CMakeFiles\TKBool.dir\__\BRepFill\BRepFill_Filling.cxx.obj
[1858/5643] Building CXX object src\TKBool\CMakeFiles\TKBool.dir\__\BRepFill\BRepFill_LocationLaw.cxx.obj
[1859/5643] Building CXX object src\TKBool\CMakeFiles\TKBool.dir\__\BRepFill\BRepFill_Generator.cxx.obj
[1860/5643] Building CXX object src\TKBool\CMakeFiles\TKBool.dir\__\BRepFill\BRepFill_MultiLine.cxx.obj
[1861/5643] Building CXX object src\TKBool\CMakeFiles\TKBool.dir\__\BRepFill\BRepFill_OffsetAncestors.cxx.obj
[1862/5643] Building CXX object src\TKBool\CMakeFiles\TKBool.dir\__\BRepFill\BRepFill_NSections.cxx.obj
[1863/5643] Building CXX object src\TKBool\CMakeFiles\TKBool.dir\__\BRepFill\BRepFill_Evolved.cxx.obj
[1864/5643] Building CXX object src\TKBool\CMakeFiles\TKBool.dir\__\BRepFill\BRepFill_Section.cxx.obj
[1865/5643] Building CXX object src\TKBool\CMakeFiles\TKBool.dir\__\BRepFill\BRepFill_Pipe.cxx.obj
[1866/5643] Building CXX object src\TKBool\CMakeFiles\TKBool.dir\__\BRepFill\BRepFill_PipeShell.cxx.obj
[1867/5643] Building CXX object src\TKBool\CMakeFiles\TKBool.dir\__\BRepFill\BRepFill_OffsetWire.cxx.obj
[1868/5643] Building CXX object src\TKBool\CMakeFiles\TKBool.dir\__\BRepFill\BRepFill_SectionLaw.cxx.obj
[1869/5643] Building CXX object src\TKBool\CMakeFiles\TKBool.dir\__\BRepFill\BRepFill_SectionPlacement.cxx.obj
[1870/5643] Building CXX object src\TKBool\CMakeFiles\TKBool.dir\__\BRepFill\BRepFill_ShapeLaw.cxx.obj
[1871/5643] Building CXX object src\TKBool\CMakeFiles\TKBool.dir\__\BRepFill\BRepFill_TrimEdgeTool.cxx.obj
[1872/5643] Building CXX object src\TKBool\CMakeFiles\TKBool.dir\__\BRepFill\BRepFill_TrimSurfaceTool.cxx.obj
[1873/5643] Building CXX object src\TKBool\CMakeFiles\TKBool.dir\__\BRepProj\BRepProj_Projection.cxx.obj
[1874/5643] Building RC object src\TKHLR\CMakeFiles\TKHLR.dir\__\__\resources\TKHLR.rc.res
[1875/5643] Building CXX object src\TKBool\CMakeFiles\TKBool.dir\__\BRepFill\BRepFill_TrimShellCorner.cxx.obj
[1876/5643] Building RC object src\TKFillet\CMakeFiles\TKFillet.dir\__\__\resources\TKFillet.rc.res
[1877/5643] Building CXX object src\TKHLR\CMakeFiles\TKHLR.dir\__\HLRTopoBRep\HLRTopoBRep_Data.cxx.obj
[1878/5643] Generating CXX unity source src/TKOffset/cotire/TKOffset_CXX_unity.cxx
CMake Warning (deprecated) at C:/Users/Davi/Downloads/oma/.release/native-build/src/occt/adm/cmake/cotire.cmake:40 (cmake_minimum_required):
  Compatibility with CMake < 3.10 will be removed from a future version of
  CMake.

  Update the VERSION argument <min> value.  Or, use the <min>...<max> syntax
  to tell CMake that the project requires at least <min> but has been updated
  to work with policies introduced by <max> or earlier.
This warning is for project developers.  Use -Wno-author or -Wno-deprecated
to suppress it.

[1879/5643] Building CXX object src\TKFillet\CMakeFiles\TKFillet.dir\__\ChFiDS\ChFiDS_ChamfSpine.cxx.obj
[1880/5643] Building CXX object src\TKHLR\CMakeFiles\TKHLR.dir\__\HLRTopoBRep\HLRTopoBRep_FaceData.cxx.obj
[1881/5643] Building CXX object src\TKHLR\CMakeFiles\TKHLR.dir\__\HLRTopoBRep\HLRTopoBRep_DSFiller.cxx.obj
[1882/5643] Building CXX object src\TKHLR\CMakeFiles\TKHLR.dir\__\HLRTopoBRep\HLRTopoBRep_FaceIsoLiner.cxx.obj
[1883/5643] Building CXX object src\TKHLR\CMakeFiles\TKHLR.dir\__\HLRTopoBRep\HLRTopoBRep_OutLiner.cxx.obj
[1884/5643] Building CXX object src\TKHLR\CMakeFiles\TKHLR.dir\__\HLRTopoBRep\HLRTopoBRep_VData.cxx.obj
[1885/5643] Building CXX object src\TKHLR\CMakeFiles\TKHLR.dir\__\HLRBRep\HLRBRep_AreaLimit.cxx.obj
[1886/5643] Building CXX object src\TKHLR\CMakeFiles\TKHLR.dir\__\HLRBRep\HLRBRep_Algo.cxx.obj
[1887/5643] Building CXX object src\TKHLR\CMakeFiles\TKHLR.dir\__\HLRBRep\HLRBRep.cxx.obj
[1888/5643] Building CXX object src\TKHLR\CMakeFiles\TKHLR.dir\__\HLRBRep\HLRBRep_BCurveTool.cxx.obj
[1889/5643] Building CXX object src\TKHLR\CMakeFiles\TKHLR.dir\__\HLRBRep\HLRBRep_BSurfaceTool.cxx.obj
[1890/5643] Building CXX object src\TKHLR\CMakeFiles\TKHLR.dir\__\HLRBRep\HLRBRep_CLProps_0.cxx.obj
[1891/5643] Building CXX object src\TKHLR\CMakeFiles\TKHLR.dir\__\HLRBRep\HLRBRep_CInter_0.cxx.obj
[1892/5643] Building CXX object src\TKHLR\CMakeFiles\TKHLR.dir\__\HLRBRep\HLRBRep_Curve.cxx.obj
[1893/5643] Building CXX object src\TKHLR\CMakeFiles\TKHLR.dir\__\HLRBRep\HLRBRep_EdgeBuilder.cxx.obj
[1894/5643] Building CXX object src\TKHLR\CMakeFiles\TKHLR.dir\__\HLRBRep\HLRBRep_CurveTool.cxx.obj
[1895/5643] Building CXX object src\TKBool\CMakeFiles\TKBool.dir\__\BRepFill\BRepFill_Sweep.cxx.obj
[1896/5643] Building CXX object src\TKHLR\CMakeFiles\TKHLR.dir\__\HLRBRep\HLRBRep_EdgeData.cxx.obj
[1897/5643] Building CXX object src\TKHLR\CMakeFiles\TKHLR.dir\__\HLRBRep\HLRBRep_Data.cxx.obj
[1898/5643] Building CXX object src\TKHLR\CMakeFiles\TKHLR.dir\__\HLRBRep\HLRBRep_EdgeIList.cxx.obj
[1899/5643] Building CXX object src\TKHLR\CMakeFiles\TKHLR.dir\__\HLRBRep\HLRBRep_EdgeFaceTool.cxx.obj
[1900/5643] Linking CXX static library win64\vc14\lib\TKBool.lib
[1901/5643] Building CXX object src\TKHLR\CMakeFiles\TKHLR.dir\__\HLRBRep\HLRBRep_FaceIterator.cxx.obj
[1902/5643] Building CXX object src\TKHLR\CMakeFiles\TKHLR.dir\__\HLRBRep\HLRBRep_EdgeInterferenceTool.cxx.obj
[1903/5643] Building CXX object src\TKHLR\CMakeFiles\TKHLR.dir\__\HLRBRep\HLRBRep_ExactIntersectionPointOfTheIntPCurvePCurveOfCInter_0.cxx.obj
[1904/5643] Building CXX object src\TKHLR\CMakeFiles\TKHLR.dir\__\HLRBRep\HLRBRep_FaceData.cxx.obj
[1905/5643] Building CXX object src\TKHLR\CMakeFiles\TKHLR.dir\__\HLRBRep\HLRBRep_IntConicCurveOfCInter_0.cxx.obj
[1906/5643] Building CXX object src\TKHLR\CMakeFiles\TKHLR.dir\__\HLRBRep\HLRBRep_Hider.cxx.obj
[1907/5643] Building CXX object src\TKHLR\CMakeFiles\TKHLR.dir\__\HLRBRep\HLRBRep_HLRToShape.cxx.obj
[1908/5643] Building CXX object src\TKHLR\CMakeFiles\TKHLR.dir\__\HLRBRep\HLRBRep_InterCSurf_0.cxx.obj
[1909/5643] Building CXX object src\TKHLR\CMakeFiles\TKHLR.dir\__\HLRBRep\HLRBRep_MyImpParToolOfTheIntersectorOfTheIntConicCurveOfCInter_0.cxx.obj
[1910/5643] Building CXX object src\TKHLR\CMakeFiles\TKHLR.dir\__\HLRBRep\HLRBRep_Intersector.cxx.obj
[1911/5643] Building CXX object src\TKHLR\CMakeFiles\TKHLR.dir\__\HLRBRep\HLRBRep_PCLocFOfTheLocateExtPCOfTheProjPCurOfCInter_0.cxx.obj
[1912/5643] Building CXX object src\TKHLR\CMakeFiles\TKHLR.dir\__\HLRBRep\HLRBRep_InternalAlgo.cxx.obj
[1913/5643] Building CXX object src\TKHLR\CMakeFiles\TKHLR.dir\__\HLRBRep\HLRBRep_ShapeBounds.cxx.obj
[1914/5643] Building CXX object src\TKHLR\CMakeFiles\TKHLR.dir\__\HLRBRep\HLRBRep_PolyHLRToShape.cxx.obj
[1915/5643] Building CXX object src\TKHLR\CMakeFiles\TKHLR.dir\__\HLRBRep\HLRBRep_SLProps_0.cxx.obj
[1916/5643] Building CXX object src\TKHLR\CMakeFiles\TKHLR.dir\__\HLRBRep\HLRBRep_ShapeToHLR.cxx.obj
[1917/5643] Building CXX object src\TKHLR\CMakeFiles\TKHLR.dir\__\HLRBRep\HLRBRep_PolyAlgo.cxx.obj
[1918/5643] Building CXX object src\TKHLR\CMakeFiles\TKHLR.dir\__\HLRBRep\HLRBRep_Surface.cxx.obj
[1919/5643] Building CXX object src\TKHLR\CMakeFiles\TKHLR.dir\__\HLRBRep\HLRBRep_SurfaceTool.cxx.obj
[1920/5643] Building CXX object src\TKHLR\CMakeFiles\TKHLR.dir\__\HLRBRep\HLRBRep_TheCSFunctionOfInterCSurf_0.cxx.obj
[1921/5643] Building CXX object src\TKHLR\CMakeFiles\TKHLR.dir\__\HLRBRep\HLRBRep_TheCurveLocatorOfTheProjPCurOfCInter_0.cxx.obj
[1922/5643] Building CXX object src\TKHLR\CMakeFiles\TKHLR.dir\__\HLRBRep\HLRBRep_TheDistBetweenPCurvesOfTheIntPCurvePCurveOfCInter_0.cxx.obj
[1923/5643] Building CXX object src\TKHLR\CMakeFiles\TKHLR.dir\__\HLRBRep\HLRBRep_TheExactInterCSurf_0.cxx.obj
[1924/5643] Building CXX object src\TKHLR\CMakeFiles\TKHLR.dir\__\HLRBRep\HLRBRep_TheIntConicCurveOfCInter_0.cxx.obj
[1925/5643] Building CXX object src\TKHLR\CMakeFiles\TKHLR.dir\__\HLRBRep\HLRBRep_TheInterferenceOfInterCSurf_0.cxx.obj
[1926/5643] Building CXX object src\TKHLR\CMakeFiles\TKHLR.dir\__\HLRBRep\HLRBRep_TheIntersectorOfTheIntConicCurveOfCInter_0.cxx.obj
[1927/5643] Building CXX object src\TKHLR\CMakeFiles\TKHLR.dir\__\HLRBRep\HLRBRep_TheLocateExtPCOfTheProjPCurOfCInter_0.cxx.obj
[1928/5643] Building CXX object src\TKHLR\CMakeFiles\TKHLR.dir\__\HLRBRep\HLRBRep_TheIntPCurvePCurveOfCInter_0.cxx.obj
[1929/5643] Building CXX object src\TKHLR\CMakeFiles\TKHLR.dir\__\HLRBRep\HLRBRep_ThePolygon2dOfTheIntPCurvePCurveOfCInter_0.cxx.obj
[1930/5643] Building CXX object src\TKHLR\CMakeFiles\TKHLR.dir\__\HLRBRep\HLRBRep_ThePolygonToolOfInterCSurf_0.cxx.obj
[1931/5643] Building CXX object src\TKHLR\CMakeFiles\TKHLR.dir\__\HLRBRep\HLRBRep_ThePolygonOfInterCSurf_0.cxx.obj
[1932/5643] Building CXX object src\TKHLR\CMakeFiles\TKHLR.dir\__\HLRBRep\HLRBRep_ThePolyhedronToolOfInterCSurf_0.cxx.obj
[1933/5643] Building CXX object src\TKHLR\CMakeFiles\TKHLR.dir\__\HLRBRep\HLRBRep_ThePolyhedronOfInterCSurf_0.cxx.obj
[1934/5643] Building CXX object src\TKHLR\CMakeFiles\TKHLR.dir\__\HLRBRep\HLRBRep_VertexList.cxx.obj
[1935/5643] Building CXX object src\TKHLR\CMakeFiles\TKHLR.dir\__\HLRBRep\HLRBRep_TheProjPCurOfCInter_0.cxx.obj
[1936/5643] Building CXX object src\TKHLR\CMakeFiles\TKHLR.dir\__\HLRBRep\HLRBRep_TheQuadCurvExactInterCSurf_0.cxx.obj
[1937/5643] Building CXX object src\TKHLR\CMakeFiles\TKHLR.dir\__\HLRBRep\HLRBRep_TheQuadCurvFuncOfTheQuadCurvExactInterCSurf_0.cxx.obj
[1938/5643] Building CXX object src\TKHLR\CMakeFiles\TKHLR.dir\__\HLRAlgo\HLRAlgo_BiPoint.cxx.obj
[1939/5643] Building CXX object src\TKHLR\CMakeFiles\TKHLR.dir\__\HLRAlgo\HLRAlgo.cxx.obj
[1940/5643] Building CXX object src\TKHLR\CMakeFiles\TKHLR.dir\__\HLRAlgo\HLRAlgo_EdgeIterator.cxx.obj
[1941/5643] Building CXX object src\TKHLR\CMakeFiles\TKHLR.dir\__\HLRAlgo\HLRAlgo_Interference_0.cxx.obj
[1942/5643] Building CXX object src\TKHLR\CMakeFiles\TKHLR.dir\__\HLRAlgo\HLRAlgo_EdgesBlock.cxx.obj
[1943/5643] Building CXX object src\TKHLR\CMakeFiles\TKHLR.dir\__\HLRAlgo\HLRAlgo_EdgeStatus.cxx.obj
[1944/5643] Building CXX object src\TKHLR\CMakeFiles\TKHLR.dir\__\HLRAlgo\HLRAlgo_Intersection.cxx.obj
[1945/5643] Building CXX object src\TKHLR\CMakeFiles\TKHLR.dir\__\HLRAlgo\HLRAlgo_PolyInternalNode.cxx.obj
[1946/5643] Building CXX object src\TKHLR\CMakeFiles\TKHLR.dir\__\HLRAlgo\HLRAlgo_PolyAlgo.cxx.obj
[1947/5643] Building CXX object src\TKHLR\CMakeFiles\TKHLR.dir\__\HLRAlgo\HLRAlgo_PolyData.cxx.obj
[1948/5643] Building CXX object src\TKHLR\CMakeFiles\TKHLR.dir\__\HLRAlgo\HLRAlgo_PolyInternalData.cxx.obj
[1949/5643] Building CXX object src\TKHLR\CMakeFiles\TKHLR.dir\__\HLRAlgo\HLRAlgo_PolyShellData.cxx.obj
[1950/5643] Building CXX object src\TKHLR\CMakeFiles\TKHLR.dir\__\HLRAlgo\HLRAlgo_WiresBlock.cxx.obj
[1951/5643] Building CXX object src\TKHLR\CMakeFiles\TKHLR.dir\__\Intrv\Intrv_Interval.cxx.obj
[1952/5643] Building CXX object src\TKHLR\CMakeFiles\TKHLR.dir\__\HLRAlgo\HLRAlgo_Projector.cxx.obj
[1953/5643] Building CXX object src\TKHLR\CMakeFiles\TKHLR.dir\__\TopBas\TopBas_TestInterference_0.cxx.obj
[1954/5643] Building CXX object src\TKHLR\CMakeFiles\TKHLR.dir\__\Intrv\Intrv_Intervals.cxx.obj
[1955/5643] Building CXX object src\TKHLR\CMakeFiles\TKHLR.dir\__\TopCnx\TopCnx_EdgeFaceTransition.cxx.obj
[1956/5643] Building CXX object src\TKHLR\CMakeFiles\TKHLR.dir\__\HLRAppli\HLRAppli_ReflectLines.cxx.obj
[1957/5643] Building CXX object src\TKHLR\CMakeFiles\TKHLR.dir\__\Contap\Contap_ContAna.cxx.obj
[1958/5643] Building CXX object src\TKHLR\CMakeFiles\TKHLR.dir\__\Contap\Contap_ArcFunction.cxx.obj
[1959/5643] Building CXX object src\TKHLR\CMakeFiles\TKHLR.dir\__\Contap\Contap_HContTool.cxx.obj
[1960/5643] Building CXX object src\TKHLR\CMakeFiles\TKHLR.dir\__\Contap\Contap_HCurve2dTool.cxx.obj
[1961/5643] Building CXX object src\TKHLR\CMakeFiles\TKHLR.dir\__\Contap\Contap_Line.cxx.obj
[1962/5643] Building CXX object src\TKHLR\CMakeFiles\TKHLR.dir\__\Contap\Contap_Point.cxx.obj
[1963/5643] Building CXX object src\TKHLR\CMakeFiles\TKHLR.dir\__\Contap\Contap_SurfFunction.cxx.obj
[1964/5643] Building CXX object src\TKHLR\CMakeFiles\TKHLR.dir\__\Contap\Contap_SurfProps.cxx.obj
[1965/5643] Building CXX object src\TKHLR\CMakeFiles\TKHLR.dir\__\Contap\Contap_Contour.cxx.obj
[1966/5643] Building CXX object src\TKHLR\CMakeFiles\TKHLR.dir\__\Contap\Contap_ThePathPointOfTheSearch_0.cxx.obj
[1967/5643] Building CXX object src\TKHLR\CMakeFiles\TKHLR.dir\__\Contap\Contap_TheIWLineOfTheIWalking_0.cxx.obj
[1968/5643] Building CXX object src\TKHLR\CMakeFiles\TKHLR.dir\__\Contap\Contap_TheSegmentOfTheSearch_0.cxx.obj
[1969/5643] Building CXX object src\TKHLR\CMakeFiles\TKHLR.dir\__\Contap\Contap_TheSearchInside_0.cxx.obj
[1970/5643] Building CXX object src\TKFillet\CMakeFiles\TKFillet.dir\__\ChFiDS\ChFiDS_CircSection.cxx.obj
[1971/5643] Building CXX object src\TKHLR\CMakeFiles\TKHLR.dir\__\Contap\Contap_TheIWalking_0.cxx.obj
[1972/5643] Building CXX object src\TKFillet\CMakeFiles\TKFillet.dir\__\ChFiDS\ChFiDS_CommonPoint.cxx.obj
[1973/5643] Building CXX object src\TKFillet\CMakeFiles\TKFillet.dir\__\ChFiDS\ChFiDS_FaceInterference.cxx.obj
[1974/5643] Building CXX object src\TKHLR\CMakeFiles\TKHLR.dir\__\Contap\Contap_TheSearch_0.cxx.obj
[1975/5643] Building CXX object src\TKFillet\CMakeFiles\TKFillet.dir\__\ChFiDS\ChFiDS_ElSpine.cxx.obj
[1976/5643] Linking CXX static library win64\vc14\lib\TKHLR.lib
[1977/5643] Building CXX object src\TKFillet\CMakeFiles\TKFillet.dir\__\ChFiDS\ChFiDS_Regul.cxx.obj
[1978/5643] Building CXX object src\TKFillet\CMakeFiles\TKFillet.dir\__\ChFiDS\ChFiDS_Map.cxx.obj
[1979/5643] Building CXX object src\TKFillet\CMakeFiles\TKFillet.dir\__\ChFiDS\ChFiDS_FilSpine.cxx.obj
[1980/5643] Building CXX object src\TKFillet\CMakeFiles\TKFillet.dir\__\ChFiDS\ChFiDS_Stripe.cxx.obj
[1981/5643] Building CXX object src\TKFillet\CMakeFiles\TKFillet.dir\__\ChFiDS\ChFiDS_StripeMap.cxx.obj
[1982/5643] Building CXX object src\TKFillet\CMakeFiles\TKFillet.dir\__\ChFiDS\ChFiDS_Spine.cxx.obj
[1983/5643] Building CXX object src\TKFillet\CMakeFiles\TKFillet.dir\__\ChFiDS\ChFiDS_SurfData.cxx.obj
[1984/5643] Building CXX object src\TKFillet\CMakeFiles\TKFillet.dir\__\ChFi2d\ChFi2d.cxx.obj
[1985/5643] Building CXX object src\TKFillet\CMakeFiles\TKFillet.dir\__\ChFi2d\ChFi2d_AnaFilletAlgo.cxx.obj
[1986/5643] Building CXX object src\TKFillet\CMakeFiles\TKFillet.dir\__\ChFi2d\ChFi2d_ChamferAPI.cxx.obj
[1987/5643] Building CXX object src\TKFillet\CMakeFiles\TKFillet.dir\__\ChFi2d\ChFi2d_Builder.cxx.obj
[1988/5643] Building CXX object src\TKFillet\CMakeFiles\TKFillet.dir\__\ChFi2d\ChFi2d_Builder_0.cxx.obj
[1989/5643] Building CXX object src\TKFillet\CMakeFiles\TKFillet.dir\__\ChFi2d\ChFi2d_FilletAPI.cxx.obj
[1990/5643] Building CXX object src\TKFillet\CMakeFiles\TKFillet.dir\__\ChFi2d\ChFi2d_FilletAlgo.cxx.obj
[1991/5643] Building CXX object src\TKFillet\CMakeFiles\TKFillet.dir\__\ChFi3d\ChFi3d.cxx.obj
[1992/5643] Building CXX object src\TKFillet\CMakeFiles\TKFillet.dir\__\ChFi3d\ChFi3d_Builder.cxx.obj
[1993/5643] Building CXX object src\TKFillet\CMakeFiles\TKFillet.dir\__\ChFi3d\ChFi3d_Builder_1.cxx.obj
[1994/5643] Building CXX object src\TKFillet\CMakeFiles\TKFillet.dir\__\ChFi3d\ChFi3d_Builder_0.cxx.obj
[1995/5643] Building CXX object src\TKFillet\CMakeFiles\TKFillet.dir\__\ChFi3d\ChFi3d_Builder_6.cxx.obj
[1996/5643] Building CXX object src\TKFillet\CMakeFiles\TKFillet.dir\__\ChFi3d\ChFi3d_Builder_2.cxx.obj
[1997/5643] Building CXX object src\TKFillet\CMakeFiles\TKFillet.dir\__\ChFi3d\ChFi3d_Builder_C2.cxx.obj
[1998/5643] Building CXX object src\TKFillet\CMakeFiles\TKFillet.dir\__\ChFi3d\ChFi3d_Builder_NotImp.cxx.obj
[1999/5643] Building CXX object src\TKFillet\CMakeFiles\TKFillet.dir\__\ChFi3d\ChFi3d_ChBuilder.cxx.obj
[2000/5643] Building CXX object src\TKFillet\CMakeFiles\TKFillet.dir\__\ChFi3d\ChFi3d_Builder_SpKP.cxx.obj
[2001/5643] Building CXX object src\TKFillet\CMakeFiles\TKFillet.dir\__\ChFi3d\ChFi3d_ChBuilder_C2.cxx.obj
[2002/5643] Building CXX object src\TKFillet\CMakeFiles\TKFillet.dir\__\ChFi3d\ChFi3d_Debug.cxx.obj
[2003/5643] Building CXX object src\TKFillet\CMakeFiles\TKFillet.dir\__\ChFi3d\ChFi3d_ChBuilder_C3.cxx.obj
[2004/5643] Building CXX object src\TKFillet\CMakeFiles\TKFillet.dir\__\ChFi3d\ChFi3d_FilBuilder.cxx.obj
[2005/5643] Building CXX object src\TKFillet\CMakeFiles\TKFillet.dir\__\ChFi3d\ChFi3d_FilBuilder_C2.cxx.obj
[2006/5643] Building CXX object src\TKFillet\CMakeFiles\TKFillet.dir\__\ChFi3d\ChFi3d_SearchSing.cxx.obj
[2007/5643] Building CXX object src\TKFillet\CMakeFiles\TKFillet.dir\__\ChFi3d\ChFi3d_FilBuilder_C3.cxx.obj
[2008/5643] Building CXX object src\TKFillet\CMakeFiles\TKFillet.dir\__\ChFiKPart\ChFiKPart_ComputeData.cxx.obj
[2009/5643] Building CXX object src\TKFillet\CMakeFiles\TKFillet.dir\__\ChFiKPart\ChFiKPart_ComputeData_ChAsymPlnCon.cxx.obj
[2010/5643] Building CXX object src\TKFillet\CMakeFiles\TKFillet.dir\__\ChFiKPart\ChFiKPart_ComputeData_ChAsymPlnCyl.cxx.obj
[2011/5643] Building CXX object src\TKFillet\CMakeFiles\TKFillet.dir\__\ChFiKPart\ChFiKPart_ComputeData_ChAsymPlnPln.cxx.obj
[2012/5643] Building CXX object src\TKFillet\CMakeFiles\TKFillet.dir\__\ChFiKPart\ChFiKPart_ComputeData_ChPlnCon.cxx.obj
[2013/5643] Building CXX object src\TKFillet\CMakeFiles\TKFillet.dir\__\ChFi3d\ChFi3d_Builder_C1.cxx.obj
[2014/5643] Building CXX object src\TKFillet\CMakeFiles\TKFillet.dir\__\ChFiKPart\ChFiKPart_ComputeData_ChPlnCyl.cxx.obj
[2015/5643] Building CXX object src\TKFillet\CMakeFiles\TKFillet.dir\__\ChFiKPart\ChFiKPart_ComputeData_CS.cxx.obj
[2016/5643] Building CXX object src\TKFillet\CMakeFiles\TKFillet.dir\__\ChFiKPart\ChFiKPart_ComputeData_ChPlnPln.cxx.obj
[2017/5643] Building CXX object src\TKFillet\CMakeFiles\TKFillet.dir\__\ChFi3d\ChFi3d_Builder_CnCrn.cxx.obj
[2018/5643] Building CXX object src\TKFillet\CMakeFiles\TKFillet.dir\__\ChFiKPart\ChFiKPart_ComputeData_Fcts.cxx.obj
[2019/5643] Building CXX object src\TKFillet\CMakeFiles\TKFillet.dir\__\ChFiKPart\ChFiKPart_ComputeData_FilPlnCon.cxx.obj
[2020/5643] Building CXX object src\TKFillet\CMakeFiles\TKFillet.dir\__\ChFiKPart\ChFiKPart_ComputeData_Rotule.cxx.obj
[2021/5643] Building CXX object src\TKFillet\CMakeFiles\TKFillet.dir\__\ChFiKPart\ChFiKPart_ComputeData_FilPlnPln.cxx.obj
[2022/5643] Building CXX object src\TKFillet\CMakeFiles\TKFillet.dir\__\ChFiKPart\ChFiKPart_ComputeData_FilPlnCyl.cxx.obj
[2023/5643] Building CXX object src\TKFillet\CMakeFiles\TKFillet.dir\__\Blend\Blend_CurvPointFuncInv.cxx.obj
[2024/5643] Building CXX object src\TKFillet\CMakeFiles\TKFillet.dir\__\Blend\Blend_AppFunction.cxx.obj
[2025/5643] Building CXX object src\TKFillet\CMakeFiles\TKFillet.dir\__\Blend\Blend_CSFunction.cxx.obj
[2026/5643] Building CXX object src\TKFillet\CMakeFiles\TKFillet.dir\__\Blend\Blend_Debug.cxx.obj
[2027/5643] Building CXX object src\TKFillet\CMakeFiles\TKFillet.dir\__\ChFiKPart\ChFiKPart_ComputeData_Sphere.cxx.obj
[2028/5643] Building CXX object src\TKFillet\CMakeFiles\TKFillet.dir\__\Blend\Blend_Point.cxx.obj
[2029/5643] Building CXX object src\TKFillet\CMakeFiles\TKFillet.dir\__\Blend\Blend_FuncInv.cxx.obj
[2030/5643] Building CXX object src\TKFillet\CMakeFiles\TKFillet.dir\__\Blend\Blend_Function.cxx.obj
[2031/5643] Building CXX object src\TKFillet\CMakeFiles\TKFillet.dir\__\Blend\Blend_RstRstFunction.cxx.obj
[2032/5643] Building CXX object src\TKFillet\CMakeFiles\TKFillet.dir\__\Blend\Blend_SurfPointFuncInv.cxx.obj
[2033/5643] Building CXX object src\TKFillet\CMakeFiles\TKFillet.dir\__\Blend\Blend_SurfCurvFuncInv.cxx.obj
[2034/5643] Building CXX object src\TKFillet\CMakeFiles\TKFillet.dir\__\Blend\Blend_SurfRstFunction.cxx.obj
[2035/5643] Building CXX object src\TKFillet\CMakeFiles\TKFillet.dir\__\BRepBlend\BRepBlend_AppFunc.cxx.obj
[2036/5643] Building CXX object src\TKFillet\CMakeFiles\TKFillet.dir\__\BRepBlend\BRepBlend_AppFuncRoot.cxx.obj
[2037/5643] Building CXX object src\TKFillet\CMakeFiles\TKFillet.dir\__\BRepBlend\BRepBlend_AppFuncRst.cxx.obj
[2038/5643] Building CXX object src\TKFillet\CMakeFiles\TKFillet.dir\__\BRepBlend\BRepBlend_AppFuncRstRst.cxx.obj
[2039/5643] Building CXX object src\TKFillet\CMakeFiles\TKFillet.dir\__\BRepBlend\BRepBlend_AppSurface.cxx.obj
[2040/5643] Building CXX object src\TKFillet\CMakeFiles\TKFillet.dir\__\BRepBlend\BRepBlend_BlendTool.cxx.obj
[2041/5643] Building CXX object src\TKFillet\CMakeFiles\TKFillet.dir\__\BRepBlend\BRepBlend_CurvPointRadInv.cxx.obj
[2042/5643] Building CXX object src\TKFillet\CMakeFiles\TKFillet.dir\__\BRepBlend\BRepBlend_CSWalking_0.cxx.obj
[2043/5643] Building CXX object src\TKFillet\CMakeFiles\TKFillet.dir\__\BRepBlend\BRepBlend_Extremity.cxx.obj
[2044/5643] Building CXX object src\TKFillet\CMakeFiles\TKFillet.dir\__\BRepBlend\BRepBlend_AppSurf_0.cxx.obj
[2045/5643] Building CXX object src\TKFillet\CMakeFiles\TKFillet.dir\__\BRepBlend\BRepBlend_HCurve2dTool.cxx.obj
[2046/5643] Building CXX object src\TKFillet\CMakeFiles\TKFillet.dir\__\BRepBlend\BRepBlend_HCurveTool.cxx.obj
[2047/5643] Building CXX object src\TKFillet\CMakeFiles\TKFillet.dir\__\BRepBlend\BRepBlend_Line.cxx.obj
[2048/5643] Building CXX object src\TKFillet\CMakeFiles\TKFillet.dir\__\BRepBlend\BRepBlend_PointOnRst.cxx.obj
[2049/5643] Building CXX object src\TKFillet\CMakeFiles\TKFillet.dir\__\BRepBlend\BRepBlend_RstRstConstRad.cxx.obj
[2050/5643] Building CXX object src\TKFillet\CMakeFiles\TKFillet.dir\__\BRepBlend\BRepBlend_SurfCurvConstRadInv.cxx.obj
[2051/5643] Building CXX object src\TKFillet\CMakeFiles\TKFillet.dir\__\BRepBlend\BRepBlend_RstRstEvolRad.cxx.obj
[2052/5643] Building CXX object src\TKFillet\CMakeFiles\TKFillet.dir\__\BRepBlend\BRepBlend_RstRstLineBuilder.cxx.obj
[2053/5643] Building CXX object src\TKFillet\CMakeFiles\TKFillet.dir\__\BRepBlend\BRepBlend_SurfPointConstRadInv.cxx.obj
[2054/5643] Building CXX object src\TKFillet\CMakeFiles\TKFillet.dir\__\BRepBlend\BRepBlend_SurfCurvEvolRadInv.cxx.obj
[2055/5643] Building CXX object src\TKFillet\CMakeFiles\TKFillet.dir\__\BRepBlend\BRepBlend_SurfPointEvolRadInv.cxx.obj
[2056/5643] Building CXX object src\TKFillet\CMakeFiles\TKFillet.dir\__\BRepBlend\BRepBlend_SurfRstConstRad.cxx.obj
[2057/5643] Building CXX object src\TKFillet\CMakeFiles\TKFillet.dir\__\BRepBlend\BRepBlend_SurfRstEvolRad.cxx.obj
[2058/5643] Building CXX object src\TKFillet\CMakeFiles\TKFillet.dir\__\BRepBlend\BRepBlend_SurfRstLineBuilder.cxx.obj
[2059/5643] Building CXX object src\TKFillet\CMakeFiles\TKFillet.dir\__\BlendFunc\BlendFunc.cxx.obj
[2060/5643] Building CXX object src\TKFillet\CMakeFiles\TKFillet.dir\__\BlendFunc\BlendFunc_GenChamfer.cxx.obj
[2061/5643] Building CXX object src\TKFillet\CMakeFiles\TKFillet.dir\__\BlendFunc\BlendFunc_GenChamfInv.cxx.obj
[2062/5643] Building CXX object src\TKFillet\CMakeFiles\TKFillet.dir\__\BRepBlend\BRepBlend_Walking_0.cxx.obj
[2063/5643] Building CXX object src\TKFillet\CMakeFiles\TKFillet.dir\__\BlendFunc\BlendFunc_Chamfer.cxx.obj
[2064/5643] Building CXX object src\TKFillet\CMakeFiles\TKFillet.dir\__\BlendFunc\BlendFunc_ChamfInv.cxx.obj
[2065/5643] Building CXX object src\TKFillet\CMakeFiles\TKFillet.dir\__\BlendFunc\BlendFunc_ChAsym.cxx.obj
[2066/5643] Building CXX object src\TKFillet\CMakeFiles\TKFillet.dir\__\BlendFunc\BlendFunc_ChAsymInv.cxx.obj
[2067/5643] Building CXX object src\TKFillet\CMakeFiles\TKFillet.dir\__\BlendFunc\BlendFunc_Corde.cxx.obj
[2068/5643] Building CXX object src\TKFillet\CMakeFiles\TKFillet.dir\__\BlendFunc\BlendFunc_ConstRadInv.cxx.obj
[2069/5643] Building CXX object src\TKFillet\CMakeFiles\TKFillet.dir\__\BlendFunc\BlendFunc_CSCircular.cxx.obj
[2070/5643] Building CXX object src\TKFillet\CMakeFiles\TKFillet.dir\__\BlendFunc\BlendFunc_CSConstRad.cxx.obj
[2071/5643] Building CXX object src\TKFillet\CMakeFiles\TKFillet.dir\__\BlendFunc\BlendFunc_EvolRadInv.cxx.obj
[2072/5643] Building CXX object src\TKFillet\CMakeFiles\TKFillet.dir\__\BlendFunc\BlendFunc_ConstRad.cxx.obj
[2073/5643] Building CXX object src\TKFillet\CMakeFiles\TKFillet.dir\__\BlendFunc\BlendFunc_Tensor.cxx.obj
[2074/5643] Building CXX object src\TKFillet\CMakeFiles\TKFillet.dir\__\BlendFunc\BlendFunc_Ruled.cxx.obj
[2075/5643] Building CXX object src\TKFillet\CMakeFiles\TKFillet.dir\__\BlendFunc\BlendFunc_RuledInv.cxx.obj
[2076/5643] Building CXX object src\TKFillet\CMakeFiles\TKFillet.dir\__\BlendFunc\BlendFunc_ConstThroat.cxx.obj
[2077/5643] Building CXX object src\TKFillet\CMakeFiles\TKFillet.dir\__\BlendFunc\BlendFunc_EvolRad.cxx.obj
[2078/5643] Building CXX object src\TKFillet\CMakeFiles\TKFillet.dir\__\BlendFunc\BlendFunc_ConstThroatInv.cxx.obj
[2079/5643] Building CXX object src\TKFillet\CMakeFiles\TKFillet.dir\__\BlendFunc\BlendFunc_ConstThroatWithPenetration.cxx.obj
[2080/5643] Building CXX object src\TKFillet\CMakeFiles\TKFillet.dir\__\BlendFunc\BlendFunc_ConstThroatWithPenetrationInv.cxx.obj
[2081/5643] Building CXX object src\TKFillet\CMakeFiles\TKFillet.dir\__\BRepFilletAPI\BRepFilletAPI_MakeFillet2d.cxx.obj
[2082/5643] Building CXX object src\TKFillet\CMakeFiles\TKFillet.dir\__\BRepFilletAPI\BRepFilletAPI_MakeChamfer.cxx.obj
[2083/5643] Building CXX object src\TKFillet\CMakeFiles\TKFillet.dir\__\BRepFilletAPI\BRepFilletAPI_MakeFillet.cxx.obj
[2084/5643] Generating CXX unity source src/TKFeat/cotire/TKFeat_CXX_unity.cxx
CMake Warning (deprecated) at C:/Users/Davi/Downloads/oma/.release/native-build/src/occt/adm/cmake/cotire.cmake:40 (cmake_minimum_required):
  Compatibility with CMake < 3.10 will be removed from a future version of
  CMake.

  Update the VERSION argument <min> value.  Or, use the <min>...<max> syntax
  to tell CMake that the project requires at least <min> but has been updated
  to work with policies introduced by <max> or earlier.
This warning is for project developers.  Use -Wno-author or -Wno-deprecated
to suppress it.

[2085/5643] Building CXX object src\TKFillet\CMakeFiles\TKFillet.dir\__\FilletSurf\FilletSurf_Builder.cxx.obj
[2086/5643] Generating CXX unity source src/TKMesh/cotire/TKMesh_CXX_unity.cxx
CMake Warning (deprecated) at C:/Users/Davi/Downloads/oma/.release/native-build/src/occt/adm/cmake/cotire.cmake:40 (cmake_minimum_required):
  Compatibility with CMake < 3.10 will be removed from a future version of
  CMake.

  Update the VERSION argument <min> value.  Or, use the <min>...<max> syntax
  to tell CMake that the project requires at least <min> but has been updated
  to work with policies introduced by <max> or earlier.
This warning is for project developers.  Use -Wno-author or -Wno-deprecated
to suppress it.

[2087/5643] Building CXX object src\TKFillet\CMakeFiles\TKFillet.dir\__\FilletSurf\FilletSurf_InternalBuilder.cxx.obj
[2088/5643] Linking CXX static library win64\vc14\lib\TKFillet.lib
[2089/5643] Building CXX object src\TKXMesh\CMakeFiles\TKXMesh.dir\__\XBRepMesh\XBRepMesh.cxx.obj
[2090/5643] Building RC object src\TKXMesh\CMakeFiles\TKXMesh.dir\__\__\resources\TKXMesh.rc.res
[2091/5643] Linking CXX static library win64\vc14\lib\TKXMesh.lib
[2092/5643] Generating CXX prefix header src/TKMesh/cotire/TKMesh_CXX_prefix.hxx
CMake Warning (deprecated) at C:/Users/Davi/Downloads/oma/.release/native-build/src/occt/adm/cmake/cotire.cmake:40 (cmake_minimum_required):
  Compatibility with CMake < 3.10 will be removed from a future version of
  CMake.

  Update the VERSION argument <min> value.  Or, use the <min>...<max> syntax
  to tell CMake that the project requires at least <min> but has been updated
  to work with policies introduced by <max> or earlier.
This warning is for project developers.  Use -Wno-author or -Wno-deprecated
to suppress it.

[2093/5643] Building CXX object src\TKService\CMakeFiles\TKService.dir\__\Aspect\Aspect_Background.cxx.obj
[2094/5643] Building RC object src\TKMesh\CMakeFiles\TKMesh.dir\__\__\resources\TKMesh.rc.res
[2095/5643] Generating CXX prefix header src/TKFeat/cotire/TKFeat_CXX_prefix.hxx
CMake Warning (deprecated) at C:/Users/Davi/Downloads/oma/.release/native-build/src/occt/adm/cmake/cotire.cmake:40 (cmake_minimum_required):
  Compatibility with CMake < 3.10 will be removed from a future version of
  CMake.

  Update the VERSION argument <min> value.  Or, use the <min>...<max> syntax
  to tell CMake that the project requires at least <min> but has been updated
  to work with policies introduced by <max> or earlier.
This warning is for project developers.  Use -Wno-author or -Wno-deprecated
to suppress it.

[2096/5643] Building CXX object src\TKService\CMakeFiles\TKService.dir\__\Aspect\Aspect_CircularGrid.cxx.obj
[2097/5643] Building RC object src\TKFeat\CMakeFiles\TKFeat.dir\__\__\resources\TKFeat.rc.res
[2098/5643] Building CXX object src\TKMesh\CMakeFiles\TKMesh.dir\__\IMeshData\IMeshData_Curve.cxx.obj
[2099/5643] Generating CXX prefix header src/TKOffset/cotire/TKOffset_CXX_prefix.hxx
CMake Warning (deprecated) at C:/Users/Davi/Downloads/oma/.release/native-build/src/occt/adm/cmake/cotire.cmake:40 (cmake_minimum_required):
  Compatibility with CMake < 3.10 will be removed from a future version of
  CMake.

  Update the VERSION argument <min> value.  Or, use the <min>...<max> syntax
  to tell CMake that the project requires at least <min> but has been updated
  to work with policies introduced by <max> or earlier.
This warning is for project developers.  Use -Wno-author or -Wno-deprecated
to suppress it.

[2100/5643] Building CXX object src\TKService\CMakeFiles\TKService.dir\__\Aspect\Aspect_DisplayConnection.cxx.obj
[2101/5643] Building CXX object src\TKMesh\CMakeFiles\TKMesh.dir\__\IMeshData\IMeshData_Edge.cxx.obj
[2102/5643] Building RC object src\TKOffset\CMakeFiles\TKOffset.dir\__\__\resources\TKOffset.rc.res
[2103/5643] Building CXX object src\TKFeat\CMakeFiles\TKFeat.dir\__\LocOpe\LocOpe.cxx.obj
[2104/5643] Building CXX object src\TKMesh\CMakeFiles\TKMesh.dir\__\IMeshData\IMeshData_Model.cxx.obj
[2105/5643] Building CXX object src\TKMesh\CMakeFiles\TKMesh.dir\__\IMeshData\IMeshData_Face.cxx.obj
[2106/5643] Building CXX object src\TKFeat\CMakeFiles\TKFeat.dir\__\LocOpe\LocOpe_CSIntersector.cxx.obj
[2107/5643] Building CXX object src\TKFeat\CMakeFiles\TKFeat.dir\__\LocOpe\LocOpe_BuildWires.cxx.obj
[2108/5643] Building CXX object src\TKFeat\CMakeFiles\TKFeat.dir\__\LocOpe\LocOpe_BuildShape.cxx.obj
[2109/5643] Building CXX object src\TKFeat\CMakeFiles\TKFeat.dir\__\LocOpe\LocOpe_CurveShapeIntersector.cxx.obj
[2110/5643] Building CXX object src\TKFeat\CMakeFiles\TKFeat.dir\__\LocOpe\LocOpe_FindEdges.cxx.obj
[2111/5643] Building CXX object src\TKFeat\CMakeFiles\TKFeat.dir\__\LocOpe\LocOpe_GeneratedShape.cxx.obj
[2112/5643] Building CXX object src\TKFeat\CMakeFiles\TKFeat.dir\__\LocOpe\LocOpe_FindEdgesInFace.cxx.obj
[2113/5643] Building CXX object src\TKFeat\CMakeFiles\TKFeat.dir\__\LocOpe\LocOpe_DPrism.cxx.obj
[2114/5643] Building CXX object src\TKFeat\CMakeFiles\TKFeat.dir\__\LocOpe\LocOpe_GluedShape.cxx.obj
[2115/5643] Building CXX object src\TKFeat\CMakeFiles\TKFeat.dir\__\LocOpe\LocOpe_Gluer.cxx.obj
[2116/5643] Building CXX object src\TKFeat\CMakeFiles\TKFeat.dir\__\LocOpe\LocOpe_LinearForm.cxx.obj
[2117/5643] Building CXX object src\TKOffset\CMakeFiles\TKOffset.dir\__\BRepOffsetAPI\BRepOffsetAPI_DraftAngle.cxx.obj
[2118/5643] Building CXX object src\TKOffset\CMakeFiles\TKOffset.dir\__\BRepOffsetAPI\BRepOffsetAPI_FindContigousEdges.cxx.obj
[2119/5643] Building CXX object src\TKOffset\CMakeFiles\TKOffset.dir\__\BRepOffsetAPI\BRepOffsetAPI_MakeDraft.cxx.obj
[2120/5643] Building CXX object src\TKFeat\CMakeFiles\TKFeat.dir\__\LocOpe\LocOpe_Prism.cxx.obj
[2121/5643] Building CXX object src\TKFeat\CMakeFiles\TKFeat.dir\__\LocOpe\LocOpe_Pipe.cxx.obj
[2122/5643] Building CXX object src\TKOffset\CMakeFiles\TKOffset.dir\__\BRepOffsetAPI\BRepOffsetAPI_MakeEvolved.cxx.obj
[2123/5643] Building CXX object src\TKOffset\CMakeFiles\TKOffset.dir\__\BRepOffsetAPI\BRepOffsetAPI_MakeFilling.cxx.obj
[2124/5643] Building CXX object src\TKOffset\CMakeFiles\TKOffset.dir\__\BRepOffsetAPI\BRepOffsetAPI_MakeOffsetShape.cxx.obj
[2125/5643] Building CXX object src\TKOffset\CMakeFiles\TKOffset.dir\__\BRepOffsetAPI\BRepOffsetAPI_MakePipe.cxx.obj
[2126/5643] Building CXX object src\TKOffset\CMakeFiles\TKOffset.dir\__\BRepOffsetAPI\BRepOffsetAPI_MakeOffset.cxx.obj
[2127/5643] Building CXX object src\TKOffset\CMakeFiles\TKOffset.dir\__\BRepOffsetAPI\BRepOffsetAPI_MakePipeShell.cxx.obj
[2128/5643] Building CXX object src\TKOffset\CMakeFiles\TKOffset.dir\__\BRepOffsetAPI\BRepOffsetAPI_MakeThickSolid.cxx.obj
[2129/5643] Building CXX object src\TKOffset\CMakeFiles\TKOffset.dir\__\BRepOffsetAPI\BRepOffsetAPI_NormalProjection.cxx.obj
[2130/5643] Building CXX object src\TKOffset\CMakeFiles\TKOffset.dir\__\Draft\Draft.cxx.obj
[2131/5643] Building CXX object src\TKFeat\CMakeFiles\TKFeat.dir\__\LocOpe\LocOpe_Generator.cxx.obj
[2132/5643] Building CXX object src\TKOffset\CMakeFiles\TKOffset.dir\__\Draft\Draft_EdgeInfo.cxx.obj
[2133/5643] Building CXX object src\TKOffset\CMakeFiles\TKOffset.dir\__\Draft\Draft_FaceInfo.cxx.obj
[2134/5643] Building CXX object src\TKOffset\CMakeFiles\TKOffset.dir\__\Draft\Draft_Modification.cxx.obj
[2135/5643] Building CXX object src\TKOffset\CMakeFiles\TKOffset.dir\__\BRepOffsetAPI\BRepOffsetAPI_ThruSections.cxx.obj
[2136/5643] Building CXX object src\TKOffset\CMakeFiles\TKOffset.dir\__\Draft\Draft_VertexInfo.cxx.obj
[2137/5643] Building CXX object src\TKOffset\CMakeFiles\TKOffset.dir\__\BRepOffset\BRepOffset.cxx.obj
[2138/5643] Building CXX object src\TKOffset\CMakeFiles\TKOffset.dir\__\BRepOffset\BRepOffset_Analyse.cxx.obj
[2139/5643] Building CXX object src\TKOffset\CMakeFiles\TKOffset.dir\__\BRepOffset\BRepOffset_Inter2d.cxx.obj
[2140/5643] Building CXX object src\TKOffset\CMakeFiles\TKOffset.dir\__\BRepOffset\BRepOffset_Interval.cxx.obj
[2141/5643] Building CXX object src\TKOffset\CMakeFiles\TKOffset.dir\__\Draft\Draft_Modification_1.cxx.obj
[2142/5643] Building CXX object src\TKOffset\CMakeFiles\TKOffset.dir\__\BRepOffset\BRepOffset_MakeLoops.cxx.obj
[2143/5643] Building CXX object src\TKOffset\CMakeFiles\TKOffset.dir\__\BRepOffset\BRepOffset_Inter3d.cxx.obj
[2144/5643] Building CXX object src\TKOffset\CMakeFiles\TKOffset.dir\__\BRepOffset\BRepOffset_MakeSimpleOffset.cxx.obj
[2145/5643] Building CXX object src\TKOffset\CMakeFiles\TKOffset.dir\__\BRepOffset\BRepOffset_MakeOffset.cxx.obj
[2146/5643] Building CXX object src\TKOffset\CMakeFiles\TKOffset.dir\__\BRepOffset\BRepOffset_MakeOffset_1.cxx.obj
[2147/5643] Building CXX object src\TKOffset\CMakeFiles\TKOffset.dir\__\BRepOffset\BRepOffset_Offset.cxx.obj
[2148/5643] Building CXX object src\TKOffset\CMakeFiles\TKOffset.dir\__\BRepOffset\BRepOffset_SimpleOffset.cxx.obj
[2149/5643] Building CXX object src\TKOffset\CMakeFiles\TKOffset.dir\__\BiTgte\BiTgte_CurveOnEdge.cxx.obj
[2150/5643] Building CXX object src\TKOffset\CMakeFiles\TKOffset.dir\__\BiTgte\BiTgte_CurveOnVertex.cxx.obj
[2151/5643] Building CXX object src\TKOffset\CMakeFiles\TKOffset.dir\__\BiTgte\BiTgte_Blend.cxx.obj
[2152/5643] Building CXX object src\TKFeat\CMakeFiles\TKFeat.dir\__\LocOpe\LocOpe_Revol.cxx.obj
[2153/5643] Building CXX object src\TKOffset\CMakeFiles\TKOffset.dir\__\BRepOffsetAPI\BRepOffsetAPI_MiddlePath.cxx.obj
[2154/5643] Building CXX object src\TKFeat\CMakeFiles\TKFeat.dir\__\LocOpe\LocOpe_RevolutionForm.cxx.obj
[2155/5643] Building CXX object src\TKFeat\CMakeFiles\TKFeat.dir\__\LocOpe\LocOpe_Spliter.cxx.obj
[2156/5643] Building CXX object src\TKFeat\CMakeFiles\TKFeat.dir\__\LocOpe\LocOpe_SplitShape.cxx.obj
[2157/5643] Building CXX object src\TKFeat\CMakeFiles\TKFeat.dir\__\BRepFeat\BRepFeat.cxx.obj
[2158/5643] Building CXX object src\TKOffset\CMakeFiles\TKOffset.dir\__\BRepOffset\BRepOffset_Tool.cxx.obj
[2159/5643] Linking CXX static library win64\vc14\lib\TKOffset.lib
[2160/5643] Building CXX object src\TKFeat\CMakeFiles\TKFeat.dir\__\LocOpe\LocOpe_WiresOnShape.cxx.obj
[2161/5643] Building CXX object src\TKFeat\CMakeFiles\TKFeat.dir\__\BRepFeat\BRepFeat_Gluer.cxx.obj
[2162/5643] Building CXX object src\TKFeat\CMakeFiles\TKFeat.dir\__\BRepFeat\BRepFeat_Builder.cxx.obj
[2163/5643] Building CXX object src\TKFeat\CMakeFiles\TKFeat.dir\__\BRepFeat\BRepFeat_Form.cxx.obj
[2164/5643] Building CXX object src\TKFeat\CMakeFiles\TKFeat.dir\__\BRepFeat\BRepFeat_MakeCylindricalHole.cxx.obj
[2165/5643] Building CXX object src\TKFeat\CMakeFiles\TKFeat.dir\__\BRepFeat\BRepFeat_MakeDPrism.cxx.obj
[2166/5643] Building CXX object src\TKFeat\CMakeFiles\TKFeat.dir\__\BRepFeat\BRepFeat_MakePipe.cxx.obj
[2167/5643] Building CXX object src\TKFeat\CMakeFiles\TKFeat.dir\__\LocOpe\LocOpe_SplitDrafts.cxx.obj
[2168/5643] Building CXX object src\TKFeat\CMakeFiles\TKFeat.dir\__\BRepFeat\BRepFeat_MakePrism.cxx.obj
[2169/5643] Building CXX object src\TKFeat\CMakeFiles\TKFeat.dir\__\BRepFeat\BRepFeat_MakeRevol.cxx.obj
[2170/5643] Building CXX object src\TKFeat\CMakeFiles\TKFeat.dir\__\BRepFeat\BRepFeat_MakeLinearForm.cxx.obj
[2171/5643] Building CXX object src\TKFeat\CMakeFiles\TKFeat.dir\__\BRepFeat\BRepFeat_trace.cxx.obj
[2172/5643] Building CXX object src\TKMesh\CMakeFiles\TKMesh.dir\__\IMeshData\IMeshData_ParametersList.cxx.obj
[2173/5643] Building CXX object src\TKFeat\CMakeFiles\TKFeat.dir\__\BRepFeat\BRepFeat_SplitShape.cxx.obj
[2174/5643] Building CXX object src\TKMesh\CMakeFiles\TKMesh.dir\__\IMeshData\IMeshData_Shape.cxx.obj
[2175/5643] Building CXX object src\TKMesh\CMakeFiles\TKMesh.dir\__\IMeshData\IMeshData_PCurve.cxx.obj
[2176/5643] Building CXX object src\TKMesh\CMakeFiles\TKMesh.dir\__\IMeshData\IMeshData_TessellatedShape.cxx.obj
[2177/5643] Building CXX object src\TKMesh\CMakeFiles\TKMesh.dir\__\IMeshData\IMeshData_Wire.cxx.obj
[2178/5643] Building CXX object src\TKMesh\CMakeFiles\TKMesh.dir\__\IMeshTools\IMeshTools_CurveTessellator.cxx.obj
[2179/5643] Building CXX object src\TKMesh\CMakeFiles\TKMesh.dir\__\IMeshTools\IMeshTools_Context.cxx.obj
[2180/5643] Building CXX object src\TKMesh\CMakeFiles\TKMesh.dir\__\IMeshTools\IMeshTools_MeshAlgo.cxx.obj
[2181/5643] Building CXX object src\TKFeat\CMakeFiles\TKFeat.dir\__\BRepFeat\BRepFeat_RibSlot.cxx.obj
[2182/5643] Building CXX object src\TKMesh\CMakeFiles\TKMesh.dir\__\IMeshTools\IMeshTools_MeshAlgoFactory.cxx.obj
[2183/5643] Building CXX object src\TKMesh\CMakeFiles\TKMesh.dir\__\IMeshTools\IMeshTools_ModelAlgo.cxx.obj
[2184/5643] Building CXX object src\TKMesh\CMakeFiles\TKMesh.dir\__\IMeshTools\IMeshTools_ModelBuilder.cxx.obj
[2185/5643] Building CXX object src\TKMesh\CMakeFiles\TKMesh.dir\__\IMeshTools\IMeshTools_MeshBuilder.cxx.obj
[2186/5643] Building CXX object src\TKMesh\CMakeFiles\TKMesh.dir\__\IMeshTools\IMeshTools_ShapeVisitor.cxx.obj
[2187/5643] Building CXX object src\TKFeat\CMakeFiles\TKFeat.dir\__\BRepFeat\BRepFeat_MakeRevolutionForm.cxx.obj
[2188/5643] Building CXX object src\TKMesh\CMakeFiles\TKMesh.dir\__\IMeshTools\IMeshTools_ShapeExplorer.cxx.obj
[2189/5643] Linking CXX static library win64\vc14\lib\TKFeat.lib
[2190/5643] Building CXX object src\TKMesh\CMakeFiles\TKMesh.dir\__\BRepMeshData\BRepMeshData_Curve.cxx.obj
[2191/5643] Building CXX object src\TKMesh\CMakeFiles\TKMesh.dir\__\BRepMeshData\BRepMeshData_Face.cxx.obj
[2192/5643] Building CXX object src\TKMesh\CMakeFiles\TKMesh.dir\__\BRepMeshData\BRepMeshData_Edge.cxx.obj
[2193/5643] Building CXX object src\TKMesh\CMakeFiles\TKMesh.dir\__\BRepMeshData\BRepMeshData_Model.cxx.obj
[2194/5643] Building CXX object src\TKMesh\CMakeFiles\TKMesh.dir\__\BRepMeshData\BRepMeshData_PCurve.cxx.obj
[2195/5643] Building CXX object src\TKMesh\CMakeFiles\TKMesh.dir\__\BRepMeshData\BRepMeshData_Wire.cxx.obj
[2196/5643] Building CXX object src\TKMesh\CMakeFiles\TKMesh.dir\__\BRepMesh\BRepMesh_ConstrainedBaseMeshAlgo.cxx.obj
[2197/5643] Building CXX object src\TKMesh\CMakeFiles\TKMesh.dir\__\BRepMesh\BRepMesh_BaseMeshAlgo.cxx.obj
[2198/5643] Building CXX object src\TKMesh\CMakeFiles\TKMesh.dir\__\BRepMesh\BRepMesh_Classifier.cxx.obj
[2199/5643] Building CXX object src\TKMesh\CMakeFiles\TKMesh.dir\__\BRepMesh\BRepMesh_CircleTool.cxx.obj
[2200/5643] Building CXX object src\TKMesh\CMakeFiles\TKMesh.dir\__\BRepMesh\BRepMesh_ConeRangeSplitter.cxx.obj
[2201/5643] Building CXX object src\TKMesh\CMakeFiles\TKMesh.dir\__\BRepMesh\BRepMesh_Context.cxx.obj
[2202/5643] Building CXX object src\TKMesh\CMakeFiles\TKMesh.dir\__\BRepMesh\BRepMesh_CylinderRangeSplitter.cxx.obj
[2203/5643] Building CXX object src\TKMesh\CMakeFiles\TKMesh.dir\__\BRepMesh\BRepMesh_CurveTessellator.cxx.obj
[2204/5643] Building CXX object src\TKMesh\CMakeFiles\TKMesh.dir\__\BRepMesh\BRepMesh_DataStructureOfDelaun.cxx.obj
[2205/5643] Building CXX object src\TKMesh\CMakeFiles\TKMesh.dir\__\BRepMesh\BRepMesh_DefaultRangeSplitter.cxx.obj
[2206/5643] Building CXX object src\TKMesh\CMakeFiles\TKMesh.dir\__\BRepMesh\BRepMesh_Deflection.cxx.obj
[2207/5643] Building CXX object src\TKMesh\CMakeFiles\TKMesh.dir\__\BRepMesh\BRepMesh_DiscretFactory.cxx.obj
[2208/5643] Building CXX object src\TKMesh\CMakeFiles\TKMesh.dir\__\BRepMesh\BRepMesh_DelaunayBaseMeshAlgo.cxx.obj
[2209/5643] Building CXX object src\TKMesh\CMakeFiles\TKMesh.dir\__\BRepMesh\BRepMesh_DiscretRoot.cxx.obj
[2210/5643] Building CXX object src\TKMesh\CMakeFiles\TKMesh.dir\__\BRepMesh\BRepMesh_Delaun.cxx.obj
[2211/5643] Building CXX object src\TKMesh\CMakeFiles\TKMesh.dir\__\BRepMesh\BRepMesh_ExtrusionRangeSplitter.cxx.obj
[2212/5643] Building CXX object src\TKMesh\CMakeFiles\TKMesh.dir\__\BRepMesh\BRepMesh_EdgeDiscret.cxx.obj
[2213/5643] Building CXX object src\TKMesh\CMakeFiles\TKMesh.dir\__\BRepMesh\BRepMesh_EdgeTessellationExtractor.cxx.obj
[2214/5643] Building CXX object src\TKMesh\CMakeFiles\TKMesh.dir\__\BRepMesh\BRepMesh_FaceChecker.cxx.obj
[2215/5643] Building CXX object src\TKMesh\CMakeFiles\TKMesh.dir\__\BRepMesh\BRepMesh_FaceDiscret.cxx.obj
[2216/5643] Building CXX object src\TKMesh\CMakeFiles\TKMesh.dir\__\BRepMesh\BRepMesh_IncrementalMesh.cxx.obj
[2217/5643] Building CXX object src\TKMesh\CMakeFiles\TKMesh.dir\__\BRepMesh\BRepMesh_GeomTool.cxx.obj
[2218/5643] Building CXX object src\TKMesh\CMakeFiles\TKMesh.dir\__\BRepMesh\BRepMesh_ModelBuilder.cxx.obj
[2219/5643] Building CXX object src\TKMesh\CMakeFiles\TKMesh.dir\__\BRepMesh\BRepMesh_MeshTool.cxx.obj
[2220/5643] Building CXX object src\TKMesh\CMakeFiles\TKMesh.dir\__\BRepMesh\BRepMesh_MeshAlgoFactory.cxx.obj
[2221/5643] Building CXX object src\TKMesh\CMakeFiles\TKMesh.dir\__\BRepMesh\BRepMesh_ModelHealer.cxx.obj
[2222/5643] Building CXX object src\TKMesh\CMakeFiles\TKMesh.dir\__\BRepMesh\BRepMesh_ModelPostProcessor.cxx.obj
[2223/5643] Building CXX object src\TKMesh\CMakeFiles\TKMesh.dir\__\BRepMesh\BRepMesh_SelectorOfDataStructureOfDelaun.cxx.obj
[2224/5643] Building CXX object src\TKMesh\CMakeFiles\TKMesh.dir\__\BRepMesh\BRepMesh_ModelPreProcessor.cxx.obj
[2225/5643] Building CXX object src\TKMesh\CMakeFiles\TKMesh.dir\__\BRepMesh\BRepMesh_NURBSRangeSplitter.cxx.obj
[2226/5643] Building CXX object src\TKMesh\CMakeFiles\TKMesh.dir\__\BRepMesh\BRepMesh_SphereRangeSplitter.cxx.obj
[2227/5643] Building CXX object src\TKMesh\CMakeFiles\TKMesh.dir\__\BRepMesh\BRepMesh_ShapeTool.cxx.obj
[2228/5643] Building CXX object src\TKMesh\CMakeFiles\TKMesh.dir\__\BRepMesh\BRepMesh_ShapeVisitor.cxx.obj
[2229/5643] Building CXX object src\TKMesh\CMakeFiles\TKMesh.dir\__\BRepMesh\BRepMesh_TorusRangeSplitter.cxx.obj
[2230/5643] Building CXX object src\TKMesh\CMakeFiles\TKMesh.dir\__\BRepMesh\BRepMesh_VertexTool.cxx.obj
[2231/5643] Building CXX object src\TKMesh\CMakeFiles\TKMesh.dir\__\BRepMesh\BRepMesh_UndefinedRangeSplitter.cxx.obj
[2232/5643] Building CXX object src\TKMesh\CMakeFiles\TKMesh.dir\__\BRepMesh\delabella.cpp.obj
[2233/5643] Building CXX object src\TKMesh\CMakeFiles\TKMesh.dir\__\BRepMesh\BRepMesh_CustomBaseMeshAlgo.cxx.obj
[2234/5643] Building CXX object src\TKMesh\CMakeFiles\TKMesh.dir\__\BRepMesh\BRepMesh_DelabellaBaseMeshAlgo.cxx.obj
[2235/5643] Building CXX object src\TKService\CMakeFiles\TKService.dir\__\Aspect\Aspect_GenId.cxx.obj
[2236/5643] Building CXX object src\TKMesh\CMakeFiles\TKMesh.dir\__\BRepMesh\BRepMesh_Triangulator.cxx.obj
[2237/5643] Building CXX object src\TKMesh\CMakeFiles\TKMesh.dir\__\BRepMesh\BRepMesh_DelabellaMeshAlgoFactory.cxx.obj
[2238/5643] Linking CXX static library win64\vc14\lib\TKMesh.lib
[2239/5643] Building CXX object src\TKService\CMakeFiles\TKService.dir\__\Aspect\Aspect_GradientBackground.cxx.obj
[2240/5643] Building CXX object src\TKService\CMakeFiles\TKService.dir\__\Aspect\Aspect_Grid.cxx.obj
[2241/5643] Building CXX object src\TKService\CMakeFiles\TKService.dir\__\Aspect\Aspect_NeutralWindow.cxx.obj
[2242/5643] Building CXX object src\TKService\CMakeFiles\TKService.dir\__\Aspect\Aspect_RectangularGrid.cxx.obj
[2243/5643] Building CXX object src\TKService\CMakeFiles\TKService.dir\__\Aspect\Aspect_SkydomeBackground.cxx.obj
[2244/5643] Building CXX object src\TKService\CMakeFiles\TKService.dir\__\Aspect\Aspect_OpenVRSession.cxx.obj
[2245/5643] Building CXX object src\TKService\CMakeFiles\TKService.dir\__\Aspect\Aspect_VKeySet.cxx.obj
[2246/5643] Building CXX object src\TKService\CMakeFiles\TKService.dir\__\Aspect\Aspect_Window.cxx.obj
[2247/5643] Building CXX object src\TKService\CMakeFiles\TKService.dir\__\Aspect\Aspect_WindowInputListener.cxx.obj
[2248/5643] Building CXX object src\TKService\CMakeFiles\TKService.dir\__\Aspect\Aspect_XRSession.cxx.obj
[2249/5643] Building CXX object src\TKService\CMakeFiles\TKService.dir\__\Graphic3d\Graphic3d_ArrayOfPrimitives.cxx.obj
[2250/5643] Building CXX object src\TKService\CMakeFiles\TKService.dir\__\Graphic3d\Graphic3d_Aspects.cxx.obj
[2251/5643] Building CXX object src\TKService\CMakeFiles\TKService.dir\__\Graphic3d\Graphic3d_AspectLine3d.cxx.obj
[2252/5643] Building CXX object src\TKService\CMakeFiles\TKService.dir\__\Graphic3d\Graphic3d_AspectFillArea3d.cxx.obj
[2253/5643] Building CXX object src\TKService\CMakeFiles\TKService.dir\__\Graphic3d\Graphic3d_AspectMarker3d.cxx.obj
[2254/5643] Building CXX object src\TKService\CMakeFiles\TKService.dir\__\Graphic3d\Graphic3d_AspectText3d.cxx.obj
[2255/5643] Building CXX object src\TKService\CMakeFiles\TKService.dir\__\Graphic3d\Graphic3d_AttribBuffer.cxx.obj
[2256/5643] Building CXX object src\TKService\CMakeFiles\TKService.dir\__\Graphic3d\Graphic3d_BSDF.cxx.obj
[2257/5643] Building CXX object src\TKService\CMakeFiles\TKService.dir\__\Graphic3d\Graphic3d_Buffer.cxx.obj
[2258/5643] Building CXX object src\TKService\CMakeFiles\TKService.dir\__\Graphic3d\Graphic3d_CameraTile.cxx.obj
[2259/5643] Building CXX object src\TKService\CMakeFiles\TKService.dir\__\Graphic3d\Graphic3d_Camera.cxx.obj
[2260/5643] Building CXX object src\TKService\CMakeFiles\TKService.dir\__\Graphic3d\Graphic3d_BvhCStructureSetTrsfPers.cxx.obj
[2261/5643] Building CXX object src\TKService\CMakeFiles\TKService.dir\__\Graphic3d\Graphic3d_BvhCStructureSet.cxx.obj
[2262/5643] Building CXX object src\TKService\CMakeFiles\TKService.dir\__\Graphic3d\Graphic3d_CLight.cxx.obj
[2263/5643] Building CXX object src\TKService\CMakeFiles\TKService.dir\__\Graphic3d\Graphic3d_ClipPlane.cxx.obj
[2264/5643] Building CXX object src\TKService\CMakeFiles\TKService.dir\__\Graphic3d\Graphic3d_CubeMap.cxx.obj
[2265/5643] Building CXX object src\TKService\CMakeFiles\TKService.dir\__\Graphic3d\Graphic3d_CubeMapOrder.cxx.obj
[2266/5643] Building CXX object src\TKService\CMakeFiles\TKService.dir\__\Graphic3d\Graphic3d_CStructure.cxx.obj
[2267/5643] Building CXX object src\TKService\CMakeFiles\TKService.dir\__\Graphic3d\Graphic3d_CubeMapPacked.cxx.obj
[2268/5643] Building CXX object src\TKService\CMakeFiles\TKService.dir\__\Graphic3d\Graphic3d_CubeMapSeparate.cxx.obj
[2269/5643] Building CXX object src\TKService\CMakeFiles\TKService.dir\__\Graphic3d\Graphic3d_CullingTool.cxx.obj
[2270/5643] Building CXX object src\TKService\CMakeFiles\TKService.dir\__\Graphic3d\Graphic3d_DataStructureManager.cxx.obj
[2271/5643] Building CXX object src\TKService\CMakeFiles\TKService.dir\__\Graphic3d\Graphic3d_FrameStatsData.cxx.obj
[2272/5643] Building CXX object src\TKService\CMakeFiles\TKService.dir\__\Graphic3d\Graphic3d_CView.cxx.obj
[2273/5643] Building CXX object src\TKService\CMakeFiles\TKService.dir\__\Graphic3d\Graphic3d_FrameStats.cxx.obj
[2274/5643] Building CXX object src\TKService\CMakeFiles\TKService.dir\__\Graphic3d\Graphic3d_HatchStyle.cxx.obj
[2275/5643] Building CXX object src\TKService\CMakeFiles\TKService.dir\__\Graphic3d\Graphic3d_GraphicDriver.cxx.obj
[2276/5643] Building CXX object src\TKService\CMakeFiles\TKService.dir\__\Graphic3d\Graphic3d_GraphicDriverFactory.cxx.obj
[2277/5643] Building CXX object src\TKService\CMakeFiles\TKService.dir\__\Graphic3d\Graphic3d_Group.cxx.obj
[2278/5643] Building CXX object src\TKService\CMakeFiles\TKService.dir\__\Graphic3d\Graphic3d_PresentationAttributes.cxx.obj
[2279/5643] Building CXX object src\TKService\CMakeFiles\TKService.dir\__\Graphic3d\Graphic3d_LightSet.cxx.obj
[2280/5643] Building CXX object src\TKService\CMakeFiles\TKService.dir\__\Graphic3d\Graphic3d_MarkerImage.cxx.obj
[2281/5643] Building CXX object src\TKService\CMakeFiles\TKService.dir\__\Graphic3d\Graphic3d_MaterialAspect.cxx.obj
[2282/5643] Building CXX object src\TKService\CMakeFiles\TKService.dir\__\Graphic3d\Graphic3d_PBRMaterial.cxx.obj
[2283/5643] Building CXX object src\TKService\CMakeFiles\TKService.dir\__\Graphic3d\Graphic3d_MediaTexture.cxx.obj
[2284/5643] Building CXX object src\TKService\CMakeFiles\TKService.dir\__\Graphic3d\Graphic3d_MediaTextureSet.cxx.obj
[2285/5643] Building CXX object src\TKService\CMakeFiles\TKService.dir\__\Graphic3d\Graphic3d_PolygonOffset.cxx.obj
[2286/5643] Building CXX object src\TKService\CMakeFiles\TKService.dir\__\Graphic3d\Graphic3d_ShaderAttribute.cxx.obj
[2287/5643] Building CXX object src\TKService\CMakeFiles\TKService.dir\__\Graphic3d\Graphic3d_RenderingParams.cxx.obj
[2288/5643] Building CXX object src\TKService\CMakeFiles\TKService.dir\__\Graphic3d\Graphic3d_SequenceOfHClipPlane.cxx.obj
[2289/5643] Building CXX object src\TKService\CMakeFiles\TKService.dir\__\Graphic3d\Graphic3d_ShaderManager.cxx.obj
[2290/5643] Building CXX object src\TKService\CMakeFiles\TKService.dir\__\Graphic3d\Graphic3d_ShaderVariable.cxx.obj
[2291/5643] Building CXX object src\TKService\CMakeFiles\TKService.dir\__\Graphic3d\Graphic3d_ShaderObject.cxx.obj
[2292/5643] Building CXX object src\TKService\CMakeFiles\TKService.dir\__\Graphic3d\Graphic3d_ShaderProgram.cxx.obj
[2293/5643] Building CXX object src\TKService\CMakeFiles\TKService.dir\__\Graphic3d\Graphic3d_Structure.cxx.obj
[2294/5643] Building CXX object src\TKService\CMakeFiles\TKService.dir\__\Graphic3d\Graphic3d_Text.cxx.obj
[2295/5643] Building CXX object src\TKService\CMakeFiles\TKService.dir\__\Graphic3d\Graphic3d_Texture1D.cxx.obj
[2296/5643] Building CXX object src\TKService\CMakeFiles\TKService.dir\__\Graphic3d\Graphic3d_StructureManager.cxx.obj
[2297/5643] Building CXX object src\TKService\CMakeFiles\TKService.dir\__\Graphic3d\Graphic3d_Texture1Dmanual.cxx.obj
[2298/5643] Building CXX object src\TKService\CMakeFiles\TKService.dir\__\Graphic3d\Graphic3d_Texture1Dsegment.cxx.obj
[2299/5643] Building CXX object src\TKService\CMakeFiles\TKService.dir\__\Graphic3d\Graphic3d_Texture2D.cxx.obj
[2300/5643] Building CXX object src\TKService\CMakeFiles\TKService.dir\__\Graphic3d\Graphic3d_Texture2Dplane.cxx.obj
[2301/5643] Building CXX object src\TKService\CMakeFiles\TKService.dir\__\Graphic3d\Graphic3d_TextureEnv.cxx.obj
[2302/5643] Building CXX object src\TKService\CMakeFiles\TKService.dir\__\Graphic3d\Graphic3d_Texture3D.cxx.obj
[2303/5643] Building CXX object src\TKService\CMakeFiles\TKService.dir\__\Graphic3d\Graphic3d_TextureParams.cxx.obj
[2304/5643] Building CXX object src\TKService\CMakeFiles\TKService.dir\__\Graphic3d\Graphic3d_TextureMap.cxx.obj
[2305/5643] Building CXX object src\TKService\CMakeFiles\TKService.dir\__\Graphic3d\Graphic3d_TextureSet.cxx.obj
[2306/5643] Building CXX object src\TKService\CMakeFiles\TKService.dir\__\Graphic3d\Graphic3d_TransformPersScaledAbove.cxx.obj
[2307/5643] Building CXX object src\TKService\CMakeFiles\TKService.dir\__\Graphic3d\Graphic3d_TransformPers.cxx.obj
[2308/5643] Building CXX object src\TKService\CMakeFiles\TKService.dir\__\Graphic3d\Graphic3d_TextureRoot.cxx.obj
[2309/5643] Building CXX object src\TKService\CMakeFiles\TKService.dir\__\Graphic3d\Graphic3d_Vertex.cxx.obj
[2310/5643] Building CXX object src\TKService\CMakeFiles\TKService.dir\__\Graphic3d\Graphic3d_ViewAffinity.cxx.obj
[2311/5643] Building CXX object src\TKService\CMakeFiles\TKService.dir\__\Xw\Xw_Window.cxx.obj
[2312/5643] Building CXX object src\TKService\CMakeFiles\TKService.dir\__\Graphic3d\Graphic3d_Layer.cxx.obj
[2313/5643] Building CXX object src\TKService\CMakeFiles\TKService.dir\__\Image\Image_DDSParser.cxx.obj
[2314/5643] Building CXX object src\TKService\CMakeFiles\TKService.dir\__\Image\Image_AlienPixMap.cxx.obj
[2315/5643] Building CXX object src\TKService\CMakeFiles\TKService.dir\__\Image\Image_Diff.cxx.obj
[2316/5643] Building CXX object src\TKService\CMakeFiles\TKService.dir\__\Image\Image_SupportedFormats.cxx.obj
[2317/5643] Building CXX object src\TKService\CMakeFiles\TKService.dir\__\Image\Image_PixMap.cxx.obj
[2318/5643] Building CXX object src\TKService\CMakeFiles\TKService.dir\__\Image\Image_Texture.cxx.obj
[2319/5643] Building CXX object src\TKService\CMakeFiles\TKService.dir\__\Image\Image_VideoRecorder.cxx.obj
[2320/5643] Building CXX object src\TKService\CMakeFiles\TKService.dir\__\Media\Media_BufferPool.cxx.obj
[2321/5643] Building CXX object src\TKService\CMakeFiles\TKService.dir\__\Media\Media_CodecContext.cxx.obj
[2322/5643] Building CXX object src\TKService\CMakeFiles\TKService.dir\__\Media\Media_FormatContext.cxx.obj
[2323/5643] Building CXX object src\TKService\CMakeFiles\TKService.dir\__\Media\Media_Packet.cxx.obj
[2324/5643] Building CXX object src\TKService\CMakeFiles\TKService.dir\__\Media\Media_Frame.cxx.obj
[2325/5643] Building CXX object src\TKService\CMakeFiles\TKService.dir\__\Media\Media_Timer.cxx.obj
[2326/5643] Building CXX object src\TKService\CMakeFiles\TKService.dir\__\Media\Media_Scaler.cxx.obj
[2327/5643] Building CXX object src\TKService\CMakeFiles\TKService.dir\__\Wasm\Wasm_Window.cxx.obj
[2328/5643] Building CXX object src\TKService\CMakeFiles\TKService.dir\__\Media\Media_PlayerContext.cxx.obj
[2329/5643] Building CXX object src\TKService\CMakeFiles\TKService.dir\__\WNT\WNT_HIDSpaceMouse.cxx.obj
[2330/5643] Building CXX object src\TKService\CMakeFiles\TKService.dir\__\WNT\WNT_WClass.cxx.obj
[2331/5643] Building CXX object src\TKService\CMakeFiles\TKService.dir\__\Font\Font_FTFont.cxx.obj
[2332/5643] Building CXX object src\TKService\CMakeFiles\TKService.dir\__\WNT\WNT_Window.cxx.obj
[2333/5643] Building CXX object src\TKService\CMakeFiles\TKService.dir\__\Font\Font_FontMgr.cxx.obj
[2334/5643] Building CXX object src\TKService\CMakeFiles\TKService.dir\__\Font\Font_FTLibrary.cxx.obj
[2335/5643] Building RC object src\TKService\CMakeFiles\TKService.dir\__\__\resources\TKService.rc.res
[2336/5643] Generating CXX unity source src/TKMeshVS/cotire/TKMeshVS_CXX_unity.cxx
CMake Warning (deprecated) at C:/Users/Davi/Downloads/oma/.release/native-build/src/occt/adm/cmake/cotire.cmake:40 (cmake_minimum_required):
  Compatibility with CMake < 3.10 will be removed from a future version of
  CMake.

  Update the VERSION argument <min> value.  Or, use the <min>...<max> syntax
  to tell CMake that the project requires at least <min> but has been updated
  to work with policies introduced by <max> or earlier.
This warning is for project developers.  Use -Wno-author or -Wno-deprecated
to suppress it.

[2337/5643] Generating CXX unity source src/TKV3d/cotire/TKV3d_CXX_unity.cxx
CMake Warning (deprecated) at C:/Users/Davi/Downloads/oma/.release/native-build/src/occt/adm/cmake/cotire.cmake:40 (cmake_minimum_required):
  Compatibility with CMake < 3.10 will be removed from a future version of
  CMake.

  Update the VERSION argument <min> value.  Or, use the <min>...<max> syntax
  to tell CMake that the project requires at least <min> but has been updated
  to work with policies introduced by <max> or earlier.
This warning is for project developers.  Use -Wno-author or -Wno-deprecated
to suppress it.

[2338/5643] Building CXX object src\TKService\CMakeFiles\TKService.dir\__\Font\Font_SystemFont.cxx.obj
[2339/5643] Generating CXX unity source src/TKCDF/cotire/TKCDF_CXX_unity.cxx
CMake Warning (deprecated) at C:/Users/Davi/Downloads/oma/.release/native-build/src/occt/adm/cmake/cotire.cmake:40 (cmake_minimum_required):
  Compatibility with CMake < 3.10 will be removed from a future version of
  CMake.

  Update the VERSION argument <min> value.  Or, use the <min>...<max> syntax
  to tell CMake that the project requires at least <min> but has been updated
  to work with policies introduced by <max> or earlier.
This warning is for project developers.  Use -Wno-author or -Wno-deprecated
to suppress it.

[2340/5643] Building CXX object src\TKService\CMakeFiles\TKService.dir\__\Font\Font_TextFormatter.cxx.obj
[2341/5643] Linking CXX static library win64\vc14\lib\TKService.lib
[2342/5643] Generating CXX unity source src/TKLCAF/cotire/TKLCAF_CXX_unity.cxx
CMake Warning (deprecated) at C:/Users/Davi/Downloads/oma/.release/native-build/src/occt/adm/cmake/cotire.cmake:40 (cmake_minimum_required):
  Compatibility with CMake < 3.10 will be removed from a future version of
  CMake.

  Update the VERSION argument <min> value.  Or, use the <min>...<max> syntax
  to tell CMake that the project requires at least <min> but has been updated
  to work with policies introduced by <max> or earlier.
This warning is for project developers.  Use -Wno-author or -Wno-deprecated
to suppress it.

[2343/5643] Generating CXX prefix header src/TKCDF/cotire/TKCDF_CXX_prefix.hxx
CMake Warning (deprecated) at C:/Users/Davi/Downloads/oma/.release/native-build/src/occt/adm/cmake/cotire.cmake:40 (cmake_minimum_required):
  Compatibility with CMake < 3.10 will be removed from a future version of
  CMake.

  Update the VERSION argument <min> value.  Or, use the <min>...<max> syntax
  to tell CMake that the project requires at least <min> but has been updated
  to work with policies introduced by <max> or earlier.
This warning is for project developers.  Use -Wno-author or -Wno-deprecated
to suppress it.

[2344/5643] Generating CXX prefix header src/TKMeshVS/cotire/TKMeshVS_CXX_prefix.hxx
CMake Warning (deprecated) at C:/Users/Davi/Downloads/oma/.release/native-build/src/occt/adm/cmake/cotire.cmake:40 (cmake_minimum_required):
  Compatibility with CMake < 3.10 will be removed from a future version of
  CMake.

  Update the VERSION argument <min> value.  Or, use the <min>...<max> syntax
  to tell CMake that the project requires at least <min> but has been updated
  to work with policies introduced by <max> or earlier.
This warning is for project developers.  Use -Wno-author or -Wno-deprecated
to suppress it.

[2345/5643] Generating CXX prefix header src/TKLCAF/cotire/TKLCAF_CXX_prefix.hxx
CMake Warning (deprecated) at C:/Users/Davi/Downloads/oma/.release/native-build/src/occt/adm/cmake/cotire.cmake:40 (cmake_minimum_required):
  Compatibility with CMake < 3.10 will be removed from a future version of
  CMake.

  Update the VERSION argument <min> value.  Or, use the <min>...<max> syntax
  to tell CMake that the project requires at least <min> but has been updated
  to work with policies introduced by <max> or earlier.
This warning is for project developers.  Use -Wno-author or -Wno-deprecated
to suppress it.

[2346/5643] Building RC object src\TKMeshVS\CMakeFiles\TKMeshVS.dir\__\__\resources\TKMeshVS.rc.res
[2347/5643] Building RC object src\TKCDF\CMakeFiles\TKCDF.dir\__\__\resources\TKCDF.rc.res
[2348/5643] Building CXX object src\TKCDF\CMakeFiles\TKCDF.dir\__\CDM\CDM_Application.cxx.obj
[2349/5643] Building CXX object src\TKCDF\CMakeFiles\TKCDF.dir\__\CDM\CDM_Document.cxx.obj
[2350/5643] Building CXX object src\TKCDF\CMakeFiles\TKCDF.dir\__\CDM\CDM_MetaData.cxx.obj
[2351/5643] Building CXX object src\TKLCAF\CMakeFiles\TKLCAF.dir\__\TDF\TDF.cxx.obj
[2352/5643] Building CXX object src\TKMeshVS\CMakeFiles\TKMeshVS.dir\__\MeshVS\MeshVS_CommonSensitiveEntity.cxx.obj
[2353/5643] Building CXX object src\TKCDF\CMakeFiles\TKCDF.dir\__\CDM\CDM_Reference.cxx.obj
[2354/5643] Building CXX object src\TKCDF\CMakeFiles\TKCDF.dir\__\CDM\CDM_ReferenceIterator.cxx.obj
[2355/5643] Building CXX object src\TKMeshVS\CMakeFiles\TKMeshVS.dir\__\MeshVS\MeshVS_DeformedDataSource.cxx.obj
[2356/5643] Building CXX object src\TKMeshVS\CMakeFiles\TKMeshVS.dir\__\MeshVS\MeshVS_DataSource3D.cxx.obj
[2357/5643] Building CXX object src\TKMeshVS\CMakeFiles\TKMeshVS.dir\__\MeshVS\MeshVS_Drawer.cxx.obj
[2358/5643] Building CXX object src\TKMeshVS\CMakeFiles\TKMeshVS.dir\__\MeshVS\MeshVS_DummySensitiveEntity.cxx.obj
[2359/5643] Building CXX object src\TKMeshVS\CMakeFiles\TKMeshVS.dir\__\MeshVS\MeshVS_DataSource.cxx.obj
[2360/5643] Generating CXX prefix header src/TKV3d/cotire/TKV3d_CXX_prefix.hxx
CMake Warning (deprecated) at C:/Users/Davi/Downloads/oma/.release/native-build/src/occt/adm/cmake/cotire.cmake:40 (cmake_minimum_required):
  Compatibility with CMake < 3.10 will be removed from a future version of
  CMake.

  Update the VERSION argument <min> value.  Or, use the <min>...<max> syntax
  to tell CMake that the project requires at least <min> but has been updated
  to work with policies introduced by <max> or earlier.
This warning is for project developers.  Use -Wno-author or -Wno-deprecated
to suppress it.

[2361/5643] Building CXX object src\TKMeshVS\CMakeFiles\TKMeshVS.dir\__\MeshVS\MeshVS_MeshEntityOwner.cxx.obj
[2362/5643] Building RC object src\TKV3d\CMakeFiles\TKV3d.dir\__\__\resources\TKV3d.rc.res
[2363/5643] Building CXX object src\TKMeshVS\CMakeFiles\TKMeshVS.dir\__\MeshVS\MeshVS_Mesh.cxx.obj
[2364/5643] Building CXX object src\TKMeshVS\CMakeFiles\TKMeshVS.dir\__\MeshVS\MeshVS_ElementalColorPrsBuilder.cxx.obj
[2365/5643] Building CXX object src\TKV3d\CMakeFiles\TKV3d.dir\__\V3d\V3d.cxx.obj
[2366/5643] Building CXX object src\TKMeshVS\CMakeFiles\TKMeshVS.dir\__\MeshVS\MeshVS_MeshOwner.cxx.obj
[2367/5643] Building CXX object src\TKV3d\CMakeFiles\TKV3d.dir\__\V3d\V3d_AmbientLight.cxx.obj
[2368/5643] Building CXX object src\TKV3d\CMakeFiles\TKV3d.dir\__\V3d\V3d_CircularGrid.cxx.obj
[2369/5643] Building CXX object src\TKMeshVS\CMakeFiles\TKMeshVS.dir\__\MeshVS\MeshVS_MeshPrsBuilder.cxx.obj
[2370/5643] Building CXX object src\TKV3d\CMakeFiles\TKV3d.dir\__\V3d\V3d_DirectionalLight.cxx.obj
[2371/5643] Building CXX object src\TKV3d\CMakeFiles\TKV3d.dir\__\V3d\V3d_PositionalLight.cxx.obj
[2372/5643] Building CXX object src\TKMeshVS\CMakeFiles\TKMeshVS.dir\__\MeshVS\MeshVS_NodalColorPrsBuilder.cxx.obj
[2373/5643] Building CXX object src\TKV3d\CMakeFiles\TKV3d.dir\__\V3d\V3d_PositionLight.cxx.obj
[2374/5643] Building CXX object src\TKV3d\CMakeFiles\TKV3d.dir\__\V3d\V3d_SpotLight.cxx.obj
[2375/5643] Building CXX object src\TKV3d\CMakeFiles\TKV3d.dir\__\V3d\V3d_Plane.cxx.obj
[2376/5643] Building CXX object src\TKV3d\CMakeFiles\TKV3d.dir\__\V3d\V3d_RectangularGrid.cxx.obj
[2377/5643] Building CXX object src\TKV3d\CMakeFiles\TKV3d.dir\__\V3d\V3d_Trihedron.cxx.obj
[2378/5643] Building CXX object src\TKV3d\CMakeFiles\TKV3d.dir\__\V3d\V3d_View.cxx.obj
[2379/5643] Building CXX object src\TKV3d\CMakeFiles\TKV3d.dir\__\V3d\V3d_Viewer.cxx.obj
[2380/5643] Building CXX object src\TKV3d\CMakeFiles\TKV3d.dir\__\Select3D\Select3D_SensitiveBox.cxx.obj
[2381/5643] Building CXX object src\TKV3d\CMakeFiles\TKV3d.dir\__\Select3D\Select3D_InteriorSensitivePointSet.cxx.obj
[2382/5643] Building CXX object src\TKV3d\CMakeFiles\TKV3d.dir\__\Select3D\Select3D_SensitiveCircle.cxx.obj
[2383/5643] Building CXX object src\TKV3d\CMakeFiles\TKV3d.dir\__\Select3D\Select3D_SensitiveCylinder.cxx.obj
[2384/5643] Building CXX object src\TKV3d\CMakeFiles\TKV3d.dir\__\Select3D\Select3D_SensitiveCurve.cxx.obj
[2385/5643] Building CXX object src\TKV3d\CMakeFiles\TKV3d.dir\__\Select3D\Select3D_SensitiveEntity.cxx.obj
[2386/5643] Building CXX object src\TKV3d\CMakeFiles\TKV3d.dir\__\Select3D\Select3D_SensitivePoint.cxx.obj
[2387/5643] Building CXX object src\TKV3d\CMakeFiles\TKV3d.dir\__\Select3D\Select3D_SensitiveFace.cxx.obj
[2388/5643] Building CXX object src\TKV3d\CMakeFiles\TKV3d.dir\__\Select3D\Select3D_SensitiveGroup.cxx.obj
[2389/5643] Building CXX object src\TKV3d\CMakeFiles\TKV3d.dir\__\Select3D\Select3D_SensitiveSegment.cxx.obj
[2390/5643] Building CXX object src\TKV3d\CMakeFiles\TKV3d.dir\__\Select3D\Select3D_SensitivePoly.cxx.obj
[2391/5643] Building CXX object src\TKV3d\CMakeFiles\TKV3d.dir\__\Select3D\Select3D_SensitivePrimitiveArray.cxx.obj
[2392/5643] Building CXX object src\TKV3d\CMakeFiles\TKV3d.dir\__\Select3D\Select3D_SensitiveSet.cxx.obj
[2393/5643] Building CXX object src\TKV3d\CMakeFiles\TKV3d.dir\__\Select3D\Select3D_SensitiveSphere.cxx.obj
[2394/5643] Building CXX object src\TKV3d\CMakeFiles\TKV3d.dir\__\Select3D\Select3D_SensitiveTriangle.cxx.obj
[2395/5643] Building CXX object src\TKV3d\CMakeFiles\TKV3d.dir\__\Select3D\Select3D_SensitiveWire.cxx.obj
[2396/5643] Building CXX object src\TKV3d\CMakeFiles\TKV3d.dir\__\Select3D\Select3D_SensitiveTriangulation.cxx.obj
[2397/5643] Building CXX object src\TKV3d\CMakeFiles\TKV3d.dir\__\Prs3d\Prs3d_BasicAspect.cxx.obj
[2398/5643] Building CXX object src\TKV3d\CMakeFiles\TKV3d.dir\__\Prs3d\Prs3d.cxx.obj
[2399/5643] Building CXX object src\TKV3d\CMakeFiles\TKV3d.dir\__\Prs3d\Prs3d_ArrowAspect.cxx.obj
[2400/5643] Building CXX object src\TKV3d\CMakeFiles\TKV3d.dir\__\Prs3d\Prs3d_Arrow.cxx.obj
[2401/5643] Building CXX object src\TKV3d\CMakeFiles\TKV3d.dir\__\Prs3d\Prs3d_DatumAspect.cxx.obj
[2402/5643] Building CXX object src\TKV3d\CMakeFiles\TKV3d.dir\__\Prs3d\Prs3d_DimensionAspect.cxx.obj
[2403/5643] Building CXX object src\TKV3d\CMakeFiles\TKV3d.dir\__\Prs3d\Prs3d_BndBox.cxx.obj
[2404/5643] Building CXX object src\TKV3d\CMakeFiles\TKV3d.dir\__\Prs3d\Prs3d_Drawer.cxx.obj
[2405/5643] Building CXX object src\TKV3d\CMakeFiles\TKV3d.dir\__\Prs3d\Prs3d_IsoAspect.cxx.obj
[2406/5643] Building CXX object src\TKV3d\CMakeFiles\TKV3d.dir\__\Prs3d\Prs3d_LineAspect.cxx.obj
[2407/5643] Building CXX object src\TKV3d\CMakeFiles\TKV3d.dir\__\Prs3d\Prs3d_PlaneAspect.cxx.obj
[2408/5643] Building CXX object src\TKV3d\CMakeFiles\TKV3d.dir\__\Prs3d\Prs3d_PointAspect.cxx.obj
[2409/5643] Building CXX object src\TKV3d\CMakeFiles\TKV3d.dir\__\Prs3d\Prs3d_ShadingAspect.cxx.obj
[2410/5643] Building CXX object src\TKV3d\CMakeFiles\TKV3d.dir\__\Prs3d\Prs3d_PresentationShadow.cxx.obj
[2411/5643] Building CXX object src\TKV3d\CMakeFiles\TKV3d.dir\__\Prs3d\Prs3d_TextAspect.cxx.obj
[2412/5643] Building CXX object src\TKV3d\CMakeFiles\TKV3d.dir\__\Prs3d\Prs3d_Text.cxx.obj
[2413/5643] Building CXX object src\TKV3d\CMakeFiles\TKV3d.dir\__\Prs3d\Prs3d_ToolDisk.cxx.obj
[2414/5643] Building CXX object src\TKV3d\CMakeFiles\TKV3d.dir\__\Prs3d\Prs3d_ToolCylinder.cxx.obj
[2415/5643] Building CXX object src\TKV3d\CMakeFiles\TKV3d.dir\__\Prs3d\Prs3d_ToolQuadric.cxx.obj
[2416/5643] Building CXX object src\TKV3d\CMakeFiles\TKV3d.dir\__\Prs3d\Prs3d_ToolSector.cxx.obj
[2417/5643] Building CXX object src\TKV3d\CMakeFiles\TKV3d.dir\__\Prs3d\Prs3d_ToolSphere.cxx.obj
[2418/5643] Building CXX object src\TKV3d\CMakeFiles\TKV3d.dir\__\Prs3d\Prs3d_ToolTorus.cxx.obj
[2419/5643] Building CXX object src\TKV3d\CMakeFiles\TKV3d.dir\__\StdPrs\StdPrs_Curve.cxx.obj
[2420/5643] Building CXX object src\TKV3d\CMakeFiles\TKV3d.dir\__\StdPrs\StdPrs_BRepTextBuilder.cxx.obj
[2421/5643] Building CXX object src\TKV3d\CMakeFiles\TKV3d.dir\__\StdPrs\StdPrs_BRepFont.cxx.obj
[2422/5643] Building CXX object src\TKV3d\CMakeFiles\TKV3d.dir\__\StdPrs\StdPrs_DeflectionCurve.cxx.obj
[2423/5643] Building CXX object src\TKV3d\CMakeFiles\TKV3d.dir\__\StdPrs\StdPrs_HLRShapeI.cxx.obj
[2424/5643] Building CXX object src\TKV3d\CMakeFiles\TKV3d.dir\__\StdPrs\StdPrs_HLRShape.cxx.obj
[2425/5643] Building CXX object src\TKV3d\CMakeFiles\TKV3d.dir\__\StdPrs\StdPrs_HLRToolShape.cxx.obj
[2426/5643] Building CXX object src\TKV3d\CMakeFiles\TKV3d.dir\__\StdPrs\StdPrs_HLRPolyShape.cxx.obj
[2427/5643] Building CXX object src\TKV3d\CMakeFiles\TKV3d.dir\__\StdPrs\StdPrs_Plane.cxx.obj
[2428/5643] Building CXX object src\TKV3d\CMakeFiles\TKV3d.dir\__\StdPrs\StdPrs_PoleCurve.cxx.obj
[2429/5643] Building CXX object src\TKV3d\CMakeFiles\TKV3d.dir\__\StdPrs\StdPrs_Isolines.cxx.obj
[2430/5643] Building CXX object src\TKV3d\CMakeFiles\TKV3d.dir\__\StdPrs\StdPrs_ToolPoint.cxx.obj
[2431/5643] Building CXX object src\TKV3d\CMakeFiles\TKV3d.dir\__\StdPrs\StdPrs_ShadedShape.cxx.obj
[2432/5643] Building CXX object src\TKV3d\CMakeFiles\TKV3d.dir\__\StdPrs\StdPrs_ShadedSurface.cxx.obj
[2433/5643] Building CXX object src\TKV3d\CMakeFiles\TKV3d.dir\__\StdPrs\StdPrs_ShapeTool.cxx.obj
[2434/5643] Building CXX object src\TKV3d\CMakeFiles\TKV3d.dir\__\StdPrs\StdPrs_ToolRFace.cxx.obj
[2435/5643] Building CXX object src\TKV3d\CMakeFiles\TKV3d.dir\__\StdPrs\StdPrs_ToolVertex.cxx.obj
[2436/5643] Building CXX object src\TKV3d\CMakeFiles\TKV3d.dir\__\StdPrs\StdPrs_ToolTriangulatedShape.cxx.obj
[2437/5643] Building CXX object src\TKV3d\CMakeFiles\TKV3d.dir\__\StdPrs\StdPrs_WFDeflectionSurface.cxx.obj
[2438/5643] Building CXX object src\TKV3d\CMakeFiles\TKV3d.dir\__\StdPrs\StdPrs_WFDeflectionRestrictedFace.cxx.obj
[2439/5643] Building CXX object src\TKV3d\CMakeFiles\TKV3d.dir\__\StdPrs\StdPrs_WFPoleSurface.cxx.obj
[2440/5643] Building CXX object src\TKV3d\CMakeFiles\TKV3d.dir\__\SelectBasics\SelectBasics_SelectingVolumeManager.cxx.obj
[2441/5643] Building CXX object src\TKV3d\CMakeFiles\TKV3d.dir\__\StdPrs\StdPrs_WFRestrictedFace.cxx.obj
[2442/5643] Building CXX object src\TKV3d\CMakeFiles\TKV3d.dir\__\StdPrs\StdPrs_WFSurface.cxx.obj
[2443/5643] Building CXX object src\TKV3d\CMakeFiles\TKV3d.dir\__\StdPrs\StdPrs_WFShape.cxx.obj
[2444/5643] Building CXX object src\TKV3d\CMakeFiles\TKV3d.dir\__\SelectMgr\SelectMgr.cxx.obj
[2445/5643] Building CXX object src\TKV3d\CMakeFiles\TKV3d.dir\__\SelectMgr\SelectMgr_AndFilter.cxx.obj
[2446/5643] Building CXX object src\TKV3d\CMakeFiles\TKV3d.dir\__\SelectMgr\SelectMgr_AxisIntersector.cxx.obj
[2447/5643] Building CXX object src\TKV3d\CMakeFiles\TKV3d.dir\__\SelectMgr\SelectMgr_AndOrFilter.cxx.obj
[2448/5643] Building CXX object src\TKV3d\CMakeFiles\TKV3d.dir\__\SelectMgr\SelectMgr_CompositionFilter.cxx.obj
[2449/5643] Building CXX object src\TKV3d\CMakeFiles\TKV3d.dir\__\SelectMgr\SelectMgr_BaseFrustum.cxx.obj
[2450/5643] Building CXX object src\TKV3d\CMakeFiles\TKV3d.dir\__\SelectMgr\SelectMgr_BaseIntersector.cxx.obj
[2451/5643] Building CXX object src\TKV3d\CMakeFiles\TKV3d.dir\__\SelectMgr\SelectMgr_BVHThreadPool.cxx.obj
[2452/5643] Building CXX object src\TKV3d\CMakeFiles\TKV3d.dir\__\SelectMgr\SelectMgr_FrustumBuilder.cxx.obj
[2453/5643] Building CXX object src\TKV3d\CMakeFiles\TKV3d.dir\__\SelectMgr\SelectMgr_EntityOwner.cxx.obj
[2454/5643] Building CXX object src\TKV3d\CMakeFiles\TKV3d.dir\__\SelectMgr\SelectMgr_Filter.cxx.obj
[2455/5643] Building CXX object src\TKV3d\CMakeFiles\TKV3d.dir\__\SelectMgr\SelectMgr_RectangularFrustum.cxx.obj
[2456/5643] Building CXX object src\TKV3d\CMakeFiles\TKV3d.dir\__\SelectMgr\SelectMgr_OrFilter.cxx.obj
[2457/5643] Building CXX object src\TKV3d\CMakeFiles\TKV3d.dir\__\SelectMgr\SelectMgr_SelectingVolumeManager.cxx.obj
[2458/5643] Building CXX object src\TKV3d\CMakeFiles\TKV3d.dir\__\SelectMgr\SelectMgr_SelectableObject.cxx.obj
[2459/5643] Building CXX object src\TKV3d\CMakeFiles\TKV3d.dir\__\SelectMgr\SelectMgr_SelectableObjectSet.cxx.obj
[2460/5643] Building CXX object src\TKV3d\CMakeFiles\TKV3d.dir\__\SelectMgr\SelectMgr_Selection.cxx.obj
[2461/5643] Building CXX object src\TKV3d\CMakeFiles\TKV3d.dir\__\SelectMgr\SelectMgr_SensitiveEntity.cxx.obj
[2462/5643] Building CXX object src\TKV3d\CMakeFiles\TKV3d.dir\__\SelectMgr\SelectMgr_ToleranceMap.cxx.obj
[2463/5643] Building CXX object src\TKV3d\CMakeFiles\TKV3d.dir\__\SelectMgr\SelectMgr_SelectionManager.cxx.obj
[2464/5643] Building CXX object src\TKV3d\CMakeFiles\TKV3d.dir\__\SelectMgr\SelectMgr_SelectionImageFiller.cxx.obj
[2465/5643] Building CXX object src\TKV3d\CMakeFiles\TKV3d.dir\__\SelectMgr\SelectMgr_SensitiveEntitySet.cxx.obj
[2466/5643] Building CXX object src\TKV3d\CMakeFiles\TKV3d.dir\__\SelectMgr\SelectMgr_TriangularFrustum.cxx.obj
[2467/5643] Building CXX object src\TKV3d\CMakeFiles\TKV3d.dir\__\SelectMgr\SelectMgr_ViewClipRange.cxx.obj
[2468/5643] Building CXX object src\TKV3d\CMakeFiles\TKV3d.dir\__\SelectMgr\SelectMgr_TriangularFrustumSet.cxx.obj
[2469/5643] Building CXX object src\TKV3d\CMakeFiles\TKV3d.dir\__\PrsMgr\PrsMgr_PresentableObject.cxx.obj
[2470/5643] Building CXX object src\TKV3d\CMakeFiles\TKV3d.dir\__\PrsMgr\PrsMgr_Presentation.cxx.obj
[2471/5643] Building CXX object src\TKV3d\CMakeFiles\TKV3d.dir\__\AIS\AIS_Animation.cxx.obj
[2472/5643] Building CXX object src\TKV3d\CMakeFiles\TKV3d.dir\__\SelectMgr\SelectMgr_ViewerSelector.cxx.obj
[2473/5643] Building CXX object src\TKV3d\CMakeFiles\TKV3d.dir\__\PrsMgr\PrsMgr_PresentationManager.cxx.obj
[2474/5643] Building CXX object src\TKV3d\CMakeFiles\TKV3d.dir\__\AIS\AIS_AnimationCamera.cxx.obj
[2475/5643] Building CXX object src\TKV3d\CMakeFiles\TKV3d.dir\__\AIS\AIS_AnimationAxisRotation.cxx.obj
[2476/5643] Building CXX object src\TKV3d\CMakeFiles\TKV3d.dir\__\AIS\AIS_AnimationObject.cxx.obj
[2477/5643] Building CXX object src\TKV3d\CMakeFiles\TKV3d.dir\__\AIS\AIS_AttributeFilter.cxx.obj
[2478/5643] Building CXX object src\TKV3d\CMakeFiles\TKV3d.dir\__\AIS\AIS_BadEdgeFilter.cxx.obj
[2479/5643] Building CXX object src\TKV3d\CMakeFiles\TKV3d.dir\__\AIS\AIS_Axis.cxx.obj
[2480/5643] Building CXX object src\TKV3d\CMakeFiles\TKV3d.dir\__\AIS\AIS_BaseAnimationObject.cxx.obj
[2481/5643] Building CXX object src\TKV3d\CMakeFiles\TKV3d.dir\__\AIS\AIS_C0RegularityFilter.cxx.obj
[2482/5643] Building CXX object src\TKV3d\CMakeFiles\TKV3d.dir\__\AIS\AIS_CameraFrustum.cxx.obj
[2483/5643] Building CXX object src\TKV3d\CMakeFiles\TKV3d.dir\__\AIS\AIS_Circle.cxx.obj
[2484/5643] Building CXX object src\TKV3d\CMakeFiles\TKV3d.dir\__\AIS\AIS_ColoredShape.cxx.obj
[2485/5643] Building CXX object src\TKV3d\CMakeFiles\TKV3d.dir\__\AIS\AIS_ColorScale.cxx.obj
[2486/5643] Building CXX object src\TKV3d\CMakeFiles\TKV3d.dir\__\AIS\AIS_ExclusionFilter.cxx.obj
[2487/5643] Building CXX object src\TKV3d\CMakeFiles\TKV3d.dir\__\AIS\AIS_ConnectedInteractive.cxx.obj
[2488/5643] Building CXX object src\TKV3d\CMakeFiles\TKV3d.dir\__\AIS\AIS_GlobalStatus.cxx.obj
[2489/5643] Building CXX object src\TKV3d\CMakeFiles\TKV3d.dir\__\AIS\AIS_GraphicTool.cxx.obj
[2490/5643] Building CXX object src\TKV3d\CMakeFiles\TKV3d.dir\__\AIS\AIS_InteractiveObject.cxx.obj
[2491/5643] Building CXX object src\TKV3d\CMakeFiles\TKV3d.dir\__\AIS\AIS_Line.cxx.obj
[2492/5643] Building CXX object src\TKV3d\CMakeFiles\TKV3d.dir\__\AIS\AIS_InteractiveContext.cxx.obj
[2493/5643] Building CXX object src\TKV3d\CMakeFiles\TKV3d.dir\__\AIS\AIS_LightSource.cxx.obj
[2494/5643] Building CXX object src\TKV3d\CMakeFiles\TKV3d.dir\__\AIS\AIS_ManipulatorOwner.cxx.obj
[2495/5643] Building CXX object src\TKV3d\CMakeFiles\TKV3d.dir\__\AIS\AIS_Manipulator.cxx.obj
[2496/5643] Building CXX object src\TKV3d\CMakeFiles\TKV3d.dir\__\AIS\AIS_MediaPlayer.cxx.obj
[2497/5643] Building CXX object src\TKV3d\CMakeFiles\TKV3d.dir\__\AIS\AIS_MultipleConnectedInteractive.cxx.obj
[2498/5643] Building CXX object src\TKV3d\CMakeFiles\TKV3d.dir\__\AIS\AIS_PlaneTrihedron.cxx.obj
[2499/5643] Building CXX object src\TKV3d\CMakeFiles\TKV3d.dir\__\AIS\AIS_PointCloud.cxx.obj
[2500/5643] Building CXX object src\TKV3d\CMakeFiles\TKV3d.dir\__\AIS\AIS_Point.cxx.obj
[2501/5643] Building CXX object src\TKV3d\CMakeFiles\TKV3d.dir\__\AIS\AIS_Plane.cxx.obj
[2502/5643] Building CXX object src\TKV3d\CMakeFiles\TKV3d.dir\__\AIS\AIS_Selection.cxx.obj
[2503/5643] Building CXX object src\TKV3d\CMakeFiles\TKV3d.dir\__\AIS\AIS_SignatureFilter.cxx.obj
[2504/5643] Building CXX object src\TKV3d\CMakeFiles\TKV3d.dir\__\AIS\AIS_RubberBand.cxx.obj
[2505/5643] Building CXX object src\TKV3d\CMakeFiles\TKV3d.dir\__\AIS\AIS_Shape.cxx.obj
[2506/5643] Building CXX object src\TKV3d\CMakeFiles\TKV3d.dir\__\AIS\AIS_TextLabel.cxx.obj
[2507/5643] Building CXX object src\TKV3d\CMakeFiles\TKV3d.dir\__\AIS\AIS_TexturedShape.cxx.obj
[2508/5643] Building CXX object src\TKV3d\CMakeFiles\TKV3d.dir\__\AIS\AIS_Triangulation.cxx.obj
[2509/5643] Building CXX object src\TKV3d\CMakeFiles\TKV3d.dir\__\AIS\AIS_Trihedron.cxx.obj
[2510/5643] Building CXX object src\TKV3d\CMakeFiles\TKV3d.dir\__\AIS\AIS_TrihedronOwner.cxx.obj
[2511/5643] Building CXX object src\TKV3d\CMakeFiles\TKV3d.dir\__\AIS\AIS_TypeFilter.cxx.obj
[2512/5643] Building CXX object src\TKV3d\CMakeFiles\TKV3d.dir\__\AIS\AIS_ViewController.cxx.obj
[2513/5643] Building CXX object src\TKV3d\CMakeFiles\TKV3d.dir\__\StdSelect\StdSelect.cxx.obj
[2514/5643] Building CXX object src\TKV3d\CMakeFiles\TKV3d.dir\__\AIS\AIS_XRTrackedDevice.cxx.obj
[2515/5643] Building CXX object src\TKV3d\CMakeFiles\TKV3d.dir\__\AIS\AIS_ViewCube.cxx.obj
[2516/5643] Building CXX object src\TKV3d\CMakeFiles\TKV3d.dir\__\StdSelect\StdSelect_BRepOwner.cxx.obj
[2517/5643] Building CXX object src\TKV3d\CMakeFiles\TKV3d.dir\__\StdSelect\StdSelect_EdgeFilter.cxx.obj
[2518/5643] Building CXX object src\TKV3d\CMakeFiles\TKV3d.dir\__\StdSelect\StdSelect_FaceFilter.cxx.obj
[2519/5643] Building CXX object src\TKV3d\CMakeFiles\TKV3d.dir\__\StdSelect\StdSelect_Shape.cxx.obj
[2520/5643] Building CXX object src\TKV3d\CMakeFiles\TKV3d.dir\__\StdSelect\StdSelect_BRepSelectionTool.cxx.obj
[2521/5643] Building CXX object src\TKV3d\CMakeFiles\TKV3d.dir\__\StdSelect\StdSelect_ShapeTypeFilter.cxx.obj
[2522/5643] Building CXX object src\TKV3d\CMakeFiles\TKV3d.dir\__\DsgPrs\DsgPrs_AnglePresentation.cxx.obj
[2523/5643] Building CXX object src\TKV3d\CMakeFiles\TKV3d.dir\__\DsgPrs\DsgPrs_Chamf2dPresentation.cxx.obj
[2524/5643] Building CXX object src\TKV3d\CMakeFiles\TKV3d.dir\__\DsgPrs\DsgPrs.cxx.obj
[2525/5643] Building CXX object src\TKV3d\CMakeFiles\TKV3d.dir\__\DsgPrs\DsgPrs_ConcentricPresentation.cxx.obj
[2526/5643] Building CXX object src\TKV3d\CMakeFiles\TKV3d.dir\__\DsgPrs\DsgPrs_DatumPrs.cxx.obj
[2527/5643] Building CXX object src\TKV3d\CMakeFiles\TKV3d.dir\__\DsgPrs\DsgPrs_DiameterPresentation.cxx.obj
[2528/5643] Building CXX object src\TKV3d\CMakeFiles\TKV3d.dir\__\DsgPrs\DsgPrs_EllipseRadiusPresentation.cxx.obj
[2529/5643] Building CXX object src\TKV3d\CMakeFiles\TKV3d.dir\__\DsgPrs\DsgPrs_EqualDistancePresentation.cxx.obj
[2530/5643] Building CXX object src\TKV3d\CMakeFiles\TKV3d.dir\__\DsgPrs\DsgPrs_EqualRadiusPresentation.cxx.obj
[2531/5643] Building CXX object src\TKV3d\CMakeFiles\TKV3d.dir\__\DsgPrs\DsgPrs_FilletRadiusPresentation.cxx.obj
[2532/5643] Building CXX object src\TKV3d\CMakeFiles\TKV3d.dir\__\DsgPrs\DsgPrs_FixPresentation.cxx.obj
[2533/5643] Building CXX object src\TKV3d\CMakeFiles\TKV3d.dir\__\DsgPrs\DsgPrs_IdenticPresentation.cxx.obj
[2534/5643] Building CXX object src\TKV3d\CMakeFiles\TKV3d.dir\__\DsgPrs\DsgPrs_LengthPresentation.cxx.obj
[2535/5643] Building CXX object src\TKV3d\CMakeFiles\TKV3d.dir\__\DsgPrs\DsgPrs_MidPointPresentation.cxx.obj
[2536/5643] Building CXX object src\TKV3d\CMakeFiles\TKV3d.dir\__\DsgPrs\DsgPrs_OffsetPresentation.cxx.obj
[2537/5643] Building CXX object src\TKV3d\CMakeFiles\TKV3d.dir\__\DsgPrs\DsgPrs_ParalPresentation.cxx.obj
[2538/5643] Building CXX object src\TKV3d\CMakeFiles\TKV3d.dir\__\DsgPrs\DsgPrs_PerpenPresentation.cxx.obj
[2539/5643] Building CXX object src\TKV3d\CMakeFiles\TKV3d.dir\__\DsgPrs\DsgPrs_ShadedPlanePresentation.cxx.obj
[2540/5643] Building CXX object src\TKV3d\CMakeFiles\TKV3d.dir\__\DsgPrs\DsgPrs_RadiusPresentation.cxx.obj
[2541/5643] Building CXX object src\TKV3d\CMakeFiles\TKV3d.dir\__\DsgPrs\DsgPrs_ShapeDirPresentation.cxx.obj
[2542/5643] Building CXX object src\TKV3d\CMakeFiles\TKV3d.dir\__\DsgPrs\DsgPrs_SymbPresentation.cxx.obj
[2543/5643] Building CXX object src\TKV3d\CMakeFiles\TKV3d.dir\__\DsgPrs\DsgPrs_TangentPresentation.cxx.obj
[2544/5643] Building CXX object src\TKV3d\CMakeFiles\TKV3d.dir\__\DsgPrs\DsgPrs_SymmetricPresentation.cxx.obj
[2545/5643] Building CXX object src\TKV3d\CMakeFiles\TKV3d.dir\__\DsgPrs\DsgPrs_XYZPlanePresentation.cxx.obj
[2546/5643] Building CXX object src\TKV3d\CMakeFiles\TKV3d.dir\__\DsgPrs\DsgPrs_XYZAxisPresentation.cxx.obj
[2547/5643] Building CXX object src\TKV3d\CMakeFiles\TKV3d.dir\__\PrsDim\PrsDim.cxx.obj
[2548/5643] Building CXX object src\TKV3d\CMakeFiles\TKV3d.dir\__\PrsDim\PrsDim_Chamf2dDimension.cxx.obj
[2549/5643] Building CXX object src\TKV3d\CMakeFiles\TKV3d.dir\__\PrsDim\PrsDim_Chamf3dDimension.cxx.obj
[2550/5643] Building CXX object src\TKV3d\CMakeFiles\TKV3d.dir\__\PrsDim\PrsDim_AngleDimension.cxx.obj
[2551/5643] Building CXX object src\TKV3d\CMakeFiles\TKV3d.dir\__\PrsDim\PrsDim_ConcentricRelation.cxx.obj
[2552/5643] Building CXX object src\TKV3d\CMakeFiles\TKV3d.dir\__\PrsDim\PrsDim_DimensionOwner.cxx.obj
[2553/5643] Building CXX object src\TKV3d\CMakeFiles\TKV3d.dir\__\PrsDim\PrsDim_DiameterDimension.cxx.obj
[2554/5643] Building CXX object src\TKV3d\CMakeFiles\TKV3d.dir\__\PrsDim\PrsDim_Dimension.cxx.obj
[2555/5643] Building CXX object src\TKV3d\CMakeFiles\TKV3d.dir\__\PrsDim\PrsDim_EllipseRadiusDimension.cxx.obj
[2556/5643] Building CXX object src\TKV3d\CMakeFiles\TKV3d.dir\__\PrsDim\PrsDim_EqualRadiusRelation.cxx.obj
[2557/5643] Building CXX object src\TKV3d\CMakeFiles\TKV3d.dir\__\PrsDim\PrsDim_EqualDistanceRelation.cxx.obj
[2558/5643] Building CXX object src\TKV3d\CMakeFiles\TKV3d.dir\__\PrsDim\PrsDim_FixRelation.cxx.obj
[2559/5643] Building CXX object src\TKV3d\CMakeFiles\TKV3d.dir\__\PrsDim\PrsDim_IdenticRelation.cxx.obj
[2560/5643] Building CXX object src\TKV3d\CMakeFiles\TKV3d.dir\__\PrsDim\PrsDim_MaxRadiusDimension.cxx.obj
[2561/5643] Building CXX object src\TKV3d\CMakeFiles\TKV3d.dir\__\PrsDim\PrsDim_LengthDimension.cxx.obj
[2562/5643] Building CXX object src\TKV3d\CMakeFiles\TKV3d.dir\__\PrsDim\PrsDim_MidPointRelation.cxx.obj
[2563/5643] Building CXX object src\TKV3d\CMakeFiles\TKV3d.dir\__\PrsDim\PrsDim_MinRadiusDimension.cxx.obj
[2564/5643] Building CXX object src\TKV3d\CMakeFiles\TKV3d.dir\__\PrsDim\PrsDim_OffsetDimension.cxx.obj
[2565/5643] Building CXX object src\TKV3d\CMakeFiles\TKV3d.dir\__\PrsDim\PrsDim_ParallelRelation.cxx.obj
[2566/5643] Building CXX object src\TKV3d\CMakeFiles\TKV3d.dir\__\PrsDim\PrsDim_RadiusDimension.cxx.obj
[2567/5643] Building CXX object src\TKV3d\CMakeFiles\TKV3d.dir\__\PrsDim\PrsDim_PerpendicularRelation.cxx.obj
[2568/5643] Building CXX object src\TKV3d\CMakeFiles\TKV3d.dir\__\PrsDim\PrsDim_Relation.cxx.obj
[2569/5643] Building CXX object src\TKV3d\CMakeFiles\TKV3d.dir\__\PrsDim\PrsDim_SymmetricRelation.cxx.obj
[2570/5643] Building CXX object src\TKMeshVS\CMakeFiles\TKMeshVS.dir\__\MeshVS\MeshVS_SensitiveFace.cxx.obj
[2571/5643] Building CXX object src\TKMeshVS\CMakeFiles\TKMeshVS.dir\__\MeshVS\MeshVS_PrsBuilder.cxx.obj
[2572/5643] Building CXX object src\TKMeshVS\CMakeFiles\TKMeshVS.dir\__\MeshVS\MeshVS_SensitivePolyhedron.cxx.obj
[2573/5643] Building CXX object src\TKMeshVS\CMakeFiles\TKMeshVS.dir\__\MeshVS\MeshVS_SensitiveMesh.cxx.obj
[2574/5643] Building CXX object src\TKMeshVS\CMakeFiles\TKMeshVS.dir\__\MeshVS\MeshVS_SensitiveSegment.cxx.obj
[2575/5643] Building CXX object src\TKV3d\CMakeFiles\TKV3d.dir\__\PrsDim\PrsDim_TangentRelation.cxx.obj
[2576/5643] Linking CXX static library win64\vc14\lib\TKV3d.lib
[2577/5643] Building CXX object src\TKMeshVS\CMakeFiles\TKMeshVS.dir\__\MeshVS\MeshVS_TwoColors.cxx.obj
[2578/5643] Building CXX object src\TKMeshVS\CMakeFiles\TKMeshVS.dir\__\MeshVS\MeshVS_Tool.cxx.obj
[2579/5643] Building CXX object src\TKMeshVS\CMakeFiles\TKMeshVS.dir\__\MeshVS\MeshVS_SensitiveQuad.cxx.obj
[2580/5643] Building CXX object src\TKCDF\CMakeFiles\TKCDF.dir\__\PCDM\PCDM_Document.cxx.obj
[2581/5643] Building CXX object src\TKCDF\CMakeFiles\TKCDF.dir\__\PCDM\PCDM.cxx.obj
[2582/5643] Building CXX object src\TKMeshVS\CMakeFiles\TKMeshVS.dir\__\MeshVS\MeshVS_TextPrsBuilder.cxx.obj
[2583/5643] Building CXX object src\TKCDF\CMakeFiles\TKCDF.dir\__\PCDM\PCDM_DOMHeaderParser.cxx.obj
[2584/5643] Building CXX object src\TKCDF\CMakeFiles\TKCDF.dir\__\PCDM\PCDM_Reader.cxx.obj
[2585/5643] Building CXX object src\TKCDF\CMakeFiles\TKCDF.dir\__\PCDM\PCDM_ReaderFilter.cxx.obj
[2586/5643] Building CXX object src\TKCDF\CMakeFiles\TKCDF.dir\__\PCDM\PCDM_Reference.cxx.obj
[2587/5643] Building CXX object src\TKCDF\CMakeFiles\TKCDF.dir\__\PCDM\PCDM_ReadWriter.cxx.obj
[2588/5643] Building CXX object src\TKMeshVS\CMakeFiles\TKMeshVS.dir\__\MeshVS\MeshVS_VectorPrsBuilder.cxx.obj
[2589/5643] Linking CXX static library win64\vc14\lib\TKMeshVS.lib
[2590/5643] Building CXX object src\TKCDF\CMakeFiles\TKCDF.dir\__\PCDM\PCDM_ReadWriter_1.cxx.obj
[2591/5643] Building CXX object src\TKCDF\CMakeFiles\TKCDF.dir\__\PCDM\PCDM_ReferenceIterator.cxx.obj
[2592/5643] Building CXX object src\TKCDF\CMakeFiles\TKCDF.dir\__\PCDM\PCDM_RetrievalDriver.cxx.obj
[2593/5643] Building CXX object src\TKCDF\CMakeFiles\TKCDF.dir\__\PCDM\PCDM_Writer.cxx.obj
[2594/5643] Building CXX object src\TKCDF\CMakeFiles\TKCDF.dir\__\CDF\CDF_Directory.cxx.obj
[2595/5643] Building CXX object src\TKCDF\CMakeFiles\TKCDF.dir\__\PCDM\PCDM_StorageDriver.cxx.obj
[2596/5643] Building CXX object src\TKCDF\CMakeFiles\TKCDF.dir\__\CDF\CDF_DirectoryIterator.cxx.obj
[2597/5643] Building CXX object src\TKCDF\CMakeFiles\TKCDF.dir\__\CDF\CDF_MetaDataDriverFactory.cxx.obj
[2598/5643] Building CXX object src\TKCDF\CMakeFiles\TKCDF.dir\__\CDF\CDF_Application.cxx.obj
[2599/5643] Building CXX object src\TKCDF\CMakeFiles\TKCDF.dir\__\CDF\CDF_FWOSDriver.cxx.obj
[2600/5643] Building CXX object src\TKCDF\CMakeFiles\TKCDF.dir\__\CDF\CDF_MetaDataDriver.cxx.obj
[2601/5643] Building CXX object src\TKCDF\CMakeFiles\TKCDF.dir\__\LDOM\LDOM_Attr.cxx.obj
[2602/5643] Building CXX object src\TKCDF\CMakeFiles\TKCDF.dir\__\CDF\CDF_Store.cxx.obj
[2603/5643] Building CXX object src\TKCDF\CMakeFiles\TKCDF.dir\__\CDF\CDF_StoreList.cxx.obj
[2604/5643] Building CXX object src\TKCDF\CMakeFiles\TKCDF.dir\__\UTL\UTL.cxx.obj
[2605/5643] Building CXX object src\TKCDF\CMakeFiles\TKCDF.dir\__\LDOM\LDOM_BasicAttribute.cxx.obj
[2606/5643] Building CXX object src\TKCDF\CMakeFiles\TKCDF.dir\__\LDOM\LDOM_BasicElement.cxx.obj
[2607/5643] Building CXX object src\TKCDF\CMakeFiles\TKCDF.dir\__\LDOM\LDOM_BasicNode.cxx.obj
[2608/5643] Building CXX object src\TKCDF\CMakeFiles\TKCDF.dir\__\LDOM\LDOM_CharReference.cxx.obj
[2609/5643] Building CXX object src\TKCDF\CMakeFiles\TKCDF.dir\__\LDOM\LDOM_BasicText.cxx.obj
[2610/5643] Building CXX object src\TKCDF\CMakeFiles\TKCDF.dir\__\LDOM\LDOM_CharacterData.cxx.obj
[2611/5643] Building CXX object src\TKCDF\CMakeFiles\TKCDF.dir\__\LDOM\LDOM_Document.cxx.obj
[2612/5643] Building CXX object src\TKCDF\CMakeFiles\TKCDF.dir\__\LDOM\LDOM_LDOMImplementation.cxx.obj
[2613/5643] Building CXX object src\TKCDF\CMakeFiles\TKCDF.dir\__\LDOM\LDOM_Element.cxx.obj
[2614/5643] Building CXX object src\TKCDF\CMakeFiles\TKCDF.dir\__\LDOM\LDOM_MemManager.cxx.obj
[2615/5643] Building CXX object src\TKCDF\CMakeFiles\TKCDF.dir\__\LDOM\LDOM_Node.cxx.obj
[2616/5643] Building CXX object src\TKCDF\CMakeFiles\TKCDF.dir\__\LDOM\LDOM_NodeList.cxx.obj
[2617/5643] Building CXX object src\TKCDF\CMakeFiles\TKCDF.dir\__\LDOM\LDOM_OSStream.cxx.obj
[2618/5643] Building CXX object src\TKCDF\CMakeFiles\TKCDF.dir\__\LDOM\LDOM_XmlReader.cxx.obj
[2619/5643] Building CXX object src\TKCDF\CMakeFiles\TKCDF.dir\__\LDOM\LDOM_XmlWriter.cxx.obj
[2620/5643] Building CXX object src\TKCDF\CMakeFiles\TKCDF.dir\__\LDOM\LDOMBasicString.cxx.obj
[2621/5643] Building CXX object src\TKCDF\CMakeFiles\TKCDF.dir\__\LDOM\LDOMParser.cxx.obj
[2622/5643] Building CXX object src\TKCDF\CMakeFiles\TKCDF.dir\__\LDOM\LDOMString.cxx.obj
[2623/5643] Linking CXX static library win64\vc14\lib\TKCDF.lib
[2624/5643] Building CXX object src\TKLCAF\CMakeFiles\TKLCAF.dir\__\TDF\TDF_AttributeDelta.cxx.obj
[2625/5643] Building CXX object src\TKLCAF\CMakeFiles\TKLCAF.dir\__\TDF\TDF_AttributeIterator.cxx.obj
[2626/5643] Building CXX object src\TKLCAF\CMakeFiles\TKLCAF.dir\__\TDF\TDF_Attribute.cxx.obj
[2627/5643] Building CXX object src\TKLCAF\CMakeFiles\TKLCAF.dir\__\TDF\TDF_ClosureMode.cxx.obj
[2628/5643] Building CXX object src\TKLCAF\CMakeFiles\TKLCAF.dir\__\TDF\TDF_ChildIDIterator.cxx.obj
[2629/5643] Building CXX object src\TKLCAF\CMakeFiles\TKLCAF.dir\__\TDF\TDF_ChildIterator.cxx.obj
[2630/5643] Building CXX object src\TKLCAF\CMakeFiles\TKLCAF.dir\__\TDF\TDF_ClosureTool.cxx.obj
[2631/5643] Building CXX object src\TKLCAF\CMakeFiles\TKLCAF.dir\__\TDF\TDF_ComparisonTool.cxx.obj
[2632/5643] Building CXX object src\TKLCAF\CMakeFiles\TKLCAF.dir\__\TDF\TDF_CopyLabel.cxx.obj
[2633/5643] Building CXX object src\TKLCAF\CMakeFiles\TKLCAF.dir\__\TDF\TDF_CopyTool.cxx.obj
[2634/5643] Building CXX object src\TKLCAF\CMakeFiles\TKLCAF.dir\__\TDF\TDF_Data.cxx.obj
[2635/5643] Building CXX object src\TKLCAF\CMakeFiles\TKLCAF.dir\__\TDF\TDF_DataSet.cxx.obj
[2636/5643] Building CXX object src\TKLCAF\CMakeFiles\TKLCAF.dir\__\TDF\TDF_DefaultDeltaOnModification.cxx.obj
[2637/5643] Building CXX object src\TKLCAF\CMakeFiles\TKLCAF.dir\__\TDF\TDF_DefaultDeltaOnRemoval.cxx.obj
[2638/5643] Building CXX object src\TKLCAF\CMakeFiles\TKLCAF.dir\__\TDF\TDF_DeltaOnAddition.cxx.obj
[2639/5643] Building CXX object src\TKLCAF\CMakeFiles\TKLCAF.dir\__\TDF\TDF_DeltaOnForget.cxx.obj
[2640/5643] Building CXX object src\TKLCAF\CMakeFiles\TKLCAF.dir\__\TDF\TDF_DeltaOnModification.cxx.obj
[2641/5643] Building CXX object src\TKLCAF\CMakeFiles\TKLCAF.dir\__\TDF\TDF_Delta.cxx.obj
[2642/5643] Building CXX object src\TKLCAF\CMakeFiles\TKLCAF.dir\__\TDF\TDF_DeltaOnRemoval.cxx.obj
[2643/5643] Building CXX object src\TKLCAF\CMakeFiles\TKLCAF.dir\__\TDF\TDF_DeltaOnResume.cxx.obj
[2644/5643] Building CXX object src\TKLCAF\CMakeFiles\TKLCAF.dir\__\TDF\TDF_IDFilter.cxx.obj
[2645/5643] Building CXX object src\TKLCAF\CMakeFiles\TKLCAF.dir\__\TDF\TDF_DerivedAttribute.cxx.obj
[2646/5643] Building CXX object src\TKLCAF\CMakeFiles\TKLCAF.dir\__\TDF\TDF_LabelNode.cxx.obj
[2647/5643] Building CXX object src\TKLCAF\CMakeFiles\TKLCAF.dir\__\TDF\TDF_Label.cxx.obj
[2648/5643] Building CXX object src\TKLCAF\CMakeFiles\TKLCAF.dir\__\TDF\TDF_Reference.cxx.obj
[2649/5643] Building CXX object src\TKLCAF\CMakeFiles\TKLCAF.dir\__\TDF\TDF_RelocationTable.cxx.obj
[2650/5643] Building CXX object src\TKLCAF\CMakeFiles\TKLCAF.dir\__\TDF\TDF_TagSource.cxx.obj
[2651/5643] Building CXX object src\TKLCAF\CMakeFiles\TKLCAF.dir\__\TDF\TDF_Transaction.cxx.obj
[2652/5643] Building CXX object src\TKLCAF\CMakeFiles\TKLCAF.dir\__\TDataStd\TDataStd.cxx.obj
[2653/5643] Building CXX object src\TKLCAF\CMakeFiles\TKLCAF.dir\__\TDF\TDF_Tool.cxx.obj
[2654/5643] Building CXX object src\TKLCAF\CMakeFiles\TKLCAF.dir\__\TDataStd\TDataStd_AsciiString.cxx.obj
[2655/5643] Building CXX object src\TKLCAF\CMakeFiles\TKLCAF.dir\__\TDataStd\TDataStd_BooleanArray.cxx.obj
[2656/5643] Building CXX object src\TKLCAF\CMakeFiles\TKLCAF.dir\__\TDataStd\TDataStd_BooleanList.cxx.obj
[2657/5643] Building CXX object src\TKLCAF\CMakeFiles\TKLCAF.dir\__\TDataStd\TDataStd_ChildNodeIterator.cxx.obj
[2658/5643] Building CXX object src\TKLCAF\CMakeFiles\TKLCAF.dir\__\TDataStd\TDataStd_ByteArray.cxx.obj
[2659/5643] Building CXX object src\TKLCAF\CMakeFiles\TKLCAF.dir\__\TDataStd\TDataStd_GenericEmpty.cxx.obj
[2660/5643] Building CXX object src\TKLCAF\CMakeFiles\TKLCAF.dir\__\TDataStd\TDataStd_GenericExtString.cxx.obj
[2661/5643] Building CXX object src\TKLCAF\CMakeFiles\TKLCAF.dir\__\TDataStd\TDataStd_Comment.cxx.obj
[2662/5643] Building CXX object src\TKLCAF\CMakeFiles\TKLCAF.dir\__\TDataStd\TDataStd_Current.cxx.obj
[2663/5643] Building CXX object src\TKLCAF\CMakeFiles\TKLCAF.dir\__\TDataStd\TDataStd_DeltaOnModificationOfByteArray.cxx.obj
[2664/5643] Building CXX object src\TKLCAF\CMakeFiles\TKLCAF.dir\__\TDataStd\TDataStd_DeltaOnModificationOfIntPackedMap.cxx.obj
[2665/5643] Building CXX object src\TKLCAF\CMakeFiles\TKLCAF.dir\__\TDataStd\TDataStd_DeltaOnModificationOfExtStringArray.cxx.obj
[2666/5643] Building CXX object src\TKLCAF\CMakeFiles\TKLCAF.dir\__\TDataStd\TDataStd_DeltaOnModificationOfIntArray.cxx.obj
[2667/5643] Building CXX object src\TKLCAF\CMakeFiles\TKLCAF.dir\__\TDataStd\TDataStd_Directory.cxx.obj
[2668/5643] Building CXX object src\TKLCAF\CMakeFiles\TKLCAF.dir\__\TDataStd\TDataStd_Expression.cxx.obj
[2669/5643] Building CXX object src\TKLCAF\CMakeFiles\TKLCAF.dir\__\TDataStd\TDataStd_DeltaOnModificationOfRealArray.cxx.obj
[2670/5643] Building CXX object src\TKLCAF\CMakeFiles\TKLCAF.dir\__\TDataStd\TDataStd_ExtStringArray.cxx.obj
[2671/5643] Building CXX object src\TKLCAF\CMakeFiles\TKLCAF.dir\__\TDataStd\TDataStd_HDataMapOfStringByte.cxx.obj
[2672/5643] Building CXX object src\TKLCAF\CMakeFiles\TKLCAF.dir\__\TDataStd\TDataStd_HDataMapOfStringHArray1OfInteger.cxx.obj
[2673/5643] Building CXX object src\TKLCAF\CMakeFiles\TKLCAF.dir\__\TDataStd\TDataStd_ExtStringList.cxx.obj
[2674/5643] Building CXX object src\TKLCAF\CMakeFiles\TKLCAF.dir\__\TDataStd\TDataStd_HDataMapOfStringHArray1OfReal.cxx.obj
[2675/5643] Building CXX object src\TKLCAF\CMakeFiles\TKLCAF.dir\__\TDataStd\TDataStd_HDataMapOfStringInteger.cxx.obj
[2676/5643] Building CXX object src\TKLCAF\CMakeFiles\TKLCAF.dir\__\TDataStd\TDataStd_HDataMapOfStringReal.cxx.obj
[2677/5643] Building CXX object src\TKLCAF\CMakeFiles\TKLCAF.dir\__\TDataStd\TDataStd_HDataMapOfStringString.cxx.obj
[2678/5643] Building CXX object src\TKLCAF\CMakeFiles\TKLCAF.dir\__\TDataStd\TDataStd_Integer.cxx.obj
[2679/5643] Building CXX object src\TKLCAF\CMakeFiles\TKLCAF.dir\__\TDataStd\TDataStd_IntegerList.cxx.obj
[2680/5643] Building CXX object src\TKLCAF\CMakeFiles\TKLCAF.dir\__\TDataStd\TDataStd_IntegerArray.cxx.obj
[2681/5643] Building CXX object src\TKLCAF\CMakeFiles\TKLCAF.dir\__\TDataStd\TDataStd_IntPackedMap.cxx.obj
[2682/5643] Building CXX object src\TKLCAF\CMakeFiles\TKLCAF.dir\__\TDataStd\TDataStd_Name.cxx.obj
[2683/5643] Building CXX object src\TKLCAF\CMakeFiles\TKLCAF.dir\__\TDataStd\TDataStd_NoteBook.cxx.obj
[2684/5643] Building CXX object src\TKLCAF\CMakeFiles\TKLCAF.dir\__\TDataStd\TDataStd_Real.cxx.obj
[2685/5643] Building CXX object src\TKLCAF\CMakeFiles\TKLCAF.dir\__\TDataStd\TDataStd_RealArray.cxx.obj
[2686/5643] Building CXX object src\TKLCAF\CMakeFiles\TKLCAF.dir\__\TDataStd\TDataStd_NamedData.cxx.obj
[2687/5643] Building CXX object src\TKLCAF\CMakeFiles\TKLCAF.dir\__\TDataStd\TDataStd_RealList.cxx.obj
[2688/5643] Building CXX object src\TKLCAF\CMakeFiles\TKLCAF.dir\__\TDataStd\TDataStd_ReferenceArray.cxx.obj
[2689/5643] Building CXX object src\TKLCAF\CMakeFiles\TKLCAF.dir\__\TDataStd\TDataStd_ReferenceList.cxx.obj
[2690/5643] Building CXX object src\TKLCAF\CMakeFiles\TKLCAF.dir\__\TDataStd\TDataStd_Relation.cxx.obj
[2691/5643] Building CXX object src\TKLCAF\CMakeFiles\TKLCAF.dir\__\TDataStd\TDataStd_Tick.cxx.obj
[2692/5643] Building CXX object src\TKLCAF\CMakeFiles\TKLCAF.dir\__\TDataStd\TDataStd_TreeNode.cxx.obj
[2693/5643] Building CXX object src\TKLCAF\CMakeFiles\TKLCAF.dir\__\TDataStd\TDataStd_UAttribute.cxx.obj
[2694/5643] Building CXX object src\TKLCAF\CMakeFiles\TKLCAF.dir\__\TFunction\TFunction_Driver.cxx.obj
[2695/5643] Building CXX object src\TKLCAF\CMakeFiles\TKLCAF.dir\__\TDataStd\TDataStd_Variable.cxx.obj
[2696/5643] Building CXX object src\TKLCAF\CMakeFiles\TKLCAF.dir\__\TFunction\TFunction_Function.cxx.obj
[2697/5643] Building CXX object src\TKLCAF\CMakeFiles\TKLCAF.dir\__\TFunction\TFunction_DriverTable.cxx.obj
[2698/5643] Building CXX object src\TKLCAF\CMakeFiles\TKLCAF.dir\__\TFunction\TFunction_GraphNode.cxx.obj
[2699/5643] Building CXX object src\TKLCAF\CMakeFiles\TKLCAF.dir\__\TFunction\TFunction_IFunction.cxx.obj
[2700/5643] Building CXX object src\TKLCAF\CMakeFiles\TKLCAF.dir\__\TFunction\TFunction_Logbook.cxx.obj
[2701/5643] Building CXX object src\TKLCAF\CMakeFiles\TKLCAF.dir\__\TFunction\TFunction_Iterator.cxx.obj
[2702/5643] Building CXX object src\TKLCAF\CMakeFiles\TKLCAF.dir\__\TDocStd\TDocStd.cxx.obj
[2703/5643] Building CXX object src\TKLCAF\CMakeFiles\TKLCAF.dir\__\TFunction\TFunction_Scope.cxx.obj
[2704/5643] Building CXX object src\TKLCAF\CMakeFiles\TKLCAF.dir\__\TDocStd\TDocStd_Context.cxx.obj
[2705/5643] Building CXX object src\TKLCAF\CMakeFiles\TKLCAF.dir\__\TDocStd\TDocStd_CompoundDelta.cxx.obj
[2706/5643] Building CXX object src\TKLCAF\CMakeFiles\TKLCAF.dir\__\TDocStd\TDocStd_ApplicationDelta.cxx.obj
[2707/5643] Building CXX object src\TKLCAF\CMakeFiles\TKLCAF.dir\__\TDocStd\TDocStd_Application.cxx.obj
[2708/5643] Building CXX object src\TKLCAF\CMakeFiles\TKLCAF.dir\__\TDocStd\TDocStd_Modified.cxx.obj
[2709/5643] Building CXX object src\TKLCAF\CMakeFiles\TKLCAF.dir\__\TDocStd\TDocStd_MultiTransactionManager.cxx.obj
[2710/5643] Building CXX object src\TKLCAF\CMakeFiles\TKLCAF.dir\__\TDocStd\TDocStd_Document.cxx.obj
[2711/5643] Building CXX object src\TKLCAF\CMakeFiles\TKLCAF.dir\__\TDocStd\TDocStd_PathParser.cxx.obj
[2712/5643] Building CXX object src\TKLCAF\CMakeFiles\TKLCAF.dir\__\TDocStd\TDocStd_Owner.cxx.obj
[2713/5643] Building CXX object src\TKLCAF\CMakeFiles\TKLCAF.dir\__\TDocStd\TDocStd_XLink.cxx.obj
[2714/5643] Building CXX object src\TKLCAF\CMakeFiles\TKLCAF.dir\__\TDocStd\TDocStd_XLinkIterator.cxx.obj
[2715/5643] Building CXX object src\TKLCAF\CMakeFiles\TKLCAF.dir\__\TDocStd\TDocStd_XLinkRoot.cxx.obj
[2716/5643] Building RC object src\TKLCAF\CMakeFiles\TKLCAF.dir\__\__\resources\TKLCAF.rc.res
[2717/5643] Generating CXX unity source src/TKCAF/cotire/TKCAF_CXX_unity.cxx
CMake Warning (deprecated) at C:/Users/Davi/Downloads/oma/.release/native-build/src/occt/adm/cmake/cotire.cmake:40 (cmake_minimum_required):
  Compatibility with CMake < 3.10 will be removed from a future version of
  CMake.

  Update the VERSION argument <min> value.  Or, use the <min>...<max> syntax
  to tell CMake that the project requires at least <min> but has been updated
  to work with policies introduced by <max> or earlier.
This warning is for project developers.  Use -Wno-author or -Wno-deprecated
to suppress it.

[2718/5643] Building CXX object src\TKLCAF\CMakeFiles\TKLCAF.dir\__\TDocStd\TDocStd_XLinkTool.cxx.obj
[2719/5643] Generating CXX unity source src/TKBinL/cotire/TKBinL_CXX_unity.cxx
CMake Warning (deprecated) at C:/Users/Davi/Downloads/oma/.release/native-build/src/occt/adm/cmake/cotire.cmake:40 (cmake_minimum_required):
  Compatibility with CMake < 3.10 will be removed from a future version of
  CMake.

  Update the VERSION argument <min> value.  Or, use the <min>...<max> syntax
  to tell CMake that the project requires at least <min> but has been updated
  to work with policies introduced by <max> or earlier.
This warning is for project developers.  Use -Wno-author or -Wno-deprecated
to suppress it.

[2720/5643] Generating CXX unity source src/TKXmlL/cotire/TKXmlL_CXX_unity.cxx
CMake Warning (deprecated) at C:/Users/Davi/Downloads/oma/.release/native-build/src/occt/adm/cmake/cotire.cmake:40 (cmake_minimum_required):
  Compatibility with CMake < 3.10 will be removed from a future version of
  CMake.

  Update the VERSION argument <min> value.  Or, use the <min>...<max> syntax
  to tell CMake that the project requires at least <min> but has been updated
  to work with policies introduced by <max> or earlier.
This warning is for project developers.  Use -Wno-author or -Wno-deprecated
to suppress it.

[2721/5643] Building CXX object src\TKLCAF\CMakeFiles\TKLCAF.dir\__\AppStdL\AppStdL_Application.cxx.obj
[2722/5643] Linking CXX static library win64\vc14\lib\TKLCAF.lib
[2723/5643] Generating CXX unity source src/TKBin/cotire/TKBin_CXX_unity.cxx
CMake Warning (deprecated) at C:/Users/Davi/Downloads/oma/.release/native-build/src/occt/adm/cmake/cotire.cmake:40 (cmake_minimum_required):
  Compatibility with CMake < 3.10 will be removed from a future version of
  CMake.

  Update the VERSION argument <min> value.  Or, use the <min>...<max> syntax
  to tell CMake that the project requires at least <min> but has been updated
  to work with policies introduced by <max> or earlier.
This warning is for project developers.  Use -Wno-author or -Wno-deprecated
to suppress it.

[2724/5643] Generating CXX prefix header src/TKBinL/cotire/TKBinL_CXX_prefix.hxx
CMake Warning (deprecated) at C:/Users/Davi/Downloads/oma/.release/native-build/src/occt/adm/cmake/cotire.cmake:40 (cmake_minimum_required):
  Compatibility with CMake < 3.10 will be removed from a future version of
  CMake.

  Update the VERSION argument <min> value.  Or, use the <min>...<max> syntax
  to tell CMake that the project requires at least <min> but has been updated
  to work with policies introduced by <max> or earlier.
This warning is for project developers.  Use -Wno-author or -Wno-deprecated
to suppress it.

[2725/5643] Generating CXX prefix header src/TKXmlL/cotire/TKXmlL_CXX_prefix.hxx
CMake Warning (deprecated) at C:/Users/Davi/Downloads/oma/.release/native-build/src/occt/adm/cmake/cotire.cmake:40 (cmake_minimum_required):
  Compatibility with CMake < 3.10 will be removed from a future version of
  CMake.

  Update the VERSION argument <min> value.  Or, use the <min>...<max> syntax
  to tell CMake that the project requires at least <min> but has been updated
  to work with policies introduced by <max> or earlier.
This warning is for project developers.  Use -Wno-author or -Wno-deprecated
to suppress it.

[2726/5643] Building RC object src\TKBinL\CMakeFiles\TKBinL.dir\__\__\resources\TKBinL.rc.res
[2727/5643] Generating CXX prefix header src/TKBin/cotire/TKBin_CXX_prefix.hxx
CMake Warning (deprecated) at C:/Users/Davi/Downloads/oma/.release/native-build/src/occt/adm/cmake/cotire.cmake:40 (cmake_minimum_required):
  Compatibility with CMake < 3.10 will be removed from a future version of
  CMake.

  Update the VERSION argument <min> value.  Or, use the <min>...<max> syntax
  to tell CMake that the project requires at least <min> but has been updated
  to work with policies introduced by <max> or earlier.
This warning is for project developers.  Use -Wno-author or -Wno-deprecated
to suppress it.

[2728/5643] Generating CXX prefix header src/TKCAF/cotire/TKCAF_CXX_prefix.hxx
CMake Warning (deprecated) at C:/Users/Davi/Downloads/oma/.release/native-build/src/occt/adm/cmake/cotire.cmake:40 (cmake_minimum_required):
  Compatibility with CMake < 3.10 will be removed from a future version of
  CMake.

  Update the VERSION argument <min> value.  Or, use the <min>...<max> syntax
  to tell CMake that the project requires at least <min> but has been updated
  to work with policies introduced by <max> or earlier.
This warning is for project developers.  Use -Wno-author or -Wno-deprecated
to suppress it.

[2729/5643] Building RC object src\TKXmlL\CMakeFiles\TKXmlL.dir\__\__\resources\TKXmlL.rc.res
[2730/5643] Building RC object src\TKCAF\CMakeFiles\TKCAF.dir\__\__\resources\TKCAF.rc.res
[2731/5643] Building CXX object src\TKBinL\CMakeFiles\TKBinL.dir\__\BinMDF\BinMDF.cxx.obj
[2732/5643] Building CXX object src\TKBinL\CMakeFiles\TKBinL.dir\__\BinMDF\BinMDF_ADriver.cxx.obj
[2733/5643] Building CXX object src\TKXmlL\CMakeFiles\TKXmlL.dir\__\XmlLDrivers\XmlLDrivers.cxx.obj
[2734/5643] Building CXX object src\TKBinL\CMakeFiles\TKBinL.dir\__\BinMDF\BinMDF_ADriverTable.cxx.obj
[2735/5643] Building CXX object src\TKCAF\CMakeFiles\TKCAF.dir\__\TDataXtd\TDataXtd.cxx.obj
[2736/5643] Building CXX object src\TKBinL\CMakeFiles\TKBinL.dir\__\BinMDF\BinMDF_ReferenceDriver.cxx.obj
[2737/5643] Building CXX object src\TKBinL\CMakeFiles\TKBinL.dir\__\BinMDF\BinMDF_TagSourceDriver.cxx.obj
[2738/5643] Building CXX object src\TKBin\CMakeFiles\TKBin.dir\__\BinDrivers\BinDrivers.cxx.obj
[2739/5643] Building CXX object src\TKCAF\CMakeFiles\TKCAF.dir\__\TDataXtd\TDataXtd_Pattern.cxx.obj
[2740/5643] Building CXX object src\TKCAF\CMakeFiles\TKCAF.dir\__\TDataXtd\TDataXtd_Constraint.cxx.obj
[2741/5643] Building CXX object src\TKCAF\CMakeFiles\TKCAF.dir\__\TDataXtd\TDataXtd_Axis.cxx.obj
[2742/5643] Building CXX object src\TKCAF\CMakeFiles\TKCAF.dir\__\TDataXtd\TDataXtd_Geometry.cxx.obj
[2743/5643] Building CXX object src\TKCAF\CMakeFiles\TKCAF.dir\__\TDataXtd\TDataXtd_Placement.cxx.obj
[2744/5643] Building CXX object src\TKCAF\CMakeFiles\TKCAF.dir\__\TDataXtd\TDataXtd_PatternStd.cxx.obj
[2745/5643] Building CXX object src\TKCAF\CMakeFiles\TKCAF.dir\__\TDataXtd\TDataXtd_Plane.cxx.obj
[2746/5643] Building CXX object src\TKCAF\CMakeFiles\TKCAF.dir\__\TDataXtd\TDataXtd_Position.cxx.obj
[2747/5643] Building CXX object src\TKCAF\CMakeFiles\TKCAF.dir\__\TDataXtd\TDataXtd_Point.cxx.obj
[2748/5643] Building CXX object src\TKCAF\CMakeFiles\TKCAF.dir\__\TDataXtd\TDataXtd_Presentation.cxx.obj
[2749/5643] Building CXX object src\TKCAF\CMakeFiles\TKCAF.dir\__\TNaming\TNaming_CopyShape.cxx.obj
[2750/5643] Building CXX object src\TKCAF\CMakeFiles\TKCAF.dir\__\TDataXtd\TDataXtd_Triangulation.cxx.obj
[2751/5643] Building CXX object src\TKCAF\CMakeFiles\TKCAF.dir\__\TDataXtd\TDataXtd_Shape.cxx.obj
[2752/5643] Building CXX object src\TKCAF\CMakeFiles\TKCAF.dir\__\TNaming\TNaming_DeltaOnRemoval.cxx.obj
[2753/5643] Building CXX object src\TKCAF\CMakeFiles\TKCAF.dir\__\TNaming\TNaming_DeltaOnModification.cxx.obj
[2754/5643] Building CXX object src\TKCAF\CMakeFiles\TKCAF.dir\__\TNaming\TNaming_Identifier.cxx.obj
[2755/5643] Building CXX object src\TKCAF\CMakeFiles\TKCAF.dir\__\TNaming\TNaming.cxx.obj
[2756/5643] Building CXX object src\TKCAF\CMakeFiles\TKCAF.dir\__\TNaming\TNaming_Localizer.cxx.obj
[2757/5643] Building CXX object src\TKCAF\CMakeFiles\TKCAF.dir\__\TNaming\TNaming_NamedShape.cxx.obj
[2758/5643] Building CXX object src\TKCAF\CMakeFiles\TKCAF.dir\__\TNaming\TNaming_NamingTool.cxx.obj
[2759/5643] Building CXX object src\TKCAF\CMakeFiles\TKCAF.dir\__\TNaming\TNaming_Name.cxx.obj
[2760/5643] Building CXX object src\TKCAF\CMakeFiles\TKCAF.dir\__\TNaming\TNaming_Scope.cxx.obj
[2761/5643] Building CXX object src\TKCAF\CMakeFiles\TKCAF.dir\__\TNaming\TNaming_Naming.cxx.obj
[2762/5643] Building CXX object src\TKCAF\CMakeFiles\TKCAF.dir\__\TNaming\TNaming_ShapesSet.cxx.obj
[2763/5643] Building CXX object src\TKCAF\CMakeFiles\TKCAF.dir\__\TNaming\TNaming_Selector.cxx.obj
[2764/5643] Building CXX object src\TKCAF\CMakeFiles\TKCAF.dir\__\TNaming\TNaming_TranslateTool.cxx.obj
[2765/5643] Building CXX object src\TKCAF\CMakeFiles\TKCAF.dir\__\TNaming\TNaming_Translator.cxx.obj
[2766/5643] Building CXX object src\TKCAF\CMakeFiles\TKCAF.dir\__\TNaming\TNaming_Tool.cxx.obj
[2767/5643] Building CXX object src\TKCAF\CMakeFiles\TKCAF.dir\__\TNaming\TNaming_UsedShapes.cxx.obj
[2768/5643] Building CXX object src\TKBinL\CMakeFiles\TKBinL.dir\__\BinMDF\BinMDF_DerivedDriver.cxx.obj
[2769/5643] Building CXX object src\TKBinL\CMakeFiles\TKBinL.dir\__\BinMDataStd\BinMDataStd_AsciiStringDriver.cxx.obj
[2770/5643] Building CXX object src\TKCAF\CMakeFiles\TKCAF.dir\__\AppStd\AppStd_Application.cxx.obj
[2771/5643] Building CXX object src\TKBinL\CMakeFiles\TKBinL.dir\__\BinMDataStd\BinMDataStd.cxx.obj
[2772/5643] Linking CXX static library win64\vc14\lib\TKCAF.lib
[2773/5643] Building CXX object src\TKBinL\CMakeFiles\TKBinL.dir\__\BinMDataStd\BinMDataStd_BooleanArrayDriver.cxx.obj
[2774/5643] Building CXX object src\TKBinL\CMakeFiles\TKBinL.dir\__\BinMDataStd\BinMDataStd_BooleanListDriver.cxx.obj
[2775/5643] Building CXX object src\TKBinL\CMakeFiles\TKBinL.dir\__\BinMDataStd\BinMDataStd_ByteArrayDriver.cxx.obj
[2776/5643] Building CXX object src\TKBinL\CMakeFiles\TKBinL.dir\__\BinMDataStd\BinMDataStd_ExpressionDriver.cxx.obj
[2777/5643] Building CXX object src\TKBinL\CMakeFiles\TKBinL.dir\__\BinMDataStd\BinMDataStd_ExtStringArrayDriver.cxx.obj
[2778/5643] Building CXX object src\TKBinL\CMakeFiles\TKBinL.dir\__\BinMDataStd\BinMDataStd_ExtStringListDriver.cxx.obj
[2779/5643] Building CXX object src\TKBinL\CMakeFiles\TKBinL.dir\__\BinMDataStd\BinMDataStd_IntegerArrayDriver.cxx.obj
[2780/5643] Building CXX object src\TKBinL\CMakeFiles\TKBinL.dir\__\BinMDataStd\BinMDataStd_IntegerDriver.cxx.obj
[2781/5643] Building CXX object src\TKBinL\CMakeFiles\TKBinL.dir\__\BinMDataStd\BinMDataStd_IntegerListDriver.cxx.obj
[2782/5643] Building CXX object src\TKBinL\CMakeFiles\TKBinL.dir\__\BinMDataStd\BinMDataStd_IntPackedMapDriver.cxx.obj
[2783/5643] Building CXX object src\TKBinL\CMakeFiles\TKBinL.dir\__\BinMDataStd\BinMDataStd_GenericExtStringDriver.cxx.obj
[2784/5643] Building CXX object src\TKBinL\CMakeFiles\TKBinL.dir\__\BinMDataStd\BinMDataStd_NamedDataDriver.cxx.obj
[2785/5643] Building CXX object src\TKBinL\CMakeFiles\TKBinL.dir\__\BinMDataStd\BinMDataStd_RealArrayDriver.cxx.obj
[2786/5643] Building CXX object src\TKBinL\CMakeFiles\TKBinL.dir\__\BinMDataStd\BinMDataStd_RealDriver.cxx.obj
[2787/5643] Building CXX object src\TKBinL\CMakeFiles\TKBinL.dir\__\BinMDataStd\BinMDataStd_RealListDriver.cxx.obj
[2788/5643] Building CXX object src\TKBinL\CMakeFiles\TKBinL.dir\__\BinMDataStd\BinMDataStd_ReferenceListDriver.cxx.obj
[2789/5643] Building CXX object src\TKBinL\CMakeFiles\TKBinL.dir\__\BinMDataStd\BinMDataStd_GenericEmptyDriver.cxx.obj
[2790/5643] Building CXX object src\TKBinL\CMakeFiles\TKBinL.dir\__\BinMDataStd\BinMDataStd_ReferenceArrayDriver.cxx.obj
[2791/5643] Building CXX object src\TKBinL\CMakeFiles\TKBinL.dir\__\BinMDataStd\BinMDataStd_TreeNodeDriver.cxx.obj
[2792/5643] Building CXX object src\TKBinL\CMakeFiles\TKBinL.dir\__\BinMFunction\BinMFunction.cxx.obj
[2793/5643] Building CXX object src\TKBinL\CMakeFiles\TKBinL.dir\__\BinMDataStd\BinMDataStd_VariableDriver.cxx.obj
[2794/5643] Building CXX object src\TKBinL\CMakeFiles\TKBinL.dir\__\BinMDataStd\BinMDataStd_UAttributeDriver.cxx.obj
[2795/5643] Building CXX object src\TKBinL\CMakeFiles\TKBinL.dir\__\BinMFunction\BinMFunction_FunctionDriver.cxx.obj
[2796/5643] Building CXX object src\TKBinL\CMakeFiles\TKBinL.dir\__\BinMDocStd\BinMDocStd.cxx.obj
[2797/5643] Building CXX object src\TKBinL\CMakeFiles\TKBinL.dir\__\BinMFunction\BinMFunction_GraphNodeDriver.cxx.obj
[2798/5643] Building CXX object src\TKBinL\CMakeFiles\TKBinL.dir\__\BinMFunction\BinMFunction_ScopeDriver.cxx.obj
[2799/5643] Building CXX object src\TKBinL\CMakeFiles\TKBinL.dir\__\BinObjMgt\BinObjMgt_Position.cxx.obj
[2800/5643] Building CXX object src\TKBinL\CMakeFiles\TKBinL.dir\__\BinMDocStd\BinMDocStd_XLinkDriver.cxx.obj
[2801/5643] Building CXX object src\TKBinL\CMakeFiles\TKBinL.dir\__\BinObjMgt\BinObjMgt_RRelocationTable.cxx.obj
[2802/5643] Building CXX object src\TKBinL\CMakeFiles\TKBinL.dir\__\BinObjMgt\BinObjMgt_Persistent.cxx.obj
[2803/5643] Building CXX object src\TKBinL\CMakeFiles\TKBinL.dir\__\BinLDrivers\BinLDrivers_DocumentSection.cxx.obj
[2804/5643] Building CXX object src\TKBinL\CMakeFiles\TKBinL.dir\__\BinLDrivers\BinLDrivers.cxx.obj
[2805/5643] Building CXX object src\TKBinL\CMakeFiles\TKBinL.dir\__\BinLDrivers\BinLDrivers_DocumentStorageDriver.cxx.obj
[2806/5643] Building CXX object src\TKBinL\CMakeFiles\TKBinL.dir\__\BinLDrivers\BinLDrivers_DocumentRetrievalDriver.cxx.obj
[2807/5643] Building CXX object src\TKXmlL\CMakeFiles\TKXmlL.dir\__\XmlLDrivers\XmlLDrivers_DocumentRetrievalDriver.cxx.obj
[2808/5643] Linking CXX static library win64\vc14\lib\TKBinL.lib
[2809/5643] Building CXX object src\TKXmlL\CMakeFiles\TKXmlL.dir\__\XmlLDrivers\XmlLDrivers_NamespaceDef.cxx.obj
[2810/5643] Building CXX object src\TKXmlL\CMakeFiles\TKXmlL.dir\__\XmlLDrivers\XmlLDrivers_DocumentStorageDriver.cxx.obj
[2811/5643] Building CXX object src\TKXmlL\CMakeFiles\TKXmlL.dir\__\XmlMDF\XmlMDF_ADriver.cxx.obj
[2812/5643] Building CXX object src\TKXmlL\CMakeFiles\TKXmlL.dir\__\XmlMDF\XmlMDF_ADriverTable.cxx.obj
[2813/5643] Building CXX object src\TKXmlL\CMakeFiles\TKXmlL.dir\__\XmlMDF\XmlMDF_ReferenceDriver.cxx.obj
[2814/5643] Building CXX object src\TKXmlL\CMakeFiles\TKXmlL.dir\__\XmlMDF\XmlMDF.cxx.obj
[2815/5643] Building CXX object src\TKXmlL\CMakeFiles\TKXmlL.dir\__\XmlMDF\XmlMDF_TagSourceDriver.cxx.obj
[2816/5643] Building CXX object src\TKXmlL\CMakeFiles\TKXmlL.dir\__\XmlMDF\XmlMDF_DerivedDriver.cxx.obj
[2817/5643] Building CXX object src\TKXmlL\CMakeFiles\TKXmlL.dir\__\XmlMDataStd\XmlMDataStd.cxx.obj
[2818/5643] Building CXX object src\TKXmlL\CMakeFiles\TKXmlL.dir\__\XmlMDataStd\XmlMDataStd_AsciiStringDriver.cxx.obj
[2819/5643] Building CXX object src\TKXmlL\CMakeFiles\TKXmlL.dir\__\XmlMDataStd\XmlMDataStd_BooleanArrayDriver.cxx.obj
[2820/5643] Building CXX object src\TKXmlL\CMakeFiles\TKXmlL.dir\__\XmlMDataStd\XmlMDataStd_BooleanListDriver.cxx.obj
[2821/5643] Building CXX object src\TKXmlL\CMakeFiles\TKXmlL.dir\__\XmlMDataStd\XmlMDataStd_ByteArrayDriver.cxx.obj
[2822/5643] Building CXX object src\TKXmlL\CMakeFiles\TKXmlL.dir\__\XmlMDataStd\XmlMDataStd_ExpressionDriver.cxx.obj
[2823/5643] Building CXX object src\TKXmlL\CMakeFiles\TKXmlL.dir\__\XmlMDataStd\XmlMDataStd_ExtStringArrayDriver.cxx.obj
[2824/5643] Building CXX object src\TKXmlL\CMakeFiles\TKXmlL.dir\__\XmlMDataStd\XmlMDataStd_ExtStringListDriver.cxx.obj
[2825/5643] Building CXX object src\TKXmlL\CMakeFiles\TKXmlL.dir\__\XmlMDataStd\XmlMDataStd_IntegerArrayDriver.cxx.obj
[2826/5643] Building CXX object src\TKXmlL\CMakeFiles\TKXmlL.dir\__\XmlMDataStd\XmlMDataStd_IntegerDriver.cxx.obj
[2827/5643] Building CXX object src\TKXmlL\CMakeFiles\TKXmlL.dir\__\XmlMDataStd\XmlMDataStd_IntegerListDriver.cxx.obj
[2828/5643] Building CXX object src\TKXmlL\CMakeFiles\TKXmlL.dir\__\XmlMDataStd\XmlMDataStd_IntPackedMapDriver.cxx.obj
[2829/5643] Building CXX object src\TKXmlL\CMakeFiles\TKXmlL.dir\__\XmlMDataStd\XmlMDataStd_GenericExtStringDriver.cxx.obj
[2830/5643] Building CXX object src\TKXmlL\CMakeFiles\TKXmlL.dir\__\XmlMDataStd\XmlMDataStd_RealArrayDriver.cxx.obj
[2831/5643] Building CXX object src\TKXmlL\CMakeFiles\TKXmlL.dir\__\XmlMDataStd\XmlMDataStd_RealDriver.cxx.obj
[2832/5643] Building CXX object src\TKXmlL\CMakeFiles\TKXmlL.dir\__\XmlMDataStd\XmlMDataStd_RealListDriver.cxx.obj
[2833/5643] Building CXX object src\TKXmlL\CMakeFiles\TKXmlL.dir\__\XmlMDataStd\XmlMDataStd_ReferenceListDriver.cxx.obj
[2834/5643] Building CXX object src\TKXmlL\CMakeFiles\TKXmlL.dir\__\XmlMDataStd\XmlMDataStd_ReferenceArrayDriver.cxx.obj
[2835/5643] Building CXX object src\TKXmlL\CMakeFiles\TKXmlL.dir\__\XmlMDataStd\XmlMDataStd_NamedDataDriver.cxx.obj
[2836/5643] Building CXX object src\TKXmlL\CMakeFiles\TKXmlL.dir\__\XmlMDataStd\XmlMDataStd_GenericEmptyDriver.cxx.obj
[2837/5643] Building CXX object src\TKXmlL\CMakeFiles\TKXmlL.dir\__\XmlMDataStd\XmlMDataStd_UAttributeDriver.cxx.obj
[2838/5643] Building CXX object src\TKXmlL\CMakeFiles\TKXmlL.dir\__\XmlMDataStd\XmlMDataStd_VariableDriver.cxx.obj
[2839/5643] Building CXX object src\TKXmlL\CMakeFiles\TKXmlL.dir\__\XmlMDataStd\XmlMDataStd_TreeNodeDriver.cxx.obj
[2840/5643] Building CXX object src\TKXmlL\CMakeFiles\TKXmlL.dir\__\XmlMDocStd\XmlMDocStd.cxx.obj
[2841/5643] Building CXX object src\TKXmlL\CMakeFiles\TKXmlL.dir\__\XmlMFunction\XmlMFunction.cxx.obj
[2842/5643] Building CXX object src\TKXmlL\CMakeFiles\TKXmlL.dir\__\XmlMDocStd\XmlMDocStd_XLinkDriver.cxx.obj
[2843/5643] Building CXX object src\TKXmlL\CMakeFiles\TKXmlL.dir\__\XmlMFunction\XmlMFunction_FunctionDriver.cxx.obj
[2844/5643] Building CXX object src\TKXmlL\CMakeFiles\TKXmlL.dir\__\XmlMFunction\XmlMFunction_GraphNodeDriver.cxx.obj
[2845/5643] Building CXX object src\TKXmlL\CMakeFiles\TKXmlL.dir\__\XmlObjMgt\XmlObjMgt.cxx.obj
[2846/5643] Building CXX object src\TKXmlL\CMakeFiles\TKXmlL.dir\__\XmlObjMgt\XmlObjMgt_Array1.cxx.obj
[2847/5643] Building CXX object src\TKXmlL\CMakeFiles\TKXmlL.dir\__\XmlObjMgt\XmlObjMgt_Persistent.cxx.obj
[2848/5643] Building CXX object src\TKXmlL\CMakeFiles\TKXmlL.dir\__\XmlObjMgt\XmlObjMgt_GP.cxx.obj
[2849/5643] Building CXX object src\TKXmlL\CMakeFiles\TKXmlL.dir\__\XmlMFunction\XmlMFunction_ScopeDriver.cxx.obj
[2850/5643] Building CXX object src\TKXmlL\CMakeFiles\TKXmlL.dir\__\XmlObjMgt\XmlObjMgt_RRelocationTable.cxx.obj
[2851/5643] Building CXX object src\TKXmlL\CMakeFiles\TKXmlL.dir\__\XmlObjMgt\XmlObjMgt_SRelocationTable.cxx.obj
[2852/5643] Linking CXX static library win64\vc14\lib\TKXmlL.lib
[2853/5643] Building CXX object src\TKBin\CMakeFiles\TKBin.dir\__\BinMDataXtd\BinMDataXtd.cxx.obj
[2854/5643] Building CXX object src\TKBin\CMakeFiles\TKBin.dir\__\BinMDataXtd\BinMDataXtd_GeometryDriver.cxx.obj
[2855/5643] Building CXX object src\TKBin\CMakeFiles\TKBin.dir\__\BinMDataXtd\BinMDataXtd_ConstraintDriver.cxx.obj
[2856/5643] Building CXX object src\TKBin\CMakeFiles\TKBin.dir\__\BinDrivers\BinDrivers_DocumentRetrievalDriver.cxx.obj
[2857/5643] Building CXX object src\TKBin\CMakeFiles\TKBin.dir\__\BinDrivers\BinDrivers_DocumentStorageDriver.cxx.obj
[2858/5643] Building CXX object src\TKBin\CMakeFiles\TKBin.dir\__\BinMDataXtd\BinMDataXtd_PresentationDriver.cxx.obj
[2859/5643] Building CXX object src\TKBin\CMakeFiles\TKBin.dir\__\BinMDataXtd\BinMDataXtd_PositionDriver.cxx.obj
[2860/5643] Building CXX object src\TKBin\CMakeFiles\TKBin.dir\__\BinMDataXtd\BinMDataXtd_PatternStdDriver.cxx.obj
[2861/5643] Building CXX object src\TKBin\CMakeFiles\TKBin.dir\__\BinMDataXtd\BinMDataXtd_TriangulationDriver.cxx.obj
[2862/5643] Building RC object src\TKBin\CMakeFiles\TKBin.dir\__\__\resources\TKBin.rc.res
[2863/5643] Generating CXX unity source src/TKXml/cotire/TKXml_CXX_unity.cxx
CMake Warning (deprecated) at C:/Users/Davi/Downloads/oma/.release/native-build/src/occt/adm/cmake/cotire.cmake:40 (cmake_minimum_required):
  Compatibility with CMake < 3.10 will be removed from a future version of
  CMake.

  Update the VERSION argument <min> value.  Or, use the <min>...<max> syntax
  to tell CMake that the project requires at least <min> but has been updated
  to work with policies introduced by <max> or earlier.
This warning is for project developers.  Use -Wno-author or -Wno-deprecated
to suppress it.

[2864/5643] Building CXX object src\TKBin\CMakeFiles\TKBin.dir\__\BinMNaming\BinMNaming.cxx.obj
[2865/5643] Building CXX object src\TKBin\CMakeFiles\TKBin.dir\__\BinMNaming\BinMNaming_NamingDriver.cxx.obj
[2866/5643] Generating CXX unity source src/TKStdL/cotire/TKStdL_CXX_unity.cxx
CMake Warning (deprecated) at C:/Users/Davi/Downloads/oma/.release/native-build/src/occt/adm/cmake/cotire.cmake:40 (cmake_minimum_required):
  Compatibility with CMake < 3.10 will be removed from a future version of
  CMake.

  Update the VERSION argument <min> value.  Or, use the <min>...<max> syntax
  to tell CMake that the project requires at least <min> but has been updated
  to work with policies introduced by <max> or earlier.
This warning is for project developers.  Use -Wno-author or -Wno-deprecated
to suppress it.

[2867/5643] Generating CXX unity source src/TKStd/cotire/TKStd_CXX_unity.cxx
CMake Warning (deprecated) at C:/Users/Davi/Downloads/oma/.release/native-build/src/occt/adm/cmake/cotire.cmake:40 (cmake_minimum_required):
  Compatibility with CMake < 3.10 will be removed from a future version of
  CMake.

  Update the VERSION argument <min> value.  Or, use the <min>...<max> syntax
  to tell CMake that the project requires at least <min> but has been updated
  to work with policies introduced by <max> or earlier.
This warning is for project developers.  Use -Wno-author or -Wno-deprecated
to suppress it.

[2868/5643] Building CXX object src\TKBin\CMakeFiles\TKBin.dir\__\BinMNaming\BinMNaming_NamedShapeDriver.cxx.obj
[2869/5643] Linking CXX static library win64\vc14\lib\TKBin.lib
[2870/5643] Generating CXX unity source src/TKTObj/cotire/TKTObj_CXX_unity.cxx
CMake Warning (deprecated) at C:/Users/Davi/Downloads/oma/.release/native-build/src/occt/adm/cmake/cotire.cmake:40 (cmake_minimum_required):
  Compatibility with CMake < 3.10 will be removed from a future version of
  CMake.

  Update the VERSION argument <min> value.  Or, use the <min>...<max> syntax
  to tell CMake that the project requires at least <min> but has been updated
  to work with policies introduced by <max> or earlier.
This warning is for project developers.  Use -Wno-author or -Wno-deprecated
to suppress it.

[2871/5643] Generating CXX prefix header src/TKXml/cotire/TKXml_CXX_prefix.hxx
CMake Warning (deprecated) at C:/Users/Davi/Downloads/oma/.release/native-build/src/occt/adm/cmake/cotire.cmake:40 (cmake_minimum_required):
  Compatibility with CMake < 3.10 will be removed from a future version of
  CMake.

  Update the VERSION argument <min> value.  Or, use the <min>...<max> syntax
  to tell CMake that the project requires at least <min> but has been updated
  to work with policies introduced by <max> or earlier.
This warning is for project developers.  Use -Wno-author or -Wno-deprecated
to suppress it.

[2872/5643] Generating CXX prefix header src/TKStdL/cotire/TKStdL_CXX_prefix.hxx
CMake Warning (deprecated) at C:/Users/Davi/Downloads/oma/.release/native-build/src/occt/adm/cmake/cotire.cmake:40 (cmake_minimum_required):
  Compatibility with CMake < 3.10 will be removed from a future version of
  CMake.

  Update the VERSION argument <min> value.  Or, use the <min>...<max> syntax
  to tell CMake that the project requires at least <min> but has been updated
  to work with policies introduced by <max> or earlier.
This warning is for project developers.  Use -Wno-author or -Wno-deprecated
to suppress it.

[2873/5643] Building RC object src\TKXml\CMakeFiles\TKXml.dir\__\__\resources\TKXml.rc.res
[2874/5643] Generating CXX prefix header src/TKTObj/cotire/TKTObj_CXX_prefix.hxx
CMake Warning (deprecated) at C:/Users/Davi/Downloads/oma/.release/native-build/src/occt/adm/cmake/cotire.cmake:40 (cmake_minimum_required):
  Compatibility with CMake < 3.10 will be removed from a future version of
  CMake.

  Update the VERSION argument <min> value.  Or, use the <min>...<max> syntax
  to tell CMake that the project requires at least <min> but has been updated
  to work with policies introduced by <max> or earlier.
This warning is for project developers.  Use -Wno-author or -Wno-deprecated
to suppress it.

[2875/5643] Building RC object src\TKStdL\CMakeFiles\TKStdL.dir\__\__\resources\TKStdL.rc.res
[2876/5643] Generating CXX prefix header src/TKStd/cotire/TKStd_CXX_prefix.hxx
CMake Warning (deprecated) at C:/Users/Davi/Downloads/oma/.release/native-build/src/occt/adm/cmake/cotire.cmake:40 (cmake_minimum_required):
  Compatibility with CMake < 3.10 will be removed from a future version of
  CMake.

  Update the VERSION argument <min> value.  Or, use the <min>...<max> syntax
  to tell CMake that the project requires at least <min> but has been updated
  to work with policies introduced by <max> or earlier.
This warning is for project developers.  Use -Wno-author or -Wno-deprecated
to suppress it.

[2877/5643] Building CXX object src\TKXml\CMakeFiles\TKXml.dir\__\XmlDrivers\XmlDrivers.cxx.obj
[2878/5643] Building CXX object src\TKStdL\CMakeFiles\TKStdL.dir\__\StdLDrivers\StdLDrivers.cxx.obj
[2879/5643] Building CXX object src\TKTObj\CMakeFiles\TKTObj.dir\__\TObj\TObj_Application.cxx.obj
[2880/5643] Building CXX object src\TKXml\CMakeFiles\TKXml.dir\__\XmlDrivers\XmlDrivers_DocumentRetrievalDriver.cxx.obj
[2881/5643] Building CXX object src\TKXml\CMakeFiles\TKXml.dir\__\XmlMDataXtd\XmlMDataXtd.cxx.obj
[2882/5643] Building CXX object src\TKXml\CMakeFiles\TKXml.dir\__\XmlDrivers\XmlDrivers_DocumentStorageDriver.cxx.obj
[2883/5643] Building CXX object src\TKStd\CMakeFiles\TKStd.dir\__\StdDrivers\StdDrivers.cxx.obj
[2884/5643] Building CXX object src\TKXml\CMakeFiles\TKXml.dir\__\XmlMDataXtd\XmlMDataXtd_GeometryDriver.cxx.obj
[2885/5643] Building CXX object src\TKXml\CMakeFiles\TKXml.dir\__\XmlMDataXtd\XmlMDataXtd_ConstraintDriver.cxx.obj
[2886/5643] Building CXX object src\TKXml\CMakeFiles\TKXml.dir\__\XmlMDataXtd\XmlMDataXtd_PositionDriver.cxx.obj
[2887/5643] Building CXX object src\TKXml\CMakeFiles\TKXml.dir\__\XmlMDataXtd\XmlMDataXtd_PresentationDriver.cxx.obj
[2888/5643] Building CXX object src\TKXml\CMakeFiles\TKXml.dir\__\XmlMDataXtd\XmlMDataXtd_PatternStdDriver.cxx.obj
[2889/5643] Building CXX object src\TKXml\CMakeFiles\TKXml.dir\__\XmlMDataXtd\XmlMDataXtd_TriangulationDriver.cxx.obj
[2890/5643] Building CXX object src\TKXml\CMakeFiles\TKXml.dir\__\XmlMNaming\XmlMNaming.cxx.obj
[2891/5643] Building CXX object src\TKXml\CMakeFiles\TKXml.dir\__\XmlMNaming\XmlMNaming_NamingDriver.cxx.obj
[2892/5643] Building CXX object src\TKXml\CMakeFiles\TKXml.dir\__\XmlMNaming\XmlMNaming_Shape1.cxx.obj
[2893/5643] Building CXX object src\TKXml\CMakeFiles\TKXml.dir\__\XmlMNaming\XmlMNaming_NamedShapeDriver.cxx.obj
[2894/5643] Linking CXX static library win64\vc14\lib\TKXml.lib
[2895/5643] Building CXX object src\TKStdL\CMakeFiles\TKStdL.dir\__\StdLDrivers\StdLDrivers_DocumentRetrievalDriver.cxx.obj
[2896/5643] Building CXX object src\TKStdL\CMakeFiles\TKStdL.dir\__\StdLPersistent\StdLPersistent_Data.cxx.obj
[2897/5643] Building CXX object src\TKStdL\CMakeFiles\TKStdL.dir\__\StdLPersistent\StdLPersistent_Collection.cxx.obj
[2898/5643] Building CXX object src\TKStdL\CMakeFiles\TKStdL.dir\__\StdLPersistent\StdLPersistent.cxx.obj
[2899/5643] Building CXX object src\TKStdL\CMakeFiles\TKStdL.dir\__\StdLPersistent\StdLPersistent_Dependency.cxx.obj
[2900/5643] Building CXX object src\TKStdL\CMakeFiles\TKStdL.dir\__\StdLPersistent\StdLPersistent_HArray1.cxx.obj
[2901/5643] Building CXX object src\TKStdL\CMakeFiles\TKStdL.dir\__\StdLPersistent\StdLPersistent_Document.cxx.obj
[2902/5643] Building CXX object src\TKStdL\CMakeFiles\TKStdL.dir\__\StdLPersistent\StdLPersistent_HString.cxx.obj
[2903/5643] Building CXX object src\TKStdL\CMakeFiles\TKStdL.dir\__\StdLPersistent\StdLPersistent_HArray2.cxx.obj
[2904/5643] Building CXX object src\TKStdL\CMakeFiles\TKStdL.dir\__\StdLPersistent\StdLPersistent_TreeNode.cxx.obj
[2905/5643] Building CXX object src\TKStdL\CMakeFiles\TKStdL.dir\__\StdObjMgt\StdObjMgt_Persistent.cxx.obj
[2906/5643] Building CXX object src\TKStdL\CMakeFiles\TKStdL.dir\__\StdLPersistent\StdLPersistent_NamedData.cxx.obj
[2907/5643] Building CXX object src\TKStdL\CMakeFiles\TKStdL.dir\__\StdLPersistent\StdLPersistent_Value.cxx.obj
[2908/5643] Building CXX object src\TKStdL\CMakeFiles\TKStdL.dir\__\StdObjMgt\StdObjMgt_ReadData.cxx.obj
[2909/5643] Building CXX object src\TKStdL\CMakeFiles\TKStdL.dir\__\StdObjMgt\StdObjMgt_WriteData.cxx.obj
[2910/5643] Building CXX object src\TKStd\CMakeFiles\TKStd.dir\__\StdDrivers\StdDrivers_DocumentRetrievalDriver.cxx.obj
[2911/5643] Linking CXX static library win64\vc14\lib\TKStdL.lib
[2912/5643] Building CXX object src\TKStd\CMakeFiles\TKStd.dir\__\StdObject\StdObject_Location.cxx.obj
[2913/5643] Building CXX object src\TKStd\CMakeFiles\TKStd.dir\__\StdObject\StdObject_Shape.cxx.obj
[2914/5643] Building CXX object src\TKStd\CMakeFiles\TKStd.dir\__\StdPersistent\StdPersistent_DataXtd.cxx.obj
[2915/5643] Building CXX object src\TKStd\CMakeFiles\TKStd.dir\__\StdPersistent\StdPersistent_DataXtd_Constraint.cxx.obj
[2916/5643] Building CXX object src\TKStd\CMakeFiles\TKStd.dir\__\StdPersistent\StdPersistent_DataXtd_PatternStd.cxx.obj
[2917/5643] Building CXX object src\TKStd\CMakeFiles\TKStd.dir\__\StdPersistent\StdPersistent.cxx.obj
[2918/5643] Building CXX object src\TKStd\CMakeFiles\TKStd.dir\__\StdPersistent\StdPersistent_PPrsStd.cxx.obj
[2919/5643] Building CXX object src\TKStd\CMakeFiles\TKStd.dir\__\StdPersistent\StdPersistent_Naming.cxx.obj
[2920/5643] Building CXX object src\TKStd\CMakeFiles\TKStd.dir\__\StdPersistent\StdPersistent_TopLoc.cxx.obj
[2921/5643] Building CXX object src\TKStd\CMakeFiles\TKStd.dir\__\StdStorage\StdStorage.cxx.obj
[2922/5643] Building CXX object src\TKStd\CMakeFiles\TKStd.dir\__\StdStorage\StdStorage_Data.cxx.obj
[2923/5643] Building CXX object src\TKStd\CMakeFiles\TKStd.dir\__\StdStorage\StdStorage_HeaderData.cxx.obj
[2924/5643] Building CXX object src\TKStd\CMakeFiles\TKStd.dir\__\StdStorage\StdStorage_Root.cxx.obj
[2925/5643] Building CXX object src\TKStd\CMakeFiles\TKStd.dir\__\StdStorage\StdStorage_BacketOfPersistent.cxx.obj
[2926/5643] Building CXX object src\TKStd\CMakeFiles\TKStd.dir\__\StdStorage\StdStorage_RootData.cxx.obj
[2927/5643] Building CXX object src\TKStd\CMakeFiles\TKStd.dir\__\StdStorage\StdStorage_TypeData.cxx.obj
[2928/5643] Building CXX object src\TKStd\CMakeFiles\TKStd.dir\__\ShapePersistent\ShapePersistent_Geom_Curve.cxx.obj
[2929/5643] Building CXX object src\TKStd\CMakeFiles\TKStd.dir\__\ShapePersistent\ShapePersistent_Geom.cxx.obj
[2930/5643] Building CXX object src\TKStd\CMakeFiles\TKStd.dir\__\ShapePersistent\ShapePersistent_BRep.cxx.obj
[2931/5643] Building CXX object src\TKStd\CMakeFiles\TKStd.dir\__\ShapePersistent\ShapePersistent.cxx.obj
[2932/5643] Building CXX object src\TKStd\CMakeFiles\TKStd.dir\__\ShapePersistent\ShapePersistent_Geom2d.cxx.obj
[2933/5643] Building CXX object src\TKStd\CMakeFiles\TKStd.dir\__\ShapePersistent\ShapePersistent_Geom2d_Curve.cxx.obj
[2934/5643] Building CXX object src\TKStd\CMakeFiles\TKStd.dir\__\ShapePersistent\ShapePersistent_Geom_Surface.cxx.obj
[2935/5643] Building RC object src\TKStd\CMakeFiles\TKStd.dir\__\__\resources\TKStd.rc.res
[2936/5643] Building CXX object src\TKStd\CMakeFiles\TKStd.dir\__\ShapePersistent\ShapePersistent_HSequence.cxx.obj
[2937/5643] Building CXX object src\TKTObj\CMakeFiles\TKTObj.dir\__\TObj\TObj_Assistant.cxx.obj
[2938/5643] Building CXX object src\TKStd\CMakeFiles\TKStd.dir\__\ShapePersistent\ShapePersistent_Poly.cxx.obj
[2939/5643] Building CXX object src\TKTObj\CMakeFiles\TKTObj.dir\__\TObj\TObj_CheckModel.cxx.obj
[2940/5643] Building CXX object src\TKTObj\CMakeFiles\TKTObj.dir\__\TObj\TObj_HiddenPartition.cxx.obj
[2941/5643] Building CXX object src\TKTObj\CMakeFiles\TKTObj.dir\__\TObj\TObj_LabelIterator.cxx.obj
[2942/5643] Building CXX object src\TKStd\CMakeFiles\TKStd.dir\__\ShapePersistent\ShapePersistent_TopoDS.cxx.obj
[2943/5643] Building CXX object src\TKTObj\CMakeFiles\TKTObj.dir\__\TObj\TObj_ModelIterator.cxx.obj
[2944/5643] Linking CXX static library win64\vc14\lib\TKStd.lib
[2945/5643] Building CXX object src\TKTObj\CMakeFiles\TKTObj.dir\__\TObj\TObj_Model.cxx.obj
[2946/5643] Building CXX object src\TKTObj\CMakeFiles\TKTObj.dir\__\TObj\TObj_ObjectIterator.cxx.obj
[2947/5643] Building CXX object src\TKTObj\CMakeFiles\TKTObj.dir\__\TObj\TObj_OcafObjectIterator.cxx.obj
[2948/5643] Building CXX object src\TKTObj\CMakeFiles\TKTObj.dir\__\TObj\TObj_Object.cxx.obj
[2949/5643] Building CXX object src\TKTObj\CMakeFiles\TKTObj.dir\__\TObj\TObj_Partition.cxx.obj
[2950/5643] Building CXX object src\TKTObj\CMakeFiles\TKTObj.dir\__\TObj\TObj_Persistence.cxx.obj
[2951/5643] Building CXX object src\TKTObj\CMakeFiles\TKTObj.dir\__\TObj\TObj_ReferenceIterator.cxx.obj
[2952/5643] Building CXX object src\TKTObj\CMakeFiles\TKTObj.dir\__\TObj\TObj_SequenceIterator.cxx.obj
[2953/5643] Building CXX object src\TKTObj\CMakeFiles\TKTObj.dir\__\TObj\TObj_TIntSparseArray.cxx.obj
[2954/5643] Building CXX object src\TKTObj\CMakeFiles\TKTObj.dir\__\TObj\TObj_TModel.cxx.obj
[2955/5643] Building CXX object src\TKTObj\CMakeFiles\TKTObj.dir\__\TObj\TObj_TNameContainer.cxx.obj
[2956/5643] Building CXX object src\TKTObj\CMakeFiles\TKTObj.dir\__\TObj\TObj_TObject.cxx.obj
[2957/5643] Generating CXX unity source src/TKBinTObj/cotire/TKBinTObj_CXX_unity.cxx
CMake Warning (deprecated) at C:/Users/Davi/Downloads/oma/.release/native-build/src/occt/adm/cmake/cotire.cmake:40 (cmake_minimum_required):
  Compatibility with CMake < 3.10 will be removed from a future version of
  CMake.

  Update the VERSION argument <min> value.  Or, use the <min>...<max> syntax
  to tell CMake that the project requires at least <min> but has been updated
  to work with policies introduced by <max> or earlier.
This warning is for project developers.  Use -Wno-author or -Wno-deprecated
to suppress it.

[2958/5643] Building RC object src\TKTObj\CMakeFiles\TKTObj.dir\__\__\resources\TKTObj.rc.res
[2959/5643] Building CXX object src\TKTObj\CMakeFiles\TKTObj.dir\__\TObj\TObj_TXYZ.cxx.obj
[2960/5643] Building CXX object src\TKTObj\CMakeFiles\TKTObj.dir\__\TObj\TObj_TReference.cxx.obj
[2961/5643] Generating CXX unity source src/TKXmlTObj/cotire/TKXmlTObj_CXX_unity.cxx
CMake Warning (deprecated) at C:/Users/Davi/Downloads/oma/.release/native-build/src/occt/adm/cmake/cotire.cmake:40 (cmake_minimum_required):
  Compatibility with CMake < 3.10 will be removed from a future version of
  CMake.

  Update the VERSION argument <min> value.  Or, use the <min>...<max> syntax
  to tell CMake that the project requires at least <min> but has been updated
  to work with policies introduced by <max> or earlier.
This warning is for project developers.  Use -Wno-author or -Wno-deprecated
to suppress it.

[2962/5643] Generating CXX unity source src/TKVCAF/cotire/TKVCAF_CXX_unity.cxx
CMake Warning (deprecated) at C:/Users/Davi/Downloads/oma/.release/native-build/src/occt/adm/cmake/cotire.cmake:40 (cmake_minimum_required):
  Compatibility with CMake < 3.10 will be removed from a future version of
  CMake.

  Update the VERSION argument <min> value.  Or, use the <min>...<max> syntax
  to tell CMake that the project requires at least <min> but has been updated
  to work with policies introduced by <max> or earlier.
This warning is for project developers.  Use -Wno-author or -Wno-deprecated
to suppress it.

[2963/5643] Linking CXX static library win64\vc14\lib\TKTObj.lib
[2964/5643] Generating CXX unity source src/TKDE/cotire/TKDE_CXX_unity.cxx
CMake Warning (deprecated) at C:/Users/Davi/Downloads/oma/.release/native-build/src/occt/adm/cmake/cotire.cmake:40 (cmake_minimum_required):
  Compatibility with CMake < 3.10 will be removed from a future version of
  CMake.

  Update the VERSION argument <min> value.  Or, use the <min>...<max> syntax
  to tell CMake that the project requires at least <min> but has been updated
  to work with policies introduced by <max> or earlier.
This warning is for project developers.  Use -Wno-author or -Wno-deprecated
to suppress it.

[2965/5643] Generating CXX prefix header src/TKBinTObj/cotire/TKBinTObj_CXX_prefix.hxx
CMake Warning (deprecated) at C:/Users/Davi/Downloads/oma/.release/native-build/src/occt/adm/cmake/cotire.cmake:40 (cmake_minimum_required):
  Compatibility with CMake < 3.10 will be removed from a future version of
  CMake.

  Update the VERSION argument <min> value.  Or, use the <min>...<max> syntax
  to tell CMake that the project requires at least <min> but has been updated
  to work with policies introduced by <max> or earlier.
This warning is for project developers.  Use -Wno-author or -Wno-deprecated
to suppress it.

[2966/5643] Generating CXX prefix header src/TKDE/cotire/TKDE_CXX_prefix.hxx
CMake Warning (deprecated) at C:/Users/Davi/Downloads/oma/.release/native-build/src/occt/adm/cmake/cotire.cmake:40 (cmake_minimum_required):
  Compatibility with CMake < 3.10 will be removed from a future version of
  CMake.

  Update the VERSION argument <min> value.  Or, use the <min>...<max> syntax
  to tell CMake that the project requires at least <min> but has been updated
  to work with policies introduced by <max> or earlier.
This warning is for project developers.  Use -Wno-author or -Wno-deprecated
to suppress it.

[2967/5643] Generating CXX prefix header src/TKXmlTObj/cotire/TKXmlTObj_CXX_prefix.hxx
CMake Warning (deprecated) at C:/Users/Davi/Downloads/oma/.release/native-build/src/occt/adm/cmake/cotire.cmake:40 (cmake_minimum_required):
  Compatibility with CMake < 3.10 will be removed from a future version of
  CMake.

  Update the VERSION argument <min> value.  Or, use the <min>...<max> syntax
  to tell CMake that the project requires at least <min> but has been updated
  to work with policies introduced by <max> or earlier.
This warning is for project developers.  Use -Wno-author or -Wno-deprecated
to suppress it.

[2968/5643] Building RC object src\TKBinTObj\CMakeFiles\TKBinTObj.dir\__\__\resources\TKBinTObj.rc.res
[2969/5643] Building RC object src\TKXmlTObj\CMakeFiles\TKXmlTObj.dir\__\__\resources\TKXmlTObj.rc.res
[2970/5643] Building CXX object src\TKBinTObj\CMakeFiles\TKBinTObj.dir\__\BinTObjDrivers\BinTObjDrivers.cxx.obj
[2971/5643] Building CXX object src\TKXmlTObj\CMakeFiles\TKXmlTObj.dir\__\XmlTObjDrivers\XmlTObjDrivers.cxx.obj
[2972/5643] Building CXX object src\TKDE\CMakeFiles\TKDE.dir\__\DE\DE_ConfigurationContext.cxx.obj
[2973/5643] Generating CXX prefix header src/TKVCAF/cotire/TKVCAF_CXX_prefix.hxx
CMake Warning (deprecated) at C:/Users/Davi/Downloads/oma/.release/native-build/src/occt/adm/cmake/cotire.cmake:40 (cmake_minimum_required):
  Compatibility with CMake < 3.10 will be removed from a future version of
  CMake.

  Update the VERSION argument <min> value.  Or, use the <min>...<max> syntax
  to tell CMake that the project requires at least <min> but has been updated
  to work with policies introduced by <max> or earlier.
This warning is for project developers.  Use -Wno-author or -Wno-deprecated
to suppress it.

[2974/5643] Building CXX object src\TKBinTObj\CMakeFiles\TKBinTObj.dir\__\BinTObjDrivers\BinTObjDrivers_DocumentRetrievalDriver.cxx.obj
[2975/5643] Building CXX object src\TKBinTObj\CMakeFiles\TKBinTObj.dir\__\BinTObjDrivers\BinTObjDrivers_IntSparseArrayDriver.cxx.obj
[2976/5643] Building CXX object src\TKBinTObj\CMakeFiles\TKBinTObj.dir\__\BinTObjDrivers\BinTObjDrivers_DocumentStorageDriver.cxx.obj
[2977/5643] Building CXX object src\TKBinTObj\CMakeFiles\TKBinTObj.dir\__\BinTObjDrivers\BinTObjDrivers_ModelDriver.cxx.obj
[2978/5643] Building CXX object src\TKBinTObj\CMakeFiles\TKBinTObj.dir\__\BinTObjDrivers\BinTObjDrivers_ObjectDriver.cxx.obj
[2979/5643] Building CXX object src\TKBinTObj\CMakeFiles\TKBinTObj.dir\__\BinTObjDrivers\BinTObjDrivers_XYZDriver.cxx.obj
[2980/5643] Building CXX object src\TKBinTObj\CMakeFiles\TKBinTObj.dir\__\BinTObjDrivers\BinTObjDrivers_ReferenceDriver.cxx.obj
[2981/5643] Linking CXX static library win64\vc14\lib\TKBinTObj.lib
[2982/5643] Building CXX object src\TKXmlTObj\CMakeFiles\TKXmlTObj.dir\__\XmlTObjDrivers\XmlTObjDrivers_DocumentRetrievalDriver.cxx.obj
[2983/5643] Building CXX object src\TKXmlTObj\CMakeFiles\TKXmlTObj.dir\__\XmlTObjDrivers\XmlTObjDrivers_DocumentStorageDriver.cxx.obj
[2984/5643] Building CXX object src\TKXmlTObj\CMakeFiles\TKXmlTObj.dir\__\XmlTObjDrivers\XmlTObjDrivers_IntSparseArrayDriver.cxx.obj
[2985/5643] Building CXX object src\TKXmlTObj\CMakeFiles\TKXmlTObj.dir\__\XmlTObjDrivers\XmlTObjDrivers_ModelDriver.cxx.obj
[2986/5643] Building CXX object src\TKXmlTObj\CMakeFiles\TKXmlTObj.dir\__\XmlTObjDrivers\XmlTObjDrivers_ObjectDriver.cxx.obj
[2987/5643] Building RC object src\TKVCAF\CMakeFiles\TKVCAF.dir\__\__\resources\TKVCAF.rc.res
[2988/5643] Building CXX object src\TKXmlTObj\CMakeFiles\TKXmlTObj.dir\__\XmlTObjDrivers\XmlTObjDrivers_XYZDriver.cxx.obj
[2989/5643] Building CXX object src\TKXmlTObj\CMakeFiles\TKXmlTObj.dir\__\XmlTObjDrivers\XmlTObjDrivers_ReferenceDriver.cxx.obj
[2990/5643] Linking CXX static library win64\vc14\lib\TKXmlTObj.lib
[2991/5643] Building CXX object src\TKDE\CMakeFiles\TKDE.dir\__\DE\DE_Provider.cxx.obj
[2992/5643] Building CXX object src\TKDE\CMakeFiles\TKDE.dir\__\DE\DE_ConfigurationNode.cxx.obj
[2993/5643] Building RC object src\TKDE\CMakeFiles\TKDE.dir\__\__\resources\TKDE.rc.res
[2994/5643] Generating CXX unity source src/TKXSBase/cotire/TKXSBase_CXX_unity.cxx
CMake Warning (deprecated) at C:/Users/Davi/Downloads/oma/.release/native-build/src/occt/adm/cmake/cotire.cmake:40 (cmake_minimum_required):
  Compatibility with CMake < 3.10 will be removed from a future version of
  CMake.

  Update the VERSION argument <min> value.  Or, use the <min>...<max> syntax
  to tell CMake that the project requires at least <min> but has been updated
  to work with policies introduced by <max> or earlier.
This warning is for project developers.  Use -Wno-author or -Wno-deprecated
to suppress it.

[2995/5643] Building CXX object src\TKDE\CMakeFiles\TKDE.dir\__\DE\DE_Wrapper.cxx.obj
[2996/5643] Linking CXX static library win64\vc14\lib\TKDE.lib
[2997/5643] Building CXX object src\TKVCAF\CMakeFiles\TKVCAF.dir\__\TPrsStd\TPrsStd_AISPresentation.cxx.obj
[2998/5643] Building CXX object src\TKXCAF\CMakeFiles\TKXCAF.dir\__\XCAFApp\XCAFApp_Application.cxx.obj
[2999/5643] Generating CXX unity source src/TKDESTEP/cotire/TKDESTEP_CXX_unity.cxx
CMake Warning (deprecated) at C:/Users/Davi/Downloads/oma/.release/native-build/src/occt/adm/cmake/cotire.cmake:40 (cmake_minimum_required):
  Compatibility with CMake < 3.10 will be removed from a future version of
  CMake.

  Update the VERSION argument <min> value.  Or, use the <min>...<max> syntax
  to tell CMake that the project requires at least <min> but has been updated
  to work with policies introduced by <max> or earlier.
This warning is for project developers.  Use -Wno-author or -Wno-deprecated
to suppress it.

[3000/5643] Building CXX object src\TKVCAF\CMakeFiles\TKVCAF.dir\__\TPrsStd\TPrsStd_AxisDriver.cxx.obj
[3001/5643] Building CXX object src\TKVCAF\CMakeFiles\TKVCAF.dir\__\TPrsStd\TPrsStd_AISViewer.cxx.obj
[3002/5643] Building CXX object src\TKVCAF\CMakeFiles\TKVCAF.dir\__\TPrsStd\TPrsStd_ConstraintDriver.cxx.obj
[3003/5643] Building CXX object src\TKVCAF\CMakeFiles\TKVCAF.dir\__\TPrsStd\TPrsStd_DriverTable.cxx.obj
[3004/5643] Generating CXX prefix header src/TKXSBase/cotire/TKXSBase_CXX_prefix.hxx
CMake Warning (deprecated) at C:/Users/Davi/Downloads/oma/.release/native-build/src/occt/adm/cmake/cotire.cmake:40 (cmake_minimum_required):
  Compatibility with CMake < 3.10 will be removed from a future version of
  CMake.

  Update the VERSION argument <min> value.  Or, use the <min>...<max> syntax
  to tell CMake that the project requires at least <min> but has been updated
  to work with policies introduced by <max> or earlier.
This warning is for project developers.  Use -Wno-author or -Wno-deprecated
to suppress it.

[3005/5643] Building CXX object src\TKVCAF\CMakeFiles\TKVCAF.dir\__\TPrsStd\TPrsStd_Driver.cxx.obj
[3006/5643] Building CXX object src\TKVCAF\CMakeFiles\TKVCAF.dir\__\TPrsStd\TPrsStd_GeometryDriver.cxx.obj
[3007/5643] Building CXX object src\TKVCAF\CMakeFiles\TKVCAF.dir\__\TPrsStd\TPrsStd_NamedShapeDriver.cxx.obj
[3008/5643] Building CXX object src\TKVCAF\CMakeFiles\TKVCAF.dir\__\TPrsStd\TPrsStd_ConstraintTools.cxx.obj
[3009/5643] Building CXX object src\TKVCAF\CMakeFiles\TKVCAF.dir\__\TPrsStd\TPrsStd_PlaneDriver.cxx.obj
[3010/5643] Building RC object src\TKXSBase\CMakeFiles\TKXSBase.dir\__\__\resources\TKXSBase.rc.res
[3011/5643] Building CXX object src\TKXCAF\CMakeFiles\TKXCAF.dir\__\XCAFDimTolObjects\XCAFDimTolObjects_DatumObject.cxx.obj
[3012/5643] Building CXX object src\TKVCAF\CMakeFiles\TKVCAF.dir\__\TPrsStd\TPrsStd_PointDriver.cxx.obj
[3013/5643] Linking CXX static library win64\vc14\lib\TKVCAF.lib
[3014/5643] Building CXX object src\TKXSBase\CMakeFiles\TKXSBase.dir\__\Interface\Interface_BitMap.cxx.obj
[3015/5643] Building CXX object src\TKXSBase\CMakeFiles\TKXSBase.dir\__\Interface\Interface_Category.cxx.obj
[3016/5643] Building CXX object src\TKXCAF\CMakeFiles\TKXCAF.dir\__\XCAFDimTolObjects\XCAFDimTolObjects_GeomToleranceObject.cxx.obj
[3017/5643] Building CXX object src\TKXSBase\CMakeFiles\TKXSBase.dir\__\Interface\Interface_Check.cxx.obj
[3018/5643] Building CXX object src\TKXCAF\CMakeFiles\TKXCAF.dir\__\XCAFDimTolObjects\XCAFDimTolObjects_DimensionObject.cxx.obj
[3019/5643] Building CXX object src\TKXSBase\CMakeFiles\TKXSBase.dir\__\Interface\Interface_CopyControl.cxx.obj
[3020/5643] Building CXX object src\TKXSBase\CMakeFiles\TKXSBase.dir\__\Interface\Interface_CheckIterator.cxx.obj
[3021/5643] Building CXX object src\TKXSBase\CMakeFiles\TKXSBase.dir\__\Interface\Interface_CheckTool.cxx.obj
[3022/5643] Building CXX object src\TKXSBase\CMakeFiles\TKXSBase.dir\__\Interface\Interface_CopyMap.cxx.obj
[3023/5643] Building CXX object src\TKXSBase\CMakeFiles\TKXSBase.dir\__\Interface\Interface_EntityIterator.cxx.obj
[3024/5643] Building CXX object src\TKXSBase\CMakeFiles\TKXSBase.dir\__\Interface\Interface_EntityCluster.cxx.obj
[3025/5643] Building CXX object src\TKXSBase\CMakeFiles\TKXSBase.dir\__\Interface\Interface_CopyTool.cxx.obj
[3026/5643] Building CXX object src\TKXSBase\CMakeFiles\TKXSBase.dir\__\Interface\Interface_FileParameter.cxx.obj
[3027/5643] Building CXX object src\TKXSBase\CMakeFiles\TKXSBase.dir\__\Interface\Interface_EntityList.cxx.obj
[3028/5643] Building CXX object src\TKXSBase\CMakeFiles\TKXSBase.dir\__\Interface\Interface_FloatWriter.cxx.obj
[3029/5643] Building CXX object src\TKXSBase\CMakeFiles\TKXSBase.dir\__\Interface\Interface_FileReaderData.cxx.obj
[3030/5643] Building CXX object src\TKXSBase\CMakeFiles\TKXSBase.dir\__\Interface\Interface_GeneralLib_0.cxx.obj
[3031/5643] Building CXX object src\TKXSBase\CMakeFiles\TKXSBase.dir\__\Interface\Interface_FileReaderTool.cxx.obj
[3032/5643] Building CXX object src\TKXSBase\CMakeFiles\TKXSBase.dir\__\Interface\Interface_GeneralModule.cxx.obj
[3033/5643] Building CXX object src\TKXSBase\CMakeFiles\TKXSBase.dir\__\Interface\Interface_GlobalNodeOfGeneralLib_0.cxx.obj
[3034/5643] Building CXX object src\TKXSBase\CMakeFiles\TKXSBase.dir\__\Interface\Interface_GlobalNodeOfReaderLib_0.cxx.obj
[3035/5643] Building CXX object src\TKXSBase\CMakeFiles\TKXSBase.dir\__\Interface\Interface_GraphContent.cxx.obj
[3036/5643] Building CXX object src\TKXSBase\CMakeFiles\TKXSBase.dir\__\Interface\Interface_Graph.cxx.obj
[3037/5643] Building CXX object src\TKXSBase\CMakeFiles\TKXSBase.dir\__\Interface\Interface_GTool.cxx.obj
[3038/5643] Building CXX object src\TKXSBase\CMakeFiles\TKXSBase.dir\__\Interface\Interface_HGraph.cxx.obj
[3039/5643] Building CXX object src\TKXSBase\CMakeFiles\TKXSBase.dir\__\Interface\Interface_IntList.cxx.obj
[3040/5643] Building CXX object src\TKXSBase\CMakeFiles\TKXSBase.dir\__\Interface\Interface_IntVal.cxx.obj
[3041/5643] Building CXX object src\TKXSBase\CMakeFiles\TKXSBase.dir\__\Interface\Interface_InterfaceModel.cxx.obj
[3042/5643] Building CXX object src\TKXSBase\CMakeFiles\TKXSBase.dir\__\Interface\Interface_LineBuffer.cxx.obj
[3043/5643] Building CXX object src\TKXSBase\CMakeFiles\TKXSBase.dir\__\Interface\Interface_NodeOfGeneralLib_0.cxx.obj
[3044/5643] Building CXX object src\TKXSBase\CMakeFiles\TKXSBase.dir\__\Interface\Interface_NodeOfReaderLib_0.cxx.obj
[3045/5643] Building CXX object src\TKXSBase\CMakeFiles\TKXSBase.dir\__\Interface\Interface_MSG.cxx.obj
[3046/5643] Building CXX object src\TKXSBase\CMakeFiles\TKXSBase.dir\__\Interface\Interface_ParamList.cxx.obj
[3047/5643] Building CXX object src\TKXSBase\CMakeFiles\TKXSBase.dir\__\Interface\Interface_ParamSet.cxx.obj
[3048/5643] Building CXX object src\TKXSBase\CMakeFiles\TKXSBase.dir\__\Interface\Interface_ReaderLib_0.cxx.obj
[3049/5643] Building CXX object src\TKXSBase\CMakeFiles\TKXSBase.dir\__\Interface\Interface_ReaderModule.cxx.obj
[3050/5643] Building CXX object src\TKXSBase\CMakeFiles\TKXSBase.dir\__\Interface\Interface_Protocol.cxx.obj
[3051/5643] Building CXX object src\TKXSBase\CMakeFiles\TKXSBase.dir\__\Interface\Interface_ReportEntity.cxx.obj
[3052/5643] Building CXX object src\TKXSBase\CMakeFiles\TKXSBase.dir\__\Interface\Interface_ShareFlags.cxx.obj
[3053/5643] Building CXX object src\TKXSBase\CMakeFiles\TKXSBase.dir\__\Interface\Interface_SignLabel.cxx.obj
[3054/5643] Building CXX object src\TKXSBase\CMakeFiles\TKXSBase.dir\__\Interface\Interface_ShareTool.cxx.obj
[3055/5643] Building CXX object src\TKXSBase\CMakeFiles\TKXSBase.dir\__\Interface\Interface_STAT.cxx.obj
[3056/5643] Building CXX object src\TKXSBase\CMakeFiles\TKXSBase.dir\__\Interface\Interface_SignType.cxx.obj
[3057/5643] Building CXX object src\TKXSBase\CMakeFiles\TKXSBase.dir\__\Interface\Interface_Static.cxx.obj
[3058/5643] Building CXX object src\TKXSBase\CMakeFiles\TKXSBase.dir\__\Interface\Interface_StaticStandards.cxx.obj
[3059/5643] Building CXX object src\TKXSBase\CMakeFiles\TKXSBase.dir\__\Interface\Interface_TypedValue.cxx.obj
[3060/5643] Building CXX object src\TKXSBase\CMakeFiles\TKXSBase.dir\__\Interface\Interface_UndefinedContent.cxx.obj
[3061/5643] Building CXX object src\TKXSBase\CMakeFiles\TKXSBase.dir\__\Transfer\Transfer_ActorOfFinderProcess.cxx.obj
[3062/5643] Building CXX object src\TKXSBase\CMakeFiles\TKXSBase.dir\__\Transfer\Transfer_ActorDispatch.cxx.obj
[3063/5643] Building CXX object src\TKXSBase\CMakeFiles\TKXSBase.dir\__\Transfer\Transfer_ActorOfProcessForFinder_0.cxx.obj
[3064/5643] Building CXX object src\TKXSBase\CMakeFiles\TKXSBase.dir\__\Transfer\Transfer_ActorOfProcessForTransient_0.cxx.obj
[3065/5643] Building CXX object src\TKXSBase\CMakeFiles\TKXSBase.dir\__\Transfer\Transfer_ActorOfTransientProcess.cxx.obj
[3066/5643] Building CXX object src\TKXSBase\CMakeFiles\TKXSBase.dir\__\Transfer\Transfer_BinderOfTransientInteger.cxx.obj
[3067/5643] Building CXX object src\TKXSBase\CMakeFiles\TKXSBase.dir\__\Transfer\Transfer_DataInfo.cxx.obj
[3068/5643] Building CXX object src\TKXSBase\CMakeFiles\TKXSBase.dir\__\Transfer\Transfer_Binder.cxx.obj
[3069/5643] Building CXX object src\TKXSBase\CMakeFiles\TKXSBase.dir\__\Transfer\Transfer_DispatchControl.cxx.obj
[3070/5643] Building CXX object src\TKXSBase\CMakeFiles\TKXSBase.dir\__\Transfer\Transfer_Finder.cxx.obj
[3071/5643] Building CXX object src\TKXSBase\CMakeFiles\TKXSBase.dir\__\Transfer\Transfer_FinderProcess.cxx.obj
[3072/5643] Building CXX object src\TKXSBase\CMakeFiles\TKXSBase.dir\__\Transfer\Transfer_IteratorOfProcessForFinder_0.cxx.obj
[3073/5643] Building CXX object src\TKXSBase\CMakeFiles\TKXSBase.dir\__\Transfer\Transfer_IteratorOfProcessForTransient_0.cxx.obj
[3074/5643] Building CXX object src\TKXSBase\CMakeFiles\TKXSBase.dir\__\Transfer\Transfer_MapContainer.cxx.obj
[3075/5643] Building CXX object src\TKXSBase\CMakeFiles\TKXSBase.dir\__\Transfer\Transfer_MultipleBinder.cxx.obj
[3076/5643] Building CXX object src\TKXSBase\CMakeFiles\TKXSBase.dir\__\Transfer\Transfer_ResultFromModel.cxx.obj
[3077/5643] Building CXX object src\TKXSBase\CMakeFiles\TKXSBase.dir\__\Transfer\Transfer_ProcessForFinder_0.cxx.obj
[3078/5643] Building CXX object src\TKXSBase\CMakeFiles\TKXSBase.dir\__\Transfer\Transfer_ProcessForTransient_0.cxx.obj
[3079/5643] Building CXX object src\TKXSBase\CMakeFiles\TKXSBase.dir\__\Transfer\Transfer_SimpleBinderOfTransient.cxx.obj
[3080/5643] Building CXX object src\TKXSBase\CMakeFiles\TKXSBase.dir\__\Transfer\Transfer_ResultFromTransient.cxx.obj
[3081/5643] Building CXX object src\TKXSBase\CMakeFiles\TKXSBase.dir\__\Transfer\Transfer_TransferDispatch.cxx.obj
[3082/5643] Building CXX object src\TKXSBase\CMakeFiles\TKXSBase.dir\__\Transfer\Transfer_TransferIterator.cxx.obj
[3083/5643] Building CXX object src\TKXSBase\CMakeFiles\TKXSBase.dir\__\Transfer\Transfer_TransferInput.cxx.obj
[3084/5643] Building CXX object src\TKXSBase\CMakeFiles\TKXSBase.dir\__\Transfer\Transfer_TransientListBinder.cxx.obj
[3085/5643] Building CXX object src\TKXSBase\CMakeFiles\TKXSBase.dir\__\Transfer\Transfer_TransferOutput.cxx.obj
[3086/5643] Building CXX object src\TKXSBase\CMakeFiles\TKXSBase.dir\__\Transfer\Transfer_TransientMapper_0.cxx.obj
[3087/5643] Building CXX object src\TKXSBase\CMakeFiles\TKXSBase.dir\__\Transfer\Transfer_VoidBinder.cxx.obj
[3088/5643] Building CXX object src\TKXSBase\CMakeFiles\TKXSBase.dir\__\Transfer\Transfer_TransientProcess.cxx.obj
[3089/5643] Building CXX object src\TKXSBase\CMakeFiles\TKXSBase.dir\__\IFGraph\IFGraph_AllConnected.cxx.obj
[3090/5643] Building CXX object src\TKXSBase\CMakeFiles\TKXSBase.dir\__\IFGraph\IFGraph_AllShared.cxx.obj
[3091/5643] Building CXX object src\TKXSBase\CMakeFiles\TKXSBase.dir\__\IFGraph\IFGraph_Articulations.cxx.obj
[3092/5643] Building CXX object src\TKXSBase\CMakeFiles\TKXSBase.dir\__\IFGraph\IFGraph_Compare.cxx.obj
[3093/5643] Building CXX object src\TKXSBase\CMakeFiles\TKXSBase.dir\__\IFGraph\IFGraph_ConnectedComponants.cxx.obj
[3094/5643] Building CXX object src\TKXSBase\CMakeFiles\TKXSBase.dir\__\IFGraph\IFGraph_Cycles.cxx.obj
[3095/5643] Building CXX object src\TKXSBase\CMakeFiles\TKXSBase.dir\__\IFGraph\IFGraph_Cumulate.cxx.obj
[3096/5643] Building CXX object src\TKXSBase\CMakeFiles\TKXSBase.dir\__\IFGraph\IFGraph_ExternalSources.cxx.obj
[3097/5643] Building CXX object src\TKXSBase\CMakeFiles\TKXSBase.dir\__\IFGraph\IFGraph_SCRoots.cxx.obj
[3098/5643] Building CXX object src\TKXSBase\CMakeFiles\TKXSBase.dir\__\IFGraph\IFGraph_StrongComponants.cxx.obj
[3099/5643] Building CXX object src\TKXSBase\CMakeFiles\TKXSBase.dir\__\IFGraph\IFGraph_SubPartsIterator.cxx.obj
[3100/5643] Building CXX object src\TKXSBase\CMakeFiles\TKXSBase.dir\__\IFSelect\IFSelect_Act.cxx.obj
[3101/5643] Building CXX object src\TKXSBase\CMakeFiles\TKXSBase.dir\__\IFSelect\IFSelect.cxx.obj
[3102/5643] Building CXX object src\TKXSBase\CMakeFiles\TKXSBase.dir\__\IFSelect\IFSelect_AppliedModifiers.cxx.obj
[3103/5643] Building CXX object src\TKXSBase\CMakeFiles\TKXSBase.dir\__\IFSelect\IFSelect_Activator.cxx.obj
[3104/5643] Building CXX object src\TKXSBase\CMakeFiles\TKXSBase.dir\__\IFSelect\IFSelect_BasicDumper.cxx.obj
[3105/5643] Building CXX object src\TKXSBase\CMakeFiles\TKXSBase.dir\__\IFSelect\IFSelect_CheckCounter.cxx.obj
[3106/5643] Building CXX object src\TKXSBase\CMakeFiles\TKXSBase.dir\__\IFSelect\IFSelect_ContextModif.cxx.obj
[3107/5643] Building CXX object src\TKXSBase\CMakeFiles\TKXSBase.dir\__\IFSelect\IFSelect_Dispatch.cxx.obj
[3108/5643] Building CXX object src\TKXSBase\CMakeFiles\TKXSBase.dir\__\IFSelect\IFSelect_ContextWrite.cxx.obj
[3109/5643] Building CXX object src\TKXSBase\CMakeFiles\TKXSBase.dir\__\IFSelect\IFSelect_DispGlobal.cxx.obj
[3110/5643] Building CXX object src\TKXSBase\CMakeFiles\TKXSBase.dir\__\IFSelect\IFSelect_DispPerCount.cxx.obj
[3111/5643] Building CXX object src\TKXSBase\CMakeFiles\TKXSBase.dir\__\IFSelect\IFSelect_DispPerFiles.cxx.obj
[3112/5643] Building CXX object src\TKXSBase\CMakeFiles\TKXSBase.dir\__\IFSelect\IFSelect_DispPerOne.cxx.obj
[3113/5643] Building CXX object src\TKXSBase\CMakeFiles\TKXSBase.dir\__\IFSelect\IFSelect_DispPerSignature.cxx.obj
[3114/5643] Building CXX object src\TKXSBase\CMakeFiles\TKXSBase.dir\__\IFSelect\IFSelect_EditForm.cxx.obj
[3115/5643] Building CXX object src\TKXSBase\CMakeFiles\TKXSBase.dir\__\IFSelect\IFSelect_Editor.cxx.obj
[3116/5643] Building CXX object src\TKXSBase\CMakeFiles\TKXSBase.dir\__\IFSelect\IFSelect_GeneralModifier.cxx.obj
[3117/5643] Generating CXX prefix header src/TKDESTEP/cotire/TKDESTEP_CXX_prefix.hxx
CMake Warning (deprecated) at C:/Users/Davi/Downloads/oma/.release/native-build/src/occt/adm/cmake/cotire.cmake:40 (cmake_minimum_required):
  Compatibility with CMake < 3.10 will be removed from a future version of
  CMake.

  Update the VERSION argument <min> value.  Or, use the <min>...<max> syntax
  to tell CMake that the project requires at least <min> but has been updated
  to work with policies introduced by <max> or earlier.
This warning is for project developers.  Use -Wno-author or -Wno-deprecated
to suppress it.

[3118/5643] Building CXX object src\TKXSBase\CMakeFiles\TKXSBase.dir\__\IFSelect\IFSelect_GraphCounter.cxx.obj
[3119/5643] Building CXX object src\TKXSBase\CMakeFiles\TKXSBase.dir\__\IFSelect\IFSelect_IntParam.cxx.obj
[3120/5643] Building CXX object src\TKXSBase\CMakeFiles\TKXSBase.dir\__\IFSelect\IFSelect_ListEditor.cxx.obj
[3121/5643] Building CXX object src\TKXSBase\CMakeFiles\TKXSBase.dir\__\IFSelect\IFSelect_Functions.cxx.obj
[3122/5643] Building CXX object src\TKXSBase\CMakeFiles\TKXSBase.dir\__\IFSelect\IFSelect_ModifEditForm.cxx.obj
[3123/5643] Building CXX object src\TKXSBase\CMakeFiles\TKXSBase.dir\__\IFSelect\IFSelect_ModelCopier.cxx.obj
[3124/5643] Building CXX object src\TKXSBase\CMakeFiles\TKXSBase.dir\__\IFSelect\IFSelect_Modifier.cxx.obj
[3125/5643] Building CXX object src\TKXSBase\CMakeFiles\TKXSBase.dir\__\IFSelect\IFSelect_PacketList.cxx.obj
[3126/5643] Building CXX object src\TKXSBase\CMakeFiles\TKXSBase.dir\__\IFSelect\IFSelect_ModifReorder.cxx.obj
[3127/5643] Building CXX object src\TKXSBase\CMakeFiles\TKXSBase.dir\__\IFSelect\IFSelect_ParamEditor.cxx.obj
[3128/5643] Building CXX object src\TKXSBase\CMakeFiles\TKXSBase.dir\__\IFSelect\IFSelect_SelectBase.cxx.obj
[3129/5643] Building CXX object src\TKXSBase\CMakeFiles\TKXSBase.dir\__\IFSelect\IFSelect_SelectAnyType.cxx.obj
[3130/5643] Building CXX object src\TKXSBase\CMakeFiles\TKXSBase.dir\__\IFSelect\IFSelect_SelectAnyList.cxx.obj
[3131/5643] Building CXX object src\TKXSBase\CMakeFiles\TKXSBase.dir\__\IFSelect\IFSelect_SelectControl.cxx.obj
[3132/5643] Building CXX object src\TKXSBase\CMakeFiles\TKXSBase.dir\__\IFSelect\IFSelect_SelectCombine.cxx.obj
[3133/5643] Building CXX object src\TKXSBase\CMakeFiles\TKXSBase.dir\__\IFSelect\IFSelect_SelectDeduct.cxx.obj
[3134/5643] Building CXX object src\TKXSBase\CMakeFiles\TKXSBase.dir\__\IFSelect\IFSelect_SelectDiff.cxx.obj
[3135/5643] Building CXX object src\TKXSBase\CMakeFiles\TKXSBase.dir\__\IFSelect\IFSelect_SelectEntityNumber.cxx.obj
[3136/5643] Building CXX object src\TKXSBase\CMakeFiles\TKXSBase.dir\__\IFSelect\IFSelect_SelectErrorEntities.cxx.obj
[3137/5643] Building CXX object src\TKXSBase\CMakeFiles\TKXSBase.dir\__\IFSelect\IFSelect_SelectExtract.cxx.obj
[3138/5643] Building CXX object src\TKXSBase\CMakeFiles\TKXSBase.dir\__\IFSelect\IFSelect_SelectIncorrectEntities.cxx.obj
[3139/5643] Building CXX object src\TKXSBase\CMakeFiles\TKXSBase.dir\__\IFSelect\IFSelect_SelectFlag.cxx.obj
[3140/5643] Building CXX object src\TKXSBase\CMakeFiles\TKXSBase.dir\__\IFSelect\IFSelect_SelectExplore.cxx.obj
[3141/5643] Building CXX object src\TKXSBase\CMakeFiles\TKXSBase.dir\__\IFSelect\IFSelect_SelectInList.cxx.obj
[3142/5643] Building CXX object src\TKXSBase\CMakeFiles\TKXSBase.dir\__\IFSelect\IFSelect_SelectionIterator.cxx.obj
[3143/5643] Building CXX object src\TKXSBase\CMakeFiles\TKXSBase.dir\__\IFSelect\IFSelect_SelectIntersection.cxx.obj
[3144/5643] Building CXX object src\TKXSBase\CMakeFiles\TKXSBase.dir\__\IFSelect\IFSelect_Selection.cxx.obj
[3145/5643] Building CXX object src\TKXSBase\CMakeFiles\TKXSBase.dir\__\IFSelect\IFSelect_SelectModelEntities.cxx.obj
[3146/5643] Building CXX object src\TKXSBase\CMakeFiles\TKXSBase.dir\__\IFSelect\IFSelect_SelectModelRoots.cxx.obj
[3147/5643] Building CXX object src\TKXSBase\CMakeFiles\TKXSBase.dir\__\IFSelect\IFSelect_SelectRange.cxx.obj
[3148/5643] Building CXX object src\TKXSBase\CMakeFiles\TKXSBase.dir\__\IFSelect\IFSelect_SelectPointed.cxx.obj
[3149/5643] Building CXX object src\TKXSBase\CMakeFiles\TKXSBase.dir\__\IFSelect\IFSelect_SelectRootComps.cxx.obj
[3150/5643] Building CXX object src\TKXSBase\CMakeFiles\TKXSBase.dir\__\IFSelect\IFSelect_SelectRoots.cxx.obj
[3151/5643] Building CXX object src\TKXSBase\CMakeFiles\TKXSBase.dir\__\IFSelect\IFSelect_SelectSent.cxx.obj
[3152/5643] Building CXX object src\TKXSBase\CMakeFiles\TKXSBase.dir\__\IFSelect\IFSelect_SelectShared.cxx.obj
[3153/5643] Building CXX object src\TKXSBase\CMakeFiles\TKXSBase.dir\__\IFSelect\IFSelect_SelectSharing.cxx.obj
[3154/5643] Building CXX object src\TKXSBase\CMakeFiles\TKXSBase.dir\__\IFSelect\IFSelect_SelectSignature.cxx.obj
[3155/5643] Building CXX object src\TKXSBase\CMakeFiles\TKXSBase.dir\__\IFSelect\IFSelect_SelectSignedShared.cxx.obj
[3156/5643] Building CXX object src\TKXSBase\CMakeFiles\TKXSBase.dir\__\IFSelect\IFSelect_SelectSignedSharing.cxx.obj
[3157/5643] Building CXX object src\TKXSBase\CMakeFiles\TKXSBase.dir\__\IFSelect\IFSelect_SelectType.cxx.obj
[3158/5643] Building CXX object src\TKXSBase\CMakeFiles\TKXSBase.dir\__\IFSelect\IFSelect_SelectSuite.cxx.obj
[3159/5643] Building CXX object src\TKXSBase\CMakeFiles\TKXSBase.dir\__\IFSelect\IFSelect_SelectUnion.cxx.obj
[3160/5643] Building CXX object src\TKXSBase\CMakeFiles\TKXSBase.dir\__\IFSelect\IFSelect_SelectUnknownEntities.cxx.obj
[3161/5643] Building CXX object src\TKXSBase\CMakeFiles\TKXSBase.dir\__\IFSelect\IFSelect_SessionDumper.cxx.obj
[3162/5643] Building CXX object src\TKXSBase\CMakeFiles\TKXSBase.dir\__\IFSelect\IFSelect_ShareOut.cxx.obj
[3163/5643] Building CXX object src\TKXSBase\CMakeFiles\TKXSBase.dir\__\IFSelect\IFSelect_ShareOutResult.cxx.obj
[3164/5643] Building CXX object src\TKXSBase\CMakeFiles\TKXSBase.dir\__\IFSelect\IFSelect_SessionPilot.cxx.obj
[3165/5643] Building CXX object src\TKXSBase\CMakeFiles\TKXSBase.dir\__\IFSelect\IFSelect_SignAncestor.cxx.obj
[3166/5643] Building CXX object src\TKXSBase\CMakeFiles\TKXSBase.dir\__\IFSelect\IFSelect_SessionFile.cxx.obj
[3167/5643] Building CXX object src\TKXSBase\CMakeFiles\TKXSBase.dir\__\IFSelect\IFSelect_Signature.cxx.obj
[3168/5643] Building CXX object src\TKXSBase\CMakeFiles\TKXSBase.dir\__\IFSelect\IFSelect_SignCategory.cxx.obj
[3169/5643] Building CXX object src\TKXSBase\CMakeFiles\TKXSBase.dir\__\IFSelect\IFSelect_SignatureList.cxx.obj
[3170/5643] Building CXX object src\TKXSBase\CMakeFiles\TKXSBase.dir\__\IFSelect\IFSelect_SignCounter.cxx.obj
[3171/5643] Building CXX object src\TKXSBase\CMakeFiles\TKXSBase.dir\__\IFSelect\IFSelect_SignMultiple.cxx.obj
[3172/5643] Building CXX object src\TKXSBase\CMakeFiles\TKXSBase.dir\__\IFSelect\IFSelect_SignType.cxx.obj
[3173/5643] Building CXX object src\TKXSBase\CMakeFiles\TKXSBase.dir\__\IFSelect\IFSelect_SignValidity.cxx.obj
[3174/5643] Building CXX object src\TKXSBase\CMakeFiles\TKXSBase.dir\__\IFSelect\IFSelect_Transformer.cxx.obj
[3175/5643] Building CXX object src\TKXSBase\CMakeFiles\TKXSBase.dir\__\IFSelect\IFSelect_TransformStandard.cxx.obj
[3176/5643] Building CXX object src\TKXSBase\CMakeFiles\TKXSBase.dir\__\IFSelect\IFSelect_WorkLibrary.cxx.obj
[3177/5643] Building CXX object src\TKXSBase\CMakeFiles\TKXSBase.dir\__\TransferBRep\TransferBRep_BinderOfShape.cxx.obj
[3178/5643] Building CXX object src\TKXSBase\CMakeFiles\TKXSBase.dir\__\TransferBRep\TransferBRep.cxx.obj
[3179/5643] Building CXX object src\TKXSBase\CMakeFiles\TKXSBase.dir\__\TransferBRep\TransferBRep_ShapeBinder.cxx.obj
[3180/5643] Building CXX object src\TKXSBase\CMakeFiles\TKXSBase.dir\__\IFSelect\IFSelect_WorkSession.cxx.obj
[3181/5643] Building CXX object src\TKXSBase\CMakeFiles\TKXSBase.dir\__\TransferBRep\TransferBRep_Reader.cxx.obj
[3182/5643] Building CXX object src\TKXSBase\CMakeFiles\TKXSBase.dir\__\TransferBRep\TransferBRep_TransferResultInfo.cxx.obj
[3183/5643] Building CXX object src\TKXSBase\CMakeFiles\TKXSBase.dir\__\TransferBRep\TransferBRep_ShapeInfo.cxx.obj
[3184/5643] Building CXX object src\TKXSBase\CMakeFiles\TKXSBase.dir\__\TransferBRep\TransferBRep_ShapeListBinder.cxx.obj
[3185/5643] Building CXX object src\TKXSBase\CMakeFiles\TKXSBase.dir\__\TransferBRep\TransferBRep_ShapeMapper_0.cxx.obj
[3186/5643] Building CXX object src\TKXSBase\CMakeFiles\TKXSBase.dir\__\XSControl\XSControl.cxx.obj
[3187/5643] Building CXX object src\TKXSBase\CMakeFiles\TKXSBase.dir\__\XSControl\XSControl_ConnectedShapes.cxx.obj
[3188/5643] Building CXX object src\TKXSBase\CMakeFiles\TKXSBase.dir\__\XSControl\XSControl_Controller.cxx.obj
[3189/5643] Building CXX object src\TKXSBase\CMakeFiles\TKXSBase.dir\__\XSControl\XSControl_Functions.cxx.obj
[3190/5643] Building CXX object src\TKXSBase\CMakeFiles\TKXSBase.dir\__\XSControl\XSControl_FuncShape.cxx.obj
[3191/5643] Building CXX object src\TKXSBase\CMakeFiles\TKXSBase.dir\__\XSControl\XSControl_Reader.cxx.obj
[3192/5643] Building CXX object src\TKXSBase\CMakeFiles\TKXSBase.dir\__\XSControl\XSControl_SelectForTransfer.cxx.obj
[3193/5643] Building CXX object src\TKXSBase\CMakeFiles\TKXSBase.dir\__\XSControl\XSControl_SignTransferStatus.cxx.obj
[3194/5643] Building CXX object src\TKXSBase\CMakeFiles\TKXSBase.dir\__\XSControl\XSControl_Vars.cxx.obj
[3195/5643] Building CXX object src\TKXSBase\CMakeFiles\TKXSBase.dir\__\XSControl\XSControl_TransferReader.cxx.obj
[3196/5643] Building CXX object src\TKXSBase\CMakeFiles\TKXSBase.dir\__\XSControl\XSControl_TransferWriter.cxx.obj
[3197/5643] Building CXX object src\TKXSBase\CMakeFiles\TKXSBase.dir\__\XSControl\XSControl_Utils.cxx.obj
[3198/5643] Building CXX object src\TKXSBase\CMakeFiles\TKXSBase.dir\__\XSAlgo\XSAlgo.cxx.obj
[3199/5643] Building CXX object src\TKXSBase\CMakeFiles\TKXSBase.dir\__\XSControl\XSControl_Writer.cxx.obj
[3200/5643] Building CXX object src\TKXSBase\CMakeFiles\TKXSBase.dir\__\XSAlgo\XSAlgo_ToolContainer.cxx.obj
[3201/5643] Building CXX object src\TKXSBase\CMakeFiles\TKXSBase.dir\__\XSControl\XSControl_WorkSession.cxx.obj
[3202/5643] Building CXX object src\TKXSBase\CMakeFiles\TKXSBase.dir\__\MoniTool\MoniTool_DataInfo.cxx.obj
[3203/5643] Building CXX object src\TKXSBase\CMakeFiles\TKXSBase.dir\__\MoniTool\MoniTool_AttrList.cxx.obj
[3204/5643] Building CXX object src\TKXSBase\CMakeFiles\TKXSBase.dir\__\MoniTool\MoniTool_IntVal.cxx.obj
[3205/5643] Building CXX object src\TKXSBase\CMakeFiles\TKXSBase.dir\__\MoniTool\MoniTool_Element.cxx.obj
[3206/5643] Building CXX object src\TKXSBase\CMakeFiles\TKXSBase.dir\__\MoniTool\MoniTool_CaseData.cxx.obj
[3207/5643] Building CXX object src\TKXSBase\CMakeFiles\TKXSBase.dir\__\MoniTool\MoniTool_RealVal.cxx.obj
[3208/5643] Building CXX object src\TKXSBase\CMakeFiles\TKXSBase.dir\__\MoniTool\MoniTool_SignText.cxx.obj
[3209/5643] Building CXX object src\TKXSBase\CMakeFiles\TKXSBase.dir\__\MoniTool\MoniTool_Stat.cxx.obj
[3210/5643] Building CXX object src\TKXSBase\CMakeFiles\TKXSBase.dir\__\MoniTool\MoniTool_SignShape.cxx.obj
[3211/5643] Building CXX object src\TKXSBase\CMakeFiles\TKXSBase.dir\__\XSAlgo\XSAlgo_AlgoContainer.cxx.obj
[3212/5643] Building CXX object src\TKXSBase\CMakeFiles\TKXSBase.dir\__\MoniTool\MoniTool_TimerSentry.cxx.obj
[3213/5643] Building CXX object src\TKXSBase\CMakeFiles\TKXSBase.dir\__\MoniTool\MoniTool_TransientElem.cxx.obj
[3214/5643] Building CXX object src\TKXSBase\CMakeFiles\TKXSBase.dir\__\MoniTool\MoniTool_Timer.cxx.obj
[3215/5643] Building RC object src\TKDESTEP\CMakeFiles\TKDESTEP.dir\__\__\resources\TKDESTEP.rc.res
[3216/5643] Building CXX object src\TKXSBase\CMakeFiles\TKXSBase.dir\__\MoniTool\MoniTool_TypedValue.cxx.obj
[3217/5643] Linking CXX static library win64\vc14\lib\TKXSBase.lib
[3218/5643] Building CXX object src\TKXCAF\CMakeFiles\TKXCAF.dir\__\XCAFNoteObjects\XCAFNoteObjects_NoteObject.cxx.obj
[3219/5643] Building CXX object src\TKXCAF\CMakeFiles\TKXCAF.dir\__\XCAFDimTolObjects\XCAFDimTolObjects_Tool.cxx.obj
[3220/5643] Building CXX object src\TKDESTEP\CMakeFiles\TKDESTEP.dir\__\STEPCAFControl\STEPCAFControl_ActorWrite.cxx.obj
[3221/5643] Building CXX object src\TKXCAF\CMakeFiles\TKXCAF.dir\__\XCAFDoc\XCAFDoc_AssemblyItemId.cxx.obj
[3222/5643] Building CXX object src\TKXCAF\CMakeFiles\TKXCAF.dir\__\XCAFDoc\XCAFDoc.cxx.obj
[3223/5643] Building CXX object src\TKDESTEP\CMakeFiles\TKDESTEP.dir\__\STEPCAFControl\STEPCAFControl_ConfigurationNode.cxx.obj
[3224/5643] Building CXX object src\TKXCAF\CMakeFiles\TKXCAF.dir\__\XCAFDoc\XCAFDoc_AssemblyItemRef.cxx.obj
[3225/5643] Building CXX object src\TKDESTEP\CMakeFiles\TKDESTEP.dir\__\STEPCAFControl\STEPCAFControl_ExternFile.cxx.obj
[3226/5643] Building CXX object src\TKDESTEP\CMakeFiles\TKDESTEP.dir\__\STEPCAFControl\STEPCAFControl_Controller.cxx.obj
[3227/5643] Building CXX object src\TKDESTEP\CMakeFiles\TKDESTEP.dir\__\STEPCAFControl\STEPCAFControl_GDTProperty.cxx.obj
[3228/5643] Building CXX object src\TKDESTEP\CMakeFiles\TKDESTEP.dir\__\STEPCAFControl\STEPCAFControl_Provider.cxx.obj
[3229/5643] Building CXX object src\TKDESTEP\CMakeFiles\TKDESTEP.dir\__\StepAP214\StepAP214.cxx.obj
[3230/5643] Building CXX object src\TKDESTEP\CMakeFiles\TKDESTEP.dir\__\StepAP214\StepAP214_AppliedApprovalAssignment.cxx.obj
[3231/5643] Building CXX object src\TKDESTEP\CMakeFiles\TKDESTEP.dir\__\StepAP214\StepAP214_AppliedDateAndTimeAssignment.cxx.obj
[3232/5643] Building CXX object src\TKDESTEP\CMakeFiles\TKDESTEP.dir\__\StepAP214\StepAP214_AppliedDateAssignment.cxx.obj
[3233/5643] Building CXX object src\TKDESTEP\CMakeFiles\TKDESTEP.dir\__\StepAP214\StepAP214_AppliedDocumentReference.cxx.obj
[3234/5643] Building CXX object src\TKDESTEP\CMakeFiles\TKDESTEP.dir\__\StepAP214\StepAP214_AppliedExternalIdentificationAssignment.cxx.obj
[3235/5643] Building CXX object src\TKDESTEP\CMakeFiles\TKDESTEP.dir\__\StepAP214\StepAP214_AppliedGroupAssignment.cxx.obj
[3236/5643] Building CXX object src\TKDESTEP\CMakeFiles\TKDESTEP.dir\__\StepAP214\StepAP214_AppliedOrganizationAssignment.cxx.obj
[3237/5643] Building CXX object src\TKDESTEP\CMakeFiles\TKDESTEP.dir\__\StepAP214\StepAP214_AppliedPersonAndOrganizationAssignment.cxx.obj
[3238/5643] Building CXX object src\TKDESTEP\CMakeFiles\TKDESTEP.dir\__\StepAP214\StepAP214_AppliedPresentedItem.cxx.obj
[3239/5643] Building CXX object src\TKDESTEP\CMakeFiles\TKDESTEP.dir\__\StepAP214\StepAP214_AppliedSecurityClassificationAssignment.cxx.obj
[3240/5643] Building CXX object src\TKDESTEP\CMakeFiles\TKDESTEP.dir\__\StepAP214\StepAP214_ApprovalItem.cxx.obj
[3241/5643] Building CXX object src\TKDESTEP\CMakeFiles\TKDESTEP.dir\__\StepAP214\StepAP214_AutoDesignActualDateAndTimeAssignment.cxx.obj
[3242/5643] Building CXX object src\TKDESTEP\CMakeFiles\TKDESTEP.dir\__\StepAP214\StepAP214_AutoDesignActualDateAssignment.cxx.obj
[3243/5643] Building CXX object src\TKDESTEP\CMakeFiles\TKDESTEP.dir\__\StepAP214\StepAP214_AutoDesignApprovalAssignment.cxx.obj
[3244/5643] Building CXX object src\TKDESTEP\CMakeFiles\TKDESTEP.dir\__\StepAP214\StepAP214_AutoDesignDateAndPersonAssignment.cxx.obj
[3245/5643] Building CXX object src\TKDESTEP\CMakeFiles\TKDESTEP.dir\__\StepAP214\StepAP214_AutoDesignDateAndPersonItem.cxx.obj
[3246/5643] Building CXX object src\TKDESTEP\CMakeFiles\TKDESTEP.dir\__\StepAP214\StepAP214_AutoDesignDateAndTimeItem.cxx.obj
[3247/5643] Building CXX object src\TKDESTEP\CMakeFiles\TKDESTEP.dir\__\StepAP214\StepAP214_AutoDesignDatedItem.cxx.obj
[3248/5643] Building CXX object src\TKDESTEP\CMakeFiles\TKDESTEP.dir\__\StepAP214\StepAP214_AutoDesignDocumentReference.cxx.obj
[3249/5643] Building CXX object src\TKDESTEP\CMakeFiles\TKDESTEP.dir\__\StepAP214\StepAP214_AutoDesignGroupAssignment.cxx.obj
[3250/5643] Building CXX object src\TKDESTEP\CMakeFiles\TKDESTEP.dir\__\StepAP214\StepAP214_AutoDesignGeneralOrgItem.cxx.obj
[3251/5643] Building CXX object src\TKDESTEP\CMakeFiles\TKDESTEP.dir\__\StepAP214\StepAP214_AutoDesignNominalDateAndTimeAssignment.cxx.obj
[3252/5643] Building CXX object src\TKDESTEP\CMakeFiles\TKDESTEP.dir\__\StepAP214\StepAP214_AutoDesignGroupedItem.cxx.obj
[3253/5643] Building CXX object src\TKDESTEP\CMakeFiles\TKDESTEP.dir\__\StepAP214\StepAP214_AutoDesignNominalDateAssignment.cxx.obj
[3254/5643] Building CXX object src\TKDESTEP\CMakeFiles\TKDESTEP.dir\__\StepAP214\StepAP214_AutoDesignOrganizationAssignment.cxx.obj
[3255/5643] Building CXX object src\TKDESTEP\CMakeFiles\TKDESTEP.dir\__\StepAP214\StepAP214_AutoDesignOrganizationItem.cxx.obj
[3256/5643] Building CXX object src\TKDESTEP\CMakeFiles\TKDESTEP.dir\__\STEPCAFControl\STEPCAFControl_Writer.cxx.obj
[3257/5643] Building CXX object src\TKDESTEP\CMakeFiles\TKDESTEP.dir\__\StepAP214\StepAP214_AutoDesignPersonAndOrganizationAssignment.cxx.obj
[3258/5643] Building CXX object src\TKDESTEP\CMakeFiles\TKDESTEP.dir\__\StepAP214\StepAP214_AutoDesignPresentedItemSelect.cxx.obj
[3259/5643] Building CXX object src\TKDESTEP\CMakeFiles\TKDESTEP.dir\__\StepAP214\StepAP214_AutoDesignPresentedItem.cxx.obj
[3260/5643] Building CXX object src\TKDESTEP\CMakeFiles\TKDESTEP.dir\__\StepAP214\StepAP214_AutoDesignReferencingItem.cxx.obj
[3261/5643] Building CXX object src\TKDESTEP\CMakeFiles\TKDESTEP.dir\__\StepAP214\StepAP214_Class.cxx.obj
[3262/5643] Building CXX object src\TKDESTEP\CMakeFiles\TKDESTEP.dir\__\StepAP214\StepAP214_AutoDesignSecurityClassificationAssignment.cxx.obj
[3263/5643] Building CXX object src\TKDESTEP\CMakeFiles\TKDESTEP.dir\__\STEPCAFControl\STEPCAFControl_Reader.cxx.obj
[3264/5643] Building CXX object src\TKDESTEP\CMakeFiles\TKDESTEP.dir\__\StepAP214\StepAP214_DateAndTimeItem.cxx.obj
[3265/5643] Building CXX object src\TKDESTEP\CMakeFiles\TKDESTEP.dir\__\StepAP214\StepAP214_DateItem.cxx.obj
[3266/5643] Building CXX object src\TKDESTEP\CMakeFiles\TKDESTEP.dir\__\StepAP214\StepAP214_DocumentReferenceItem.cxx.obj
[3267/5643] Building CXX object src\TKDESTEP\CMakeFiles\TKDESTEP.dir\__\StepAP214\StepAP214_ExternalIdentificationItem.cxx.obj
[3268/5643] Building CXX object src\TKDESTEP\CMakeFiles\TKDESTEP.dir\__\StepAP214\StepAP214_ExternallyDefinedClass.cxx.obj
[3269/5643] Building CXX object src\TKDESTEP\CMakeFiles\TKDESTEP.dir\__\StepAP214\StepAP214_ExternallyDefinedGeneralProperty.cxx.obj
[3270/5643] Building CXX object src\TKDESTEP\CMakeFiles\TKDESTEP.dir\__\StepAP214\StepAP214_PresentedItemSelect.cxx.obj
[3271/5643] Building CXX object src\TKDESTEP\CMakeFiles\TKDESTEP.dir\__\StepAP214\StepAP214_GroupItem.cxx.obj
[3272/5643] Building CXX object src\TKDESTEP\CMakeFiles\TKDESTEP.dir\__\StepAP214\StepAP214_OrganizationItem.cxx.obj
[3273/5643] Building CXX object src\TKDESTEP\CMakeFiles\TKDESTEP.dir\__\StepAP214\StepAP214_PersonAndOrganizationItem.cxx.obj
[3274/5643] Building CXX object src\TKDESTEP\CMakeFiles\TKDESTEP.dir\__\StepAP214\StepAP214_RepItemGroup.cxx.obj
[3275/5643] Building CXX object src\TKDESTEP\CMakeFiles\TKDESTEP.dir\__\RWStepAP214\RWStepAP214.cxx.obj
[3276/5643] Building CXX object src\TKDESTEP\CMakeFiles\TKDESTEP.dir\__\StepAP214\StepAP214_SecurityClassificationItem.cxx.obj
[3277/5643] Building CXX object src\TKDESTEP\CMakeFiles\TKDESTEP.dir\__\RWStepAP214\RWStepAP214_RWAppliedApprovalAssignment.cxx.obj
[3278/5643] Building CXX object src\TKDESTEP\CMakeFiles\TKDESTEP.dir\__\RWStepAP214\RWStepAP214_RWAppliedDateAndTimeAssignment.cxx.obj
[3279/5643] Building CXX object src\TKDESTEP\CMakeFiles\TKDESTEP.dir\__\RWStepAP214\RWStepAP214_RWAppliedDateAssignment.cxx.obj
[3280/5643] Building CXX object src\TKDESTEP\CMakeFiles\TKDESTEP.dir\__\RWStepAP214\RWStepAP214_RWAppliedDocumentReference.cxx.obj
[3281/5643] Building CXX object src\TKDESTEP\CMakeFiles\TKDESTEP.dir\__\RWStepAP214\RWStepAP214_RWAppliedExternalIdentificationAssignment.cxx.obj
[3282/5643] Building CXX object src\TKDESTEP\CMakeFiles\TKDESTEP.dir\__\RWStepAP214\RWStepAP214_RWAppliedGroupAssignment.cxx.obj
[3283/5643] Building CXX object src\TKDESTEP\CMakeFiles\TKDESTEP.dir\__\RWStepAP214\RWStepAP214_RWAppliedOrganizationAssignment.cxx.obj
[3284/5643] Building CXX object src\TKDESTEP\CMakeFiles\TKDESTEP.dir\__\RWStepAP214\RWStepAP214_RWAppliedPersonAndOrganizationAssignment.cxx.obj
[3285/5643] Building CXX object src\TKDESTEP\CMakeFiles\TKDESTEP.dir\__\RWStepAP214\RWStepAP214_RWAppliedPresentedItem.cxx.obj
[3286/5643] Building CXX object src\TKDESTEP\CMakeFiles\TKDESTEP.dir\__\StepAP214\StepAP214_Protocol.cxx.obj
[3287/5643] Building CXX object src\TKDESTEP\CMakeFiles\TKDESTEP.dir\__\RWStepAP214\RWStepAP214_RWAppliedSecurityClassificationAssignment.cxx.obj
[3288/5643] Building CXX object src\TKDESTEP\CMakeFiles\TKDESTEP.dir\__\RWStepAP214\RWStepAP214_RWAutoDesignActualDateAndTimeAssignment.cxx.obj
[3289/5643] Building CXX object src\TKDESTEP\CMakeFiles\TKDESTEP.dir\__\RWStepAP214\RWStepAP214_RWAutoDesignActualDateAssignment.cxx.obj
[3290/5643] Building CXX object src\TKDESTEP\CMakeFiles\TKDESTEP.dir\__\RWStepAP214\RWStepAP214_RWAutoDesignApprovalAssignment.cxx.obj
[3291/5643] Building CXX object src\TKDESTEP\CMakeFiles\TKDESTEP.dir\__\RWStepAP214\RWStepAP214_RWAutoDesignDateAndPersonAssignment.cxx.obj
[3292/5643] Building CXX object src\TKDESTEP\CMakeFiles\TKDESTEP.dir\__\RWStepAP214\RWStepAP214_RWAutoDesignDocumentReference.cxx.obj
[3293/5643] Building CXX object src\TKDESTEP\CMakeFiles\TKDESTEP.dir\__\RWStepAP214\RWStepAP214_RWAutoDesignGroupAssignment.cxx.obj
[3294/5643] Building CXX object src\TKDESTEP\CMakeFiles\TKDESTEP.dir\__\RWStepAP214\RWStepAP214_RWAutoDesignNominalDateAndTimeAssignment.cxx.obj
[3295/5643] Building CXX object src\TKDESTEP\CMakeFiles\TKDESTEP.dir\__\RWStepAP214\RWStepAP214_RWAutoDesignNominalDateAssignment.cxx.obj
[3296/5643] Building CXX object src\TKDESTEP\CMakeFiles\TKDESTEP.dir\__\RWStepAP214\RWStepAP214_RWAutoDesignOrganizationAssignment.cxx.obj
[3297/5643] Building CXX object src\TKDESTEP\CMakeFiles\TKDESTEP.dir\__\RWStepAP214\RWStepAP214_RWAutoDesignPersonAndOrganizationAssignment.cxx.obj
[3298/5643] Building CXX object src\TKDESTEP\CMakeFiles\TKDESTEP.dir\__\RWStepAP214\RWStepAP214_RWAutoDesignPresentedItem.cxx.obj
[3299/5643] Building CXX object src\TKDESTEP\CMakeFiles\TKDESTEP.dir\__\RWStepAP214\RWStepAP214_RWClass.cxx.obj
[3300/5643] Building CXX object src\TKDESTEP\CMakeFiles\TKDESTEP.dir\__\RWStepAP214\RWStepAP214_RWAutoDesignSecurityClassificationAssignment.cxx.obj
[3301/5643] Building CXX object src\TKDESTEP\CMakeFiles\TKDESTEP.dir\__\RWStepAP214\RWStepAP214_RWExternallyDefinedClass.cxx.obj
[3302/5643] Building CXX object src\TKDESTEP\CMakeFiles\TKDESTEP.dir\__\RWStepAP214\RWStepAP214_RWExternallyDefinedGeneralProperty.cxx.obj
[3303/5643] Building CXX object src\TKDESTEP\CMakeFiles\TKDESTEP.dir\__\StepAP203\StepAP203_ApprovedItem.cxx.obj
[3304/5643] Building CXX object src\TKDESTEP\CMakeFiles\TKDESTEP.dir\__\RWStepAP214\RWStepAP214_RWRepItemGroup.cxx.obj
[3305/5643] Building CXX object src\TKDESTEP\CMakeFiles\TKDESTEP.dir\__\StepAP203\StepAP203_CcDesignApproval.cxx.obj
[3306/5643] Building CXX object src\TKDESTEP\CMakeFiles\TKDESTEP.dir\__\StepAP203\StepAP203_CcDesignCertification.cxx.obj
[3307/5643] Building CXX object src\TKDESTEP\CMakeFiles\TKDESTEP.dir\__\StepAP203\StepAP203_CcDesignContract.cxx.obj
[3308/5643] Building CXX object src\TKDESTEP\CMakeFiles\TKDESTEP.dir\__\StepAP203\StepAP203_CcDesignDateAndTimeAssignment.cxx.obj
[3309/5643] Building CXX object src\TKDESTEP\CMakeFiles\TKDESTEP.dir\__\StepAP203\StepAP203_CcDesignPersonAndOrganizationAssignment.cxx.obj
[3310/5643] Building CXX object src\TKDESTEP\CMakeFiles\TKDESTEP.dir\__\StepAP203\StepAP203_CcDesignSecurityClassification.cxx.obj
[3311/5643] Building CXX object src\TKDESTEP\CMakeFiles\TKDESTEP.dir\__\StepAP203\StepAP203_CertifiedItem.cxx.obj
[3312/5643] Building CXX object src\TKDESTEP\CMakeFiles\TKDESTEP.dir\__\StepAP203\StepAP203_CcDesignSpecificationReference.cxx.obj
[3313/5643] Building CXX object src\TKDESTEP\CMakeFiles\TKDESTEP.dir\__\StepAP203\StepAP203_Change.cxx.obj
[3314/5643] Building CXX object src\TKDESTEP\CMakeFiles\TKDESTEP.dir\__\StepAP203\StepAP203_ChangeRequest.cxx.obj
[3315/5643] Building CXX object src\TKDESTEP\CMakeFiles\TKDESTEP.dir\__\StepAP203\StepAP203_ChangeRequestItem.cxx.obj
[3316/5643] Building CXX object src\TKDESTEP\CMakeFiles\TKDESTEP.dir\__\StepAP203\StepAP203_ClassifiedItem.cxx.obj
[3317/5643] Building CXX object src\TKDESTEP\CMakeFiles\TKDESTEP.dir\__\StepAP203\StepAP203_ContractedItem.cxx.obj
[3318/5643] Building CXX object src\TKDESTEP\CMakeFiles\TKDESTEP.dir\__\StepAP203\StepAP203_DateTimeItem.cxx.obj
[3319/5643] Building CXX object src\TKDESTEP\CMakeFiles\TKDESTEP.dir\__\StepAP203\StepAP203_PersonOrganizationItem.cxx.obj
[3320/5643] Building CXX object src\TKDESTEP\CMakeFiles\TKDESTEP.dir\__\StepAP203\StepAP203_SpecifiedItem.cxx.obj
[3321/5643] Building CXX object src\TKDESTEP\CMakeFiles\TKDESTEP.dir\__\StepAP203\StepAP203_StartRequestItem.cxx.obj
[3322/5643] Building CXX object src\TKDESTEP\CMakeFiles\TKDESTEP.dir\__\StepAP203\StepAP203_StartRequest.cxx.obj
[3323/5643] Building CXX object src\TKDESTEP\CMakeFiles\TKDESTEP.dir\__\StepAP203\StepAP203_WorkItem.cxx.obj
[3324/5643] Building CXX object src\TKDESTEP\CMakeFiles\TKDESTEP.dir\__\StepAP203\StepAP203_StartWork.cxx.obj
[3325/5643] Building CXX object src\TKDESTEP\CMakeFiles\TKDESTEP.dir\__\RWStepAP203\RWStepAP203_RWCcDesignApproval.cxx.obj
[3326/5643] Building CXX object src\TKDESTEP\CMakeFiles\TKDESTEP.dir\__\RWStepAP203\RWStepAP203_RWCcDesignCertification.cxx.obj
[3327/5643] Building CXX object src\TKDESTEP\CMakeFiles\TKDESTEP.dir\__\RWStepAP203\RWStepAP203_RWCcDesignContract.cxx.obj
[3328/5643] Building CXX object src\TKDESTEP\CMakeFiles\TKDESTEP.dir\__\RWStepAP203\RWStepAP203_RWCcDesignDateAndTimeAssignment.cxx.obj
[3329/5643] Building CXX object src\TKDESTEP\CMakeFiles\TKDESTEP.dir\__\RWStepAP214\RWStepAP214_ReadWriteModule.cxx.obj
[3330/5643] Building CXX object src\TKDESTEP\CMakeFiles\TKDESTEP.dir\__\RWStepAP203\RWStepAP203_RWCcDesignPersonAndOrganizationAssignment.cxx.obj
[3331/5643] Building CXX object src\TKDESTEP\CMakeFiles\TKDESTEP.dir\__\RWStepAP203\RWStepAP203_RWCcDesignSecurityClassification.cxx.obj
[3332/5643] Building CXX object src\TKDESTEP\CMakeFiles\TKDESTEP.dir\__\RWStepAP203\RWStepAP203_RWCcDesignSpecificationReference.cxx.obj
[3333/5643] Building CXX object src\TKDESTEP\CMakeFiles\TKDESTEP.dir\__\RWStepAP203\RWStepAP203_RWChange.cxx.obj
[3334/5643] Building CXX object src\TKDESTEP\CMakeFiles\TKDESTEP.dir\__\RWStepAP203\RWStepAP203_RWChangeRequest.cxx.obj
[3335/5643] Building CXX object src\TKDESTEP\CMakeFiles\TKDESTEP.dir\__\RWStepAP203\RWStepAP203_RWStartRequest.cxx.obj
[3336/5643] Building CXX object src\TKDESTEP\CMakeFiles\TKDESTEP.dir\__\RWStepAP203\RWStepAP203_RWStartWork.cxx.obj
[3337/5643] Building CXX object src\TKDESTEP\CMakeFiles\TKDESTEP.dir\__\STEPConstruct\STEPConstruct.cxx.obj
[3338/5643] Building CXX object src\TKDESTEP\CMakeFiles\TKDESTEP.dir\__\STEPConstruct\STEPConstruct_Assembly.cxx.obj
[3339/5643] Building CXX object src\TKDESTEP\CMakeFiles\TKDESTEP.dir\__\STEPConstruct\STEPConstruct_AP203Context.cxx.obj
[3340/5643] Building CXX object src\TKDESTEP\CMakeFiles\TKDESTEP.dir\__\STEPConstruct\STEPConstruct_ContextTool.cxx.obj
[3341/5643] Building CXX object src\TKDESTEP\CMakeFiles\TKDESTEP.dir\__\STEPConstruct\STEPConstruct_Part.cxx.obj
[3342/5643] Building CXX object src\TKDESTEP\CMakeFiles\TKDESTEP.dir\__\RWStepAP214\RWStepAP214_GeneralModule.cxx.obj
[3343/5643] Building CXX object src\TKDESTEP\CMakeFiles\TKDESTEP.dir\__\STEPConstruct\STEPConstruct_Tool.cxx.obj
[3344/5643] Building CXX object src\TKDESTEP\CMakeFiles\TKDESTEP.dir\__\STEPConstruct\STEPConstruct_ExternRefs.cxx.obj
[3345/5643] Building CXX object src\TKDESTEP\CMakeFiles\TKDESTEP.dir\__\STEPConstruct\STEPConstruct_Styles.cxx.obj
[3346/5643] Building CXX object src\TKDESTEP\CMakeFiles\TKDESTEP.dir\__\STEPConstruct\STEPConstruct_UnitContext.cxx.obj
[3347/5643] Building CXX object src\TKDESTEP\CMakeFiles\TKDESTEP.dir\__\STEPEdit\STEPEdit.cxx.obj
[3348/5643] Building CXX object src\TKDESTEP\CMakeFiles\TKDESTEP.dir\__\STEPEdit\STEPEdit_EditContext.cxx.obj
[3349/5643] Building CXX object src\TKDESTEP\CMakeFiles\TKDESTEP.dir\__\STEPEdit\STEPEdit_EditSDR.cxx.obj
[3350/5643] Building CXX object src\TKDESTEP\CMakeFiles\TKDESTEP.dir\__\GeomToStep\GeomToStep_MakeAxis1Placement.cxx.obj
[3351/5643] Building CXX object src\TKDESTEP\CMakeFiles\TKDESTEP.dir\__\STEPConstruct\STEPConstruct_ValidationProps.cxx.obj
[3352/5643] Building CXX object src\TKDESTEP\CMakeFiles\TKDESTEP.dir\__\GeomToStep\GeomToStep_MakeAxis2Placement2d.cxx.obj
[3353/5643] Building CXX object src\TKDESTEP\CMakeFiles\TKDESTEP.dir\__\GeomToStep\GeomToStep_MakeAxis2Placement3d.cxx.obj
[3354/5643] Building CXX object src\TKDESTEP\CMakeFiles\TKDESTEP.dir\__\GeomToStep\GeomToStep_MakeBoundedCurve.cxx.obj
[3355/5643] Building CXX object src\TKDESTEP\CMakeFiles\TKDESTEP.dir\__\GeomToStep\GeomToStep_MakeBoundedSurface.cxx.obj
[3356/5643] Building CXX object src\TKDESTEP\CMakeFiles\TKDESTEP.dir\__\GeomToStep\GeomToStep_MakeBSplineCurveWithKnots.cxx.obj
[3357/5643] Building CXX object src\TKDESTEP\CMakeFiles\TKDESTEP.dir\__\GeomToStep\GeomToStep_MakeBSplineCurveWithKnotsAndRationalBSplineCurve.cxx.obj
[3358/5643] Building CXX object src\TKDESTEP\CMakeFiles\TKDESTEP.dir\__\GeomToStep\GeomToStep_MakeBSplineSurfaceWithKnots.cxx.obj
[3359/5643] Building CXX object src\TKDESTEP\CMakeFiles\TKDESTEP.dir\__\GeomToStep\GeomToStep_MakeCartesianPoint.cxx.obj
[3360/5643] Building CXX object src\TKDESTEP\CMakeFiles\TKDESTEP.dir\__\GeomToStep\GeomToStep_MakeBSplineSurfaceWithKnotsAndRationalBSplineSurface.cxx.obj
[3361/5643] Building CXX object src\TKDESTEP\CMakeFiles\TKDESTEP.dir\__\GeomToStep\GeomToStep_MakeCircle.cxx.obj
[3362/5643] Building CXX object src\TKDESTEP\CMakeFiles\TKDESTEP.dir\__\GeomToStep\GeomToStep_MakeConic.cxx.obj
[3363/5643] Building CXX object src\TKDESTEP\CMakeFiles\TKDESTEP.dir\__\GeomToStep\GeomToStep_MakeConicalSurface.cxx.obj
[3364/5643] Building CXX object src\TKDESTEP\CMakeFiles\TKDESTEP.dir\__\GeomToStep\GeomToStep_MakeCurve.cxx.obj
[3365/5643] Building CXX object src\TKDESTEP\CMakeFiles\TKDESTEP.dir\__\GeomToStep\GeomToStep_MakeCylindricalSurface.cxx.obj
[3366/5643] Building CXX object src\TKDESTEP\CMakeFiles\TKDESTEP.dir\__\GeomToStep\GeomToStep_MakeDirection.cxx.obj
[3367/5643] Building CXX object src\TKDESTEP\CMakeFiles\TKDESTEP.dir\__\GeomToStep\GeomToStep_MakeElementarySurface.cxx.obj
[3368/5643] Building CXX object src\TKDESTEP\CMakeFiles\TKDESTEP.dir\__\GeomToStep\GeomToStep_MakeEllipse.cxx.obj
[3369/5643] Building CXX object src\TKDESTEP\CMakeFiles\TKDESTEP.dir\__\GeomToStep\GeomToStep_MakeLine.cxx.obj
[3370/5643] Building CXX object src\TKDESTEP\CMakeFiles\TKDESTEP.dir\__\GeomToStep\GeomToStep_MakeHyperbola.cxx.obj
[3371/5643] Building CXX object src\TKDESTEP\CMakeFiles\TKDESTEP.dir\__\GeomToStep\GeomToStep_MakeParabola.cxx.obj
[3372/5643] Building CXX object src\TKDESTEP\CMakeFiles\TKDESTEP.dir\__\GeomToStep\GeomToStep_MakePolyline.cxx.obj
[3373/5643] Building CXX object src\TKDESTEP\CMakeFiles\TKDESTEP.dir\__\GeomToStep\GeomToStep_MakePlane.cxx.obj
[3374/5643] Building CXX object src\TKDESTEP\CMakeFiles\TKDESTEP.dir\__\GeomToStep\GeomToStep_MakeRectangularTrimmedSurface.cxx.obj
[3375/5643] Building CXX object src\TKDESTEP\CMakeFiles\TKDESTEP.dir\__\GeomToStep\GeomToStep_MakeSphericalSurface.cxx.obj
[3376/5643] Building CXX object src\TKDESTEP\CMakeFiles\TKDESTEP.dir\__\GeomToStep\GeomToStep_MakeSurfaceOfLinearExtrusion.cxx.obj
[3377/5643] Building CXX object src\TKDESTEP\CMakeFiles\TKDESTEP.dir\__\GeomToStep\GeomToStep_MakeSurfaceOfRevolution.cxx.obj
[3378/5643] Building CXX object src\TKDESTEP\CMakeFiles\TKDESTEP.dir\__\GeomToStep\GeomToStep_MakeSurface.cxx.obj
[3379/5643] Building CXX object src\TKDESTEP\CMakeFiles\TKDESTEP.dir\__\GeomToStep\GeomToStep_Root.cxx.obj
[3380/5643] Building CXX object src\TKDESTEP\CMakeFiles\TKDESTEP.dir\__\GeomToStep\GeomToStep_MakeSweptSurface.cxx.obj
[3381/5643] Building CXX object src\TKDESTEP\CMakeFiles\TKDESTEP.dir\__\GeomToStep\GeomToStep_MakeVector.cxx.obj
[3382/5643] Building CXX object src\TKDESTEP\CMakeFiles\TKDESTEP.dir\__\GeomToStep\GeomToStep_MakeToroidalSurface.cxx.obj
[3383/5643] Building CXX object src\TKDESTEP\CMakeFiles\TKDESTEP.dir\__\StepToTopoDS\StepToTopoDS.cxx.obj
[3384/5643] Building CXX object src\TKDESTEP\CMakeFiles\TKDESTEP.dir\__\StepToTopoDS\StepToTopoDS_MakeTransformed.cxx.obj
[3385/5643] Building CXX object src\TKDESTEP\CMakeFiles\TKDESTEP.dir\__\StepToTopoDS\StepToTopoDS_GeometricTool.cxx.obj
[3386/5643] Building CXX object src\TKDESTEP\CMakeFiles\TKDESTEP.dir\__\StepToTopoDS\StepToTopoDS_NMTool.cxx.obj
[3387/5643] Building CXX object src\TKDESTEP\CMakeFiles\TKDESTEP.dir\__\StepToTopoDS\StepToTopoDS_PointPair.cxx.obj
[3388/5643] Building CXX object src\TKDESTEP\CMakeFiles\TKDESTEP.dir\__\StepToTopoDS\StepToTopoDS_Root.cxx.obj
[3389/5643] Building CXX object src\TKDESTEP\CMakeFiles\TKDESTEP.dir\__\StepToTopoDS\StepToTopoDS_Builder.cxx.obj
[3390/5643] Building CXX object src\TKDESTEP\CMakeFiles\TKDESTEP.dir\__\StepToGeom\StepToGeom.cxx.obj
[3391/5643] Building CXX object src\TKDESTEP\CMakeFiles\TKDESTEP.dir\__\StepToTopoDS\StepToTopoDS_Tool.cxx.obj
[3392/5643] Building CXX object src\TKDESTEP\CMakeFiles\TKDESTEP.dir\__\StepToTopoDS\StepToTopoDS_TranslateCurveBoundedSurface.cxx.obj
[3393/5643] Building CXX object src\TKDESTEP\CMakeFiles\TKDESTEP.dir\__\StepToTopoDS\StepToTopoDS_TranslateCompositeCurve.cxx.obj
[3394/5643] Building CXX object src\TKDESTEP\CMakeFiles\TKDESTEP.dir\__\StepToTopoDS\StepToTopoDS_TranslateEdge.cxx.obj
[3395/5643] Building CXX object src\TKDESTEP\CMakeFiles\TKDESTEP.dir\__\StepToTopoDS\StepToTopoDS_TranslatePolyLoop.cxx.obj
[3396/5643] Building CXX object src\TKDESTEP\CMakeFiles\TKDESTEP.dir\__\StepToTopoDS\StepToTopoDS_TranslateShell.cxx.obj
[3397/5643] Building CXX object src\TKDESTEP\CMakeFiles\TKDESTEP.dir\__\StepToTopoDS\StepToTopoDS_TranslateFace.cxx.obj
[3398/5643] Building CXX object src\TKDESTEP\CMakeFiles\TKDESTEP.dir\__\StepToTopoDS\StepToTopoDS_TranslateEdgeLoop.cxx.obj
[3399/5643] Building CXX object src\TKDESTEP\CMakeFiles\TKDESTEP.dir\__\StepToTopoDS\StepToTopoDS_TranslateVertex.cxx.obj
[3400/5643] Building CXX object src\TKDESTEP\CMakeFiles\TKDESTEP.dir\__\TopoDSToStep\TopoDSToStep.cxx.obj
[3401/5643] Building CXX object src\TKDESTEP\CMakeFiles\TKDESTEP.dir\__\StepToTopoDS\StepToTopoDS_TranslateSolid.cxx.obj
[3402/5643] Building CXX object src\TKDESTEP\CMakeFiles\TKDESTEP.dir\__\StepToTopoDS\StepToTopoDS_TranslateVertexLoop.cxx.obj
[3403/5643] Building CXX object src\TKDESTEP\CMakeFiles\TKDESTEP.dir\__\TopoDSToStep\TopoDSToStep_FacetedTool.cxx.obj
[3404/5643] Building CXX object src\TKDESTEP\CMakeFiles\TKDESTEP.dir\__\TopoDSToStep\TopoDSToStep_Builder.cxx.obj
[3405/5643] Building CXX object src\TKDESTEP\CMakeFiles\TKDESTEP.dir\__\TopoDSToStep\TopoDSToStep_MakeFacetedBrep.cxx.obj
[3406/5643] Building CXX object src\TKDESTEP\CMakeFiles\TKDESTEP.dir\__\TopoDSToStep\TopoDSToStep_MakeBrepWithVoids.cxx.obj
[3407/5643] Building CXX object src\TKDESTEP\CMakeFiles\TKDESTEP.dir\__\TopoDSToStep\TopoDSToStep_MakeGeometricCurveSet.cxx.obj
[3408/5643] Building CXX object src\TKDESTEP\CMakeFiles\TKDESTEP.dir\__\TopoDSToStep\TopoDSToStep_MakeManifoldSolidBrep.cxx.obj
[3409/5643] Building CXX object src\TKDESTEP\CMakeFiles\TKDESTEP.dir\__\TopoDSToStep\TopoDSToStep_MakeFacetedBrepAndBrepWithVoids.cxx.obj
[3410/5643] Building CXX object src\TKDESTEP\CMakeFiles\TKDESTEP.dir\__\TopoDSToStep\TopoDSToStep_MakeShellBasedSurfaceModel.cxx.obj
[3411/5643] Building CXX object src\TKDESTEP\CMakeFiles\TKDESTEP.dir\__\TopoDSToStep\TopoDSToStep_MakeStepVertex.cxx.obj
[3412/5643] Building CXX object src\TKDESTEP\CMakeFiles\TKDESTEP.dir\__\TopoDSToStep\TopoDSToStep_Root.cxx.obj
[3413/5643] Building CXX object src\TKDESTEP\CMakeFiles\TKDESTEP.dir\__\TopoDSToStep\TopoDSToStep_MakeStepEdge.cxx.obj
[3414/5643] Building CXX object src\TKDESTEP\CMakeFiles\TKDESTEP.dir\__\TopoDSToStep\TopoDSToStep_MakeStepWire.cxx.obj
[3415/5643] Building CXX object src\TKDESTEP\CMakeFiles\TKDESTEP.dir\__\TopoDSToStep\TopoDSToStep_MakeStepFace.cxx.obj
[3416/5643] Building CXX object src\TKDESTEP\CMakeFiles\TKDESTEP.dir\__\TopoDSToStep\TopoDSToStep_Tool.cxx.obj
[3417/5643] Building CXX object src\TKDESTEP\CMakeFiles\TKDESTEP.dir\__\TopoDSToStep\TopoDSToStep_MakeTessellatedItem.cxx.obj
[3418/5643] Building CXX object src\TKDESTEP\CMakeFiles\TKDESTEP.dir\__\TopoDSToStep\TopoDSToStep_WireframeBuilder.cxx.obj
[3419/5643] Building CXX object src\TKDESTEP\CMakeFiles\TKDESTEP.dir\__\STEPControl\STEPControl_Controller.cxx.obj
[3420/5643] Building CXX object src\TKDESTEP\CMakeFiles\TKDESTEP.dir\__\STEPControl\STEPControl_Reader.cxx.obj
[3421/5643] Building CXX object src\TKDESTEP\CMakeFiles\TKDESTEP.dir\__\STEPControl\STEPControl_ActorRead.cxx.obj
[3422/5643] Building CXX object src\TKDESTEP\CMakeFiles\TKDESTEP.dir\__\STEPSelections\STEPSelections_AssemblyComponent.cxx.obj
[3423/5643] Building CXX object src\TKDESTEP\CMakeFiles\TKDESTEP.dir\__\STEPControl\STEPControl_Writer.cxx.obj
[3424/5643] Building CXX object src\TKDESTEP\CMakeFiles\TKDESTEP.dir\__\STEPSelections\STEPSelections_AssemblyLink.cxx.obj
[3425/5643] Building CXX object src\TKDESTEP\CMakeFiles\TKDESTEP.dir\__\STEPSelections\STEPSelections_AssemblyExplorer.cxx.obj
[3426/5643] Building CXX object src\TKDESTEP\CMakeFiles\TKDESTEP.dir\__\STEPSelections\STEPSelections_SelectAssembly.cxx.obj
[3427/5643] Building CXX object src\TKDESTEP\CMakeFiles\TKDESTEP.dir\__\STEPSelections\STEPSelections_Counter.cxx.obj
[3428/5643] Building CXX object src\TKDESTEP\CMakeFiles\TKDESTEP.dir\__\STEPSelections\STEPSelections_SelectDerived.cxx.obj
[3429/5643] Building CXX object src\TKDESTEP\CMakeFiles\TKDESTEP.dir\__\STEPSelections\STEPSelections_SelectFaces.cxx.obj
[3430/5643] Building CXX object src\TKDESTEP\CMakeFiles\TKDESTEP.dir\__\STEPSelections\STEPSelections_SelectForTransfer.cxx.obj
[3431/5643] Building CXX object src\TKDESTEP\CMakeFiles\TKDESTEP.dir\__\STEPSelections\STEPSelections_SelectGSCurves.cxx.obj
[3432/5643] Building CXX object src\TKDESTEP\CMakeFiles\TKDESTEP.dir\__\STEPControl\STEPControl_ActorWrite.cxx.obj
[3433/5643] Building CXX object src\TKDESTEP\CMakeFiles\TKDESTEP.dir\__\STEPSelections\STEPSelections_SelectInstances.cxx.obj
[3434/5643] Building CXX object src\TKDESTEP\CMakeFiles\TKDESTEP.dir\__\RWStepAP242\RWStepAP242_RWDraughtingModelItemAssociation.cxx.obj
[3435/5643] Building CXX object src\TKDESTEP\CMakeFiles\TKDESTEP.dir\__\RWStepAP242\RWStepAP242_RWIdAttribute.cxx.obj
[3436/5643] Building CXX object src\TKDESTEP\CMakeFiles\TKDESTEP.dir\__\RWStepAP242\RWStepAP242_RWGeometricItemSpecificUsage.cxx.obj
[3437/5643] Building CXX object src\TKDESTEP\CMakeFiles\TKDESTEP.dir\__\StepAP242\StepAP242_DraughtingModelItemAssociation.cxx.obj
[3438/5643] Building CXX object src\TKDESTEP\CMakeFiles\TKDESTEP.dir\__\RWStepAP242\RWStepAP242_RWItemIdentifiedRepresentationUsage.cxx.obj
[3439/5643] Building CXX object src\TKDESTEP\CMakeFiles\TKDESTEP.dir\__\StepAP242\StepAP242_GeometricItemSpecificUsage.cxx.obj
[3440/5643] Building CXX object src\TKDESTEP\CMakeFiles\TKDESTEP.dir\__\StepAP242\StepAP242_IdAttribute.cxx.obj
[3441/5643] Building CXX object src\TKDESTEP\CMakeFiles\TKDESTEP.dir\__\StepAP242\StepAP242_ItemIdentifiedRepresentationUsage.cxx.obj
[3442/5643] Building CXX object src\TKDESTEP\CMakeFiles\TKDESTEP.dir\__\StepAP242\StepAP242_IdAttributeSelect.cxx.obj
[3443/5643] Building CXX object src\TKDESTEP\CMakeFiles\TKDESTEP.dir\__\StepElement\StepElement_AnalysisItemWithinRepresentation.cxx.obj
[3444/5643] Building CXX object src\TKDESTEP\CMakeFiles\TKDESTEP.dir\__\StepAP242\StepAP242_ItemIdentifiedRepresentationUsageDefinition.cxx.obj
[3445/5643] Building CXX object src\TKDESTEP\CMakeFiles\TKDESTEP.dir\__\StepElement\StepElement_Curve3dElementDescriptor.cxx.obj
[3446/5643] Building CXX object src\TKDESTEP\CMakeFiles\TKDESTEP.dir\__\StepElement\StepElement_CurveElementEndReleasePacket.cxx.obj
[3447/5643] Building CXX object src\TKDESTEP\CMakeFiles\TKDESTEP.dir\__\StepElement\StepElement_CurveElementFreedom.cxx.obj
[3448/5643] Building CXX object src\TKDESTEP\CMakeFiles\TKDESTEP.dir\__\StepElement\StepElement_CurveElementFreedomMember.cxx.obj
[3449/5643] Building CXX object src\TKDESTEP\CMakeFiles\TKDESTEP.dir\__\StepAP209\StepAP209_Construct.cxx.obj
[3450/5643] Building CXX object src\TKDESTEP\CMakeFiles\TKDESTEP.dir\__\StepElement\StepElement_CurveElementPurpose.cxx.obj
[3451/5643] Building CXX object src\TKDESTEP\CMakeFiles\TKDESTEP.dir\__\StepElement\StepElement_CurveElementSectionDefinition.cxx.obj
[3452/5643] Building CXX object src\TKDESTEP\CMakeFiles\TKDESTEP.dir\__\StepElement\StepElement_CurveElementPurposeMember.cxx.obj
[3453/5643] Building CXX object src\TKDESTEP\CMakeFiles\TKDESTEP.dir\__\StepElement\StepElement_CurveElementSectionDerivedDefinitions.cxx.obj
[3454/5643] Building CXX object src\TKDESTEP\CMakeFiles\TKDESTEP.dir\__\StepElement\StepElement_ElementAspect.cxx.obj
[3455/5643] Building CXX object src\TKDESTEP\CMakeFiles\TKDESTEP.dir\__\StepElement\StepElement_ElementDescriptor.cxx.obj
[3456/5643] Building CXX object src\TKDESTEP\CMakeFiles\TKDESTEP.dir\__\StepElement\StepElement_ElementAspectMember.cxx.obj
[3457/5643] Building CXX object src\TKDESTEP\CMakeFiles\TKDESTEP.dir\__\StepElement\StepElement_MeasureOrUnspecifiedValue.cxx.obj
[3458/5643] Building CXX object src\TKDESTEP\CMakeFiles\TKDESTEP.dir\__\StepElement\StepElement_ElementMaterial.cxx.obj
[3459/5643] Building CXX object src\TKDESTEP\CMakeFiles\TKDESTEP.dir\__\StepElement\StepElement_MeasureOrUnspecifiedValueMember.cxx.obj
[3460/5643] Building CXX object src\TKDESTEP\CMakeFiles\TKDESTEP.dir\__\StepElement\StepElement_Surface3dElementDescriptor.cxx.obj
[3461/5643] Building CXX object src\TKDESTEP\CMakeFiles\TKDESTEP.dir\__\StepElement\StepElement_SurfaceElementProperty.cxx.obj
[3462/5643] Building CXX object src\TKDESTEP\CMakeFiles\TKDESTEP.dir\__\StepElement\StepElement_SurfaceElementPurpose.cxx.obj
[3463/5643] Building CXX object src\TKDESTEP\CMakeFiles\TKDESTEP.dir\__\StepElement\StepElement_SurfaceElementPurposeMember.cxx.obj
[3464/5643] Building CXX object src\TKDESTEP\CMakeFiles\TKDESTEP.dir\__\StepElement\StepElement_SurfaceSection.cxx.obj
[3465/5643] Building CXX object src\TKDESTEP\CMakeFiles\TKDESTEP.dir\__\StepElement\StepElement_SurfaceSectionField.cxx.obj
[3466/5643] Building CXX object src\TKDESTEP\CMakeFiles\TKDESTEP.dir\__\StepElement\StepElement_SurfaceSectionFieldConstant.cxx.obj
[3467/5643] Building CXX object src\TKDESTEP\CMakeFiles\TKDESTEP.dir\__\StepElement\StepElement_UniformSurfaceSection.cxx.obj
[3468/5643] Building CXX object src\TKDESTEP\CMakeFiles\TKDESTEP.dir\__\StepElement\StepElement_SurfaceSectionFieldVarying.cxx.obj
[3469/5643] Building CXX object src\TKDESTEP\CMakeFiles\TKDESTEP.dir\__\StepElement\StepElement_Volume3dElementDescriptor.cxx.obj
[3470/5643] Building CXX object src\TKDESTEP\CMakeFiles\TKDESTEP.dir\__\StepElement\StepElement_VolumeElementPurpose.cxx.obj
[3471/5643] Building CXX object src\TKDESTEP\CMakeFiles\TKDESTEP.dir\__\StepElement\StepElement_VolumeElementPurposeMember.cxx.obj
[3472/5643] Building CXX object src\TKDESTEP\CMakeFiles\TKDESTEP.dir\__\StepFEA\StepFEA_AlignedCurve3dElementCoordinateSystem.cxx.obj
[3473/5643] Building CXX object src\TKDESTEP\CMakeFiles\TKDESTEP.dir\__\StepFEA\StepFEA_ArbitraryVolume3dElementCoordinateSystem.cxx.obj
[3474/5643] Building CXX object src\TKDESTEP\CMakeFiles\TKDESTEP.dir\__\StepFEA\StepFEA_AlignedSurface3dElementCoordinateSystem.cxx.obj
[3475/5643] Building CXX object src\TKDESTEP\CMakeFiles\TKDESTEP.dir\__\StepFEA\StepFEA_ConstantSurface3dElementCoordinateSystem.cxx.obj
[3476/5643] Building CXX object src\TKDESTEP\CMakeFiles\TKDESTEP.dir\__\StepFEA\StepFEA_CurveElementEndCoordinateSystem.cxx.obj
[3477/5643] Building CXX object src\TKDESTEP\CMakeFiles\TKDESTEP.dir\__\StepFEA\StepFEA_Curve3dElementProperty.cxx.obj
[3478/5643] Building CXX object src\TKDESTEP\CMakeFiles\TKDESTEP.dir\__\StepFEA\StepFEA_CurveElementEndOffset.cxx.obj
[3479/5643] Building CXX object src\TKDESTEP\CMakeFiles\TKDESTEP.dir\__\StepFEA\StepFEA_CurveElementEndRelease.cxx.obj
[3480/5643] Building CXX object src\TKDESTEP\CMakeFiles\TKDESTEP.dir\__\StepFEA\StepFEA_CurveElementInterval.cxx.obj
[3481/5643] Building CXX object src\TKDESTEP\CMakeFiles\TKDESTEP.dir\__\StepFEA\StepFEA_Curve3dElementRepresentation.cxx.obj
[3482/5643] Building CXX object src\TKDESTEP\CMakeFiles\TKDESTEP.dir\__\StepFEA\StepFEA_CurveElementIntervalConstant.cxx.obj
[3483/5643] Building CXX object src\TKDESTEP\CMakeFiles\TKDESTEP.dir\__\StepFEA\StepFEA_CurveElementLocation.cxx.obj
[3484/5643] Building CXX object src\TKDESTEP\CMakeFiles\TKDESTEP.dir\__\StepFEA\StepFEA_DegreeOfFreedom.cxx.obj
[3485/5643] Building CXX object src\TKDESTEP\CMakeFiles\TKDESTEP.dir\__\StepFEA\StepFEA_CurveElementIntervalLinearlyVarying.cxx.obj
[3486/5643] Building CXX object src\TKDESTEP\CMakeFiles\TKDESTEP.dir\__\StepFEA\StepFEA_ElementGeometricRelationship.cxx.obj
[3487/5643] Building CXX object src\TKDESTEP\CMakeFiles\TKDESTEP.dir\__\StepFEA\StepFEA_DegreeOfFreedomMember.cxx.obj
[3488/5643] Building CXX object src\TKDESTEP\CMakeFiles\TKDESTEP.dir\__\StepFEA\StepFEA_DummyNode.cxx.obj
[3489/5643] Building CXX object src\TKDESTEP\CMakeFiles\TKDESTEP.dir\__\StepFEA\StepFEA_ElementGroup.cxx.obj
[3490/5643] Building CXX object src\TKDESTEP\CMakeFiles\TKDESTEP.dir\__\StepFEA\StepFEA_ElementOrElementGroup.cxx.obj
[3491/5643] Building CXX object src\TKDESTEP\CMakeFiles\TKDESTEP.dir\__\StepFEA\StepFEA_FeaAreaDensity.cxx.obj
[3492/5643] Building CXX object src\TKDESTEP\CMakeFiles\TKDESTEP.dir\__\StepFEA\StepFEA_ElementRepresentation.cxx.obj
[3493/5643] Building CXX object src\TKDESTEP\CMakeFiles\TKDESTEP.dir\__\StepFEA\StepFEA_FeaCurveSectionGeometricRelationship.cxx.obj
[3494/5643] Building CXX object src\TKDESTEP\CMakeFiles\TKDESTEP.dir\__\StepFEA\StepFEA_FeaAxis2Placement3d.cxx.obj
[3495/5643] Building CXX object src\TKDESTEP\CMakeFiles\TKDESTEP.dir\__\StepFEA\StepFEA_FeaGroup.cxx.obj
[3496/5643] Building CXX object src\TKDESTEP\CMakeFiles\TKDESTEP.dir\__\StepFEA\StepFEA_FeaLinearElasticity.cxx.obj
[3497/5643] Building CXX object src\TKDESTEP\CMakeFiles\TKDESTEP.dir\__\StepFEA\StepFEA_FeaMaterialPropertyRepresentation.cxx.obj
[3498/5643] Building CXX object src\TKDESTEP\CMakeFiles\TKDESTEP.dir\__\StepFEA\StepFEA_FeaMassDensity.cxx.obj
[3499/5643] Building CXX object src\TKDESTEP\CMakeFiles\TKDESTEP.dir\__\StepFEA\StepFEA_FeaMaterialPropertyRepresentationItem.cxx.obj
[3500/5643] Building CXX object src\TKDESTEP\CMakeFiles\TKDESTEP.dir\__\StepFEA\StepFEA_FeaModelDefinition.cxx.obj
[3501/5643] Building CXX object src\TKDESTEP\CMakeFiles\TKDESTEP.dir\__\StepFEA\StepFEA_FeaModel.cxx.obj
[3502/5643] Building CXX object src\TKDESTEP\CMakeFiles\TKDESTEP.dir\__\StepFEA\StepFEA_FeaModel3d.cxx.obj
[3503/5643] Building CXX object src\TKDESTEP\CMakeFiles\TKDESTEP.dir\__\StepFEA\StepFEA_FeaMoistureAbsorption.cxx.obj
[3504/5643] Building CXX object src\TKDESTEP\CMakeFiles\TKDESTEP.dir\__\StepFEA\StepFEA_FeaRepresentationItem.cxx.obj
[3505/5643] Building CXX object src\TKDESTEP\CMakeFiles\TKDESTEP.dir\__\StepFEA\StepFEA_FeaParametricPoint.cxx.obj
[3506/5643] Building CXX object src\TKDESTEP\CMakeFiles\TKDESTEP.dir\__\StepFEA\StepFEA_FeaSecantCoefficientOfLinearThermalExpansion.cxx.obj
[3507/5643] Building CXX object src\TKDESTEP\CMakeFiles\TKDESTEP.dir\__\StepFEA\StepFEA_FeaShellBendingStiffness.cxx.obj
[3508/5643] Building CXX object src\TKDESTEP\CMakeFiles\TKDESTEP.dir\__\StepFEA\StepFEA_FeaShellMembraneBendingCouplingStiffness.cxx.obj
[3509/5643] Building CXX object src\TKDESTEP\CMakeFiles\TKDESTEP.dir\__\StepFEA\StepFEA_FeaShellMembraneStiffness.cxx.obj
[3510/5643] Building CXX object src\TKDESTEP\CMakeFiles\TKDESTEP.dir\__\StepFEA\StepFEA_FeaSurfaceSectionGeometricRelationship.cxx.obj
[3511/5643] Building CXX object src\TKDESTEP\CMakeFiles\TKDESTEP.dir\__\StepFEA\StepFEA_FeaShellShearStiffness.cxx.obj
[3512/5643] Building CXX object src\TKDESTEP\CMakeFiles\TKDESTEP.dir\__\StepFEA\StepFEA_FeaTangentialCoefficientOfLinearThermalExpansion.cxx.obj
[3513/5643] Building CXX object src\TKDESTEP\CMakeFiles\TKDESTEP.dir\__\StepFEA\StepFEA_FreedomAndCoefficient.cxx.obj
[3514/5643] Building CXX object src\TKDESTEP\CMakeFiles\TKDESTEP.dir\__\StepFEA\StepFEA_FreedomsList.cxx.obj
[3515/5643] Building CXX object src\TKDESTEP\CMakeFiles\TKDESTEP.dir\__\StepFEA\StepFEA_NodeDefinition.cxx.obj
[3516/5643] Building CXX object src\TKDESTEP\CMakeFiles\TKDESTEP.dir\__\StepFEA\StepFEA_GeometricNode.cxx.obj
[3517/5643] Building CXX object src\TKDESTEP\CMakeFiles\TKDESTEP.dir\__\StepFEA\StepFEA_Node.cxx.obj
[3518/5643] Building CXX object src\TKDESTEP\CMakeFiles\TKDESTEP.dir\__\StepFEA\StepFEA_NodeRepresentation.cxx.obj
[3519/5643] Building CXX object src\TKDESTEP\CMakeFiles\TKDESTEP.dir\__\StepFEA\StepFEA_NodeGroup.cxx.obj
[3520/5643] Building CXX object src\TKDESTEP\CMakeFiles\TKDESTEP.dir\__\StepFEA\StepFEA_NodeSet.cxx.obj
[3521/5643] Building CXX object src\TKDESTEP\CMakeFiles\TKDESTEP.dir\__\StepFEA\StepFEA_NodeWithSolutionCoordinateSystem.cxx.obj
[3522/5643] Building CXX object src\TKDESTEP\CMakeFiles\TKDESTEP.dir\__\StepFEA\StepFEA_NodeWithVector.cxx.obj
[3523/5643] Building CXX object src\TKDESTEP\CMakeFiles\TKDESTEP.dir\__\StepFEA\StepFEA_ParametricCurve3dElementCoordinateDirection.cxx.obj
[3524/5643] Building CXX object src\TKDESTEP\CMakeFiles\TKDESTEP.dir\__\StepFEA\StepFEA_ParametricCurve3dElementCoordinateSystem.cxx.obj
[3525/5643] Building CXX object src\TKDESTEP\CMakeFiles\TKDESTEP.dir\__\StepFEA\StepFEA_ParametricSurface3dElementCoordinateSystem.cxx.obj
[3526/5643] Building CXX object src\TKDESTEP\CMakeFiles\TKDESTEP.dir\__\StepFEA\StepFEA_SymmetricTensor23d.cxx.obj
[3527/5643] Building CXX object src\TKDESTEP\CMakeFiles\TKDESTEP.dir\__\StepFEA\StepFEA_SymmetricTensor22d.cxx.obj
[3528/5643] Building CXX object src\TKDESTEP\CMakeFiles\TKDESTEP.dir\__\StepFEA\StepFEA_SymmetricTensor23dMember.cxx.obj
[3529/5643] Building CXX object src\TKDESTEP\CMakeFiles\TKDESTEP.dir\__\StepFEA\StepFEA_Surface3dElementRepresentation.cxx.obj
[3530/5643] Building CXX object src\TKDESTEP\CMakeFiles\TKDESTEP.dir\__\StepFEA\StepFEA_SymmetricTensor43d.cxx.obj
[3531/5643] Building CXX object src\TKDESTEP\CMakeFiles\TKDESTEP.dir\__\StepFEA\StepFEA_SymmetricTensor42d.cxx.obj
[3532/5643] Building CXX object src\TKDESTEP\CMakeFiles\TKDESTEP.dir\__\StepFEA\StepFEA_SymmetricTensor43dMember.cxx.obj
[3533/5643] Building CXX object src\TKDESTEP\CMakeFiles\TKDESTEP.dir\__\StepFEA\StepFEA_Volume3dElementRepresentation.cxx.obj
[3534/5643] Building CXX object src\TKDESTEP\CMakeFiles\TKDESTEP.dir\__\RWStepElement\RWStepElement_RWAnalysisItemWithinRepresentation.cxx.obj
[3535/5643] Building CXX object src\TKDESTEP\CMakeFiles\TKDESTEP.dir\__\RWStepElement\RWStepElement_RWCurve3dElementDescriptor.cxx.obj
[3536/5643] Building CXX object src\TKDESTEP\CMakeFiles\TKDESTEP.dir\__\RWStepElement\RWStepElement_RWCurveElementEndReleasePacket.cxx.obj
[3537/5643] Building CXX object src\TKDESTEP\CMakeFiles\TKDESTEP.dir\__\RWStepElement\RWStepElement_RWCurveElementSectionDefinition.cxx.obj
[3538/5643] Building CXX object src\TKDESTEP\CMakeFiles\TKDESTEP.dir\__\RWStepElement\RWStepElement_RWElementDescriptor.cxx.obj
[3539/5643] Building CXX object src\TKDESTEP\CMakeFiles\TKDESTEP.dir\__\RWStepElement\RWStepElement_RWCurveElementSectionDerivedDefinitions.cxx.obj
[3540/5643] Building CXX object src\TKDESTEP\CMakeFiles\TKDESTEP.dir\__\RWStepElement\RWStepElement_RWElementMaterial.cxx.obj
[3541/5643] Building CXX object src\TKDESTEP\CMakeFiles\TKDESTEP.dir\__\RWStepElement\RWStepElement_RWSurface3dElementDescriptor.cxx.obj
[3542/5643] Building CXX object src\TKDESTEP\CMakeFiles\TKDESTEP.dir\__\RWStepElement\RWStepElement_RWSurfaceElementProperty.cxx.obj
[3543/5643] Building CXX object src\TKDESTEP\CMakeFiles\TKDESTEP.dir\__\RWStepElement\RWStepElement_RWSurfaceSection.cxx.obj
[3544/5643] Building CXX object src\TKDESTEP\CMakeFiles\TKDESTEP.dir\__\RWStepElement\RWStepElement_RWSurfaceSectionField.cxx.obj
[3545/5643] Building CXX object src\TKDESTEP\CMakeFiles\TKDESTEP.dir\__\RWStepElement\RWStepElement_RWSurfaceSectionFieldConstant.cxx.obj
[3546/5643] Building CXX object src\TKDESTEP\CMakeFiles\TKDESTEP.dir\__\RWStepElement\RWStepElement_RWUniformSurfaceSection.cxx.obj
[3547/5643] Building CXX object src\TKDESTEP\CMakeFiles\TKDESTEP.dir\__\RWStepElement\RWStepElement_RWSurfaceSectionFieldVarying.cxx.obj
[3548/5643] Building CXX object src\TKDESTEP\CMakeFiles\TKDESTEP.dir\__\RWStepElement\RWStepElement_RWVolume3dElementDescriptor.cxx.obj
[3549/5643] Building CXX object src\TKDESTEP\CMakeFiles\TKDESTEP.dir\__\RWStepFEA\RWStepFEA_RWAlignedCurve3dElementCoordinateSystem.cxx.obj
[3550/5643] Building CXX object src\TKDESTEP\CMakeFiles\TKDESTEP.dir\__\RWStepFEA\RWStepFEA_RWAlignedSurface3dElementCoordinateSystem.cxx.obj
[3551/5643] Building CXX object src\TKDESTEP\CMakeFiles\TKDESTEP.dir\__\RWStepFEA\RWStepFEA_RWArbitraryVolume3dElementCoordinateSystem.cxx.obj
[3552/5643] Building CXX object src\TKDESTEP\CMakeFiles\TKDESTEP.dir\__\RWStepFEA\RWStepFEA_RWConstantSurface3dElementCoordinateSystem.cxx.obj
[3553/5643] Building CXX object src\TKDESTEP\CMakeFiles\TKDESTEP.dir\__\RWStepFEA\RWStepFEA_RWCurve3dElementProperty.cxx.obj
[3554/5643] Building CXX object src\TKDESTEP\CMakeFiles\TKDESTEP.dir\__\RWStepFEA\RWStepFEA_RWCurveElementEndOffset.cxx.obj
[3555/5643] Building CXX object src\TKDESTEP\CMakeFiles\TKDESTEP.dir\__\RWStepFEA\RWStepFEA_RWCurveElementEndRelease.cxx.obj
[3556/5643] Building CXX object src\TKDESTEP\CMakeFiles\TKDESTEP.dir\__\RWStepFEA\RWStepFEA_RWCurve3dElementRepresentation.cxx.obj
[3557/5643] Building CXX object src\TKDESTEP\CMakeFiles\TKDESTEP.dir\__\RWStepFEA\RWStepFEA_RWCurveElementInterval.cxx.obj
[3558/5643] Building CXX object src\TKDESTEP\CMakeFiles\TKDESTEP.dir\__\RWStepFEA\RWStepFEA_RWCurveElementIntervalConstant.cxx.obj
[3559/5643] Building CXX object src\TKDESTEP\CMakeFiles\TKDESTEP.dir\__\RWStepFEA\RWStepFEA_RWCurveElementIntervalLinearlyVarying.cxx.obj
[3560/5643] Building CXX object src\TKDESTEP\CMakeFiles\TKDESTEP.dir\__\RWStepFEA\RWStepFEA_RWCurveElementLocation.cxx.obj
[3561/5643] Building CXX object src\TKDESTEP\CMakeFiles\TKDESTEP.dir\__\RWStepFEA\RWStepFEA_RWElementGeometricRelationship.cxx.obj
[3562/5643] Building CXX object src\TKDESTEP\CMakeFiles\TKDESTEP.dir\__\RWStepFEA\RWStepFEA_RWDummyNode.cxx.obj
[3563/5643] Building CXX object src\TKDESTEP\CMakeFiles\TKDESTEP.dir\__\RWStepFEA\RWStepFEA_RWElementGroup.cxx.obj
[3564/5643] Building CXX object src\TKDESTEP\CMakeFiles\TKDESTEP.dir\__\RWStepFEA\RWStepFEA_RWElementRepresentation.cxx.obj
[3565/5643] Building CXX object src\TKDESTEP\CMakeFiles\TKDESTEP.dir\__\RWStepFEA\RWStepFEA_RWFeaAreaDensity.cxx.obj
[3566/5643] Building CXX object src\TKDESTEP\CMakeFiles\TKDESTEP.dir\__\RWStepFEA\RWStepFEA_RWFeaAxis2Placement3d.cxx.obj
[3567/5643] Building CXX object src\TKDESTEP\CMakeFiles\TKDESTEP.dir\__\RWStepFEA\RWStepFEA_RWFeaCurveSectionGeometricRelationship.cxx.obj
[3568/5643] Building CXX object src\TKDESTEP\CMakeFiles\TKDESTEP.dir\__\RWStepFEA\RWStepFEA_RWFeaGroup.cxx.obj
[3569/5643] Building CXX object src\TKDESTEP\CMakeFiles\TKDESTEP.dir\__\RWStepFEA\RWStepFEA_RWFeaLinearElasticity.cxx.obj
[3570/5643] Building CXX object src\TKDESTEP\CMakeFiles\TKDESTEP.dir\__\RWStepFEA\RWStepFEA_RWFeaMassDensity.cxx.obj
[3571/5643] Building CXX object src\TKDESTEP\CMakeFiles\TKDESTEP.dir\__\RWStepFEA\RWStepFEA_RWFeaMaterialPropertyRepresentation.cxx.obj
[3572/5643] Building CXX object src\TKDESTEP\CMakeFiles\TKDESTEP.dir\__\RWStepFEA\RWStepFEA_RWFeaMaterialPropertyRepresentationItem.cxx.obj
[3573/5643] Building CXX object src\TKDESTEP\CMakeFiles\TKDESTEP.dir\__\RWStepFEA\RWStepFEA_RWFeaModel.cxx.obj
[3574/5643] Building CXX object src\TKDESTEP\CMakeFiles\TKDESTEP.dir\__\RWStepFEA\RWStepFEA_RWFeaModel3d.cxx.obj
[3575/5643] Building CXX object src\TKDESTEP\CMakeFiles\TKDESTEP.dir\__\RWStepFEA\RWStepFEA_RWFeaModelDefinition.cxx.obj
[3576/5643] Building CXX object src\TKDESTEP\CMakeFiles\TKDESTEP.dir\__\RWStepFEA\RWStepFEA_RWFeaMoistureAbsorption.cxx.obj
[3577/5643] Building CXX object src\TKDESTEP\CMakeFiles\TKDESTEP.dir\__\RWStepFEA\RWStepFEA_RWFeaParametricPoint.cxx.obj
[3578/5643] Building CXX object src\TKDESTEP\CMakeFiles\TKDESTEP.dir\__\RWStepFEA\RWStepFEA_RWFeaRepresentationItem.cxx.obj
[3579/5643] Building CXX object src\TKDESTEP\CMakeFiles\TKDESTEP.dir\__\RWStepFEA\RWStepFEA_RWFeaSecantCoefficientOfLinearThermalExpansion.cxx.obj
[3580/5643] Building CXX object src\TKDESTEP\CMakeFiles\TKDESTEP.dir\__\RWStepFEA\RWStepFEA_RWFeaShellBendingStiffness.cxx.obj
[3581/5643] Building CXX object src\TKDESTEP\CMakeFiles\TKDESTEP.dir\__\RWStepFEA\RWStepFEA_RWFeaShellMembraneBendingCouplingStiffness.cxx.obj
[3582/5643] Building CXX object src\TKDESTEP\CMakeFiles\TKDESTEP.dir\__\RWStepFEA\RWStepFEA_RWFeaShellMembraneStiffness.cxx.obj
[3583/5643] Building CXX object src\TKDESTEP\CMakeFiles\TKDESTEP.dir\__\RWStepFEA\RWStepFEA_RWFeaShellShearStiffness.cxx.obj
[3584/5643] Building CXX object src\TKDESTEP\CMakeFiles\TKDESTEP.dir\__\RWStepFEA\RWStepFEA_RWFeaSurfaceSectionGeometricRelationship.cxx.obj
[3585/5643] Building CXX object src\TKDESTEP\CMakeFiles\TKDESTEP.dir\__\RWStepFEA\RWStepFEA_RWFeaTangentialCoefficientOfLinearThermalExpansion.cxx.obj
[3586/5643] Building CXX object src\TKDESTEP\CMakeFiles\TKDESTEP.dir\__\RWStepFEA\RWStepFEA_RWFreedomAndCoefficient.cxx.obj
[3587/5643] Building CXX object src\TKDESTEP\CMakeFiles\TKDESTEP.dir\__\RWStepFEA\RWStepFEA_RWFreedomsList.cxx.obj
[3588/5643] Building CXX object src\TKDESTEP\CMakeFiles\TKDESTEP.dir\__\RWStepFEA\RWStepFEA_RWGeometricNode.cxx.obj
[3589/5643] Building CXX object src\TKDESTEP\CMakeFiles\TKDESTEP.dir\__\RWStepFEA\RWStepFEA_RWNodeDefinition.cxx.obj
[3590/5643] Building CXX object src\TKDESTEP\CMakeFiles\TKDESTEP.dir\__\RWStepFEA\RWStepFEA_RWNode.cxx.obj
[3591/5643] Building CXX object src\TKDESTEP\CMakeFiles\TKDESTEP.dir\__\RWStepFEA\RWStepFEA_RWNodeGroup.cxx.obj
[3592/5643] Building CXX object src\TKDESTEP\CMakeFiles\TKDESTEP.dir\__\RWStepFEA\RWStepFEA_RWNodeRepresentation.cxx.obj
[3593/5643] Building CXX object src\TKDESTEP\CMakeFiles\TKDESTEP.dir\__\RWStepFEA\RWStepFEA_RWNodeSet.cxx.obj
[3594/5643] Building CXX object src\TKDESTEP\CMakeFiles\TKDESTEP.dir\__\RWStepFEA\RWStepFEA_RWNodeWithSolutionCoordinateSystem.cxx.obj
[3595/5643] Building CXX object src\TKDESTEP\CMakeFiles\TKDESTEP.dir\__\RWStepFEA\RWStepFEA_RWNodeWithVector.cxx.obj
[3596/5643] Building CXX object src\TKDESTEP\CMakeFiles\TKDESTEP.dir\__\RWStepFEA\RWStepFEA_RWParametricCurve3dElementCoordinateDirection.cxx.obj
[3597/5643] Building CXX object src\TKDESTEP\CMakeFiles\TKDESTEP.dir\__\RWStepFEA\RWStepFEA_RWParametricCurve3dElementCoordinateSystem.cxx.obj
[3598/5643] Building CXX object src\TKDESTEP\CMakeFiles\TKDESTEP.dir\__\RWStepFEA\RWStepFEA_RWParametricSurface3dElementCoordinateSystem.cxx.obj
[3599/5643] Building CXX object src\TKDESTEP\CMakeFiles\TKDESTEP.dir\__\StepVisual\StepVisual_AnnotationCurveOccurrence.cxx.obj
[3600/5643] Building CXX object src\TKDESTEP\CMakeFiles\TKDESTEP.dir\__\StepVisual\StepVisual_AnnotationCurveOccurrenceAndGeomReprItem.cxx.obj
[3601/5643] Building CXX object src\TKDESTEP\CMakeFiles\TKDESTEP.dir\__\RWStepFEA\RWStepFEA_RWVolume3dElementRepresentation.cxx.obj
[3602/5643] Building CXX object src\TKDESTEP\CMakeFiles\TKDESTEP.dir\__\RWStepFEA\RWStepFEA_RWSurface3dElementRepresentation.cxx.obj
[3603/5643] Building CXX object src\TKDESTEP\CMakeFiles\TKDESTEP.dir\__\StepVisual\StepVisual_AnnotationFillArea.cxx.obj
[3604/5643] Building CXX object src\TKDESTEP\CMakeFiles\TKDESTEP.dir\__\StepVisual\StepVisual_AnnotationFillAreaOccurrence.cxx.obj
[3605/5643] Building CXX object src\TKDESTEP\CMakeFiles\TKDESTEP.dir\__\StepVisual\StepVisual_AnnotationOccurrence.cxx.obj
[3606/5643] Building CXX object src\TKDESTEP\CMakeFiles\TKDESTEP.dir\__\StepVisual\StepVisual_AnnotationPlane.cxx.obj
[3607/5643] Building CXX object src\TKDESTEP\CMakeFiles\TKDESTEP.dir\__\StepVisual\StepVisual_AnnotationText.cxx.obj
[3608/5643] Building CXX object src\TKDESTEP\CMakeFiles\TKDESTEP.dir\__\StepVisual\StepVisual_AnnotationPlaneElement.cxx.obj
[3609/5643] Building CXX object src\TKDESTEP\CMakeFiles\TKDESTEP.dir\__\StepVisual\StepVisual_AreaInSet.cxx.obj
[3610/5643] Building CXX object src\TKDESTEP\CMakeFiles\TKDESTEP.dir\__\StepVisual\StepVisual_BackgroundColour.cxx.obj
[3611/5643] Building CXX object src\TKDESTEP\CMakeFiles\TKDESTEP.dir\__\StepVisual\StepVisual_AreaOrView.cxx.obj
[3612/5643] Building CXX object src\TKDESTEP\CMakeFiles\TKDESTEP.dir\__\StepVisual\StepVisual_AnnotationTextOccurrence.cxx.obj
[3613/5643] Building CXX object src\TKDESTEP\CMakeFiles\TKDESTEP.dir\__\StepVisual\StepVisual_BoxCharacteristicSelect.cxx.obj
[3614/5643] Building CXX object src\TKDESTEP\CMakeFiles\TKDESTEP.dir\__\StepVisual\StepVisual_CameraImage.cxx.obj
[3615/5643] Building CXX object src\TKDESTEP\CMakeFiles\TKDESTEP.dir\__\StepVisual\StepVisual_CameraImage2dWithScale.cxx.obj
[3616/5643] Building CXX object src\TKDESTEP\CMakeFiles\TKDESTEP.dir\__\StepVisual\StepVisual_CameraImage3dWithScale.cxx.obj
[3617/5643] Building CXX object src\TKDESTEP\CMakeFiles\TKDESTEP.dir\__\StepVisual\StepVisual_CameraModel.cxx.obj
[3618/5643] Building CXX object src\TKDESTEP\CMakeFiles\TKDESTEP.dir\__\StepVisual\StepVisual_CameraModelD2.cxx.obj
[3619/5643] Building CXX object src\TKDESTEP\CMakeFiles\TKDESTEP.dir\__\StepVisual\StepVisual_CameraModelD3.cxx.obj
[3620/5643] Building CXX object src\TKDESTEP\CMakeFiles\TKDESTEP.dir\__\StepVisual\StepVisual_CameraModelD3MultiClipping.cxx.obj
[3621/5643] Building CXX object src\TKDESTEP\CMakeFiles\TKDESTEP.dir\__\StepVisual\StepVisual_CameraModelD3MultiClippingInterectionSelect.cxx.obj
[3622/5643] Building CXX object src\TKDESTEP\CMakeFiles\TKDESTEP.dir\__\StepVisual\StepVisual_CameraModelD3MultiClippingUnionSelect.cxx.obj
[3623/5643] Building CXX object src\TKDESTEP\CMakeFiles\TKDESTEP.dir\__\StepVisual\StepVisual_CameraModelD3MultiClippingIntersection.cxx.obj
[3624/5643] Building CXX object src\TKDESTEP\CMakeFiles\TKDESTEP.dir\__\StepVisual\StepVisual_CameraModelD3MultiClippingUnion.cxx.obj
[3625/5643] Building CXX object src\TKDESTEP\CMakeFiles\TKDESTEP.dir\__\StepVisual\StepVisual_CameraUsage.cxx.obj
[3626/5643] Building CXX object src\TKDESTEP\CMakeFiles\TKDESTEP.dir\__\StepVisual\StepVisual_Colour.cxx.obj
[3627/5643] Building CXX object src\TKDESTEP\CMakeFiles\TKDESTEP.dir\__\StepVisual\StepVisual_ColourRgb.cxx.obj
[3628/5643] Building CXX object src\TKDESTEP\CMakeFiles\TKDESTEP.dir\__\StepVisual\StepVisual_CharacterizedObjAndRepresentationAndDraughtingModel.cxx.obj
[3629/5643] Building CXX object src\TKDESTEP\CMakeFiles\TKDESTEP.dir\__\StepVisual\StepVisual_ColourSpecification.cxx.obj
[3630/5643] Building CXX object src\TKDESTEP\CMakeFiles\TKDESTEP.dir\__\StepVisual\StepVisual_CompositeText.cxx.obj
[3631/5643] Building CXX object src\TKDESTEP\CMakeFiles\TKDESTEP.dir\__\StepVisual\StepVisual_ContextDependentInvisibility.cxx.obj
[3632/5643] Building CXX object src\TKDESTEP\CMakeFiles\TKDESTEP.dir\__\StepVisual\StepVisual_CompositeTextWithExtent.cxx.obj
[3633/5643] Building CXX object src\TKDESTEP\CMakeFiles\TKDESTEP.dir\__\StepVisual\StepVisual_ContextDependentOverRidingStyledItem.cxx.obj
[3634/5643] Building CXX object src\TKDESTEP\CMakeFiles\TKDESTEP.dir\__\StepVisual\StepVisual_CurveStyleFontPattern.cxx.obj
[3635/5643] Building CXX object src\TKDESTEP\CMakeFiles\TKDESTEP.dir\__\StepVisual\StepVisual_CurveStyle.cxx.obj
[3636/5643] Building CXX object src\TKDESTEP\CMakeFiles\TKDESTEP.dir\__\StepVisual\StepVisual_CurveStyleFont.cxx.obj
[3637/5643] Building CXX object src\TKDESTEP\CMakeFiles\TKDESTEP.dir\__\StepVisual\StepVisual_DirectionCountSelect.cxx.obj
[3638/5643] Building CXX object src\TKDESTEP\CMakeFiles\TKDESTEP.dir\__\StepVisual\StepVisual_CurveStyleFontSelect.cxx.obj
[3639/5643] Building CXX object src\TKDESTEP\CMakeFiles\TKDESTEP.dir\__\StepVisual\StepVisual_DraughtingAnnotationOccurrence.cxx.obj
[3640/5643] Building CXX object src\TKDESTEP\CMakeFiles\TKDESTEP.dir\__\StepVisual\StepVisual_DraughtingCallout.cxx.obj
[3641/5643] Building CXX object src\TKDESTEP\CMakeFiles\TKDESTEP.dir\__\StepVisual\StepVisual_DraughtingCalloutElement.cxx.obj
[3642/5643] Building CXX object src\TKDESTEP\CMakeFiles\TKDESTEP.dir\__\StepVisual\StepVisual_DraughtingModel.cxx.obj
[3643/5643] Building CXX object src\TKDESTEP\CMakeFiles\TKDESTEP.dir\__\StepVisual\StepVisual_DraughtingPreDefinedColour.cxx.obj
[3644/5643] Building CXX object src\TKDESTEP\CMakeFiles\TKDESTEP.dir\__\StepVisual\StepVisual_ExternallyDefinedCurveFont.cxx.obj
[3645/5643] Building CXX object src\TKDESTEP\CMakeFiles\TKDESTEP.dir\__\StepVisual\StepVisual_DraughtingPreDefinedCurveFont.cxx.obj
[3646/5643] Building CXX object src\TKDESTEP\CMakeFiles\TKDESTEP.dir\__\StepVisual\StepVisual_ExternallyDefinedTextFont.cxx.obj
[3647/5643] Building CXX object src\TKDESTEP\CMakeFiles\TKDESTEP.dir\__\StepVisual\StepVisual_FillStyleSelect.cxx.obj
[3648/5643] Building CXX object src\TKDESTEP\CMakeFiles\TKDESTEP.dir\__\StepVisual\StepVisual_FillAreaStyle.cxx.obj
[3649/5643] Building CXX object src\TKDESTEP\CMakeFiles\TKDESTEP.dir\__\StepVisual\StepVisual_FillAreaStyleColour.cxx.obj
[3650/5643] Building CXX object src\TKDESTEP\CMakeFiles\TKDESTEP.dir\__\StepVisual\StepVisual_FontSelect.cxx.obj
[3651/5643] Building CXX object src\TKDESTEP\CMakeFiles\TKDESTEP.dir\__\StepVisual\StepVisual_Invisibility.cxx.obj
[3652/5643] Building CXX object src\TKDESTEP\CMakeFiles\TKDESTEP.dir\__\StepVisual\StepVisual_InvisibilityContext.cxx.obj
[3653/5643] Building CXX object src\TKDESTEP\CMakeFiles\TKDESTEP.dir\__\StepVisual\StepVisual_InvisibleItem.cxx.obj
[3654/5643] Building CXX object src\TKDESTEP\CMakeFiles\TKDESTEP.dir\__\StepVisual\StepVisual_LayeredItem.cxx.obj
[3655/5643] Building CXX object src\TKDESTEP\CMakeFiles\TKDESTEP.dir\__\StepVisual\StepVisual_MarkerSelect.cxx.obj
[3656/5643] Building CXX object src\TKDESTEP\CMakeFiles\TKDESTEP.dir\__\StepVisual\StepVisual_MarkerMember.cxx.obj
[3657/5643] Building CXX object src\TKDESTEP\CMakeFiles\TKDESTEP.dir\__\StepVisual\StepVisual_MechanicalDesignGeometricPresentationArea.cxx.obj
[3658/5643] Building CXX object src\TKDESTEP\CMakeFiles\TKDESTEP.dir\__\StepVisual\StepVisual_MechanicalDesignGeometricPresentationRepresentation.cxx.obj
[3659/5643] Building CXX object src\TKDESTEP\CMakeFiles\TKDESTEP.dir\__\StepVisual\StepVisual_NullStyleMember.cxx.obj
[3660/5643] Building CXX object src\TKDESTEP\CMakeFiles\TKDESTEP.dir\__\StepVisual\StepVisual_OverRidingStyledItem.cxx.obj
[3661/5643] Building CXX object src\TKDESTEP\CMakeFiles\TKDESTEP.dir\__\StepVisual\StepVisual_PlanarBox.cxx.obj
[3662/5643] Building CXX object src\TKDESTEP\CMakeFiles\TKDESTEP.dir\__\StepVisual\StepVisual_PlanarExtent.cxx.obj
[3663/5643] Building CXX object src\TKDESTEP\CMakeFiles\TKDESTEP.dir\__\StepVisual\StepVisual_PointStyle.cxx.obj
[3664/5643] Building CXX object src\TKDESTEP\CMakeFiles\TKDESTEP.dir\__\StepVisual\StepVisual_PreDefinedColour.cxx.obj
[3665/5643] Building CXX object src\TKDESTEP\CMakeFiles\TKDESTEP.dir\__\StepVisual\StepVisual_PreDefinedCurveFont.cxx.obj
[3666/5643] Building CXX object src\TKDESTEP\CMakeFiles\TKDESTEP.dir\__\StepVisual\StepVisual_PreDefinedItem.cxx.obj
[3667/5643] Building CXX object src\TKDESTEP\CMakeFiles\TKDESTEP.dir\__\StepVisual\StepVisual_PreDefinedTextFont.cxx.obj
[3668/5643] Building CXX object src\TKDESTEP\CMakeFiles\TKDESTEP.dir\__\StepVisual\StepVisual_PresentationArea.cxx.obj
[3669/5643] Building CXX object src\TKDESTEP\CMakeFiles\TKDESTEP.dir\__\StepVisual\StepVisual_PresentationLayerAssignment.cxx.obj
[3670/5643] Building CXX object src\TKDESTEP\CMakeFiles\TKDESTEP.dir\__\StepVisual\StepVisual_PresentationLayerUsage.cxx.obj
[3671/5643] Building CXX object src\TKDESTEP\CMakeFiles\TKDESTEP.dir\__\StepVisual\StepVisual_PresentationRepresentation.cxx.obj
[3672/5643] Building CXX object src\TKDESTEP\CMakeFiles\TKDESTEP.dir\__\StepVisual\StepVisual_PresentationSet.cxx.obj
[3673/5643] Building CXX object src\TKDESTEP\CMakeFiles\TKDESTEP.dir\__\StepVisual\StepVisual_PresentationRepresentationSelect.cxx.obj
[3674/5643] Building CXX object src\TKDESTEP\CMakeFiles\TKDESTEP.dir\__\StepVisual\StepVisual_PresentationSize.cxx.obj
[3675/5643] Building CXX object src\TKDESTEP\CMakeFiles\TKDESTEP.dir\__\StepVisual\StepVisual_PresentationSizeAssignmentSelect.cxx.obj
[3676/5643] Building CXX object src\TKDESTEP\CMakeFiles\TKDESTEP.dir\__\StepVisual\StepVisual_PresentationStyleAssignment.cxx.obj
[3677/5643] Building CXX object src\TKDESTEP\CMakeFiles\TKDESTEP.dir\__\StepVisual\StepVisual_PresentationStyleByContext.cxx.obj
[3678/5643] Building CXX object src\TKDESTEP\CMakeFiles\TKDESTEP.dir\__\StepVisual\StepVisual_PresentationStyleSelect.cxx.obj
[3679/5643] Building CXX object src\TKDESTEP\CMakeFiles\TKDESTEP.dir\__\StepVisual\StepVisual_PresentationView.cxx.obj
[3680/5643] Building CXX object src\TKDESTEP\CMakeFiles\TKDESTEP.dir\__\StepVisual\StepVisual_PresentedItem.cxx.obj
[3681/5643] Building CXX object src\TKDESTEP\CMakeFiles\TKDESTEP.dir\__\StepVisual\StepVisual_PresentedItemRepresentation.cxx.obj
[3682/5643] Building CXX object src\TKDESTEP\CMakeFiles\TKDESTEP.dir\__\StepVisual\StepVisual_RenderingPropertiesSelect.cxx.obj
[3683/5643] Building CXX object src\TKDESTEP\CMakeFiles\TKDESTEP.dir\__\StepVisual\StepVisual_RepositionedTessellatedItem.cxx.obj
[3684/5643] Building CXX object src\TKDESTEP\CMakeFiles\TKDESTEP.dir\__\StepVisual\StepVisual_StyleContextSelect.cxx.obj
[3685/5643] Building CXX object src\TKDESTEP\CMakeFiles\TKDESTEP.dir\__\StepVisual\StepVisual_RepositionedTessellatedGeometricSet.cxx.obj
[3686/5643] Building CXX object src\TKDESTEP\CMakeFiles\TKDESTEP.dir\__\StepVisual\StepVisual_StyledItem.cxx.obj
[3687/5643] Building CXX object src\TKDESTEP\CMakeFiles\TKDESTEP.dir\__\StepVisual\StepVisual_SurfaceStyleBoundary.cxx.obj
[3688/5643] Building CXX object src\TKDESTEP\CMakeFiles\TKDESTEP.dir\__\StepVisual\StepVisual_StyledItemTarget.cxx.obj
[3689/5643] Building CXX object src\TKDESTEP\CMakeFiles\TKDESTEP.dir\__\StepVisual\StepVisual_SurfaceSideStyle.cxx.obj
[3690/5643] Building CXX object src\TKDESTEP\CMakeFiles\TKDESTEP.dir\__\StepVisual\StepVisual_SurfaceStyleControlGrid.cxx.obj
[3691/5643] Building CXX object src\TKDESTEP\CMakeFiles\TKDESTEP.dir\__\StepVisual\StepVisual_SurfaceStyleElementSelect.cxx.obj
[3692/5643] Building CXX object src\TKDESTEP\CMakeFiles\TKDESTEP.dir\__\StepVisual\StepVisual_SurfaceStyleFillArea.cxx.obj
[3693/5643] Building CXX object src\TKDESTEP\CMakeFiles\TKDESTEP.dir\__\StepVisual\StepVisual_SurfaceStyleReflectanceAmbient.cxx.obj
[3694/5643] Building CXX object src\TKDESTEP\CMakeFiles\TKDESTEP.dir\__\StepVisual\StepVisual_SurfaceStyleParameterLine.cxx.obj
[3695/5643] Building CXX object src\TKDESTEP\CMakeFiles\TKDESTEP.dir\__\StepVisual\StepVisual_SurfaceStyleRendering.cxx.obj
[3696/5643] Building CXX object src\TKDESTEP\CMakeFiles\TKDESTEP.dir\__\StepVisual\StepVisual_SurfaceStyleSegmentationCurve.cxx.obj
[3697/5643] Building CXX object src\TKDESTEP\CMakeFiles\TKDESTEP.dir\__\StepVisual\StepVisual_SurfaceStyleRenderingWithProperties.cxx.obj
[3698/5643] Building CXX object src\TKDESTEP\CMakeFiles\TKDESTEP.dir\__\StepVisual\StepVisual_SurfaceStyleSilhouette.cxx.obj
[3699/5643] Building CXX object src\TKDESTEP\CMakeFiles\TKDESTEP.dir\__\StepVisual\StepVisual_SurfaceStyleTransparent.cxx.obj
[3700/5643] Building CXX object src\TKDESTEP\CMakeFiles\TKDESTEP.dir\__\StepVisual\StepVisual_SurfaceStyleUsage.cxx.obj
[3701/5643] Building CXX object src\TKDESTEP\CMakeFiles\TKDESTEP.dir\__\StepVisual\StepVisual_TemplateInstance.cxx.obj
[3702/5643] Building CXX object src\TKDESTEP\CMakeFiles\TKDESTEP.dir\__\StepVisual\StepVisual_Template.cxx.obj
[3703/5643] Building CXX object src\TKDESTEP\CMakeFiles\TKDESTEP.dir\__\StepVisual\StepVisual_TextLiteral.cxx.obj
[3704/5643] Building CXX object src\TKDESTEP\CMakeFiles\TKDESTEP.dir\__\StepVisual\StepVisual_TextStyle.cxx.obj
[3705/5643] Building CXX object src\TKDESTEP\CMakeFiles\TKDESTEP.dir\__\StepVisual\StepVisual_TextStyleForDefinedFont.cxx.obj
[3706/5643] Building CXX object src\TKDESTEP\CMakeFiles\TKDESTEP.dir\__\StepVisual\StepVisual_TextOrCharacter.cxx.obj
[3707/5643] Building CXX object src\TKDESTEP\CMakeFiles\TKDESTEP.dir\__\StepVisual\StepVisual_TextStyleWithBoxCharacteristics.cxx.obj
[3708/5643] Building CXX object src\TKDESTEP\CMakeFiles\TKDESTEP.dir\__\StepVisual\StepVisual_TessellatedItem.cxx.obj
[3709/5643] Building CXX object src\TKDESTEP\CMakeFiles\TKDESTEP.dir\__\StepVisual\StepVisual_ViewVolume.cxx.obj
[3710/5643] Building CXX object src\TKDESTEP\CMakeFiles\TKDESTEP.dir\__\StepVisual\StepVisual_TessellatedAnnotationOccurrence.cxx.obj
[3711/5643] Building CXX object src\TKDESTEP\CMakeFiles\TKDESTEP.dir\__\StepVisual\StepVisual_TessellatedGeometricSet.cxx.obj
[3712/5643] Building CXX object src\TKDESTEP\CMakeFiles\TKDESTEP.dir\__\StepVisual\StepVisual_CoordinatesList.cxx.obj
[3713/5643] Building CXX object src\TKDESTEP\CMakeFiles\TKDESTEP.dir\__\StepVisual\StepVisual_TessellatedCurveSet.cxx.obj
[3714/5643] Building CXX object src\TKDESTEP\CMakeFiles\TKDESTEP.dir\__\StepVisual\StepVisual_ComplexTriangulatedFace.cxx.obj
[3715/5643] Building CXX object src\TKDESTEP\CMakeFiles\TKDESTEP.dir\__\StepVisual\StepVisual_EdgeOrCurve.cxx.obj
[3716/5643] Building CXX object src\TKDESTEP\CMakeFiles\TKDESTEP.dir\__\StepVisual\StepVisual_ComplexTriangulatedSurfaceSet.cxx.obj
[3717/5643] Building CXX object src\TKDESTEP\CMakeFiles\TKDESTEP.dir\__\StepVisual\StepVisual_CubicBezierTessellatedEdge.cxx.obj
[3718/5643] Building CXX object src\TKDESTEP\CMakeFiles\TKDESTEP.dir\__\StepVisual\StepVisual_CubicBezierTriangulatedFace.cxx.obj
[3719/5643] Building CXX object src\TKDESTEP\CMakeFiles\TKDESTEP.dir\__\StepVisual\StepVisual_FaceOrSurface.cxx.obj
[3720/5643] Building CXX object src\TKDESTEP\CMakeFiles\TKDESTEP.dir\__\StepVisual\StepVisual_PathOrCompositeCurve.cxx.obj
[3721/5643] Building CXX object src\TKDESTEP\CMakeFiles\TKDESTEP.dir\__\StepVisual\StepVisual_TessellatedConnectingEdge.cxx.obj
[3722/5643] Building CXX object src\TKDESTEP\CMakeFiles\TKDESTEP.dir\__\StepVisual\StepVisual_TessellatedEdge.cxx.obj
[3723/5643] Building CXX object src\TKDESTEP\CMakeFiles\TKDESTEP.dir\__\StepVisual\StepVisual_TessellatedEdgeOrVertex.cxx.obj
[3724/5643] Building CXX object src\TKDESTEP\CMakeFiles\TKDESTEP.dir\__\StepVisual\StepVisual_TessellatedFace.cxx.obj
[3725/5643] Building CXX object src\TKDESTEP\CMakeFiles\TKDESTEP.dir\__\StepVisual\StepVisual_TessellatedShapeRepresentation.cxx.obj
[3726/5643] Building CXX object src\TKDESTEP\CMakeFiles\TKDESTEP.dir\__\StepVisual\StepVisual_TessellatedPointSet.cxx.obj
[3727/5643] Building CXX object src\TKDESTEP\CMakeFiles\TKDESTEP.dir\__\StepVisual\StepVisual_TessellatedShapeRepresentationWithAccuracyParameters.cxx.obj
[3728/5643] Building CXX object src\TKDESTEP\CMakeFiles\TKDESTEP.dir\__\StepVisual\StepVisual_TessellatedStructuredItem.cxx.obj
[3729/5643] Building CXX object src\TKDESTEP\CMakeFiles\TKDESTEP.dir\__\StepVisual\StepVisual_TessellatedShell.cxx.obj
[3730/5643] Building CXX object src\TKDESTEP\CMakeFiles\TKDESTEP.dir\__\StepVisual\StepVisual_TessellatedSolid.cxx.obj
[3731/5643] Building CXX object src\TKDESTEP\CMakeFiles\TKDESTEP.dir\__\StepVisual\StepVisual_TessellatedSurfaceSet.cxx.obj
[3732/5643] Building CXX object src\TKDESTEP\CMakeFiles\TKDESTEP.dir\__\StepVisual\StepVisual_TessellatedVertex.cxx.obj
[3733/5643] Building CXX object src\TKDESTEP\CMakeFiles\TKDESTEP.dir\__\StepVisual\StepVisual_TessellatedWire.cxx.obj
[3734/5643] Building CXX object src\TKDESTEP\CMakeFiles\TKDESTEP.dir\__\StepVisual\StepVisual_TriangulatedFace.cxx.obj
[3735/5643] Building CXX object src\TKDESTEP\CMakeFiles\TKDESTEP.dir\__\StepVisual\StepVisual_TriangulatedSurfaceSet.cxx.obj
[3736/5643] Building CXX object src\TKDESTEP\CMakeFiles\TKDESTEP.dir\__\RWStepVisual\RWStepVisual_RWAnnotationCurveOccurrence.cxx.obj
[3737/5643] Building CXX object src\TKDESTEP\CMakeFiles\TKDESTEP.dir\__\RWStepVisual\RWStepVisual_RWAnnotationCurveOccurrenceAndGeomReprItem.cxx.obj
[3738/5643] Building CXX object src\TKDESTEP\CMakeFiles\TKDESTEP.dir\__\RWStepVisual\RWStepVisual_RWAnnotationFillArea.cxx.obj
[3739/5643] Building CXX object src\TKDESTEP\CMakeFiles\TKDESTEP.dir\__\RWStepVisual\RWStepVisual_RWAnnotationFillAreaOccurrence.cxx.obj
[3740/5643] Building CXX object src\TKDESTEP\CMakeFiles\TKDESTEP.dir\__\RWStepVisual\RWStepVisual_RWAnnotationOccurrence.cxx.obj
[3741/5643] Building CXX object src\TKDESTEP\CMakeFiles\TKDESTEP.dir\__\RWStepVisual\RWStepVisual_RWAreaInSet.cxx.obj
[3742/5643] Building CXX object src\TKDESTEP\CMakeFiles\TKDESTEP.dir\__\RWStepVisual\RWStepVisual_RWAnnotationPlane.cxx.obj
[3743/5643] Building CXX object src\TKDESTEP\CMakeFiles\TKDESTEP.dir\__\RWStepVisual\RWStepVisual_RWBackgroundColour.cxx.obj
[3744/5643] Building CXX object src\TKDESTEP\CMakeFiles\TKDESTEP.dir\__\RWStepVisual\RWStepVisual_RWCameraImage.cxx.obj
[3745/5643] Building CXX object src\TKDESTEP\CMakeFiles\TKDESTEP.dir\__\RWStepVisual\RWStepVisual_RWCameraModel.cxx.obj
[3746/5643] Building CXX object src\TKDESTEP\CMakeFiles\TKDESTEP.dir\__\RWStepVisual\RWStepVisual_RWCameraModelD2.cxx.obj
[3747/5643] Building CXX object src\TKDESTEP\CMakeFiles\TKDESTEP.dir\__\RWStepVisual\RWStepVisual_RWCameraModelD3.cxx.obj
[3748/5643] Building CXX object src\TKDESTEP\CMakeFiles\TKDESTEP.dir\__\RWStepVisual\RWStepVisual_RWCameraModelD3MultiClippingIntersection.cxx.obj
[3749/5643] Building CXX object src\TKDESTEP\CMakeFiles\TKDESTEP.dir\__\RWStepVisual\RWStepVisual_RWCameraModelD3MultiClipping.cxx.obj
[3750/5643] Building CXX object src\TKDESTEP\CMakeFiles\TKDESTEP.dir\__\RWStepVisual\RWStepVisual_RWCameraModelD3MultiClippingUnion.cxx.obj
[3751/5643] Building CXX object src\TKDESTEP\CMakeFiles\TKDESTEP.dir\__\RWStepVisual\RWStepVisual_RWCameraUsage.cxx.obj
[3752/5643] Building CXX object src\TKDESTEP\CMakeFiles\TKDESTEP.dir\__\RWStepVisual\RWStepVisual_RWColour.cxx.obj
[3753/5643] Building CXX object src\TKDESTEP\CMakeFiles\TKDESTEP.dir\__\RWStepVisual\RWStepVisual_RWColourRgb.cxx.obj
[3754/5643] Building CXX object src\TKDESTEP\CMakeFiles\TKDESTEP.dir\__\RWStepVisual\RWStepVisual_RWCharacterizedObjAndRepresentationAndDraughtingModel.cxx.obj
[3755/5643] Building CXX object src\TKDESTEP\CMakeFiles\TKDESTEP.dir\__\RWStepVisual\RWStepVisual_RWColourSpecification.cxx.obj
[3756/5643] Building CXX object src\TKDESTEP\CMakeFiles\TKDESTEP.dir\__\RWStepVisual\RWStepVisual_RWCompositeText.cxx.obj
[3757/5643] Building CXX object src\TKDESTEP\CMakeFiles\TKDESTEP.dir\__\RWStepVisual\RWStepVisual_RWContextDependentInvisibility.cxx.obj
[3758/5643] Building CXX object src\TKDESTEP\CMakeFiles\TKDESTEP.dir\__\RWStepVisual\RWStepVisual_RWCompositeTextWithExtent.cxx.obj
[3759/5643] Building CXX object src\TKDESTEP\CMakeFiles\TKDESTEP.dir\__\RWStepVisual\RWStepVisual_RWCurveStyle.cxx.obj
[3760/5643] Building CXX object src\TKDESTEP\CMakeFiles\TKDESTEP.dir\__\RWStepVisual\RWStepVisual_RWContextDependentOverRidingStyledItem.cxx.obj
[3761/5643] Building CXX object src\TKDESTEP\CMakeFiles\TKDESTEP.dir\__\RWStepVisual\RWStepVisual_RWCurveStyleFontPattern.cxx.obj
[3762/5643] Building CXX object src\TKDESTEP\CMakeFiles\TKDESTEP.dir\__\RWStepVisual\RWStepVisual_RWCurveStyleFont.cxx.obj
[3763/5643] Building CXX object src\TKDESTEP\CMakeFiles\TKDESTEP.dir\__\RWStepVisual\RWStepVisual_RWDraughtingPreDefinedColour.cxx.obj
[3764/5643] Building CXX object src\TKDESTEP\CMakeFiles\TKDESTEP.dir\__\RWStepVisual\RWStepVisual_RWDraughtingCallout.cxx.obj
[3765/5643] Building CXX object src\TKDESTEP\CMakeFiles\TKDESTEP.dir\__\RWStepVisual\RWStepVisual_RWDraughtingPreDefinedCurveFont.cxx.obj
[3766/5643] Building CXX object src\TKDESTEP\CMakeFiles\TKDESTEP.dir\__\RWStepVisual\RWStepVisual_RWDraughtingModel.cxx.obj
[3767/5643] Building CXX object src\TKDESTEP\CMakeFiles\TKDESTEP.dir\__\RWStepVisual\RWStepVisual_RWExternallyDefinedCurveFont.cxx.obj
[3768/5643] Building CXX object src\TKDESTEP\CMakeFiles\TKDESTEP.dir\__\RWStepVisual\RWStepVisual_RWFillAreaStyleColour.cxx.obj
[3769/5643] Building CXX object src\TKDESTEP\CMakeFiles\TKDESTEP.dir\__\RWStepVisual\RWStepVisual_RWFillAreaStyle.cxx.obj
[3770/5643] Building CXX object src\TKDESTEP\CMakeFiles\TKDESTEP.dir\__\RWStepVisual\RWStepVisual_RWInvisibility.cxx.obj
[3771/5643] Building CXX object src\TKDESTEP\CMakeFiles\TKDESTEP.dir\__\RWStepVisual\RWStepVisual_RWMechanicalDesignGeometricPresentationArea.cxx.obj
[3772/5643] Building CXX object src\TKDESTEP\CMakeFiles\TKDESTEP.dir\__\RWStepVisual\RWStepVisual_RWMechanicalDesignGeometricPresentationRepresentation.cxx.obj
[3773/5643] Building CXX object src\TKDESTEP\CMakeFiles\TKDESTEP.dir\__\RWStepVisual\RWStepVisual_RWPlanarBox.cxx.obj
[3774/5643] Building CXX object src\TKDESTEP\CMakeFiles\TKDESTEP.dir\__\RWStepVisual\RWStepVisual_RWOverRidingStyledItem.cxx.obj
[3775/5643] Building CXX object src\TKDESTEP\CMakeFiles\TKDESTEP.dir\__\RWStepVisual\RWStepVisual_RWPlanarExtent.cxx.obj
[3776/5643] Building CXX object src\TKDESTEP\CMakeFiles\TKDESTEP.dir\__\RWStepVisual\RWStepVisual_RWPreDefinedColour.cxx.obj
[3777/5643] Building CXX object src\TKDESTEP\CMakeFiles\TKDESTEP.dir\__\RWStepVisual\RWStepVisual_RWPointStyle.cxx.obj
[3778/5643] Building CXX object src\TKDESTEP\CMakeFiles\TKDESTEP.dir\__\RWStepVisual\RWStepVisual_RWPreDefinedCurveFont.cxx.obj
[3779/5643] Building CXX object src\TKDESTEP\CMakeFiles\TKDESTEP.dir\__\RWStepVisual\RWStepVisual_RWPreDefinedItem.cxx.obj
[3780/5643] Building CXX object src\TKDESTEP\CMakeFiles\TKDESTEP.dir\__\RWStepVisual\RWStepVisual_RWPresentationLayerAssignment.cxx.obj
[3781/5643] Building CXX object src\TKDESTEP\CMakeFiles\TKDESTEP.dir\__\RWStepVisual\RWStepVisual_RWPresentationArea.cxx.obj
[3782/5643] Building CXX object src\TKDESTEP\CMakeFiles\TKDESTEP.dir\__\RWStepVisual\RWStepVisual_RWPresentationLayerUsage.cxx.obj
[3783/5643] Building CXX object src\TKDESTEP\CMakeFiles\TKDESTEP.dir\__\RWStepVisual\RWStepVisual_RWPresentationSet.cxx.obj
[3784/5643] Building CXX object src\TKDESTEP\CMakeFiles\TKDESTEP.dir\__\RWStepVisual\RWStepVisual_RWPresentationRepresentation.cxx.obj
[3785/5643] Building CXX object src\TKDESTEP\CMakeFiles\TKDESTEP.dir\__\RWStepVisual\RWStepVisual_RWPresentationSize.cxx.obj
[3786/5643] Building CXX object src\TKDESTEP\CMakeFiles\TKDESTEP.dir\__\RWStepVisual\RWStepVisual_RWPresentationStyleAssignment.cxx.obj
[3787/5643] Building CXX object src\TKDESTEP\CMakeFiles\TKDESTEP.dir\__\RWStepVisual\RWStepVisual_RWPresentationStyleByContext.cxx.obj
[3788/5643] Building CXX object src\TKDESTEP\CMakeFiles\TKDESTEP.dir\__\RWStepVisual\RWStepVisual_RWPresentedItemRepresentation.cxx.obj
[3789/5643] Building CXX object src\TKDESTEP\CMakeFiles\TKDESTEP.dir\__\RWStepVisual\RWStepVisual_RWPresentationView.cxx.obj
[3790/5643] Building CXX object src\TKDESTEP\CMakeFiles\TKDESTEP.dir\__\RWStepVisual\RWStepVisual_RWRepositionedTessellatedGeometricSet.cxx.obj
[3791/5643] Building CXX object src\TKDESTEP\CMakeFiles\TKDESTEP.dir\__\RWStepVisual\RWStepVisual_RWRepositionedTessellatedItem.cxx.obj
[3792/5643] Building CXX object src\TKDESTEP\CMakeFiles\TKDESTEP.dir\__\RWStepVisual\RWStepVisual_RWSurfaceSideStyle.cxx.obj
[3793/5643] Building CXX object src\TKDESTEP\CMakeFiles\TKDESTEP.dir\__\RWStepVisual\RWStepVisual_RWStyledItem.cxx.obj
[3794/5643] Building CXX object src\TKDESTEP\CMakeFiles\TKDESTEP.dir\__\RWStepVisual\RWStepVisual_RWSurfaceStyleBoundary.cxx.obj
[3795/5643] Building CXX object src\TKDESTEP\CMakeFiles\TKDESTEP.dir\__\RWStepVisual\RWStepVisual_RWSurfaceStyleControlGrid.cxx.obj
[3796/5643] Building CXX object src\TKDESTEP\CMakeFiles\TKDESTEP.dir\__\RWStepVisual\RWStepVisual_RWSurfaceStyleFillArea.cxx.obj
[3797/5643] Building CXX object src\TKDESTEP\CMakeFiles\TKDESTEP.dir\__\RWStepVisual\RWStepVisual_RWSurfaceStyleParameterLine.cxx.obj
[3798/5643] Building CXX object src\TKDESTEP\CMakeFiles\TKDESTEP.dir\__\RWStepVisual\RWStepVisual_RWSurfaceStyleReflectanceAmbient.cxx.obj
[3799/5643] Building CXX object src\TKDESTEP\CMakeFiles\TKDESTEP.dir\__\RWStepVisual\RWStepVisual_RWSurfaceStyleRendering.cxx.obj
[3800/5643] Building CXX object src\TKDESTEP\CMakeFiles\TKDESTEP.dir\__\RWStepVisual\RWStepVisual_RWSurfaceStyleRenderingWithProperties.cxx.obj
[3801/5643] Building CXX object src\TKDESTEP\CMakeFiles\TKDESTEP.dir\__\RWStepVisual\RWStepVisual_RWSurfaceStyleSegmentationCurve.cxx.obj
[3802/5643] Building CXX object src\TKDESTEP\CMakeFiles\TKDESTEP.dir\__\RWStepVisual\RWStepVisual_RWSurfaceStyleSilhouette.cxx.obj
[3803/5643] Building CXX object src\TKDESTEP\CMakeFiles\TKDESTEP.dir\__\RWStepVisual\RWStepVisual_RWSurfaceStyleTransparent.cxx.obj
[3804/5643] Building CXX object src\TKDESTEP\CMakeFiles\TKDESTEP.dir\__\RWStepVisual\RWStepVisual_RWSurfaceStyleUsage.cxx.obj
[3805/5643] Building CXX object src\TKDESTEP\CMakeFiles\TKDESTEP.dir\__\RWStepVisual\RWStepVisual_RWTemplate.cxx.obj
[3806/5643] Building CXX object src\TKDESTEP\CMakeFiles\TKDESTEP.dir\__\RWStepVisual\RWStepVisual_RWTemplateInstance.cxx.obj
[3807/5643] Building CXX object src\TKDESTEP\CMakeFiles\TKDESTEP.dir\__\RWStepVisual\RWStepVisual_RWTextLiteral.cxx.obj
[3808/5643] Building CXX object src\TKDESTEP\CMakeFiles\TKDESTEP.dir\__\RWStepVisual\RWStepVisual_RWTextStyle.cxx.obj
[3809/5643] Building CXX object src\TKDESTEP\CMakeFiles\TKDESTEP.dir\__\RWStepVisual\RWStepVisual_RWTextStyleForDefinedFont.cxx.obj
[3810/5643] Building CXX object src\TKDESTEP\CMakeFiles\TKDESTEP.dir\__\RWStepVisual\RWStepVisual_RWTextStyleWithBoxCharacteristics.cxx.obj
[3811/5643] Building CXX object src\TKDESTEP\CMakeFiles\TKDESTEP.dir\__\RWStepVisual\RWStepVisual_RWViewVolume.cxx.obj
[3812/5643] Building CXX object src\TKDESTEP\CMakeFiles\TKDESTEP.dir\__\RWStepVisual\RWStepVisual_RWTessellatedItem.cxx.obj
[3813/5643] Building CXX object src\TKDESTEP\CMakeFiles\TKDESTEP.dir\__\RWStepVisual\RWStepVisual_RWTessellatedAnnotationOccurrence.cxx.obj
[3814/5643] Building CXX object src\TKDESTEP\CMakeFiles\TKDESTEP.dir\__\RWStepVisual\RWStepVisual_RWTessellatedGeometricSet.cxx.obj
[3815/5643] Building CXX object src\TKDESTEP\CMakeFiles\TKDESTEP.dir\__\RWStepVisual\RWStepVisual_RWCoordinatesList.cxx.obj
[3816/5643] Building CXX object src\TKDESTEP\CMakeFiles\TKDESTEP.dir\__\RWStepVisual\RWStepVisual_RWTessellatedCurveSet.cxx.obj
[3817/5643] Building CXX object src\TKDESTEP\CMakeFiles\TKDESTEP.dir\__\RWStepVisual\RWStepVisual_RWComplexTriangulatedFace.cxx.obj
[3818/5643] Building CXX object src\TKDESTEP\CMakeFiles\TKDESTEP.dir\__\RWStepVisual\RWStepVisual_RWComplexTriangulatedSurfaceSet.cxx.obj
[3819/5643] Building CXX object src\TKDESTEP\CMakeFiles\TKDESTEP.dir\__\RWStepVisual\RWStepVisual_RWCubicBezierTessellatedEdge.cxx.obj
[3820/5643] Building CXX object src\TKDESTEP\CMakeFiles\TKDESTEP.dir\__\RWStepVisual\RWStepVisual_RWCubicBezierTriangulatedFace.cxx.obj
[3821/5643] Building CXX object src\TKDESTEP\CMakeFiles\TKDESTEP.dir\__\RWStepVisual\RWStepVisual_RWTessellatedConnectingEdge.cxx.obj
[3822/5643] Building CXX object src\TKDESTEP\CMakeFiles\TKDESTEP.dir\__\RWStepVisual\RWStepVisual_RWTessellatedEdge.cxx.obj
[3823/5643] Building CXX object src\TKDESTEP\CMakeFiles\TKDESTEP.dir\__\RWStepVisual\RWStepVisual_RWTessellatedPointSet.cxx.obj
[3824/5643] Building CXX object src\TKDESTEP\CMakeFiles\TKDESTEP.dir\__\RWStepVisual\RWStepVisual_RWTessellatedShapeRepresentation.cxx.obj
[3825/5643] Building CXX object src\TKDESTEP\CMakeFiles\TKDESTEP.dir\__\RWStepVisual\RWStepVisual_RWTessellatedShapeRepresentationWithAccuracyParameters.cxx.obj
[3826/5643] Building CXX object src\TKDESTEP\CMakeFiles\TKDESTEP.dir\__\RWStepVisual\RWStepVisual_RWTessellatedShell.cxx.obj
[3827/5643] Building CXX object src\TKDESTEP\CMakeFiles\TKDESTEP.dir\__\RWStepVisual\RWStepVisual_RWTessellatedSolid.cxx.obj
[3828/5643] Building CXX object src\TKDESTEP\CMakeFiles\TKDESTEP.dir\__\RWStepVisual\RWStepVisual_RWTessellatedStructuredItem.cxx.obj
[3829/5643] Building CXX object src\TKDESTEP\CMakeFiles\TKDESTEP.dir\__\RWStepVisual\RWStepVisual_RWTessellatedVertex.cxx.obj
[3830/5643] Building CXX object src\TKDESTEP\CMakeFiles\TKDESTEP.dir\__\RWStepVisual\RWStepVisual_RWTessellatedWire.cxx.obj
[3831/5643] Building CXX object src\TKDESTEP\CMakeFiles\TKDESTEP.dir\__\RWStepVisual\RWStepVisual_RWTriangulatedSurfaceSet.cxx.obj
[3832/5643] Building CXX object src\TKDESTEP\CMakeFiles\TKDESTEP.dir\__\RWStepVisual\RWStepVisual_RWTriangulatedFace.cxx.obj
[3833/5643] Building CXX object src\TKDESTEP\CMakeFiles\TKDESTEP.dir\__\StepDimTol\StepDimTol_AngularityTolerance.cxx.obj
[3834/5643] Building CXX object src\TKDESTEP\CMakeFiles\TKDESTEP.dir\__\StepDimTol\StepDimTol_CircularRunoutTolerance.cxx.obj
[3835/5643] Building CXX object src\TKDESTEP\CMakeFiles\TKDESTEP.dir\__\StepDimTol\StepDimTol_CommonDatum.cxx.obj
[3836/5643] Building CXX object src\TKDESTEP\CMakeFiles\TKDESTEP.dir\__\StepDimTol\StepDimTol_CoaxialityTolerance.cxx.obj
[3837/5643] Building CXX object src\TKDESTEP\CMakeFiles\TKDESTEP.dir\__\StepDimTol\StepDimTol_CylindricityTolerance.cxx.obj
[3838/5643] Building CXX object src\TKDESTEP\CMakeFiles\TKDESTEP.dir\__\StepDimTol\StepDimTol_DatumFeature.cxx.obj
[3839/5643] Building CXX object src\TKDESTEP\CMakeFiles\TKDESTEP.dir\__\StepDimTol\StepDimTol_ConcentricityTolerance.cxx.obj
[3840/5643] Building CXX object src\TKDESTEP\CMakeFiles\TKDESTEP.dir\__\StepDimTol\StepDimTol_Datum.cxx.obj
[3841/5643] Building CXX object src\TKDESTEP\CMakeFiles\TKDESTEP.dir\__\StepDimTol\StepDimTol_DatumReference.cxx.obj
[3842/5643] Building CXX object src\TKDESTEP\CMakeFiles\TKDESTEP.dir\__\StepDimTol\StepDimTol_DatumOrCommonDatum.cxx.obj
[3843/5643] Building CXX object src\TKDESTEP\CMakeFiles\TKDESTEP.dir\__\StepDimTol\StepDimTol_DatumReferenceCompartment.cxx.obj
[3844/5643] Building CXX object src\TKDESTEP\CMakeFiles\TKDESTEP.dir\__\StepDimTol\StepDimTol_DatumReferenceElement.cxx.obj
[3845/5643] Building CXX object src\TKDESTEP\CMakeFiles\TKDESTEP.dir\__\StepDimTol\StepDimTol_DatumReferenceModifier.cxx.obj
[3846/5643] Building CXX object src\TKDESTEP\CMakeFiles\TKDESTEP.dir\__\StepDimTol\StepDimTol_DatumReferenceModifierWithValue.cxx.obj
[3847/5643] Building CXX object src\TKDESTEP\CMakeFiles\TKDESTEP.dir\__\StepDimTol\StepDimTol_FlatnessTolerance.cxx.obj
[3848/5643] Building CXX object src\TKDESTEP\CMakeFiles\TKDESTEP.dir\__\StepDimTol\StepDimTol_DatumTarget.cxx.obj
[3849/5643] Building CXX object src\TKDESTEP\CMakeFiles\TKDESTEP.dir\__\StepDimTol\StepDimTol_DatumSystemOrReference.cxx.obj
[3850/5643] Building CXX object src\TKDESTEP\CMakeFiles\TKDESTEP.dir\__\StepDimTol\StepDimTol_DatumSystem.cxx.obj
[3851/5643] Building CXX object src\TKDESTEP\CMakeFiles\TKDESTEP.dir\__\StepDimTol\StepDimTol_GeometricToleranceTarget.cxx.obj
[3852/5643] Building CXX object src\TKDESTEP\CMakeFiles\TKDESTEP.dir\__\StepDimTol\StepDimTol_GeometricToleranceRelationship.cxx.obj
[3853/5643] Building CXX object src\TKDESTEP\CMakeFiles\TKDESTEP.dir\__\StepDimTol\StepDimTol_GeometricTolerance.cxx.obj
[3854/5643] Building CXX object src\TKDESTEP\CMakeFiles\TKDESTEP.dir\__\StepDimTol\StepDimTol_GeneralDatumReference.cxx.obj
[3855/5643] Building CXX object src\TKDESTEP\CMakeFiles\TKDESTEP.dir\__\StepDimTol\StepDimTol_GeometricToleranceWithDefinedUnit.cxx.obj
[3856/5643] Building CXX object src\TKDESTEP\CMakeFiles\TKDESTEP.dir\__\StepDimTol\StepDimTol_GeometricToleranceWithDefinedAreaUnit.cxx.obj
[3857/5643] Building CXX object src\TKDESTEP\CMakeFiles\TKDESTEP.dir\__\StepDimTol\StepDimTol_GeometricToleranceWithDatumReference.cxx.obj
[3858/5643] Building CXX object src\TKDESTEP\CMakeFiles\TKDESTEP.dir\__\StepDimTol\StepDimTol_GeometricToleranceWithMaximumTolerance.cxx.obj
[3859/5643] Building CXX object src\TKDESTEP\CMakeFiles\TKDESTEP.dir\__\StepDimTol\StepDimTol_GeometricToleranceWithModifiers.cxx.obj
[3860/5643] Building CXX object src\TKDESTEP\CMakeFiles\TKDESTEP.dir\__\StepDimTol\StepDimTol_GeoTolAndGeoTolWthDatRef.cxx.obj
[3861/5643] Building CXX object src\TKDESTEP\CMakeFiles\TKDESTEP.dir\__\StepDimTol\StepDimTol_GeoTolAndGeoTolWthDatRefAndGeoTolWthMaxTol.cxx.obj
[3862/5643] Building CXX object src\TKDESTEP\CMakeFiles\TKDESTEP.dir\__\StepDimTol\StepDimTol_GeoTolAndGeoTolWthDatRefAndGeoTolWthMod.cxx.obj
[3863/5643] Building CXX object src\TKDESTEP\CMakeFiles\TKDESTEP.dir\__\StepDimTol\StepDimTol_GeoTolAndGeoTolWthDatRefAndModGeoTolAndPosTol.cxx.obj
[3864/5643] Building CXX object src\TKDESTEP\CMakeFiles\TKDESTEP.dir\__\StepDimTol\StepDimTol_GeoTolAndGeoTolWthDatRefAndUneqDisGeoTol.cxx.obj
[3865/5643] Building CXX object src\TKDESTEP\CMakeFiles\TKDESTEP.dir\__\StepDimTol\StepDimTol_LineProfileTolerance.cxx.obj
[3866/5643] Building CXX object src\TKDESTEP\CMakeFiles\TKDESTEP.dir\__\StepDimTol\StepDimTol_GeoTolAndGeoTolWthMaxTol.cxx.obj
[3867/5643] Building CXX object src\TKDESTEP\CMakeFiles\TKDESTEP.dir\__\StepDimTol\StepDimTol_GeoTolAndGeoTolWthMod.cxx.obj
[3868/5643] Building CXX object src\TKDESTEP\CMakeFiles\TKDESTEP.dir\__\StepDimTol\StepDimTol_ModifiedGeometricTolerance.cxx.obj
[3869/5643] Building CXX object src\TKDESTEP\CMakeFiles\TKDESTEP.dir\__\StepDimTol\StepDimTol_ParallelismTolerance.cxx.obj
[3870/5643] Building CXX object src\TKDESTEP\CMakeFiles\TKDESTEP.dir\__\StepDimTol\StepDimTol_PerpendicularityTolerance.cxx.obj
[3871/5643] Building CXX object src\TKDESTEP\CMakeFiles\TKDESTEP.dir\__\StepDimTol\StepDimTol_NonUniformZoneDefinition.cxx.obj
[3872/5643] Building CXX object src\TKDESTEP\CMakeFiles\TKDESTEP.dir\__\StepDimTol\StepDimTol_PlacedDatumTargetFeature.cxx.obj
[3873/5643] Building CXX object src\TKDESTEP\CMakeFiles\TKDESTEP.dir\__\StepDimTol\StepDimTol_PositionTolerance.cxx.obj
[3874/5643] Building CXX object src\TKDESTEP\CMakeFiles\TKDESTEP.dir\__\StepDimTol\StepDimTol_RoundnessTolerance.cxx.obj
[3875/5643] Building CXX object src\TKDESTEP\CMakeFiles\TKDESTEP.dir\__\StepDimTol\StepDimTol_ProjectedZoneDefinition.cxx.obj
[3876/5643] Building CXX object src\TKDESTEP\CMakeFiles\TKDESTEP.dir\__\StepDimTol\StepDimTol_RunoutZoneDefinition.cxx.obj
[3877/5643] Building CXX object src\TKDESTEP\CMakeFiles\TKDESTEP.dir\__\StepDimTol\StepDimTol_ShapeToleranceSelect.cxx.obj
[3878/5643] Building CXX object src\TKDESTEP\CMakeFiles\TKDESTEP.dir\__\StepDimTol\StepDimTol_RunoutZoneOrientation.cxx.obj
[3879/5643] Building CXX object src\TKDESTEP\CMakeFiles\TKDESTEP.dir\__\StepDimTol\StepDimTol_SurfaceProfileTolerance.cxx.obj
[3880/5643] Building CXX object src\TKDESTEP\CMakeFiles\TKDESTEP.dir\__\StepDimTol\StepDimTol_StraightnessTolerance.cxx.obj
[3881/5643] Building CXX object src\TKDESTEP\CMakeFiles\TKDESTEP.dir\__\StepDimTol\StepDimTol_SimpleDatumReferenceModifierMember.cxx.obj
[3882/5643] Building CXX object src\TKDESTEP\CMakeFiles\TKDESTEP.dir\__\StepDimTol\StepDimTol_SymmetryTolerance.cxx.obj
[3883/5643] Building CXX object src\TKDESTEP\CMakeFiles\TKDESTEP.dir\__\StepDimTol\StepDimTol_ToleranceZoneForm.cxx.obj
[3884/5643] Building CXX object src\TKDESTEP\CMakeFiles\TKDESTEP.dir\__\StepDimTol\StepDimTol_ToleranceZoneDefinition.cxx.obj
[3885/5643] Building CXX object src\TKDESTEP\CMakeFiles\TKDESTEP.dir\__\StepDimTol\StepDimTol_ToleranceZone.cxx.obj
[3886/5643] Building CXX object src\TKDESTEP\CMakeFiles\TKDESTEP.dir\__\StepDimTol\StepDimTol_ToleranceZoneTarget.cxx.obj
[3887/5643] Building CXX object src\TKDESTEP\CMakeFiles\TKDESTEP.dir\__\StepDimTol\StepDimTol_UnequallyDisposedGeometricTolerance.cxx.obj
[3888/5643] Building CXX object src\TKDESTEP\CMakeFiles\TKDESTEP.dir\__\StepDimTol\StepDimTol_TotalRunoutTolerance.cxx.obj
[3889/5643] Building CXX object src\TKDESTEP\CMakeFiles\TKDESTEP.dir\__\RWStepDimTol\RWStepDimTol_RWAngularityTolerance.cxx.obj
[3890/5643] Building CXX object src\TKDESTEP\CMakeFiles\TKDESTEP.dir\__\RWStepDimTol\RWStepDimTol_RWCircularRunoutTolerance.cxx.obj
[3891/5643] Building CXX object src\TKDESTEP\CMakeFiles\TKDESTEP.dir\__\RWStepDimTol\RWStepDimTol_RWCoaxialityTolerance.cxx.obj
[3892/5643] Building CXX object src\TKDESTEP\CMakeFiles\TKDESTEP.dir\__\RWStepDimTol\RWStepDimTol_RWCommonDatum.cxx.obj
[3893/5643] Building CXX object src\TKDESTEP\CMakeFiles\TKDESTEP.dir\__\RWStepDimTol\RWStepDimTol_RWConcentricityTolerance.cxx.obj
[3894/5643] Building CXX object src\TKDESTEP\CMakeFiles\TKDESTEP.dir\__\RWStepDimTol\RWStepDimTol_RWCylindricityTolerance.cxx.obj
[3895/5643] Building CXX object src\TKDESTEP\CMakeFiles\TKDESTEP.dir\__\RWStepDimTol\RWStepDimTol_RWDatum.cxx.obj
[3896/5643] Building CXX object src\TKDESTEP\CMakeFiles\TKDESTEP.dir\__\RWStepDimTol\RWStepDimTol_RWDatumFeature.cxx.obj
[3897/5643] Building CXX object src\TKDESTEP\CMakeFiles\TKDESTEP.dir\__\RWStepDimTol\RWStepDimTol_RWDatumReference.cxx.obj
[3898/5643] Building CXX object src\TKDESTEP\CMakeFiles\TKDESTEP.dir\__\RWStepDimTol\RWStepDimTol_RWDatumReferenceModifierWithValue.cxx.obj
[3899/5643] Building CXX object src\TKDESTEP\CMakeFiles\TKDESTEP.dir\__\RWStepDimTol\RWStepDimTol_RWDatumReferenceCompartment.cxx.obj
[3900/5643] Building CXX object src\TKDESTEP\CMakeFiles\TKDESTEP.dir\__\RWStepDimTol\RWStepDimTol_RWDatumReferenceElement.cxx.obj
[3901/5643] Building CXX object src\TKDESTEP\CMakeFiles\TKDESTEP.dir\__\RWStepDimTol\RWStepDimTol_RWDatumSystem.cxx.obj
[3902/5643] Building CXX object src\TKDESTEP\CMakeFiles\TKDESTEP.dir\__\RWStepDimTol\RWStepDimTol_RWDatumTarget.cxx.obj
[3903/5643] Building CXX object src\TKDESTEP\CMakeFiles\TKDESTEP.dir\__\RWStepDimTol\RWStepDimTol_RWFlatnessTolerance.cxx.obj
[3904/5643] Building CXX object src\TKDESTEP\CMakeFiles\TKDESTEP.dir\__\RWStepDimTol\RWStepDimTol_RWGeneralDatumReference.cxx.obj
[3905/5643] Building CXX object src\TKDESTEP\CMakeFiles\TKDESTEP.dir\__\RWStepDimTol\RWStepDimTol_RWGeometricTolerance.cxx.obj
[3906/5643] Building CXX object src\TKDESTEP\CMakeFiles\TKDESTEP.dir\__\RWStepDimTol\RWStepDimTol_RWGeometricToleranceRelationship.cxx.obj
[3907/5643] Building CXX object src\TKDESTEP\CMakeFiles\TKDESTEP.dir\__\RWStepDimTol\RWStepDimTol_RWGeometricToleranceWithDatumReference.cxx.obj
[3908/5643] Building CXX object src\TKDESTEP\CMakeFiles\TKDESTEP.dir\__\RWStepDimTol\RWStepDimTol_RWGeometricToleranceWithDefinedAreaUnit.cxx.obj
[3909/5643] Building CXX object src\TKDESTEP\CMakeFiles\TKDESTEP.dir\__\RWStepDimTol\RWStepDimTol_RWGeometricToleranceWithDefinedUnit.cxx.obj
[3910/5643] Building CXX object src\TKDESTEP\CMakeFiles\TKDESTEP.dir\__\RWStepDimTol\RWStepDimTol_RWGeometricToleranceWithMaximumTolerance.cxx.obj
[3911/5643] Building CXX object src\TKDESTEP\CMakeFiles\TKDESTEP.dir\__\RWStepDimTol\RWStepDimTol_RWGeometricToleranceWithModifiers.cxx.obj
[3912/5643] Building CXX object src\TKDESTEP\CMakeFiles\TKDESTEP.dir\__\RWStepDimTol\RWStepDimTol_RWGeoTolAndGeoTolWthDatRef.cxx.obj
[3913/5643] Building CXX object src\TKDESTEP\CMakeFiles\TKDESTEP.dir\__\RWStepDimTol\RWStepDimTol_RWGeoTolAndGeoTolWthDatRefAndGeoTolWthMaxTol.cxx.obj
[3914/5643] Building CXX object src\TKDESTEP\CMakeFiles\TKDESTEP.dir\__\RWStepDimTol\RWStepDimTol_RWGeoTolAndGeoTolWthDatRefAndGeoTolWthMod.cxx.obj
[3915/5643] Building CXX object src\TKDESTEP\CMakeFiles\TKDESTEP.dir\__\RWStepDimTol\RWStepDimTol_RWGeoTolAndGeoTolWthDatRefAndModGeoTolAndPosTol.cxx.obj
[3916/5643] Building CXX object src\TKDESTEP\CMakeFiles\TKDESTEP.dir\__\RWStepDimTol\RWStepDimTol_RWGeoTolAndGeoTolWthDatRefAndUneqDisGeoTol.cxx.obj
[3917/5643] Building CXX object src\TKDESTEP\CMakeFiles\TKDESTEP.dir\__\RWStepDimTol\RWStepDimTol_RWLineProfileTolerance.cxx.obj
[3918/5643] Building CXX object src\TKDESTEP\CMakeFiles\TKDESTEP.dir\__\RWStepDimTol\RWStepDimTol_RWGeoTolAndGeoTolWthMaxTol.cxx.obj
[3919/5643] Building CXX object src\TKDESTEP\CMakeFiles\TKDESTEP.dir\__\RWStepDimTol\RWStepDimTol_RWGeoTolAndGeoTolWthMod.cxx.obj
[3920/5643] Building CXX object src\TKDESTEP\CMakeFiles\TKDESTEP.dir\__\RWStepDimTol\RWStepDimTol_RWModifiedGeometricTolerance.cxx.obj
[3921/5643] Building CXX object src\TKDESTEP\CMakeFiles\TKDESTEP.dir\__\RWStepDimTol\RWStepDimTol_RWNonUniformZoneDefinition.cxx.obj
[3922/5643] Building CXX object src\TKDESTEP\CMakeFiles\TKDESTEP.dir\__\RWStepDimTol\RWStepDimTol_RWParallelismTolerance.cxx.obj
[3923/5643] Building CXX object src\TKDESTEP\CMakeFiles\TKDESTEP.dir\__\RWStepDimTol\RWStepDimTol_RWPerpendicularityTolerance.cxx.obj
[3924/5643] Building CXX object src\TKDESTEP\CMakeFiles\TKDESTEP.dir\__\RWStepDimTol\RWStepDimTol_RWPlacedDatumTargetFeature.cxx.obj
[3925/5643] Building CXX object src\TKDESTEP\CMakeFiles\TKDESTEP.dir\__\RWStepDimTol\RWStepDimTol_RWPositionTolerance.cxx.obj
[3926/5643] Building CXX object src\TKDESTEP\CMakeFiles\TKDESTEP.dir\__\RWStepDimTol\RWStepDimTol_RWRoundnessTolerance.cxx.obj
[3927/5643] Building CXX object src\TKDESTEP\CMakeFiles\TKDESTEP.dir\__\RWStepDimTol\RWStepDimTol_RWProjectedZoneDefinition.cxx.obj
[3928/5643] Building CXX object src\TKDESTEP\CMakeFiles\TKDESTEP.dir\__\RWStepDimTol\RWStepDimTol_RWRunoutZoneDefinition.cxx.obj
[3929/5643] Building CXX object src\TKDESTEP\CMakeFiles\TKDESTEP.dir\__\RWStepDimTol\RWStepDimTol_RWRunoutZoneOrientation.cxx.obj
[3930/5643] Building CXX object src\TKDESTEP\CMakeFiles\TKDESTEP.dir\__\RWStepDimTol\RWStepDimTol_RWStraightnessTolerance.cxx.obj
[3931/5643] Building CXX object src\TKDESTEP\CMakeFiles\TKDESTEP.dir\__\RWStepDimTol\RWStepDimTol_RWSurfaceProfileTolerance.cxx.obj
[3932/5643] Building CXX object src\TKDESTEP\CMakeFiles\TKDESTEP.dir\__\RWStepDimTol\RWStepDimTol_RWSymmetryTolerance.cxx.obj
[3933/5643] Building CXX object src\TKDESTEP\CMakeFiles\TKDESTEP.dir\__\RWStepDimTol\RWStepDimTol_RWToleranceZoneForm.cxx.obj
[3934/5643] Building CXX object src\TKDESTEP\CMakeFiles\TKDESTEP.dir\__\RWStepDimTol\RWStepDimTol_RWToleranceZone.cxx.obj
[3935/5643] Building CXX object src\TKDESTEP\CMakeFiles\TKDESTEP.dir\__\RWStepDimTol\RWStepDimTol_RWToleranceZoneDefinition.cxx.obj
[3936/5643] Building CXX object src\TKDESTEP\CMakeFiles\TKDESTEP.dir\__\StepKinematics\StepKinematics_ActuatedKinematicPair.cxx.obj
[3937/5643] Building CXX object src\TKDESTEP\CMakeFiles\TKDESTEP.dir\__\StepKinematics\StepKinematics_ContextDependentKinematicLinkRepresentation.cxx.obj
[3938/5643] Building CXX object src\TKDESTEP\CMakeFiles\TKDESTEP.dir\__\RWStepDimTol\RWStepDimTol_RWUnequallyDisposedGeometricTolerance.cxx.obj
[3939/5643] Building CXX object src\TKDESTEP\CMakeFiles\TKDESTEP.dir\__\RWStepDimTol\RWStepDimTol_RWTotalRunoutTolerance.cxx.obj
[3940/5643] Building CXX object src\TKDESTEP\CMakeFiles\TKDESTEP.dir\__\StepKinematics\StepKinematics_CylindricalPair.cxx.obj
[3941/5643] Building CXX object src\TKDESTEP\CMakeFiles\TKDESTEP.dir\__\StepKinematics\StepKinematics_CylindricalPairValue.cxx.obj
[3942/5643] Building CXX object src\TKDESTEP\CMakeFiles\TKDESTEP.dir\__\StepKinematics\StepKinematics_CylindricalPairWithRange.cxx.obj
[3943/5643] Building CXX object src\TKDESTEP\CMakeFiles\TKDESTEP.dir\__\StepKinematics\StepKinematics_FullyConstrainedPair.cxx.obj
[3944/5643] Building CXX object src\TKDESTEP\CMakeFiles\TKDESTEP.dir\__\StepKinematics\StepKinematics_GearPairValue.cxx.obj
[3945/5643] Building CXX object src\TKDESTEP\CMakeFiles\TKDESTEP.dir\__\StepKinematics\StepKinematics_GearPair.cxx.obj
[3946/5643] Building CXX object src\TKDESTEP\CMakeFiles\TKDESTEP.dir\__\StepKinematics\StepKinematics_HighOrderKinematicPair.cxx.obj
[3947/5643] Building CXX object src\TKDESTEP\CMakeFiles\TKDESTEP.dir\__\StepKinematics\StepKinematics_GearPairWithRange.cxx.obj
[3948/5643] Building CXX object src\TKDESTEP\CMakeFiles\TKDESTEP.dir\__\StepKinematics\StepKinematics_KinematicJoint.cxx.obj
[3949/5643] Building CXX object src\TKDESTEP\CMakeFiles\TKDESTEP.dir\__\StepKinematics\StepKinematics_HomokineticPair.cxx.obj
[3950/5643] Building CXX object src\TKDESTEP\CMakeFiles\TKDESTEP.dir\__\StepKinematics\StepKinematics_KinematicLink.cxx.obj
[3951/5643] Building CXX object src\TKDESTEP\CMakeFiles\TKDESTEP.dir\__\StepKinematics\StepKinematics_KinematicLinkRepresentationAssociation.cxx.obj
[3952/5643] Building CXX object src\TKDESTEP\CMakeFiles\TKDESTEP.dir\__\StepKinematics\StepKinematics_KinematicLinkRepresentation.cxx.obj
[3953/5643] Building CXX object src\TKDESTEP\CMakeFiles\TKDESTEP.dir\__\StepKinematics\StepKinematics_KinematicPair.cxx.obj
[3954/5643] Building CXX object src\TKDESTEP\CMakeFiles\TKDESTEP.dir\__\StepKinematics\StepKinematics_KinematicPropertyDefinitionRepresentation.cxx.obj
[3955/5643] Building CXX object src\TKDESTEP\CMakeFiles\TKDESTEP.dir\__\StepKinematics\StepKinematics_ActuatedKinPairAndOrderKinPair.cxx.obj
[3956/5643] Building CXX object src\TKDESTEP\CMakeFiles\TKDESTEP.dir\__\StepKinematics\StepKinematics_KinematicTopologyStructure.cxx.obj
[3957/5643] Building CXX object src\TKDESTEP\CMakeFiles\TKDESTEP.dir\__\StepKinematics\StepKinematics_KinematicPropertyMechanismRepresentation.cxx.obj
[3958/5643] Building CXX object src\TKDESTEP\CMakeFiles\TKDESTEP.dir\__\StepKinematics\StepKinematics_LinearFlexibleAndPinionPair.cxx.obj
[3959/5643] Building CXX object src\TKDESTEP\CMakeFiles\TKDESTEP.dir\__\StepKinematics\StepKinematics_LinearFlexibleAndPlanarCurvePair.cxx.obj
[3960/5643] Building CXX object src\TKDESTEP\CMakeFiles\TKDESTEP.dir\__\StepKinematics\StepKinematics_LowOrderKinematicPair.cxx.obj
[3961/5643] Building CXX object src\TKDESTEP\CMakeFiles\TKDESTEP.dir\__\StepKinematics\StepKinematics_LinearFlexibleLinkRepresentation.cxx.obj
[3962/5643] Building CXX object src\TKDESTEP\CMakeFiles\TKDESTEP.dir\__\StepKinematics\StepKinematics_LowOrderKinematicPairWithMotionCoupling.cxx.obj
[3963/5643] Building CXX object src\TKDESTEP\CMakeFiles\TKDESTEP.dir\__\StepKinematics\StepKinematics_LowOrderKinematicPairValue.cxx.obj
[3964/5643] Building CXX object src\TKDESTEP\CMakeFiles\TKDESTEP.dir\__\StepKinematics\StepKinematics_LowOrderKinematicPairWithRange.cxx.obj
[3965/5643] Building CXX object src\TKDESTEP\CMakeFiles\TKDESTEP.dir\__\StepKinematics\StepKinematics_MechanismRepresentation.cxx.obj
[3966/5643] Building CXX object src\TKDESTEP\CMakeFiles\TKDESTEP.dir\__\StepKinematics\StepKinematics_OrientedJoint.cxx.obj
[3967/5643] Building CXX object src\TKDESTEP\CMakeFiles\TKDESTEP.dir\__\StepKinematics\StepKinematics_MechanismStateRepresentation.cxx.obj
[3968/5643] Building CXX object src\TKDESTEP\CMakeFiles\TKDESTEP.dir\__\StepKinematics\StepKinematics_PairRepresentationRelationship.cxx.obj
[3969/5643] Building CXX object src\TKDESTEP\CMakeFiles\TKDESTEP.dir\__\StepKinematics\StepKinematics_PairValue.cxx.obj
[3970/5643] Building CXX object src\TKDESTEP\CMakeFiles\TKDESTEP.dir\__\StepKinematics\StepKinematics_PlanarCurvePair.cxx.obj
[3971/5643] Building CXX object src\TKDESTEP\CMakeFiles\TKDESTEP.dir\__\StepKinematics\StepKinematics_PlanarPair.cxx.obj
[3972/5643] Building CXX object src\TKDESTEP\CMakeFiles\TKDESTEP.dir\__\StepKinematics\StepKinematics_PlanarPairValue.cxx.obj
[3973/5643] Building CXX object src\TKDESTEP\CMakeFiles\TKDESTEP.dir\__\StepKinematics\StepKinematics_PlanarCurvePairRange.cxx.obj
[3974/5643] Building CXX object src\TKDESTEP\CMakeFiles\TKDESTEP.dir\__\StepKinematics\StepKinematics_PlanarPairWithRange.cxx.obj
[3975/5643] Building CXX object src\TKDESTEP\CMakeFiles\TKDESTEP.dir\__\StepKinematics\StepKinematics_PointOnPlanarCurvePair.cxx.obj
[3976/5643] Building CXX object src\TKDESTEP\CMakeFiles\TKDESTEP.dir\__\StepKinematics\StepKinematics_PointOnPlanarCurvePairValue.cxx.obj
[3977/5643] Building CXX object src\TKDESTEP\CMakeFiles\TKDESTEP.dir\__\StepKinematics\StepKinematics_PointOnPlanarCurvePairWithRange.cxx.obj
[3978/5643] Building CXX object src\TKDESTEP\CMakeFiles\TKDESTEP.dir\__\StepKinematics\StepKinematics_PointOnSurfacePair.cxx.obj
[3979/5643] Building CXX object src\TKDESTEP\CMakeFiles\TKDESTEP.dir\__\StepKinematics\StepKinematics_PointOnSurfacePairValue.cxx.obj
[3980/5643] Building CXX object src\TKDESTEP\CMakeFiles\TKDESTEP.dir\__\StepKinematics\StepKinematics_PointOnSurfacePairWithRange.cxx.obj
[3981/5643] Building CXX object src\TKDESTEP\CMakeFiles\TKDESTEP.dir\__\StepKinematics\StepKinematics_PrismaticPair.cxx.obj
[3982/5643] Building CXX object src\TKDESTEP\CMakeFiles\TKDESTEP.dir\__\StepKinematics\StepKinematics_PrismaticPairValue.cxx.obj
[3983/5643] Building CXX object src\TKDESTEP\CMakeFiles\TKDESTEP.dir\__\StepKinematics\StepKinematics_ProductDefinitionKinematics.cxx.obj
[3984/5643] Building CXX object src\TKDESTEP\CMakeFiles\TKDESTEP.dir\__\StepKinematics\StepKinematics_PrismaticPairWithRange.cxx.obj
[3985/5643] Building CXX object src\TKDESTEP\CMakeFiles\TKDESTEP.dir\__\StepKinematics\StepKinematics_ProductDefinitionRelationshipKinematics.cxx.obj
[3986/5643] Building CXX object src\TKDESTEP\CMakeFiles\TKDESTEP.dir\__\StepKinematics\StepKinematics_RackAndPinionPair.cxx.obj
[3987/5643] Building CXX object src\TKDESTEP\CMakeFiles\TKDESTEP.dir\__\StepKinematics\StepKinematics_RackAndPinionPairValue.cxx.obj
[3988/5643] Building CXX object src\TKDESTEP\CMakeFiles\TKDESTEP.dir\__\StepKinematics\StepKinematics_RackAndPinionPairWithRange.cxx.obj
[3989/5643] Building CXX object src\TKDESTEP\CMakeFiles\TKDESTEP.dir\__\StepKinematics\StepKinematics_RevolutePair.cxx.obj
[3990/5643] Building CXX object src\TKDESTEP\CMakeFiles\TKDESTEP.dir\__\StepKinematics\StepKinematics_RevolutePairValue.cxx.obj
[3991/5643] Building CXX object src\TKDESTEP\CMakeFiles\TKDESTEP.dir\__\StepKinematics\StepKinematics_RevolutePairWithRange.cxx.obj
[3992/5643] Building CXX object src\TKDESTEP\CMakeFiles\TKDESTEP.dir\__\StepKinematics\StepKinematics_RigidLinkRepresentation.cxx.obj
[3993/5643] Building CXX object src\TKDESTEP\CMakeFiles\TKDESTEP.dir\__\StepKinematics\StepKinematics_RigidPlacement.cxx.obj
[3994/5643] Building CXX object src\TKDESTEP\CMakeFiles\TKDESTEP.dir\__\StepKinematics\StepKinematics_RollingCurvePair.cxx.obj
[3995/5643] Building CXX object src\TKDESTEP\CMakeFiles\TKDESTEP.dir\__\StepKinematics\StepKinematics_RollingCurvePairValue.cxx.obj
[3996/5643] Building CXX object src\TKDESTEP\CMakeFiles\TKDESTEP.dir\__\StepKinematics\StepKinematics_RollingSurfacePair.cxx.obj
[3997/5643] Building CXX object src\TKDESTEP\CMakeFiles\TKDESTEP.dir\__\StepKinematics\StepKinematics_RollingSurfacePairValue.cxx.obj
[3998/5643] Building CXX object src\TKDESTEP\CMakeFiles\TKDESTEP.dir\__\StepKinematics\StepKinematics_RotationAboutDirection.cxx.obj
[3999/5643] Building CXX object src\TKDESTEP\CMakeFiles\TKDESTEP.dir\__\StepKinematics\StepKinematics_ScrewPair.cxx.obj
[4000/5643] Building CXX object src\TKDESTEP\CMakeFiles\TKDESTEP.dir\__\StepKinematics\StepKinematics_ScrewPairValue.cxx.obj
[4001/5643] Building CXX object src\TKDESTEP\CMakeFiles\TKDESTEP.dir\__\StepKinematics\StepKinematics_ScrewPairWithRange.cxx.obj
[4002/5643] Building CXX object src\TKDESTEP\CMakeFiles\TKDESTEP.dir\__\StepKinematics\StepKinematics_SlidingCurvePairValue.cxx.obj
[4003/5643] Building CXX object src\TKDESTEP\CMakeFiles\TKDESTEP.dir\__\StepKinematics\StepKinematics_SlidingCurvePair.cxx.obj
[4004/5643] Building CXX object src\TKDESTEP\CMakeFiles\TKDESTEP.dir\__\StepKinematics\StepKinematics_SlidingSurfacePair.cxx.obj
[4005/5643] Building CXX object src\TKDESTEP\CMakeFiles\TKDESTEP.dir\__\StepKinematics\StepKinematics_SlidingSurfacePairValue.cxx.obj
[4006/5643] Building CXX object src\TKDESTEP\CMakeFiles\TKDESTEP.dir\__\StepKinematics\StepKinematics_SphericalPair.cxx.obj
[4007/5643] Building CXX object src\TKDESTEP\CMakeFiles\TKDESTEP.dir\__\StepKinematics\StepKinematics_SpatialRotation.cxx.obj
[4008/5643] Building CXX object src\TKDESTEP\CMakeFiles\TKDESTEP.dir\__\StepKinematics\StepKinematics_SphericalPairSelect.cxx.obj
[4009/5643] Building CXX object src\TKDESTEP\CMakeFiles\TKDESTEP.dir\__\StepKinematics\StepKinematics_SphericalPairValue.cxx.obj
[4010/5643] Building CXX object src\TKDESTEP\CMakeFiles\TKDESTEP.dir\__\StepKinematics\StepKinematics_SphericalPairWithPin.cxx.obj
[4011/5643] Building CXX object src\TKDESTEP\CMakeFiles\TKDESTEP.dir\__\StepKinematics\StepKinematics_SphericalPairWithPinAndRange.cxx.obj
[4012/5643] Building CXX object src\TKDESTEP\CMakeFiles\TKDESTEP.dir\__\StepKinematics\StepKinematics_SphericalPairWithRange.cxx.obj
[4013/5643] Building CXX object src\TKDESTEP\CMakeFiles\TKDESTEP.dir\__\StepKinematics\StepKinematics_SurfacePair.cxx.obj
[4014/5643] Building CXX object src\TKDESTEP\CMakeFiles\TKDESTEP.dir\__\StepKinematics\StepKinematics_SurfacePairWithRange.cxx.obj
[4015/5643] Building CXX object src\TKDESTEP\CMakeFiles\TKDESTEP.dir\__\StepKinematics\StepKinematics_KinematicTopologyDirectedStructure.cxx.obj
[4016/5643] Building CXX object src\TKDESTEP\CMakeFiles\TKDESTEP.dir\__\StepKinematics\StepKinematics_KinematicTopologyRepresentationSelect.cxx.obj
[4017/5643] Building CXX object src\TKDESTEP\CMakeFiles\TKDESTEP.dir\__\StepKinematics\StepKinematics_KinematicTopologyNetworkStructure.cxx.obj
[4018/5643] Building CXX object src\TKDESTEP\CMakeFiles\TKDESTEP.dir\__\StepKinematics\StepKinematics_UnconstrainedPair.cxx.obj
[4019/5643] Building CXX object src\TKDESTEP\CMakeFiles\TKDESTEP.dir\__\StepKinematics\StepKinematics_UnconstrainedPairValue.cxx.obj
[4020/5643] Building CXX object src\TKDESTEP\CMakeFiles\TKDESTEP.dir\__\StepKinematics\StepKinematics_UniversalPair.cxx.obj
[4021/5643] Building CXX object src\TKDESTEP\CMakeFiles\TKDESTEP.dir\__\StepKinematics\StepKinematics_UniversalPairValue.cxx.obj
[4022/5643] Building CXX object src\TKDESTEP\CMakeFiles\TKDESTEP.dir\__\StepKinematics\StepKinematics_UniversalPairWithRange.cxx.obj
[4023/5643] Building CXX object src\TKDESTEP\CMakeFiles\TKDESTEP.dir\__\RWStepKinematics\RWStepKinematics_RWActuatedKinematicPair.cxx.obj
[4024/5643] Building CXX object src\TKDESTEP\CMakeFiles\TKDESTEP.dir\__\RWStepKinematics\RWStepKinematics_RWContextDependentKinematicLinkRepresentation.cxx.obj
[4025/5643] Building CXX object src\TKDESTEP\CMakeFiles\TKDESTEP.dir\__\RWStepKinematics\RWStepKinematics_RWCylindricalPair.cxx.obj
[4026/5643] Building CXX object src\TKDESTEP\CMakeFiles\TKDESTEP.dir\__\RWStepKinematics\RWStepKinematics_RWCylindricalPairValue.cxx.obj
[4027/5643] Building CXX object src\TKDESTEP\CMakeFiles\TKDESTEP.dir\__\RWStepKinematics\RWStepKinematics_RWCylindricalPairWithRange.cxx.obj
[4028/5643] Building CXX object src\TKDESTEP\CMakeFiles\TKDESTEP.dir\__\RWStepKinematics\RWStepKinematics_RWGearPair.cxx.obj
[4029/5643] Building CXX object src\TKDESTEP\CMakeFiles\TKDESTEP.dir\__\RWStepKinematics\RWStepKinematics_RWFullyConstrainedPair.cxx.obj
[4030/5643] Building CXX object src\TKDESTEP\CMakeFiles\TKDESTEP.dir\__\RWStepKinematics\RWStepKinematics_RWGearPairValue.cxx.obj
[4031/5643] Building CXX object src\TKDESTEP\CMakeFiles\TKDESTEP.dir\__\RWStepKinematics\RWStepKinematics_RWHomokineticPair.cxx.obj
[4032/5643] Building CXX object src\TKDESTEP\CMakeFiles\TKDESTEP.dir\__\RWStepKinematics\RWStepKinematics_RWGearPairWithRange.cxx.obj
[4033/5643] Building CXX object src\TKDESTEP\CMakeFiles\TKDESTEP.dir\__\RWStepKinematics\RWStepKinematics_RWKinematicJoint.cxx.obj
[4034/5643] Building CXX object src\TKDESTEP\CMakeFiles\TKDESTEP.dir\__\RWStepKinematics\RWStepKinematics_RWKinematicLink.cxx.obj
[4035/5643] Building CXX object src\TKDESTEP\CMakeFiles\TKDESTEP.dir\__\RWStepKinematics\RWStepKinematics_RWKinematicLinkRepresentationAssociation.cxx.obj
[4036/5643] Building CXX object src\TKDESTEP\CMakeFiles\TKDESTEP.dir\__\RWStepKinematics\RWStepKinematics_RWKinematicPropertyMechanismRepresentation.cxx.obj
[4037/5643] Building CXX object src\TKDESTEP\CMakeFiles\TKDESTEP.dir\__\RWStepKinematics\RWStepKinematics_RWActuatedKinPairAndOrderKinPair.cxx.obj
[4038/5643] Building CXX object src\TKDESTEP\CMakeFiles\TKDESTEP.dir\__\RWStepKinematics\RWStepKinematics_RWLinearFlexibleAndPinionPair.cxx.obj
[4039/5643] Building CXX object src\TKDESTEP\CMakeFiles\TKDESTEP.dir\__\RWStepKinematics\RWStepKinematics_RWKinematicTopologyStructure.cxx.obj
[4040/5643] Building CXX object src\TKDESTEP\CMakeFiles\TKDESTEP.dir\__\RWStepKinematics\RWStepKinematics_RWLinearFlexibleAndPlanarCurvePair.cxx.obj
[4041/5643] Building CXX object src\TKDESTEP\CMakeFiles\TKDESTEP.dir\__\RWStepKinematics\RWStepKinematics_RWLowOrderKinematicPairValue.cxx.obj
[4042/5643] Building CXX object src\TKDESTEP\CMakeFiles\TKDESTEP.dir\__\RWStepKinematics\RWStepKinematics_RWLowOrderKinematicPair.cxx.obj
[4043/5643] Building CXX object src\TKDESTEP\CMakeFiles\TKDESTEP.dir\__\RWStepKinematics\RWStepKinematics_RWLinearFlexibleLinkRepresentation.cxx.obj
[4044/5643] Building CXX object src\TKDESTEP\CMakeFiles\TKDESTEP.dir\__\RWStepKinematics\RWStepKinematics_RWLowOrderKinematicPairWithRange.cxx.obj
[4045/5643] Building CXX object src\TKDESTEP\CMakeFiles\TKDESTEP.dir\__\RWStepKinematics\RWStepKinematics_RWMechanismRepresentation.cxx.obj
[4046/5643] Building CXX object src\TKDESTEP\CMakeFiles\TKDESTEP.dir\__\RWStepKinematics\RWStepKinematics_RWOrientedJoint.cxx.obj
[4047/5643] Building CXX object src\TKDESTEP\CMakeFiles\TKDESTEP.dir\__\RWStepKinematics\RWStepKinematics_RWMechanismStateRepresentation.cxx.obj
[4048/5643] Building CXX object src\TKDESTEP\CMakeFiles\TKDESTEP.dir\__\RWStepKinematics\RWStepKinematics_RWPairRepresentationRelationship.cxx.obj
[4049/5643] Building CXX object src\TKDESTEP\CMakeFiles\TKDESTEP.dir\__\RWStepKinematics\RWStepKinematics_RWPlanarCurvePair.cxx.obj
[4050/5643] Building CXX object src\TKDESTEP\CMakeFiles\TKDESTEP.dir\__\RWStepKinematics\RWStepKinematics_RWPlanarCurvePairRange.cxx.obj
[4051/5643] Building CXX object src\TKDESTEP\CMakeFiles\TKDESTEP.dir\__\RWStepKinematics\RWStepKinematics_RWPlanarPair.cxx.obj
[4052/5643] Building CXX object src\TKDESTEP\CMakeFiles\TKDESTEP.dir\__\RWStepKinematics\RWStepKinematics_RWPlanarPairValue.cxx.obj
[4053/5643] Building CXX object src\TKDESTEP\CMakeFiles\TKDESTEP.dir\__\RWStepKinematics\RWStepKinematics_RWPlanarPairWithRange.cxx.obj
[4054/5643] Building CXX object src\TKDESTEP\CMakeFiles\TKDESTEP.dir\__\RWStepKinematics\RWStepKinematics_RWPointOnPlanarCurvePair.cxx.obj
[4055/5643] Building CXX object src\TKDESTEP\CMakeFiles\TKDESTEP.dir\__\RWStepKinematics\RWStepKinematics_RWPointOnPlanarCurvePairValue.cxx.obj
[4056/5643] Building CXX object src\TKDESTEP\CMakeFiles\TKDESTEP.dir\__\RWStepKinematics\RWStepKinematics_RWPointOnPlanarCurvePairWithRange.cxx.obj
[4057/5643] Building CXX object src\TKDESTEP\CMakeFiles\TKDESTEP.dir\__\RWStepKinematics\RWStepKinematics_RWPointOnSurfacePair.cxx.obj
[4058/5643] Building CXX object src\TKDESTEP\CMakeFiles\TKDESTEP.dir\__\RWStepKinematics\RWStepKinematics_RWPointOnSurfacePairValue.cxx.obj
[4059/5643] Building CXX object src\TKDESTEP\CMakeFiles\TKDESTEP.dir\__\RWStepKinematics\RWStepKinematics_RWPointOnSurfacePairWithRange.cxx.obj
[4060/5643] Building CXX object src\TKDESTEP\CMakeFiles\TKDESTEP.dir\__\RWStepKinematics\RWStepKinematics_RWPrismaticPair.cxx.obj
[4061/5643] Building CXX object src\TKDESTEP\CMakeFiles\TKDESTEP.dir\__\RWStepKinematics\RWStepKinematics_RWPrismaticPairValue.cxx.obj
[4062/5643] Building CXX object src\TKDESTEP\CMakeFiles\TKDESTEP.dir\__\RWStepKinematics\RWStepKinematics_RWProductDefinitionKinematics.cxx.obj
[4063/5643] Building CXX object src\TKDESTEP\CMakeFiles\TKDESTEP.dir\__\RWStepKinematics\RWStepKinematics_RWPrismaticPairWithRange.cxx.obj
[4064/5643] Building CXX object src\TKDESTEP\CMakeFiles\TKDESTEP.dir\__\RWStepKinematics\RWStepKinematics_RWProductDefinitionRelationshipKinematics.cxx.obj
[4065/5643] Building CXX object src\TKDESTEP\CMakeFiles\TKDESTEP.dir\__\RWStepKinematics\RWStepKinematics_RWRackAndPinionPair.cxx.obj
[4066/5643] Building CXX object src\TKDESTEP\CMakeFiles\TKDESTEP.dir\__\RWStepKinematics\RWStepKinematics_RWRackAndPinionPairValue.cxx.obj
[4067/5643] Building CXX object src\TKDESTEP\CMakeFiles\TKDESTEP.dir\__\RWStepKinematics\RWStepKinematics_RWRackAndPinionPairWithRange.cxx.obj
[4068/5643] Building CXX object src\TKDESTEP\CMakeFiles\TKDESTEP.dir\__\RWStepKinematics\RWStepKinematics_RWRevolutePair.cxx.obj
[4069/5643] Building CXX object src\TKDESTEP\CMakeFiles\TKDESTEP.dir\__\RWStepKinematics\RWStepKinematics_RWRevolutePairValue.cxx.obj
[4070/5643] Building CXX object src\TKDESTEP\CMakeFiles\TKDESTEP.dir\__\RWStepKinematics\RWStepKinematics_RWRevolutePairWithRange.cxx.obj
[4071/5643] Building CXX object src\TKDESTEP\CMakeFiles\TKDESTEP.dir\__\RWStepKinematics\RWStepKinematics_RWRigidLinkRepresentation.cxx.obj
[4072/5643] Building CXX object src\TKDESTEP\CMakeFiles\TKDESTEP.dir\__\RWStepKinematics\RWStepKinematics_RWRollingCurvePairValue.cxx.obj
[4073/5643] Building CXX object src\TKDESTEP\CMakeFiles\TKDESTEP.dir\__\RWStepKinematics\RWStepKinematics_RWRollingCurvePair.cxx.obj
[4074/5643] Building CXX object src\TKDESTEP\CMakeFiles\TKDESTEP.dir\__\RWStepKinematics\RWStepKinematics_RWRollingSurfacePair.cxx.obj
[4075/5643] Building CXX object src\TKDESTEP\CMakeFiles\TKDESTEP.dir\__\RWStepKinematics\RWStepKinematics_RWRollingSurfacePairValue.cxx.obj
[4076/5643] Building CXX object src\TKDESTEP\CMakeFiles\TKDESTEP.dir\__\RWStepKinematics\RWStepKinematics_RWRotationAboutDirection.cxx.obj
[4077/5643] Building CXX object src\TKDESTEP\CMakeFiles\TKDESTEP.dir\__\RWStepKinematics\RWStepKinematics_RWScrewPair.cxx.obj
[4078/5643] Building CXX object src\TKDESTEP\CMakeFiles\TKDESTEP.dir\__\RWStepKinematics\RWStepKinematics_RWScrewPairValue.cxx.obj
[4079/5643] Building CXX object src\TKDESTEP\CMakeFiles\TKDESTEP.dir\__\RWStepKinematics\RWStepKinematics_RWScrewPairWithRange.cxx.obj
[4080/5643] Building CXX object src\TKDESTEP\CMakeFiles\TKDESTEP.dir\__\RWStepKinematics\RWStepKinematics_RWSlidingCurvePairValue.cxx.obj
[4081/5643] Building CXX object src\TKDESTEP\CMakeFiles\TKDESTEP.dir\__\RWStepKinematics\RWStepKinematics_RWSlidingCurvePair.cxx.obj
[4082/5643] Building CXX object src\TKDESTEP\CMakeFiles\TKDESTEP.dir\__\RWStepKinematics\RWStepKinematics_RWSlidingSurfacePair.cxx.obj
[4083/5643] Building CXX object src\TKDESTEP\CMakeFiles\TKDESTEP.dir\__\RWStepKinematics\RWStepKinematics_RWSlidingSurfacePairValue.cxx.obj
[4084/5643] Building CXX object src\TKDESTEP\CMakeFiles\TKDESTEP.dir\__\RWStepKinematics\RWStepKinematics_RWSphericalPair.cxx.obj
[4085/5643] Building CXX object src\TKDESTEP\CMakeFiles\TKDESTEP.dir\__\RWStepKinematics\RWStepKinematics_RWSphericalPairValue.cxx.obj
[4086/5643] Building CXX object src\TKDESTEP\CMakeFiles\TKDESTEP.dir\__\RWStepKinematics\RWStepKinematics_RWSphericalPairWithPin.cxx.obj
[4087/5643] Building CXX object src\TKDESTEP\CMakeFiles\TKDESTEP.dir\__\RWStepKinematics\RWStepKinematics_RWSphericalPairWithPinAndRange.cxx.obj
[4088/5643] Building CXX object src\TKDESTEP\CMakeFiles\TKDESTEP.dir\__\RWStepKinematics\RWStepKinematics_RWSphericalPairWithRange.cxx.obj
[4089/5643] Building CXX object src\TKDESTEP\CMakeFiles\TKDESTEP.dir\__\RWStepKinematics\RWStepKinematics_RWSurfacePairWithRange.cxx.obj
[4090/5643] Building CXX object src\TKDESTEP\CMakeFiles\TKDESTEP.dir\__\RWStepKinematics\RWStepKinematics_RWKinematicTopologyDirectedStructure.cxx.obj
[4091/5643] Building CXX object src\TKDESTEP\CMakeFiles\TKDESTEP.dir\__\RWStepKinematics\RWStepKinematics_RWKinematicTopologyNetworkStructure.cxx.obj
[4092/5643] Building CXX object src\TKDESTEP\CMakeFiles\TKDESTEP.dir\__\RWStepKinematics\RWStepKinematics_RWUnconstrainedPair.cxx.obj
[4093/5643] Building CXX object src\TKDESTEP\CMakeFiles\TKDESTEP.dir\__\RWStepKinematics\RWStepKinematics_RWUnconstrainedPairValue.cxx.obj
[4094/5643] Building CXX object src\TKDESTEP\CMakeFiles\TKDESTEP.dir\__\RWStepKinematics\RWStepKinematics_RWUniversalPair.cxx.obj
[4095/5643] Building CXX object src\TKDESTEP\CMakeFiles\TKDESTEP.dir\__\StepBasic\StepBasic_Action.cxx.obj
[4096/5643] Building CXX object src\TKDESTEP\CMakeFiles\TKDESTEP.dir\__\StepBasic\StepBasic_ActionAssignment.cxx.obj
[4097/5643] Building CXX object src\TKDESTEP\CMakeFiles\TKDESTEP.dir\__\RWStepKinematics\RWStepKinematics_RWUniversalPairValue.cxx.obj
[4098/5643] Building CXX object src\TKDESTEP\CMakeFiles\TKDESTEP.dir\__\StepBasic\StepBasic_ActionRequestAssignment.cxx.obj
[4099/5643] Building CXX object src\TKDESTEP\CMakeFiles\TKDESTEP.dir\__\StepBasic\StepBasic_ActionMethod.cxx.obj
[4100/5643] Building CXX object src\TKDESTEP\CMakeFiles\TKDESTEP.dir\__\StepBasic\StepBasic_ActionRequestSolution.cxx.obj
[4101/5643] Building CXX object src\TKDESTEP\CMakeFiles\TKDESTEP.dir\__\RWStepKinematics\RWStepKinematics_RWUniversalPairWithRange.cxx.obj
[4102/5643] Building CXX object src\TKDESTEP\CMakeFiles\TKDESTEP.dir\__\StepBasic\StepBasic_Address.cxx.obj
[4103/5643] Building CXX object src\TKDESTEP\CMakeFiles\TKDESTEP.dir\__\StepBasic\StepBasic_ApplicationContext.cxx.obj
[4104/5643] Building CXX object src\TKDESTEP\CMakeFiles\TKDESTEP.dir\__\StepBasic\StepBasic_ApplicationContextElement.cxx.obj
[4105/5643] Building CXX object src\TKDESTEP\CMakeFiles\TKDESTEP.dir\__\StepBasic\StepBasic_ApplicationProtocolDefinition.cxx.obj
[4106/5643] Building CXX object src\TKDESTEP\CMakeFiles\TKDESTEP.dir\__\StepBasic\StepBasic_ApprovalAssignment.cxx.obj
[4107/5643] Building CXX object src\TKDESTEP\CMakeFiles\TKDESTEP.dir\__\StepBasic\StepBasic_ApprovalDateTime.cxx.obj
[4108/5643] Building CXX object src\TKDESTEP\CMakeFiles\TKDESTEP.dir\__\StepBasic\StepBasic_Approval.cxx.obj
[4109/5643] Building CXX object src\TKDESTEP\CMakeFiles\TKDESTEP.dir\__\StepBasic\StepBasic_ApprovalPersonOrganization.cxx.obj
[4110/5643] Building CXX object src\TKDESTEP\CMakeFiles\TKDESTEP.dir\__\StepBasic\StepBasic_ApprovalRelationship.cxx.obj
[4111/5643] Building CXX object src\TKDESTEP\CMakeFiles\TKDESTEP.dir\__\StepBasic\StepBasic_ApprovalRole.cxx.obj
[4112/5643] Building CXX object src\TKDESTEP\CMakeFiles\TKDESTEP.dir\__\StepBasic\StepBasic_ApprovalStatus.cxx.obj
[4113/5643] Building CXX object src\TKDESTEP\CMakeFiles\TKDESTEP.dir\__\StepBasic\StepBasic_AreaUnit.cxx.obj
[4114/5643] Building CXX object src\TKDESTEP\CMakeFiles\TKDESTEP.dir\__\StepBasic\StepBasic_CalendarDate.cxx.obj
[4115/5643] Building CXX object src\TKDESTEP\CMakeFiles\TKDESTEP.dir\__\StepBasic\StepBasic_CertificationAssignment.cxx.obj
[4116/5643] Building CXX object src\TKDESTEP\CMakeFiles\TKDESTEP.dir\__\StepBasic\StepBasic_Certification.cxx.obj
[4117/5643] Building CXX object src\TKDESTEP\CMakeFiles\TKDESTEP.dir\__\StepBasic\StepBasic_CertificationType.cxx.obj
[4118/5643] Building CXX object src\TKDESTEP\CMakeFiles\TKDESTEP.dir\__\StepBasic\StepBasic_CharacterizedObject.cxx.obj
[4119/5643] Building CXX object src\TKDESTEP\CMakeFiles\TKDESTEP.dir\__\StepBasic\StepBasic_ContractAssignment.cxx.obj
[4120/5643] Building CXX object src\TKDESTEP\CMakeFiles\TKDESTEP.dir\__\StepBasic\StepBasic_Contract.cxx.obj
[4121/5643] Building CXX object src\TKDESTEP\CMakeFiles\TKDESTEP.dir\__\StepBasic\StepBasic_ContractType.cxx.obj
[4122/5643] Building CXX object src\TKDESTEP\CMakeFiles\TKDESTEP.dir\__\StepBasic\StepBasic_ConversionBasedUnitAndAreaUnit.cxx.obj
[4123/5643] Building CXX object src\TKDESTEP\CMakeFiles\TKDESTEP.dir\__\StepBasic\StepBasic_ConversionBasedUnit.cxx.obj
[4124/5643] Building CXX object src\TKDESTEP\CMakeFiles\TKDESTEP.dir\__\StepBasic\StepBasic_ConversionBasedUnitAndLengthUnit.cxx.obj
[4125/5643] Building CXX object src\TKDESTEP\CMakeFiles\TKDESTEP.dir\__\StepBasic\StepBasic_ConversionBasedUnitAndMassUnit.cxx.obj
[4126/5643] Building CXX object src\TKDESTEP\CMakeFiles\TKDESTEP.dir\__\StepBasic\StepBasic_ConversionBasedUnitAndPlaneAngleUnit.cxx.obj
[4127/5643] Building CXX object src\TKDESTEP\CMakeFiles\TKDESTEP.dir\__\StepBasic\StepBasic_ConversionBasedUnitAndRatioUnit.cxx.obj
[4128/5643] Building CXX object src\TKDESTEP\CMakeFiles\TKDESTEP.dir\__\StepBasic\StepBasic_ConversionBasedUnitAndSolidAngleUnit.cxx.obj
[4129/5643] Building CXX object src\TKDESTEP\CMakeFiles\TKDESTEP.dir\__\StepBasic\StepBasic_ConversionBasedUnitAndVolumeUnit.cxx.obj
[4130/5643] Building CXX object src\TKDESTEP\CMakeFiles\TKDESTEP.dir\__\StepBasic\StepBasic_CoordinatedUniversalTimeOffset.cxx.obj
[4131/5643] Building CXX object src\TKDESTEP\CMakeFiles\TKDESTEP.dir\__\StepBasic\StepBasic_ConversionBasedUnitAndTimeUnit.cxx.obj
[4132/5643] Building CXX object src\TKDESTEP\CMakeFiles\TKDESTEP.dir\__\StepBasic\StepBasic_Date.cxx.obj
[4133/5643] Building CXX object src\TKDESTEP\CMakeFiles\TKDESTEP.dir\__\StepBasic\StepBasic_DateAndTime.cxx.obj
[4134/5643] Building CXX object src\TKDESTEP\CMakeFiles\TKDESTEP.dir\__\StepBasic\StepBasic_DateAndTimeAssignment.cxx.obj
[4135/5643] Building CXX object src\TKDESTEP\CMakeFiles\TKDESTEP.dir\__\StepBasic\StepBasic_DateAssignment.cxx.obj
[4136/5643] Building CXX object src\TKDESTEP\CMakeFiles\TKDESTEP.dir\__\StepBasic\StepBasic_DateRole.cxx.obj
[4137/5643] Building CXX object src\TKDESTEP\CMakeFiles\TKDESTEP.dir\__\StepBasic\StepBasic_DateTimeSelect.cxx.obj
[4138/5643] Building CXX object src\TKDESTEP\CMakeFiles\TKDESTEP.dir\__\StepBasic\StepBasic_DateTimeRole.cxx.obj
[4139/5643] Building CXX object src\TKDESTEP\CMakeFiles\TKDESTEP.dir\__\StepBasic\StepBasic_DerivedUnit.cxx.obj
[4140/5643] Building CXX object src\TKDESTEP\CMakeFiles\TKDESTEP.dir\__\StepBasic\StepBasic_DerivedUnitElement.cxx.obj
[4141/5643] Building CXX object src\TKDESTEP\CMakeFiles\TKDESTEP.dir\__\StepBasic\StepBasic_DesignContext.cxx.obj
[4142/5643] Building CXX object src\TKDESTEP\CMakeFiles\TKDESTEP.dir\__\StepBasic\StepBasic_DigitalDocument.cxx.obj
[4143/5643] Building CXX object src\TKDESTEP\CMakeFiles\TKDESTEP.dir\__\StepBasic\StepBasic_DimensionalExponents.cxx.obj
[4144/5643] Building CXX object src\TKDESTEP\CMakeFiles\TKDESTEP.dir\__\StepBasic\StepBasic_Document.cxx.obj
[4145/5643] Building CXX object src\TKDESTEP\CMakeFiles\TKDESTEP.dir\__\StepBasic\StepBasic_DocumentFile.cxx.obj
[4146/5643] Building CXX object src\TKDESTEP\CMakeFiles\TKDESTEP.dir\__\StepBasic\StepBasic_DocumentProductAssociation.cxx.obj
[4147/5643] Building CXX object src\TKDESTEP\CMakeFiles\TKDESTEP.dir\__\StepBasic\StepBasic_DocumentProductEquivalence.cxx.obj
[4148/5643] Building CXX object src\TKDESTEP\CMakeFiles\TKDESTEP.dir\__\StepBasic\StepBasic_DocumentReference.cxx.obj
[4149/5643] Building CXX object src\TKDESTEP\CMakeFiles\TKDESTEP.dir\__\StepBasic\StepBasic_DocumentRepresentationType.cxx.obj
[4150/5643] Building CXX object src\TKDESTEP\CMakeFiles\TKDESTEP.dir\__\StepBasic\StepBasic_DocumentRelationship.cxx.obj
[4151/5643] Building CXX object src\TKDESTEP\CMakeFiles\TKDESTEP.dir\__\StepBasic\StepBasic_DocumentType.cxx.obj
[4152/5643] Building CXX object src\TKDESTEP\CMakeFiles\TKDESTEP.dir\__\StepBasic\StepBasic_DocumentUsageConstraint.cxx.obj
[4153/5643] Building CXX object src\TKDESTEP\CMakeFiles\TKDESTEP.dir\__\StepBasic\StepBasic_EffectivityAssignment.cxx.obj
[4154/5643] Building CXX object src\TKDESTEP\CMakeFiles\TKDESTEP.dir\__\StepBasic\StepBasic_Effectivity.cxx.obj
[4155/5643] Building CXX object src\TKDESTEP\CMakeFiles\TKDESTEP.dir\__\StepBasic\StepBasic_ExternallyDefinedItem.cxx.obj
[4156/5643] Building CXX object src\TKDESTEP\CMakeFiles\TKDESTEP.dir\__\StepBasic\StepBasic_ExternalSource.cxx.obj
[4157/5643] Building CXX object src\TKDESTEP\CMakeFiles\TKDESTEP.dir\__\StepBasic\StepBasic_EulerAngles.cxx.obj
[4158/5643] Building CXX object src\TKDESTEP\CMakeFiles\TKDESTEP.dir\__\StepBasic\StepBasic_ExternalIdentificationAssignment.cxx.obj
[4159/5643] Building CXX object src\TKDESTEP\CMakeFiles\TKDESTEP.dir\__\StepBasic\StepBasic_GroupAssignment.cxx.obj
[4160/5643] Building CXX object src\TKDESTEP\CMakeFiles\TKDESTEP.dir\__\StepBasic\StepBasic_GeneralProperty.cxx.obj
[4161/5643] Building CXX object src\TKDESTEP\CMakeFiles\TKDESTEP.dir\__\StepBasic\StepBasic_Group.cxx.obj
[4162/5643] Building CXX object src\TKDESTEP\CMakeFiles\TKDESTEP.dir\__\StepBasic\StepBasic_GroupRelationship.cxx.obj
[4163/5643] Building CXX object src\TKDESTEP\CMakeFiles\TKDESTEP.dir\__\StepBasic\StepBasic_LengthMeasureWithUnit.cxx.obj
[4164/5643] Building CXX object src\TKDESTEP\CMakeFiles\TKDESTEP.dir\__\StepBasic\StepBasic_IdentificationAssignment.cxx.obj
[4165/5643] Building CXX object src\TKDESTEP\CMakeFiles\TKDESTEP.dir\__\StepBasic\StepBasic_LengthUnit.cxx.obj
[4166/5643] Building CXX object src\TKDESTEP\CMakeFiles\TKDESTEP.dir\__\StepBasic\StepBasic_IdentificationRole.cxx.obj
[4167/5643] Building CXX object src\TKDESTEP\CMakeFiles\TKDESTEP.dir\__\StepBasic\StepBasic_LocalTime.cxx.obj
[4168/5643] Building CXX object src\TKDESTEP\CMakeFiles\TKDESTEP.dir\__\StepBasic\StepBasic_MassUnit.cxx.obj
[4169/5643] Building CXX object src\TKDESTEP\CMakeFiles\TKDESTEP.dir\__\StepBasic\StepBasic_MassMeasureWithUnit.cxx.obj
[4170/5643] Building CXX object src\TKDESTEP\CMakeFiles\TKDESTEP.dir\__\StepBasic\StepBasic_MeasureValueMember.cxx.obj
[4171/5643] Building CXX object src\TKDESTEP\CMakeFiles\TKDESTEP.dir\__\StepBasic\StepBasic_MechanicalContext.cxx.obj
[4172/5643] Building CXX object src\TKDESTEP\CMakeFiles\TKDESTEP.dir\__\StepBasic\StepBasic_MeasureWithUnit.cxx.obj
[4173/5643] Building CXX object src\TKDESTEP\CMakeFiles\TKDESTEP.dir\__\StepBasic\StepBasic_NamedUnit.cxx.obj
[4174/5643] Building CXX object src\TKDESTEP\CMakeFiles\TKDESTEP.dir\__\StepBasic\StepBasic_NameAssignment.cxx.obj
[4175/5643] Building CXX object src\TKDESTEP\CMakeFiles\TKDESTEP.dir\__\StepBasic\StepBasic_OrdinalDate.cxx.obj
[4176/5643] Building CXX object src\TKDESTEP\CMakeFiles\TKDESTEP.dir\__\StepBasic\StepBasic_ObjectRole.cxx.obj
[4177/5643] Building CXX object src\TKDESTEP\CMakeFiles\TKDESTEP.dir\__\StepBasic\StepBasic_Organization.cxx.obj
[4178/5643] Building CXX object src\TKDESTEP\CMakeFiles\TKDESTEP.dir\__\StepBasic\StepBasic_OrganizationalAddress.cxx.obj
[4179/5643] Building CXX object src\TKDESTEP\CMakeFiles\TKDESTEP.dir\__\StepBasic\StepBasic_OrganizationAssignment.cxx.obj
[4180/5643] Building CXX object src\TKDESTEP\CMakeFiles\TKDESTEP.dir\__\StepBasic\StepBasic_OrganizationRole.cxx.obj
[4181/5643] Building CXX object src\TKDESTEP\CMakeFiles\TKDESTEP.dir\__\StepBasic\StepBasic_Person.cxx.obj
[4182/5643] Building CXX object src\TKDESTEP\CMakeFiles\TKDESTEP.dir\__\StepBasic\StepBasic_PersonAndOrganizationAssignment.cxx.obj
[4183/5643] Building CXX object src\TKDESTEP\CMakeFiles\TKDESTEP.dir\__\StepBasic\StepBasic_PersonAndOrganization.cxx.obj
[4184/5643] Building CXX object src\TKDESTEP\CMakeFiles\TKDESTEP.dir\__\StepBasic\StepBasic_PersonalAddress.cxx.obj
[4185/5643] Building CXX object src\TKDESTEP\CMakeFiles\TKDESTEP.dir\__\StepBasic\StepBasic_PersonAndOrganizationRole.cxx.obj
[4186/5643] Building CXX object src\TKDESTEP\CMakeFiles\TKDESTEP.dir\__\StepBasic\StepBasic_PhysicallyModeledProductDefinition.cxx.obj
[4187/5643] Building CXX object src\TKDESTEP\CMakeFiles\TKDESTEP.dir\__\StepBasic\StepBasic_PlaneAngleMeasureWithUnit.cxx.obj
[4188/5643] Building CXX object src\TKDESTEP\CMakeFiles\TKDESTEP.dir\__\StepBasic\StepBasic_PersonOrganizationSelect.cxx.obj
[4189/5643] Building CXX object src\TKDESTEP\CMakeFiles\TKDESTEP.dir\__\StepBasic\StepBasic_PlaneAngleUnit.cxx.obj
[4190/5643] Building CXX object src\TKDESTEP\CMakeFiles\TKDESTEP.dir\__\StepBasic\StepBasic_ProductCategory.cxx.obj
[4191/5643] Building CXX object src\TKDESTEP\CMakeFiles\TKDESTEP.dir\__\StepBasic\StepBasic_ProductCategoryRelationship.cxx.obj
[4192/5643] Building CXX object src\TKDESTEP\CMakeFiles\TKDESTEP.dir\__\StepBasic\StepBasic_Product.cxx.obj
[4193/5643] Building CXX object src\TKDESTEP\CMakeFiles\TKDESTEP.dir\__\StepBasic\StepBasic_ProductConceptContext.cxx.obj
[4194/5643] Building CXX object src\TKDESTEP\CMakeFiles\TKDESTEP.dir\__\StepBasic\StepBasic_ProductContext.cxx.obj
[4195/5643] Building CXX object src\TKDESTEP\CMakeFiles\TKDESTEP.dir\__\StepBasic\StepBasic_ProductDefinition.cxx.obj
[4196/5643] Building CXX object src\TKDESTEP\CMakeFiles\TKDESTEP.dir\__\StepBasic\StepBasic_ProductDefinitionContext.cxx.obj
[4197/5643] Building CXX object src\TKDESTEP\CMakeFiles\TKDESTEP.dir\__\StepBasic\StepBasic_ProductDefinitionEffectivity.cxx.obj
[4198/5643] Building CXX object src\TKDESTEP\CMakeFiles\TKDESTEP.dir\__\StepBasic\StepBasic_ProductDefinitionFormationRelationship.cxx.obj
[4199/5643] Building CXX object src\TKDESTEP\CMakeFiles\TKDESTEP.dir\__\StepBasic\StepBasic_ProductDefinitionFormation.cxx.obj
[4200/5643] Building CXX object src\TKDESTEP\CMakeFiles\TKDESTEP.dir\__\StepBasic\StepBasic_ProductDefinitionOrReference.cxx.obj
[4201/5643] Building CXX object src\TKDESTEP\CMakeFiles\TKDESTEP.dir\__\StepBasic\StepBasic_ProductDefinitionFormationWithSpecifiedSource.cxx.obj
[4202/5643] Building CXX object src\TKDESTEP\CMakeFiles\TKDESTEP.dir\__\StepBasic\StepBasic_ProductDefinitionReference.cxx.obj
[4203/5643] Building CXX object src\TKDESTEP\CMakeFiles\TKDESTEP.dir\__\StepBasic\StepBasic_ProductDefinitionReferenceWithLocalRepresentation.cxx.obj
[4204/5643] Building CXX object src\TKDESTEP\CMakeFiles\TKDESTEP.dir\__\StepBasic\StepBasic_ProductDefinitionRelationship.cxx.obj
[4205/5643] Building CXX object src\TKDESTEP\CMakeFiles\TKDESTEP.dir\__\StepBasic\StepBasic_ProductDefinitionWithAssociatedDocuments.cxx.obj
[4206/5643] Building CXX object src\TKDESTEP\CMakeFiles\TKDESTEP.dir\__\StepBasic\StepBasic_ProductOrFormationOrDefinition.cxx.obj
[4207/5643] Building CXX object src\TKDESTEP\CMakeFiles\TKDESTEP.dir\__\StepBasic\StepBasic_ProductRelatedProductCategory.cxx.obj
[4208/5643] Building CXX object src\TKDESTEP\CMakeFiles\TKDESTEP.dir\__\StepBasic\StepBasic_RatioMeasureWithUnit.cxx.obj
[4209/5643] Building CXX object src\TKDESTEP\CMakeFiles\TKDESTEP.dir\__\StepBasic\StepBasic_ProductType.cxx.obj
[4210/5643] Building CXX object src\TKDESTEP\CMakeFiles\TKDESTEP.dir\__\StepBasic\StepBasic_RatioUnit.cxx.obj
[4211/5643] Building CXX object src\TKDESTEP\CMakeFiles\TKDESTEP.dir\__\StepBasic\StepBasic_RoleAssociation.cxx.obj
[4212/5643] Building CXX object src\TKDESTEP\CMakeFiles\TKDESTEP.dir\__\StepBasic\StepBasic_RoleSelect.cxx.obj
[4213/5643] Building CXX object src\TKDESTEP\CMakeFiles\TKDESTEP.dir\__\StepBasic\StepBasic_SecurityClassification.cxx.obj
[4214/5643] Building CXX object src\TKDESTEP\CMakeFiles\TKDESTEP.dir\__\StepBasic\StepBasic_SecurityClassificationAssignment.cxx.obj
[4215/5643] Building CXX object src\TKDESTEP\CMakeFiles\TKDESTEP.dir\__\StepBasic\StepBasic_SecurityClassificationLevel.cxx.obj
[4216/5643] Building CXX object src\TKDESTEP\CMakeFiles\TKDESTEP.dir\__\StepBasic\StepBasic_SiUnit.cxx.obj
[4217/5643] Building CXX object src\TKDESTEP\CMakeFiles\TKDESTEP.dir\__\StepBasic\StepBasic_SiUnitAndAreaUnit.cxx.obj
[4218/5643] Building CXX object src\TKDESTEP\CMakeFiles\TKDESTEP.dir\__\StepBasic\StepBasic_SiUnitAndLengthUnit.cxx.obj
[4219/5643] Building CXX object src\TKDESTEP\CMakeFiles\TKDESTEP.dir\__\StepBasic\StepBasic_SiUnitAndMassUnit.cxx.obj
[4220/5643] Building CXX object src\TKDESTEP\CMakeFiles\TKDESTEP.dir\__\StepBasic\StepBasic_SiUnitAndPlaneAngleUnit.cxx.obj
[4221/5643] Building CXX object src\TKDESTEP\CMakeFiles\TKDESTEP.dir\__\StepBasic\StepBasic_SiUnitAndRatioUnit.cxx.obj
[4222/5643] Building CXX object src\TKDESTEP\CMakeFiles\TKDESTEP.dir\__\StepBasic\StepBasic_SiUnitAndSolidAngleUnit.cxx.obj
[4223/5643] Building CXX object src\TKDESTEP\CMakeFiles\TKDESTEP.dir\__\StepBasic\StepBasic_SiUnitAndThermodynamicTemperatureUnit.cxx.obj
[4224/5643] Building CXX object src\TKDESTEP\CMakeFiles\TKDESTEP.dir\__\StepBasic\StepBasic_SiUnitAndTimeUnit.cxx.obj
[4225/5643] Building CXX object src\TKDESTEP\CMakeFiles\TKDESTEP.dir\__\StepBasic\StepBasic_SiUnitAndVolumeUnit.cxx.obj
[4226/5643] Building CXX object src\TKDESTEP\CMakeFiles\TKDESTEP.dir\__\StepBasic\StepBasic_SizeMember.cxx.obj
[4227/5643] Building CXX object src\TKDESTEP\CMakeFiles\TKDESTEP.dir\__\StepBasic\StepBasic_SizeSelect.cxx.obj
[4228/5643] Building CXX object src\TKDESTEP\CMakeFiles\TKDESTEP.dir\__\StepBasic\StepBasic_SolidAngleMeasureWithUnit.cxx.obj
[4229/5643] Building CXX object src\TKDESTEP\CMakeFiles\TKDESTEP.dir\__\StepBasic\StepBasic_SolidAngleUnit.cxx.obj
[4230/5643] Building CXX object src\TKDESTEP\CMakeFiles\TKDESTEP.dir\__\StepBasic\StepBasic_ThermodynamicTemperatureUnit.cxx.obj
[4231/5643] Building CXX object src\TKDESTEP\CMakeFiles\TKDESTEP.dir\__\StepBasic\StepBasic_SourceItem.cxx.obj
[4232/5643] Building CXX object src\TKDESTEP\CMakeFiles\TKDESTEP.dir\__\StepBasic\StepBasic_TimeMeasureWithUnit.cxx.obj
[4233/5643] Building CXX object src\TKDESTEP\CMakeFiles\TKDESTEP.dir\__\StepBasic\StepBasic_TimeUnit.cxx.obj
[4234/5643] Building CXX object src\TKDESTEP\CMakeFiles\TKDESTEP.dir\__\StepBasic\StepBasic_VersionedActionRequest.cxx.obj
[4235/5643] Building CXX object src\TKDESTEP\CMakeFiles\TKDESTEP.dir\__\StepBasic\StepBasic_UncertaintyMeasureWithUnit.cxx.obj
[4236/5643] Building CXX object src\TKDESTEP\CMakeFiles\TKDESTEP.dir\__\StepBasic\StepBasic_VolumeUnit.cxx.obj
[4237/5643] Building CXX object src\TKDESTEP\CMakeFiles\TKDESTEP.dir\__\StepBasic\StepBasic_Unit.cxx.obj
[4238/5643] Building CXX object src\TKDESTEP\CMakeFiles\TKDESTEP.dir\__\StepBasic\StepBasic_WeekOfYearAndDayDate.cxx.obj
[4239/5643] Building CXX object src\TKDESTEP\CMakeFiles\TKDESTEP.dir\__\RWStepBasic\RWStepBasic_RWActionAssignment.cxx.obj
[4240/5643] Building CXX object src\TKDESTEP\CMakeFiles\TKDESTEP.dir\__\RWStepBasic\RWStepBasic_RWAction.cxx.obj
[4241/5643] Building CXX object src\TKDESTEP\CMakeFiles\TKDESTEP.dir\__\RWStepBasic\RWStepBasic_RWActionMethod.cxx.obj
[4242/5643] Building CXX object src\TKDESTEP\CMakeFiles\TKDESTEP.dir\__\RWStepBasic\RWStepBasic_RWActionRequestAssignment.cxx.obj
[4243/5643] Building CXX object src\TKDESTEP\CMakeFiles\TKDESTEP.dir\__\RWStepBasic\RWStepBasic_RWApplicationContext.cxx.obj
[4244/5643] Building CXX object src\TKDESTEP\CMakeFiles\TKDESTEP.dir\__\RWStepBasic\RWStepBasic_RWActionRequestSolution.cxx.obj
[4245/5643] Building CXX object src\TKDESTEP\CMakeFiles\TKDESTEP.dir\__\RWStepBasic\RWStepBasic_RWAddress.cxx.obj
[4246/5643] Building CXX object src\TKDESTEP\CMakeFiles\TKDESTEP.dir\__\RWStepBasic\RWStepBasic_RWApplicationContextElement.cxx.obj
[4247/5643] Building CXX object src\TKDESTEP\CMakeFiles\TKDESTEP.dir\__\RWStepBasic\RWStepBasic_RWApplicationProtocolDefinition.cxx.obj
[4248/5643] Building CXX object src\TKDESTEP\CMakeFiles\TKDESTEP.dir\__\RWStepBasic\RWStepBasic_RWApproval.cxx.obj
[4249/5643] Building CXX object src\TKDESTEP\CMakeFiles\TKDESTEP.dir\__\RWStepBasic\RWStepBasic_RWApprovalDateTime.cxx.obj
[4250/5643] Building CXX object src\TKDESTEP\CMakeFiles\TKDESTEP.dir\__\RWStepBasic\RWStepBasic_RWApprovalPersonOrganization.cxx.obj
[4251/5643] Building CXX object src\TKDESTEP\CMakeFiles\TKDESTEP.dir\__\RWStepBasic\RWStepBasic_RWApprovalRole.cxx.obj
[4252/5643] Building CXX object src\TKDESTEP\CMakeFiles\TKDESTEP.dir\__\RWStepBasic\RWStepBasic_RWApprovalRelationship.cxx.obj
[4253/5643] Building CXX object src\TKDESTEP\CMakeFiles\TKDESTEP.dir\__\RWStepBasic\RWStepBasic_RWApprovalStatus.cxx.obj
[4254/5643] Building CXX object src\TKDESTEP\CMakeFiles\TKDESTEP.dir\__\RWStepBasic\RWStepBasic_RWCalendarDate.cxx.obj
[4255/5643] Building CXX object src\TKDESTEP\CMakeFiles\TKDESTEP.dir\__\RWStepBasic\RWStepBasic_RWCertificationType.cxx.obj
[4256/5643] Building CXX object src\TKDESTEP\CMakeFiles\TKDESTEP.dir\__\RWStepBasic\RWStepBasic_RWCertificationAssignment.cxx.obj
[4257/5643] Building CXX object src\TKDESTEP\CMakeFiles\TKDESTEP.dir\__\RWStepBasic\RWStepBasic_RWCertification.cxx.obj
[4258/5643] Building CXX object src\TKDESTEP\CMakeFiles\TKDESTEP.dir\__\RWStepBasic\RWStepBasic_RWCharacterizedObject.cxx.obj
[4259/5643] Building CXX object src\TKDESTEP\CMakeFiles\TKDESTEP.dir\__\RWStepBasic\RWStepBasic_RWContractAssignment.cxx.obj
[4260/5643] Building CXX object src\TKDESTEP\CMakeFiles\TKDESTEP.dir\__\RWStepBasic\RWStepBasic_RWContract.cxx.obj
[4261/5643] Building CXX object src\TKDESTEP\CMakeFiles\TKDESTEP.dir\__\RWStepBasic\RWStepBasic_RWContractType.cxx.obj
[4262/5643] Building CXX object src\TKDESTEP\CMakeFiles\TKDESTEP.dir\__\RWStepBasic\RWStepBasic_RWConversionBasedUnit.cxx.obj
[4263/5643] Building CXX object src\TKDESTEP\CMakeFiles\TKDESTEP.dir\__\RWStepBasic\RWStepBasic_RWConversionBasedUnitAndAreaUnit.cxx.obj
[4264/5643] Building CXX object src\TKDESTEP\CMakeFiles\TKDESTEP.dir\__\RWStepBasic\RWStepBasic_RWConversionBasedUnitAndLengthUnit.cxx.obj
[4265/5643] Building CXX object src\TKDESTEP\CMakeFiles\TKDESTEP.dir\__\RWStepBasic\RWStepBasic_RWConversionBasedUnitAndMassUnit.cxx.obj
[4266/5643] Building CXX object src\TKDESTEP\CMakeFiles\TKDESTEP.dir\__\RWStepBasic\RWStepBasic_RWConversionBasedUnitAndPlaneAngleUnit.cxx.obj
[4267/5643] Building CXX object src\TKDESTEP\CMakeFiles\TKDESTEP.dir\__\RWStepBasic\RWStepBasic_RWConversionBasedUnitAndRatioUnit.cxx.obj
[4268/5643] Building CXX object src\TKDESTEP\CMakeFiles\TKDESTEP.dir\__\RWStepBasic\RWStepBasic_RWConversionBasedUnitAndTimeUnit.cxx.obj
[4269/5643] Building CXX object src\TKDESTEP\CMakeFiles\TKDESTEP.dir\__\RWStepBasic\RWStepBasic_RWConversionBasedUnitAndSolidAngleUnit.cxx.obj
[4270/5643] Building CXX object src\TKDESTEP\CMakeFiles\TKDESTEP.dir\__\RWStepBasic\RWStepBasic_RWConversionBasedUnitAndVolumeUnit.cxx.obj
[4271/5643] Building CXX object src\TKDESTEP\CMakeFiles\TKDESTEP.dir\__\RWStepBasic\RWStepBasic_RWDate.cxx.obj
[4272/5643] Building CXX object src\TKDESTEP\CMakeFiles\TKDESTEP.dir\__\RWStepBasic\RWStepBasic_RWCoordinatedUniversalTimeOffset.cxx.obj
[4273/5643] Building CXX object src\TKDESTEP\CMakeFiles\TKDESTEP.dir\__\RWStepBasic\RWStepBasic_RWDateAndTime.cxx.obj
[4274/5643] Building CXX object src\TKDESTEP\CMakeFiles\TKDESTEP.dir\__\RWStepBasic\RWStepBasic_RWDateRole.cxx.obj
[4275/5643] Building CXX object src\TKDESTEP\CMakeFiles\TKDESTEP.dir\__\RWStepBasic\RWStepBasic_RWDateTimeRole.cxx.obj
[4276/5643] Building CXX object src\TKDESTEP\CMakeFiles\TKDESTEP.dir\__\RWStepBasic\RWStepBasic_RWDerivedUnitElement.cxx.obj
[4277/5643] Building CXX object src\TKDESTEP\CMakeFiles\TKDESTEP.dir\__\RWStepBasic\RWStepBasic_RWDerivedUnit.cxx.obj
[4278/5643] Building CXX object src\TKDESTEP\CMakeFiles\TKDESTEP.dir\__\RWStepBasic\RWStepBasic_RWDimensionalExponents.cxx.obj
[4279/5643] Building CXX object src\TKDESTEP\CMakeFiles\TKDESTEP.dir\__\RWStepBasic\RWStepBasic_RWDocument.cxx.obj
[4280/5643] Building CXX object src\TKDESTEP\CMakeFiles\TKDESTEP.dir\__\RWStepBasic\RWStepBasic_RWDocumentProductAssociation.cxx.obj
[4281/5643] Building CXX object src\TKDESTEP\CMakeFiles\TKDESTEP.dir\__\RWStepBasic\RWStepBasic_RWDocumentFile.cxx.obj
[4282/5643] Building CXX object src\TKDESTEP\CMakeFiles\TKDESTEP.dir\__\RWStepBasic\RWStepBasic_RWDocumentProductEquivalence.cxx.obj
[4283/5643] Building CXX object src\TKDESTEP\CMakeFiles\TKDESTEP.dir\__\RWStepBasic\RWStepBasic_RWDocumentRelationship.cxx.obj
[4284/5643] Building CXX object src\TKDESTEP\CMakeFiles\TKDESTEP.dir\__\RWStepBasic\RWStepBasic_RWDocumentType.cxx.obj
[4285/5643] Building CXX object src\TKDESTEP\CMakeFiles\TKDESTEP.dir\__\RWStepBasic\RWStepBasic_RWDocumentRepresentationType.cxx.obj
[4286/5643] Building CXX object src\TKDESTEP\CMakeFiles\TKDESTEP.dir\__\RWStepBasic\RWStepBasic_RWEffectivity.cxx.obj
[4287/5643] Building CXX object src\TKDESTEP\CMakeFiles\TKDESTEP.dir\__\RWStepBasic\RWStepBasic_RWDocumentUsageConstraint.cxx.obj
[4288/5643] Building CXX object src\TKDESTEP\CMakeFiles\TKDESTEP.dir\__\RWStepBasic\RWStepBasic_RWEffectivityAssignment.cxx.obj
[4289/5643] Building CXX object src\TKDESTEP\CMakeFiles\TKDESTEP.dir\__\RWStepBasic\RWStepBasic_RWEulerAngles.cxx.obj
[4290/5643] Building CXX object src\TKDESTEP\CMakeFiles\TKDESTEP.dir\__\RWStepBasic\RWStepBasic_RWExternallyDefinedItem.cxx.obj
[4291/5643] Building CXX object src\TKDESTEP\CMakeFiles\TKDESTEP.dir\__\RWStepBasic\RWStepBasic_RWExternalIdentificationAssignment.cxx.obj
[4292/5643] Building CXX object src\TKDESTEP\CMakeFiles\TKDESTEP.dir\__\RWStepBasic\RWStepBasic_RWExternalSource.cxx.obj
[4293/5643] Building CXX object src\TKDESTEP\CMakeFiles\TKDESTEP.dir\__\RWStepBasic\RWStepBasic_RWGeneralProperty.cxx.obj
[4294/5643] Building CXX object src\TKDESTEP\CMakeFiles\TKDESTEP.dir\__\RWStepBasic\RWStepBasic_RWGroup.cxx.obj
[4295/5643] Building CXX object src\TKDESTEP\CMakeFiles\TKDESTEP.dir\__\RWStepBasic\RWStepBasic_RWGroupAssignment.cxx.obj
[4296/5643] Building CXX object src\TKDESTEP\CMakeFiles\TKDESTEP.dir\__\RWStepBasic\RWStepBasic_RWGroupRelationship.cxx.obj
[4297/5643] Building CXX object src\TKDESTEP\CMakeFiles\TKDESTEP.dir\__\RWStepBasic\RWStepBasic_RWIdentificationAssignment.cxx.obj
[4298/5643] Building CXX object src\TKDESTEP\CMakeFiles\TKDESTEP.dir\__\RWStepBasic\RWStepBasic_RWIdentificationRole.cxx.obj
[4299/5643] Building CXX object src\TKDESTEP\CMakeFiles\TKDESTEP.dir\__\RWStepBasic\RWStepBasic_RWLengthMeasureWithUnit.cxx.obj
[4300/5643] Building CXX object src\TKDESTEP\CMakeFiles\TKDESTEP.dir\__\RWStepBasic\RWStepBasic_RWLengthUnit.cxx.obj
[4301/5643] Building CXX object src\TKDESTEP\CMakeFiles\TKDESTEP.dir\__\RWStepBasic\RWStepBasic_RWLocalTime.cxx.obj
[4302/5643] Building CXX object src\TKDESTEP\CMakeFiles\TKDESTEP.dir\__\RWStepBasic\RWStepBasic_RWMassUnit.cxx.obj
[4303/5643] Building CXX object src\TKDESTEP\CMakeFiles\TKDESTEP.dir\__\RWStepBasic\RWStepBasic_RWMassMeasureWithUnit.cxx.obj
[4304/5643] Building CXX object src\TKDESTEP\CMakeFiles\TKDESTEP.dir\__\RWStepBasic\RWStepBasic_RWMeasureWithUnit.cxx.obj
[4305/5643] Building CXX object src\TKDESTEP\CMakeFiles\TKDESTEP.dir\__\RWStepBasic\RWStepBasic_RWMechanicalContext.cxx.obj
[4306/5643] Building CXX object src\TKDESTEP\CMakeFiles\TKDESTEP.dir\__\RWStepBasic\RWStepBasic_RWNameAssignment.cxx.obj
[4307/5643] Building CXX object src\TKDESTEP\CMakeFiles\TKDESTEP.dir\__\RWStepBasic\RWStepBasic_RWObjectRole.cxx.obj
[4308/5643] Building CXX object src\TKDESTEP\CMakeFiles\TKDESTEP.dir\__\RWStepBasic\RWStepBasic_RWNamedUnit.cxx.obj
[4309/5643] Building CXX object src\TKDESTEP\CMakeFiles\TKDESTEP.dir\__\RWStepBasic\RWStepBasic_RWOrdinalDate.cxx.obj
[4310/5643] Building CXX object src\TKDESTEP\CMakeFiles\TKDESTEP.dir\__\RWStepBasic\RWStepBasic_RWOrganizationRole.cxx.obj
[4311/5643] Building CXX object src\TKDESTEP\CMakeFiles\TKDESTEP.dir\__\RWStepBasic\RWStepBasic_RWOrganization.cxx.obj
[4312/5643] Building CXX object src\TKDESTEP\CMakeFiles\TKDESTEP.dir\__\RWStepBasic\RWStepBasic_RWOrganizationalAddress.cxx.obj
[4313/5643] Building CXX object src\TKDESTEP\CMakeFiles\TKDESTEP.dir\__\RWStepBasic\RWStepBasic_RWPerson.cxx.obj
[4314/5643] Building CXX object src\TKDESTEP\CMakeFiles\TKDESTEP.dir\__\RWStepBasic\RWStepBasic_RWPersonAndOrganization.cxx.obj
[4315/5643] Building CXX object src\TKDESTEP\CMakeFiles\TKDESTEP.dir\__\RWStepBasic\RWStepBasic_RWPersonAndOrganizationRole.cxx.obj
[4316/5643] Building CXX object src\TKDESTEP\CMakeFiles\TKDESTEP.dir\__\RWStepBasic\RWStepBasic_RWPlaneAngleMeasureWithUnit.cxx.obj
[4317/5643] Building CXX object src\TKDESTEP\CMakeFiles\TKDESTEP.dir\__\RWStepBasic\RWStepBasic_RWPersonalAddress.cxx.obj
[4318/5643] Building CXX object src\TKDESTEP\CMakeFiles\TKDESTEP.dir\__\RWStepBasic\RWStepBasic_RWPlaneAngleUnit.cxx.obj
[4319/5643] Building CXX object src\TKDESTEP\CMakeFiles\TKDESTEP.dir\__\RWStepBasic\RWStepBasic_RWProductCategory.cxx.obj
[4320/5643] Building CXX object src\TKDESTEP\CMakeFiles\TKDESTEP.dir\__\RWStepBasic\RWStepBasic_RWProduct.cxx.obj
[4321/5643] Building CXX object src\TKDESTEP\CMakeFiles\TKDESTEP.dir\__\RWStepBasic\RWStepBasic_RWProductCategoryRelationship.cxx.obj
[4322/5643] Building CXX object src\TKDESTEP\CMakeFiles\TKDESTEP.dir\__\RWStepBasic\RWStepBasic_RWProductConceptContext.cxx.obj
[4323/5643] Building CXX object src\TKDESTEP\CMakeFiles\TKDESTEP.dir\__\RWStepBasic\RWStepBasic_RWProductContext.cxx.obj
[4324/5643] Building CXX object src\TKDESTEP\CMakeFiles\TKDESTEP.dir\__\RWStepBasic\RWStepBasic_RWProductDefinition.cxx.obj
[4325/5643] Building CXX object src\TKDESTEP\CMakeFiles\TKDESTEP.dir\__\RWStepBasic\RWStepBasic_RWProductDefinitionContext.cxx.obj
[4326/5643] Building CXX object src\TKDESTEP\CMakeFiles\TKDESTEP.dir\__\RWStepBasic\RWStepBasic_RWProductDefinitionEffectivity.cxx.obj
[4327/5643] Building CXX object src\TKDESTEP\CMakeFiles\TKDESTEP.dir\__\RWStepBasic\RWStepBasic_RWProductDefinitionFormation.cxx.obj
[4328/5643] Building CXX object src\TKDESTEP\CMakeFiles\TKDESTEP.dir\__\RWStepBasic\RWStepBasic_RWProductDefinitionFormationRelationship.cxx.obj
[4329/5643] Building CXX object src\TKDESTEP\CMakeFiles\TKDESTEP.dir\__\RWStepBasic\RWStepBasic_RWProductDefinitionFormationWithSpecifiedSource.cxx.obj
[4330/5643] Building CXX object src\TKDESTEP\CMakeFiles\TKDESTEP.dir\__\RWStepBasic\RWStepBasic_RWProductDefinitionReference.cxx.obj
[4331/5643] Building CXX object src\TKDESTEP\CMakeFiles\TKDESTEP.dir\__\RWStepBasic\RWStepBasic_RWProductDefinitionRelationship.cxx.obj
[4332/5643] Building CXX object src\TKDESTEP\CMakeFiles\TKDESTEP.dir\__\RWStepBasic\RWStepBasic_RWProductDefinitionReferenceWithLocalRepresentation.cxx.obj
[4333/5643] Building CXX object src\TKDESTEP\CMakeFiles\TKDESTEP.dir\__\RWStepBasic\RWStepBasic_RWProductDefinitionWithAssociatedDocuments.cxx.obj
[4334/5643] Building CXX object src\TKDESTEP\CMakeFiles\TKDESTEP.dir\__\RWStepBasic\RWStepBasic_RWRatioMeasureWithUnit.cxx.obj
[4335/5643] Building CXX object src\TKDESTEP\CMakeFiles\TKDESTEP.dir\__\RWStepBasic\RWStepBasic_RWProductRelatedProductCategory.cxx.obj
[4336/5643] Building CXX object src\TKDESTEP\CMakeFiles\TKDESTEP.dir\__\RWStepBasic\RWStepBasic_RWProductType.cxx.obj
[4337/5643] Building CXX object src\TKDESTEP\CMakeFiles\TKDESTEP.dir\__\RWStepBasic\RWStepBasic_RWRoleAssociation.cxx.obj
[4338/5643] Building CXX object src\TKDESTEP\CMakeFiles\TKDESTEP.dir\__\RWStepBasic\RWStepBasic_RWSecurityClassificationLevel.cxx.obj
[4339/5643] Building CXX object src\TKDESTEP\CMakeFiles\TKDESTEP.dir\__\RWStepBasic\RWStepBasic_RWSecurityClassification.cxx.obj
[4340/5643] Building CXX object src\TKDESTEP\CMakeFiles\TKDESTEP.dir\__\RWStepBasic\RWStepBasic_RWSiUnitAndAreaUnit.cxx.obj
[4341/5643] Building CXX object src\TKDESTEP\CMakeFiles\TKDESTEP.dir\__\RWStepBasic\RWStepBasic_RWSiUnit.cxx.obj
[4342/5643] Building CXX object src\TKDESTEP\CMakeFiles\TKDESTEP.dir\__\RWStepBasic\RWStepBasic_RWSiUnitAndLengthUnit.cxx.obj
[4343/5643] Building CXX object src\TKDESTEP\CMakeFiles\TKDESTEP.dir\__\RWStepBasic\RWStepBasic_RWSiUnitAndMassUnit.cxx.obj
[4344/5643] Building CXX object src\TKDESTEP\CMakeFiles\TKDESTEP.dir\__\RWStepBasic\RWStepBasic_RWSiUnitAndPlaneAngleUnit.cxx.obj
[4345/5643] Building CXX object src\TKDESTEP\CMakeFiles\TKDESTEP.dir\__\RWStepBasic\RWStepBasic_RWSiUnitAndRatioUnit.cxx.obj
[4346/5643] Building CXX object src\TKDESTEP\CMakeFiles\TKDESTEP.dir\__\RWStepBasic\RWStepBasic_RWSiUnitAndThermodynamicTemperatureUnit.cxx.obj
[4347/5643] Building CXX object src\TKDESTEP\CMakeFiles\TKDESTEP.dir\__\RWStepBasic\RWStepBasic_RWSiUnitAndSolidAngleUnit.cxx.obj
[4348/5643] Building CXX object src\TKDESTEP\CMakeFiles\TKDESTEP.dir\__\RWStepBasic\RWStepBasic_RWSiUnitAndTimeUnit.cxx.obj
[4349/5643] Building CXX object src\TKDESTEP\CMakeFiles\TKDESTEP.dir\__\RWStepBasic\RWStepBasic_RWSiUnitAndVolumeUnit.cxx.obj
[4350/5643] Building CXX object src\TKDESTEP\CMakeFiles\TKDESTEP.dir\__\RWStepBasic\RWStepBasic_RWSolidAngleUnit.cxx.obj
[4351/5643] Building CXX object src\TKDESTEP\CMakeFiles\TKDESTEP.dir\__\RWStepBasic\RWStepBasic_RWSolidAngleMeasureWithUnit.cxx.obj
[4352/5643] Building CXX object src\TKDESTEP\CMakeFiles\TKDESTEP.dir\__\RWStepBasic\RWStepBasic_RWThermodynamicTemperatureUnit.cxx.obj
[4353/5643] Building CXX object src\TKDESTEP\CMakeFiles\TKDESTEP.dir\__\RWStepBasic\RWStepBasic_RWUncertaintyMeasureWithUnit.cxx.obj
[4354/5643] Building CXX object src\TKDESTEP\CMakeFiles\TKDESTEP.dir\__\StepRepr\StepRepr_AllAroundShapeAspect.cxx.obj
[4355/5643] Building CXX object src\TKDESTEP\CMakeFiles\TKDESTEP.dir\__\StepRepr\StepRepr_Apex.cxx.obj
[4356/5643] Building CXX object src\TKDESTEP\CMakeFiles\TKDESTEP.dir\__\RWStepBasic\RWStepBasic_RWWeekOfYearAndDayDate.cxx.obj
[4357/5643] Building CXX object src\TKDESTEP\CMakeFiles\TKDESTEP.dir\__\RWStepBasic\RWStepBasic_RWVersionedActionRequest.cxx.obj
[4358/5643] Building CXX object src\TKDESTEP\CMakeFiles\TKDESTEP.dir\__\StepRepr\StepRepr_AssemblyComponentUsage.cxx.obj
[4359/5643] Building CXX object src\TKDESTEP\CMakeFiles\TKDESTEP.dir\__\StepRepr\StepRepr_AssemblyComponentUsageSubstitute.cxx.obj
[4360/5643] Building CXX object src\TKDESTEP\CMakeFiles\TKDESTEP.dir\__\StepRepr\StepRepr_CentreOfSymmetry.cxx.obj
[4361/5643] Building CXX object src\TKDESTEP\CMakeFiles\TKDESTEP.dir\__\StepRepr\StepRepr_BetweenShapeAspect.cxx.obj
[4362/5643] Building CXX object src\TKDESTEP\CMakeFiles\TKDESTEP.dir\__\StepRepr\StepRepr_CharacterizedDefinition.cxx.obj
[4363/5643] Building CXX object src\TKDESTEP\CMakeFiles\TKDESTEP.dir\__\StepRepr\StepRepr_CompGroupShAspAndCompShAspAndDatumFeatAndShAsp.cxx.obj
[4364/5643] Building CXX object src\TKDESTEP\CMakeFiles\TKDESTEP.dir\__\StepRepr\StepRepr_CharacterizedRepresentation.cxx.obj
[4365/5643] Building CXX object src\TKDESTEP\CMakeFiles\TKDESTEP.dir\__\StepRepr\StepRepr_CompositeGroupShapeAspect.cxx.obj
[4366/5643] Building CXX object src\TKDESTEP\CMakeFiles\TKDESTEP.dir\__\StepRepr\StepRepr_CompositeShapeAspect.cxx.obj
[4367/5643] Building CXX object src\TKDESTEP\CMakeFiles\TKDESTEP.dir\__\StepRepr\StepRepr_CompShAspAndDatumFeatAndShAsp.cxx.obj
[4368/5643] Building CXX object src\TKDESTEP\CMakeFiles\TKDESTEP.dir\__\StepRepr\StepRepr_ConfigurationDesign.cxx.obj
[4369/5643] Building CXX object src\TKDESTEP\CMakeFiles\TKDESTEP.dir\__\StepRepr\StepRepr_ConfigurationDesignItem.cxx.obj
[4370/5643] Building CXX object src\TKDESTEP\CMakeFiles\TKDESTEP.dir\__\StepRepr\StepRepr_CompoundRepresentationItem.cxx.obj
[4371/5643] Building CXX object src\TKDESTEP\CMakeFiles\TKDESTEP.dir\__\StepRepr\StepRepr_ConfigurationItem.cxx.obj
[4372/5643] Building CXX object src\TKDESTEP\CMakeFiles\TKDESTEP.dir\__\StepRepr\StepRepr_ConfigurationEffectivity.cxx.obj
[4373/5643] Building CXX object src\TKDESTEP\CMakeFiles\TKDESTEP.dir\__\StepRepr\StepRepr_ConstructiveGeometryRepresentation.cxx.obj
[4374/5643] Building CXX object src\TKDESTEP\CMakeFiles\TKDESTEP.dir\__\StepRepr\StepRepr_ConstructiveGeometryRepresentationRelationship.cxx.obj
[4375/5643] Building CXX object src\TKDESTEP\CMakeFiles\TKDESTEP.dir\__\StepRepr\StepRepr_ContinuosShapeAspect.cxx.obj
[4376/5643] Building CXX object src\TKDESTEP\CMakeFiles\TKDESTEP.dir\__\StepRepr\StepRepr_DerivedShapeAspect.cxx.obj
[4377/5643] Building CXX object src\TKDESTEP\CMakeFiles\TKDESTEP.dir\__\StepRepr\StepRepr_DataEnvironment.cxx.obj
[4378/5643] Building CXX object src\TKDESTEP\CMakeFiles\TKDESTEP.dir\__\StepRepr\StepRepr_DefinitionalRepresentation.cxx.obj
[4379/5643] Building CXX object src\TKDESTEP\CMakeFiles\TKDESTEP.dir\__\StepRepr\StepRepr_Extension.cxx.obj
[4380/5643] Building CXX object src\TKDESTEP\CMakeFiles\TKDESTEP.dir\__\StepRepr\StepRepr_DescriptiveRepresentationItem.cxx.obj
[4381/5643] Building CXX object src\TKDESTEP\CMakeFiles\TKDESTEP.dir\__\StepRepr\StepRepr_FeatureForDatumTargetRelationship.cxx.obj
[4382/5643] Building CXX object src\TKDESTEP\CMakeFiles\TKDESTEP.dir\__\StepRepr\StepRepr_ExternallyDefinedRepresentation.cxx.obj
[4383/5643] Building CXX object src\TKDESTEP\CMakeFiles\TKDESTEP.dir\__\StepRepr\StepRepr_GeometricAlignment.cxx.obj
[4384/5643] Building CXX object src\TKDESTEP\CMakeFiles\TKDESTEP.dir\__\StepRepr\StepRepr_FunctionallyDefinedTransformation.cxx.obj
[4385/5643] Building CXX object src\TKDESTEP\CMakeFiles\TKDESTEP.dir\__\StepRepr\StepRepr_GlobalUncertaintyAssignedContext.cxx.obj
[4386/5643] Building CXX object src\TKDESTEP\CMakeFiles\TKDESTEP.dir\__\StepRepr\StepRepr_IntegerRepresentationItem.cxx.obj
[4387/5643] Building CXX object src\TKDESTEP\CMakeFiles\TKDESTEP.dir\__\StepRepr\StepRepr_ItemDefinedTransformation.cxx.obj
[4388/5643] Building CXX object src\TKDESTEP\CMakeFiles\TKDESTEP.dir\__\StepRepr\StepRepr_GlobalUnitAssignedContext.cxx.obj
[4389/5643] Building CXX object src\TKDESTEP\CMakeFiles\TKDESTEP.dir\__\StepRepr\StepRepr_MappedItem.cxx.obj
[4390/5643] Building CXX object src\TKDESTEP\CMakeFiles\TKDESTEP.dir\__\StepRepr\StepRepr_MaterialDesignation.cxx.obj
[4391/5643] Building CXX object src\TKDESTEP\CMakeFiles\TKDESTEP.dir\__\StepRepr\StepRepr_MaterialProperty.cxx.obj
[4392/5643] Building CXX object src\TKDESTEP\CMakeFiles\TKDESTEP.dir\__\StepRepr\StepRepr_MakeFromUsageOption.cxx.obj
[4393/5643] Building CXX object src\TKDESTEP\CMakeFiles\TKDESTEP.dir\__\StepRepr\StepRepr_ParallelOffset.cxx.obj
[4394/5643] Building CXX object src\TKDESTEP\CMakeFiles\TKDESTEP.dir\__\StepRepr\StepRepr_NextAssemblyUsageOccurrence.cxx.obj
[4395/5643] Building CXX object src\TKDESTEP\CMakeFiles\TKDESTEP.dir\__\StepRepr\StepRepr_MeasureRepresentationItem.cxx.obj
[4396/5643] Building CXX object src\TKDESTEP\CMakeFiles\TKDESTEP.dir\__\StepRepr\StepRepr_MaterialPropertyRepresentation.cxx.obj
[4397/5643] Building CXX object src\TKDESTEP\CMakeFiles\TKDESTEP.dir\__\StepRepr\StepRepr_ParametricRepresentationContext.cxx.obj
[4398/5643] Building CXX object src\TKDESTEP\CMakeFiles\TKDESTEP.dir\__\StepRepr\StepRepr_PerpendicularTo.cxx.obj
[4399/5643] Building CXX object src\TKDESTEP\CMakeFiles\TKDESTEP.dir\__\StepRepr\StepRepr_ProductConcept.cxx.obj
[4400/5643] Building CXX object src\TKDESTEP\CMakeFiles\TKDESTEP.dir\__\StepRepr\StepRepr_ProductDefinitionShape.cxx.obj
[4401/5643] Building CXX object src\TKDESTEP\CMakeFiles\TKDESTEP.dir\__\StepRepr\StepRepr_ProductDefinitionUsage.cxx.obj
[4402/5643] Building CXX object src\TKDESTEP\CMakeFiles\TKDESTEP.dir\__\StepRepr\StepRepr_PromissoryUsageOccurrence.cxx.obj
[4403/5643] Building CXX object src\TKDESTEP\CMakeFiles\TKDESTEP.dir\__\StepRepr\StepRepr_PropertyDefinition.cxx.obj
[4404/5643] Building CXX object src\TKDESTEP\CMakeFiles\TKDESTEP.dir\__\StepRepr\StepRepr_PropertyDefinitionRelationship.cxx.obj
[4405/5643] Building CXX object src\TKDESTEP\CMakeFiles\TKDESTEP.dir\__\StepRepr\StepRepr_PropertyDefinitionRepresentation.cxx.obj
[4406/5643] Building CXX object src\TKDESTEP\CMakeFiles\TKDESTEP.dir\__\StepRepr\StepRepr_QuantifiedAssemblyComponentUsage.cxx.obj
[4407/5643] Building CXX object src\TKDESTEP\CMakeFiles\TKDESTEP.dir\__\StepRepr\StepRepr_RepresentationContext.cxx.obj
[4408/5643] Building CXX object src\TKDESTEP\CMakeFiles\TKDESTEP.dir\__\StepRepr\StepRepr_Representation.cxx.obj
[4409/5643] Building CXX object src\TKDESTEP\CMakeFiles\TKDESTEP.dir\__\StepRepr\StepRepr_RepresentationContextReference.cxx.obj
[4410/5643] Building CXX object src\TKDESTEP\CMakeFiles\TKDESTEP.dir\__\StepRepr\StepRepr_RepresentationItem.cxx.obj
[4411/5643] Building CXX object src\TKDESTEP\CMakeFiles\TKDESTEP.dir\__\StepRepr\StepRepr_RepresentationMap.cxx.obj
[4412/5643] Building CXX object src\TKDESTEP\CMakeFiles\TKDESTEP.dir\__\StepRepr\StepRepr_RepresentationReference.cxx.obj
[4413/5643] Building CXX object src\TKDESTEP\CMakeFiles\TKDESTEP.dir\__\StepRepr\StepRepr_RepresentationOrRepresentationReference.cxx.obj
[4414/5643] Building CXX object src\TKDESTEP\CMakeFiles\TKDESTEP.dir\__\StepRepr\StepRepr_RepresentationRelationship.cxx.obj
[4415/5643] Building CXX object src\TKDESTEP\CMakeFiles\TKDESTEP.dir\__\StepRepr\StepRepr_RepresentedDefinition.cxx.obj
[4416/5643] Building CXX object src\TKDESTEP\CMakeFiles\TKDESTEP.dir\__\StepRepr\StepRepr_ReprItemAndLengthMeasureWithUnit.cxx.obj
[4417/5643] Building CXX object src\TKDESTEP\CMakeFiles\TKDESTEP.dir\__\StepRepr\StepRepr_RepresentationRelationshipWithTransformation.cxx.obj
[4418/5643] Building CXX object src\TKDESTEP\CMakeFiles\TKDESTEP.dir\__\StepRepr\StepRepr_ReprItemAndLengthMeasureWithUnitAndQRI.cxx.obj
[4419/5643] Building CXX object src\TKDESTEP\CMakeFiles\TKDESTEP.dir\__\StepRepr\StepRepr_ReprItemAndMeasureWithUnit.cxx.obj
[4420/5643] Building CXX object src\TKDESTEP\CMakeFiles\TKDESTEP.dir\__\StepRepr\StepRepr_ReprItemAndPlaneAngleMeasureWithUnit.cxx.obj
[4421/5643] Building CXX object src\TKDESTEP\CMakeFiles\TKDESTEP.dir\__\StepRepr\StepRepr_ReprItemAndMeasureWithUnitAndQRI.cxx.obj
[4422/5643] Building CXX object src\TKDESTEP\CMakeFiles\TKDESTEP.dir\__\StepRepr\StepRepr_ReprItemAndPlaneAngleMeasureWithUnitAndQRI.cxx.obj
[4423/5643] Building CXX object src\TKDESTEP\CMakeFiles\TKDESTEP.dir\__\StepRepr\StepRepr_ShapeAspect.cxx.obj
[4424/5643] Building CXX object src\TKDESTEP\CMakeFiles\TKDESTEP.dir\__\StepRepr\StepRepr_ShapeAspectDerivingRelationship.cxx.obj
[4425/5643] Building CXX object src\TKDESTEP\CMakeFiles\TKDESTEP.dir\__\StepRepr\StepRepr_ShapeAspectTransition.cxx.obj
[4426/5643] Building CXX object src\TKDESTEP\CMakeFiles\TKDESTEP.dir\__\StepRepr\StepRepr_ShapeAspectRelationship.cxx.obj
[4427/5643] Building CXX object src\TKDESTEP\CMakeFiles\TKDESTEP.dir\__\StepRepr\StepRepr_ShapeDefinition.cxx.obj
[4428/5643] Building CXX object src\TKDESTEP\CMakeFiles\TKDESTEP.dir\__\StepRepr\StepRepr_ShapeRepresentationRelationship.cxx.obj
[4429/5643] Building CXX object src\TKDESTEP\CMakeFiles\TKDESTEP.dir\__\StepRepr\StepRepr_ShapeRepresentationRelationshipWithTransformation.cxx.obj
[4430/5643] Building CXX object src\TKDESTEP\CMakeFiles\TKDESTEP.dir\__\StepRepr\StepRepr_StructuralResponseProperty.cxx.obj
[4431/5643] Building CXX object src\TKDESTEP\CMakeFiles\TKDESTEP.dir\__\StepRepr\StepRepr_StructuralResponsePropertyDefinitionRepresentation.cxx.obj
[4432/5643] Building CXX object src\TKDESTEP\CMakeFiles\TKDESTEP.dir\__\StepRepr\StepRepr_SpecifiedHigherUsageOccurrence.cxx.obj
[4433/5643] Building CXX object src\TKDESTEP\CMakeFiles\TKDESTEP.dir\__\StepRepr\StepRepr_Transformation.cxx.obj
[4434/5643] Building CXX object src\TKDESTEP\CMakeFiles\TKDESTEP.dir\__\StepRepr\StepRepr_SuppliedPartRelationship.cxx.obj
[4435/5643] Building CXX object src\TKDESTEP\CMakeFiles\TKDESTEP.dir\__\StepRepr\StepRepr_Tangent.cxx.obj
[4436/5643] Building CXX object src\TKDESTEP\CMakeFiles\TKDESTEP.dir\__\StepRepr\StepRepr_ValueRange.cxx.obj
[4437/5643] Building CXX object src\TKDESTEP\CMakeFiles\TKDESTEP.dir\__\StepRepr\StepRepr_ValueRepresentationItem.cxx.obj
[4438/5643] Building CXX object src\TKDESTEP\CMakeFiles\TKDESTEP.dir\__\RWStepRepr\RWStepRepr_RWApex.cxx.obj
[4439/5643] Building CXX object src\TKDESTEP\CMakeFiles\TKDESTEP.dir\__\RWStepRepr\RWStepRepr_RWAllAroundShapeAspect.cxx.obj
[4440/5643] Building CXX object src\TKDESTEP\CMakeFiles\TKDESTEP.dir\__\RWStepRepr\RWStepRepr_RWAssemblyComponentUsage.cxx.obj
[4441/5643] Building CXX object src\TKDESTEP\CMakeFiles\TKDESTEP.dir\__\RWStepRepr\RWStepRepr_RWAssemblyComponentUsageSubstitute.cxx.obj
[4442/5643] Building CXX object src\TKDESTEP\CMakeFiles\TKDESTEP.dir\__\RWStepRepr\RWStepRepr_RWBetweenShapeAspect.cxx.obj
[4443/5643] Building CXX object src\TKDESTEP\CMakeFiles\TKDESTEP.dir\__\RWStepRepr\RWStepRepr_RWCentreOfSymmetry.cxx.obj
[4444/5643] Building CXX object src\TKDESTEP\CMakeFiles\TKDESTEP.dir\__\RWStepRepr\RWStepRepr_RWCharacterizedRepresentation.cxx.obj
[4445/5643] Building CXX object src\TKDESTEP\CMakeFiles\TKDESTEP.dir\__\RWStepRepr\RWStepRepr_RWCompGroupShAspAndCompShAspAndDatumFeatAndShAsp.cxx.obj
[4446/5643] Building CXX object src\TKDESTEP\CMakeFiles\TKDESTEP.dir\__\RWStepRepr\RWStepRepr_RWCompositeGroupShapeAspect.cxx.obj
[4447/5643] Building CXX object src\TKDESTEP\CMakeFiles\TKDESTEP.dir\__\RWStepRepr\RWStepRepr_RWCompositeShapeAspect.cxx.obj
[4448/5643] Building CXX object src\TKDESTEP\CMakeFiles\TKDESTEP.dir\__\RWStepRepr\RWStepRepr_RWCompoundRepresentationItem.cxx.obj
[4449/5643] Building CXX object src\TKDESTEP\CMakeFiles\TKDESTEP.dir\__\RWStepRepr\RWStepRepr_RWCompShAspAndDatumFeatAndShAsp.cxx.obj
[4450/5643] Building CXX object src\TKDESTEP\CMakeFiles\TKDESTEP.dir\__\RWStepRepr\RWStepRepr_RWConfigurationDesign.cxx.obj
[4451/5643] Building CXX object src\TKDESTEP\CMakeFiles\TKDESTEP.dir\__\RWStepRepr\RWStepRepr_RWConfigurationEffectivity.cxx.obj
[4452/5643] Building CXX object src\TKDESTEP\CMakeFiles\TKDESTEP.dir\__\RWStepRepr\RWStepRepr_RWConfigurationItem.cxx.obj
[4453/5643] Building CXX object src\TKDESTEP\CMakeFiles\TKDESTEP.dir\__\RWStepRepr\RWStepRepr_RWConstructiveGeometryRepresentation.cxx.obj
[4454/5643] Building CXX object src\TKDESTEP\CMakeFiles\TKDESTEP.dir\__\RWStepRepr\RWStepRepr_RWContinuosShapeAspect.cxx.obj
[4455/5643] Building CXX object src\TKDESTEP\CMakeFiles\TKDESTEP.dir\__\RWStepRepr\RWStepRepr_RWConstructiveGeometryRepresentationRelationship.cxx.obj
[4456/5643] Building CXX object src\TKDESTEP\CMakeFiles\TKDESTEP.dir\__\RWStepRepr\RWStepRepr_RWDataEnvironment.cxx.obj
[4457/5643] Building CXX object src\TKDESTEP\CMakeFiles\TKDESTEP.dir\__\RWStepRepr\RWStepRepr_RWDefinitionalRepresentation.cxx.obj
[4458/5643] Building CXX object src\TKDESTEP\CMakeFiles\TKDESTEP.dir\__\RWStepRepr\RWStepRepr_RWDescriptiveRepresentationItem.cxx.obj
[4459/5643] Building CXX object src\TKDESTEP\CMakeFiles\TKDESTEP.dir\__\RWStepRepr\RWStepRepr_RWDerivedShapeAspect.cxx.obj
[4460/5643] Building CXX object src\TKDESTEP\CMakeFiles\TKDESTEP.dir\__\RWStepRepr\RWStepRepr_RWExtension.cxx.obj
[4461/5643] Building CXX object src\TKDESTEP\CMakeFiles\TKDESTEP.dir\__\RWStepRepr\RWStepRepr_RWFeatureForDatumTargetRelationship.cxx.obj
[4462/5643] Building CXX object src\TKDESTEP\CMakeFiles\TKDESTEP.dir\__\RWStepRepr\RWStepRepr_RWFunctionallyDefinedTransformation.cxx.obj
[4463/5643] Building CXX object src\TKDESTEP\CMakeFiles\TKDESTEP.dir\__\RWStepRepr\RWStepRepr_RWGeometricAlignment.cxx.obj
[4464/5643] Building CXX object src\TKDESTEP\CMakeFiles\TKDESTEP.dir\__\RWStepRepr\RWStepRepr_RWGlobalUncertaintyAssignedContext.cxx.obj
[4465/5643] Building CXX object src\TKDESTEP\CMakeFiles\TKDESTEP.dir\__\RWStepRepr\RWStepRepr_RWGlobalUnitAssignedContext.cxx.obj
[4466/5643] Building CXX object src\TKDESTEP\CMakeFiles\TKDESTEP.dir\__\RWStepRepr\RWStepRepr_RWIntegerRepresentationItem.cxx.obj
[4467/5643] Building CXX object src\TKDESTEP\CMakeFiles\TKDESTEP.dir\__\RWStepRepr\RWStepRepr_RWItemDefinedTransformation.cxx.obj
[4468/5643] Building CXX object src\TKDESTEP\CMakeFiles\TKDESTEP.dir\__\RWStepRepr\RWStepRepr_RWMakeFromUsageOption.cxx.obj
[4469/5643] Building CXX object src\TKDESTEP\CMakeFiles\TKDESTEP.dir\__\RWStepRepr\RWStepRepr_RWMaterialDesignation.cxx.obj
[4470/5643] Building CXX object src\TKDESTEP\CMakeFiles\TKDESTEP.dir\__\RWStepRepr\RWStepRepr_RWMappedItem.cxx.obj
[4471/5643] Building CXX object src\TKDESTEP\CMakeFiles\TKDESTEP.dir\__\RWStepRepr\RWStepRepr_RWMaterialProperty.cxx.obj
[4472/5643] Building CXX object src\TKDESTEP\CMakeFiles\TKDESTEP.dir\__\RWStepRepr\RWStepRepr_RWMeasureRepresentationItem.cxx.obj
[4473/5643] Building CXX object src\TKDESTEP\CMakeFiles\TKDESTEP.dir\__\RWStepRepr\RWStepRepr_RWMaterialPropertyRepresentation.cxx.obj
[4474/5643] Building CXX object src\TKDESTEP\CMakeFiles\TKDESTEP.dir\__\RWStepRepr\RWStepRepr_RWParallelOffset.cxx.obj
[4475/5643] Building CXX object src\TKDESTEP\CMakeFiles\TKDESTEP.dir\__\RWStepRepr\RWStepRepr_RWParametricRepresentationContext.cxx.obj
[4476/5643] Building CXX object src\TKDESTEP\CMakeFiles\TKDESTEP.dir\__\RWStepRepr\RWStepRepr_RWProductDefinitionShape.cxx.obj
[4477/5643] Building CXX object src\TKDESTEP\CMakeFiles\TKDESTEP.dir\__\RWStepRepr\RWStepRepr_RWPerpendicularTo.cxx.obj
[4478/5643] Building CXX object src\TKDESTEP\CMakeFiles\TKDESTEP.dir\__\RWStepRepr\RWStepRepr_RWProductConcept.cxx.obj
[4479/5643] Building CXX object src\TKDESTEP\CMakeFiles\TKDESTEP.dir\__\RWStepRepr\RWStepRepr_RWPropertyDefinition.cxx.obj
[4480/5643] Building CXX object src\TKDESTEP\CMakeFiles\TKDESTEP.dir\__\RWStepRepr\RWStepRepr_RWPropertyDefinitionRepresentation.cxx.obj
[4481/5643] Building CXX object src\TKDESTEP\CMakeFiles\TKDESTEP.dir\__\RWStepRepr\RWStepRepr_RWPropertyDefinitionRelationship.cxx.obj
[4482/5643] Building CXX object src\TKDESTEP\CMakeFiles\TKDESTEP.dir\__\RWStepRepr\RWStepRepr_RWQuantifiedAssemblyComponentUsage.cxx.obj
[4483/5643] Building CXX object src\TKDESTEP\CMakeFiles\TKDESTEP.dir\__\RWStepRepr\RWStepRepr_RWRepresentation.cxx.obj
[4484/5643] Building CXX object src\TKDESTEP\CMakeFiles\TKDESTEP.dir\__\RWStepRepr\RWStepRepr_RWRepresentationContextReference.cxx.obj
[4485/5643] Building CXX object src\TKDESTEP\CMakeFiles\TKDESTEP.dir\__\RWStepRepr\RWStepRepr_RWRepresentationContext.cxx.obj
[4486/5643] Building CXX object src\TKDESTEP\CMakeFiles\TKDESTEP.dir\__\RWStepRepr\RWStepRepr_RWRepresentationItem.cxx.obj
[4487/5643] Building CXX object src\TKDESTEP\CMakeFiles\TKDESTEP.dir\__\RWStepRepr\RWStepRepr_RWRepresentationMap.cxx.obj
[4488/5643] Building CXX object src\TKDESTEP\CMakeFiles\TKDESTEP.dir\__\RWStepRepr\RWStepRepr_RWRepresentationReference.cxx.obj
[4489/5643] Building CXX object src\TKDESTEP\CMakeFiles\TKDESTEP.dir\__\RWStepRepr\RWStepRepr_RWRepresentationRelationship.cxx.obj
[4490/5643] Building CXX object src\TKDESTEP\CMakeFiles\TKDESTEP.dir\__\RWStepRepr\RWStepRepr_RWRepresentationRelationshipWithTransformation.cxx.obj
[4491/5643] Building CXX object src\TKDESTEP\CMakeFiles\TKDESTEP.dir\__\RWStepRepr\RWStepRepr_RWReprItemAndLengthMeasureWithUnit.cxx.obj
[4492/5643] Building CXX object src\TKDESTEP\CMakeFiles\TKDESTEP.dir\__\RWStepRepr\RWStepRepr_RWReprItemAndPlaneAngleMeasureWithUnit.cxx.obj
[4493/5643] Building CXX object src\TKDESTEP\CMakeFiles\TKDESTEP.dir\__\RWStepRepr\RWStepRepr_RWReprItemAndLengthMeasureWithUnitAndQRI.cxx.obj
[4494/5643] Building CXX object src\TKDESTEP\CMakeFiles\TKDESTEP.dir\__\RWStepRepr\RWStepRepr_RWReprItemAndPlaneAngleMeasureWithUnitAndQRI.cxx.obj
[4495/5643] Building CXX object src\TKDESTEP\CMakeFiles\TKDESTEP.dir\__\RWStepRepr\RWStepRepr_RWShapeAspect.cxx.obj
[4496/5643] Building CXX object src\TKDESTEP\CMakeFiles\TKDESTEP.dir\__\RWStepRepr\RWStepRepr_RWShapeAspectDerivingRelationship.cxx.obj
[4497/5643] Building CXX object src\TKDESTEP\CMakeFiles\TKDESTEP.dir\__\RWStepRepr\RWStepRepr_RWShapeAspectRelationship.cxx.obj
[4498/5643] Building CXX object src\TKDESTEP\CMakeFiles\TKDESTEP.dir\__\RWStepRepr\RWStepRepr_RWShapeAspectTransition.cxx.obj
[4499/5643] Building CXX object src\TKDESTEP\CMakeFiles\TKDESTEP.dir\__\RWStepRepr\RWStepRepr_RWShapeRepresentationRelationshipWithTransformation.cxx.obj
[4500/5643] Building CXX object src\TKDESTEP\CMakeFiles\TKDESTEP.dir\__\RWStepRepr\RWStepRepr_RWStructuralResponseProperty.cxx.obj
[4501/5643] Building CXX object src\TKDESTEP\CMakeFiles\TKDESTEP.dir\__\RWStepRepr\RWStepRepr_RWSpecifiedHigherUsageOccurrence.cxx.obj
[4502/5643] Building CXX object src\TKDESTEP\CMakeFiles\TKDESTEP.dir\__\RWStepRepr\RWStepRepr_RWStructuralResponsePropertyDefinitionRepresentation.cxx.obj
[4503/5643] Building CXX object src\TKDESTEP\CMakeFiles\TKDESTEP.dir\__\StepGeom\StepGeom_Axis2Placement.cxx.obj
[4504/5643] Building CXX object src\TKDESTEP\CMakeFiles\TKDESTEP.dir\__\RWStepRepr\RWStepRepr_RWTangent.cxx.obj
[4505/5643] Building CXX object src\TKDESTEP\CMakeFiles\TKDESTEP.dir\__\StepGeom\StepGeom_Axis1Placement.cxx.obj
[4506/5643] Building CXX object src\TKDESTEP\CMakeFiles\TKDESTEP.dir\__\RWStepRepr\RWStepRepr_RWValueRepresentationItem.cxx.obj
[4507/5643] Building CXX object src\TKDESTEP\CMakeFiles\TKDESTEP.dir\__\StepGeom\StepGeom_Axis2Placement2d.cxx.obj
[4508/5643] Building CXX object src\TKDESTEP\CMakeFiles\TKDESTEP.dir\__\StepGeom\StepGeom_Axis2Placement3d.cxx.obj
[4509/5643] Building CXX object src\TKDESTEP\CMakeFiles\TKDESTEP.dir\__\StepGeom\StepGeom_BezierCurve.cxx.obj
[4510/5643] Building CXX object src\TKDESTEP\CMakeFiles\TKDESTEP.dir\__\StepGeom\StepGeom_BezierCurveAndRationalBSplineCurve.cxx.obj
[4511/5643] Building CXX object src\TKDESTEP\CMakeFiles\TKDESTEP.dir\__\StepGeom\StepGeom_BezierSurface.cxx.obj
[4512/5643] Building CXX object src\TKDESTEP\CMakeFiles\TKDESTEP.dir\__\StepGeom\StepGeom_BezierSurfaceAndRationalBSplineSurface.cxx.obj
[4513/5643] Building CXX object src\TKDESTEP\CMakeFiles\TKDESTEP.dir\__\StepGeom\StepGeom_BoundaryCurve.cxx.obj
[4514/5643] Building CXX object src\TKDESTEP\CMakeFiles\TKDESTEP.dir\__\StepGeom\StepGeom_BoundedCurve.cxx.obj
[4515/5643] Building CXX object src\TKDESTEP\CMakeFiles\TKDESTEP.dir\__\StepGeom\StepGeom_BoundedSurface.cxx.obj
[4516/5643] Building CXX object src\TKDESTEP\CMakeFiles\TKDESTEP.dir\__\StepGeom\StepGeom_BSplineCurve.cxx.obj
[4517/5643] Building CXX object src\TKDESTEP\CMakeFiles\TKDESTEP.dir\__\StepGeom\StepGeom_BSplineCurveWithKnots.cxx.obj
[4518/5643] Building CXX object src\TKDESTEP\CMakeFiles\TKDESTEP.dir\__\StepGeom\StepGeom_BSplineSurface.cxx.obj
[4519/5643] Building CXX object src\TKDESTEP\CMakeFiles\TKDESTEP.dir\__\StepGeom\StepGeom_BSplineCurveWithKnotsAndRationalBSplineCurve.cxx.obj
[4520/5643] Building CXX object src\TKDESTEP\CMakeFiles\TKDESTEP.dir\__\StepGeom\StepGeom_BSplineSurfaceWithKnots.cxx.obj
[4521/5643] Building CXX object src\TKDESTEP\CMakeFiles\TKDESTEP.dir\__\StepGeom\StepGeom_BSplineSurfaceWithKnotsAndRationalBSplineSurface.cxx.obj
[4522/5643] Building CXX object src\TKDESTEP\CMakeFiles\TKDESTEP.dir\__\StepGeom\StepGeom_CartesianPoint.cxx.obj
[4523/5643] Building CXX object src\TKDESTEP\CMakeFiles\TKDESTEP.dir\__\StepGeom\StepGeom_CartesianTransformationOperator.cxx.obj
[4524/5643] Building CXX object src\TKDESTEP\CMakeFiles\TKDESTEP.dir\__\StepGeom\StepGeom_CartesianTransformationOperator2d.cxx.obj
[4525/5643] Building CXX object src\TKDESTEP\CMakeFiles\TKDESTEP.dir\__\StepGeom\StepGeom_CartesianTransformationOperator3d.cxx.obj
[4526/5643] Building CXX object src\TKDESTEP\CMakeFiles\TKDESTEP.dir\__\StepGeom\StepGeom_Circle.cxx.obj
[4527/5643] Building CXX object src\TKDESTEP\CMakeFiles\TKDESTEP.dir\__\StepGeom\StepGeom_CompositeCurveOnSurface.cxx.obj
[4528/5643] Building CXX object src\TKDESTEP\CMakeFiles\TKDESTEP.dir\__\StepGeom\StepGeom_CompositeCurve.cxx.obj
[4529/5643] Building CXX object src\TKDESTEP\CMakeFiles\TKDESTEP.dir\__\StepGeom\StepGeom_CompositeCurveSegment.cxx.obj
[4530/5643] Building CXX object src\TKDESTEP\CMakeFiles\TKDESTEP.dir\__\StepGeom\StepGeom_Conic.cxx.obj
[4531/5643] Building CXX object src\TKDESTEP\CMakeFiles\TKDESTEP.dir\__\StepGeom\StepGeom_Curve.cxx.obj
[4532/5643] Building CXX object src\TKDESTEP\CMakeFiles\TKDESTEP.dir\__\StepGeom\StepGeom_ConicalSurface.cxx.obj
[4533/5643] Building CXX object src\TKDESTEP\CMakeFiles\TKDESTEP.dir\__\StepGeom\StepGeom_CurveBoundedSurface.cxx.obj
[4534/5643] Building CXX object src\TKDESTEP\CMakeFiles\TKDESTEP.dir\__\StepGeom\StepGeom_CurveOnSurface.cxx.obj
[4535/5643] Building CXX object src\TKDESTEP\CMakeFiles\TKDESTEP.dir\__\StepGeom\StepGeom_CurveReplica.cxx.obj
[4536/5643] Building CXX object src\TKDESTEP\CMakeFiles\TKDESTEP.dir\__\StepGeom\StepGeom_CylindricalSurface.cxx.obj
[4537/5643] Building CXX object src\TKDESTEP\CMakeFiles\TKDESTEP.dir\__\StepGeom\StepGeom_DegeneratePcurve.cxx.obj
[4538/5643] Building CXX object src\TKDESTEP\CMakeFiles\TKDESTEP.dir\__\StepGeom\StepGeom_DegenerateToroidalSurface.cxx.obj
[4539/5643] Building CXX object src\TKDESTEP\CMakeFiles\TKDESTEP.dir\__\StepGeom\StepGeom_Direction.cxx.obj
[4540/5643] Building CXX object src\TKDESTEP\CMakeFiles\TKDESTEP.dir\__\StepGeom\StepGeom_ElementarySurface.cxx.obj
[4541/5643] Building CXX object src\TKDESTEP\CMakeFiles\TKDESTEP.dir\__\StepGeom\StepGeom_Ellipse.cxx.obj
[4542/5643] Building CXX object src\TKDESTEP\CMakeFiles\TKDESTEP.dir\__\StepGeom\StepGeom_GeometricRepresentationContext.cxx.obj
[4543/5643] Building CXX object src\TKDESTEP\CMakeFiles\TKDESTEP.dir\__\StepGeom\StepGeom_EvaluatedDegeneratePcurve.cxx.obj
[4544/5643] Building CXX object src\TKDESTEP\CMakeFiles\TKDESTEP.dir\__\StepGeom\StepGeom_GeometricRepresentationContextAndGlobalUnitAssignedContext.cxx.obj
[4545/5643] Building CXX object src\TKDESTEP\CMakeFiles\TKDESTEP.dir\__\StepGeom\StepGeom_GeometricRepresentationItem.cxx.obj
[4546/5643] Building CXX object src\TKDESTEP\CMakeFiles\TKDESTEP.dir\__\StepGeom\StepGeom_GeometricRepresentationContextAndParametricRepresentationContext.cxx.obj
[4547/5643] Building CXX object src\TKDESTEP\CMakeFiles\TKDESTEP.dir\__\StepGeom\StepGeom_Hyperbola.cxx.obj
[4548/5643] Building CXX object src\TKDESTEP\CMakeFiles\TKDESTEP.dir\__\StepGeom\StepGeom_GeomRepContextAndGlobUnitAssCtxAndGlobUncertaintyAssCtx.cxx.obj
[4549/5643] Building CXX object src\TKDESTEP\CMakeFiles\TKDESTEP.dir\__\StepGeom\StepGeom_IntersectionCurve.cxx.obj
[4550/5643] Building CXX object src\TKDESTEP\CMakeFiles\TKDESTEP.dir\__\StepGeom\StepGeom_OffsetSurface.cxx.obj
[4551/5643] Building CXX object src\TKDESTEP\CMakeFiles\TKDESTEP.dir\__\StepGeom\StepGeom_Line.cxx.obj
[4552/5643] Building CXX object src\TKDESTEP\CMakeFiles\TKDESTEP.dir\__\StepGeom\StepGeom_OffsetCurve3d.cxx.obj
[4553/5643] Building CXX object src\TKDESTEP\CMakeFiles\TKDESTEP.dir\__\StepGeom\StepGeom_OrientedSurface.cxx.obj
[4554/5643] Building CXX object src\TKDESTEP\CMakeFiles\TKDESTEP.dir\__\StepGeom\StepGeom_Parabola.cxx.obj
[4555/5643] Building CXX object src\TKDESTEP\CMakeFiles\TKDESTEP.dir\__\StepGeom\StepGeom_OuterBoundaryCurve.cxx.obj
[4556/5643] Building CXX object src\TKDESTEP\CMakeFiles\TKDESTEP.dir\__\StepGeom\StepGeom_PcurveOrSurface.cxx.obj
[4557/5643] Building CXX object src\TKDESTEP\CMakeFiles\TKDESTEP.dir\__\StepGeom\StepGeom_Pcurve.cxx.obj
[4558/5643] Building CXX object src\TKDESTEP\CMakeFiles\TKDESTEP.dir\__\StepGeom\StepGeom_Point.cxx.obj
[4559/5643] Building CXX object src\TKDESTEP\CMakeFiles\TKDESTEP.dir\__\StepGeom\StepGeom_Plane.cxx.obj
[4560/5643] Building CXX object src\TKDESTEP\CMakeFiles\TKDESTEP.dir\__\StepGeom\StepGeom_PointOnCurve.cxx.obj
[4561/5643] Building CXX object src\TKDESTEP\CMakeFiles\TKDESTEP.dir\__\StepGeom\StepGeom_Placement.cxx.obj
[4562/5643] Building CXX object src\TKDESTEP\CMakeFiles\TKDESTEP.dir\__\StepGeom\StepGeom_PointReplica.cxx.obj
[4563/5643] Building CXX object src\TKDESTEP\CMakeFiles\TKDESTEP.dir\__\StepGeom\StepGeom_PointOnSurface.cxx.obj
[4564/5643] Building CXX object src\TKDESTEP\CMakeFiles\TKDESTEP.dir\__\StepGeom\StepGeom_QuasiUniformCurve.cxx.obj
[4565/5643] Building CXX object src\TKDESTEP\CMakeFiles\TKDESTEP.dir\__\StepGeom\StepGeom_Polyline.cxx.obj
[4566/5643] Building CXX object src\TKDESTEP\CMakeFiles\TKDESTEP.dir\__\StepGeom\StepGeom_QuasiUniformSurface.cxx.obj
[4567/5643] Building CXX object src\TKDESTEP\CMakeFiles\TKDESTEP.dir\__\StepGeom\StepGeom_QuasiUniformCurveAndRationalBSplineCurve.cxx.obj
[4568/5643] Building CXX object src\TKDESTEP\CMakeFiles\TKDESTEP.dir\__\StepGeom\StepGeom_RationalBSplineCurve.cxx.obj
[4569/5643] Building CXX object src\TKDESTEP\CMakeFiles\TKDESTEP.dir\__\StepGeom\StepGeom_QuasiUniformSurfaceAndRationalBSplineSurface.cxx.obj
[4570/5643] Building CXX object src\TKDESTEP\CMakeFiles\TKDESTEP.dir\__\StepGeom\StepGeom_RectangularCompositeSurface.cxx.obj
[4571/5643] Building CXX object src\TKDESTEP\CMakeFiles\TKDESTEP.dir\__\StepGeom\StepGeom_RationalBSplineSurface.cxx.obj
[4572/5643] Building CXX object src\TKDESTEP\CMakeFiles\TKDESTEP.dir\__\StepGeom\StepGeom_ReparametrisedCompositeCurveSegment.cxx.obj
[4573/5643] Building CXX object src\TKDESTEP\CMakeFiles\TKDESTEP.dir\__\StepGeom\StepGeom_RectangularTrimmedSurface.cxx.obj
[4574/5643] Building CXX object src\TKDESTEP\CMakeFiles\TKDESTEP.dir\__\StepGeom\StepGeom_SuParameters.cxx.obj
[4575/5643] Building CXX object src\TKDESTEP\CMakeFiles\TKDESTEP.dir\__\StepGeom\StepGeom_SphericalSurface.cxx.obj
[4576/5643] Building CXX object src\TKDESTEP\CMakeFiles\TKDESTEP.dir\__\StepGeom\StepGeom_Surface.cxx.obj
[4577/5643] Building CXX object src\TKDESTEP\CMakeFiles\TKDESTEP.dir\__\StepGeom\StepGeom_SeamCurve.cxx.obj
[4578/5643] Building CXX object src\TKDESTEP\CMakeFiles\TKDESTEP.dir\__\StepGeom\StepGeom_SurfaceBoundary.cxx.obj
[4579/5643] Building CXX object src\TKDESTEP\CMakeFiles\TKDESTEP.dir\__\StepGeom\StepGeom_SurfaceOfLinearExtrusion.cxx.obj
[4580/5643] Building CXX object src\TKDESTEP\CMakeFiles\TKDESTEP.dir\__\StepGeom\StepGeom_SurfaceCurveAndBoundedCurve.cxx.obj
[4581/5643] Building CXX object src\TKDESTEP\CMakeFiles\TKDESTEP.dir\__\StepGeom\StepGeom_SurfaceCurve.cxx.obj
[4582/5643] Building CXX object src\TKDESTEP\CMakeFiles\TKDESTEP.dir\__\StepGeom\StepGeom_SurfacePatch.cxx.obj
[4583/5643] Building CXX object src\TKDESTEP\CMakeFiles\TKDESTEP.dir\__\StepGeom\StepGeom_SurfaceOfRevolution.cxx.obj
[4584/5643] Building CXX object src\TKDESTEP\CMakeFiles\TKDESTEP.dir\__\StepGeom\StepGeom_SweptSurface.cxx.obj
[4585/5643] Building CXX object src\TKDESTEP\CMakeFiles\TKDESTEP.dir\__\StepGeom\StepGeom_SurfaceReplica.cxx.obj
[4586/5643] Building CXX object src\TKDESTEP\CMakeFiles\TKDESTEP.dir\__\StepGeom\StepGeom_ToroidalSurface.cxx.obj
[4587/5643] Building CXX object src\TKDESTEP\CMakeFiles\TKDESTEP.dir\__\StepGeom\StepGeom_TrimmingMember.cxx.obj
[4588/5643] Building CXX object src\TKDESTEP\CMakeFiles\TKDESTEP.dir\__\StepGeom\StepGeom_TrimmingSelect.cxx.obj
[4589/5643] Building CXX object src\TKDESTEP\CMakeFiles\TKDESTEP.dir\__\StepGeom\StepGeom_TrimmedCurve.cxx.obj
[4590/5643] Building CXX object src\TKDESTEP\CMakeFiles\TKDESTEP.dir\__\StepGeom\StepGeom_UniformCurve.cxx.obj
[4591/5643] Building CXX object src\TKDESTEP\CMakeFiles\TKDESTEP.dir\__\StepGeom\StepGeom_UniformCurveAndRationalBSplineCurve.cxx.obj
[4592/5643] Building CXX object src\TKDESTEP\CMakeFiles\TKDESTEP.dir\__\StepGeom\StepGeom_UniformSurface.cxx.obj
[4593/5643] Building CXX object src\TKDESTEP\CMakeFiles\TKDESTEP.dir\__\StepGeom\StepGeom_UniformSurfaceAndRationalBSplineSurface.cxx.obj
[4594/5643] Building CXX object src\TKDESTEP\CMakeFiles\TKDESTEP.dir\__\StepGeom\StepGeom_VectorOrDirection.cxx.obj
[4595/5643] Building CXX object src\TKDESTEP\CMakeFiles\TKDESTEP.dir\__\StepGeom\StepGeom_Vector.cxx.obj
[4596/5643] Building CXX object src\TKDESTEP\CMakeFiles\TKDESTEP.dir\__\RWStepGeom\RWStepGeom_RWAxis1Placement.cxx.obj
[4597/5643] Building CXX object src\TKDESTEP\CMakeFiles\TKDESTEP.dir\__\RWStepGeom\RWStepGeom_RWAxis2Placement2d.cxx.obj
[4598/5643] Building CXX object src\TKDESTEP\CMakeFiles\TKDESTEP.dir\__\RWStepGeom\RWStepGeom_RWAxis2Placement3d.cxx.obj
[4599/5643] Building CXX object src\TKDESTEP\CMakeFiles\TKDESTEP.dir\__\RWStepGeom\RWStepGeom_RWBezierCurve.cxx.obj
[4600/5643] Building CXX object src\TKDESTEP\CMakeFiles\TKDESTEP.dir\__\RWStepGeom\RWStepGeom_RWBezierCurveAndRationalBSplineCurve.cxx.obj
[4601/5643] Building CXX object src\TKDESTEP\CMakeFiles\TKDESTEP.dir\__\RWStepGeom\RWStepGeom_RWBezierSurface.cxx.obj
[4602/5643] Building CXX object src\TKDESTEP\CMakeFiles\TKDESTEP.dir\__\RWStepGeom\RWStepGeom_RWBezierSurfaceAndRationalBSplineSurface.cxx.obj
[4603/5643] Building CXX object src\TKDESTEP\CMakeFiles\TKDESTEP.dir\__\RWStepGeom\RWStepGeom_RWBoundaryCurve.cxx.obj
[4604/5643] Building CXX object src\TKDESTEP\CMakeFiles\TKDESTEP.dir\__\RWStepGeom\RWStepGeom_RWBoundedCurve.cxx.obj
[4605/5643] Building CXX object src\TKDESTEP\CMakeFiles\TKDESTEP.dir\__\RWStepGeom\RWStepGeom_RWBoundedSurface.cxx.obj
[4606/5643] Building CXX object src\TKDESTEP\CMakeFiles\TKDESTEP.dir\__\RWStepGeom\RWStepGeom_RWBSplineCurve.cxx.obj
[4607/5643] Building CXX object src\TKDESTEP\CMakeFiles\TKDESTEP.dir\__\RWStepGeom\RWStepGeom_RWBSplineCurveWithKnots.cxx.obj
[4608/5643] Building CXX object src\TKDESTEP\CMakeFiles\TKDESTEP.dir\__\RWStepGeom\RWStepGeom_RWBSplineSurface.cxx.obj
[4609/5643] Building CXX object src\TKDESTEP\CMakeFiles\TKDESTEP.dir\__\RWStepGeom\RWStepGeom_RWBSplineCurveWithKnotsAndRationalBSplineCurve.cxx.obj
[4610/5643] Building CXX object src\TKDESTEP\CMakeFiles\TKDESTEP.dir\__\RWStepGeom\RWStepGeom_RWCartesianPoint.cxx.obj
[4611/5643] Building CXX object src\TKDESTEP\CMakeFiles\TKDESTEP.dir\__\RWStepGeom\RWStepGeom_RWCartesianTransformationOperator.cxx.obj
[4612/5643] Building CXX object src\TKDESTEP\CMakeFiles\TKDESTEP.dir\__\RWStepGeom\RWStepGeom_RWBSplineSurfaceWithKnots.cxx.obj
[4613/5643] Building CXX object src\TKDESTEP\CMakeFiles\TKDESTEP.dir\__\RWStepGeom\RWStepGeom_RWBSplineSurfaceWithKnotsAndRationalBSplineSurface.cxx.obj
[4614/5643] Building CXX object src\TKDESTEP\CMakeFiles\TKDESTEP.dir\__\RWStepGeom\RWStepGeom_RWCircle.cxx.obj
[4615/5643] Building CXX object src\TKDESTEP\CMakeFiles\TKDESTEP.dir\__\RWStepGeom\RWStepGeom_RWCartesianTransformationOperator3d.cxx.obj
[4616/5643] Building CXX object src\TKDESTEP\CMakeFiles\TKDESTEP.dir\__\RWStepGeom\RWStepGeom_RWCompositeCurve.cxx.obj
[4617/5643] Building CXX object src\TKDESTEP\CMakeFiles\TKDESTEP.dir\__\RWStepGeom\RWStepGeom_RWCompositeCurveOnSurface.cxx.obj
[4618/5643] Building CXX object src\TKDESTEP\CMakeFiles\TKDESTEP.dir\__\RWStepGeom\RWStepGeom_RWConic.cxx.obj
[4619/5643] Building CXX object src\TKDESTEP\CMakeFiles\TKDESTEP.dir\__\RWStepGeom\RWStepGeom_RWCompositeCurveSegment.cxx.obj
[4620/5643] Building CXX object src\TKDESTEP\CMakeFiles\TKDESTEP.dir\__\RWStepGeom\RWStepGeom_RWConicalSurface.cxx.obj
[4621/5643] Building CXX object src\TKDESTEP\CMakeFiles\TKDESTEP.dir\__\RWStepGeom\RWStepGeom_RWCurve.cxx.obj
[4622/5643] Building CXX object src\TKDESTEP\CMakeFiles\TKDESTEP.dir\__\RWStepGeom\RWStepGeom_RWCurveReplica.cxx.obj
[4623/5643] Building CXX object src\TKDESTEP\CMakeFiles\TKDESTEP.dir\__\RWStepGeom\RWStepGeom_RWCurveBoundedSurface.cxx.obj
[4624/5643] Building CXX object src\TKDESTEP\CMakeFiles\TKDESTEP.dir\__\RWStepGeom\RWStepGeom_RWCylindricalSurface.cxx.obj
[4625/5643] Building CXX object src\TKDESTEP\CMakeFiles\TKDESTEP.dir\__\RWStepGeom\RWStepGeom_RWDegeneratePcurve.cxx.obj
[4626/5643] Building CXX object src\TKDESTEP\CMakeFiles\TKDESTEP.dir\__\RWStepGeom\RWStepGeom_RWDegenerateToroidalSurface.cxx.obj
[4627/5643] Building CXX object src\TKDESTEP\CMakeFiles\TKDESTEP.dir\__\RWStepGeom\RWStepGeom_RWDirection.cxx.obj
[4628/5643] Building CXX object src\TKDESTEP\CMakeFiles\TKDESTEP.dir\__\RWStepGeom\RWStepGeom_RWElementarySurface.cxx.obj
[4629/5643] Building CXX object src\TKDESTEP\CMakeFiles\TKDESTEP.dir\__\RWStepGeom\RWStepGeom_RWEllipse.cxx.obj
[4630/5643] Building CXX object src\TKDESTEP\CMakeFiles\TKDESTEP.dir\__\RWStepGeom\RWStepGeom_RWGeometricRepresentationContext.cxx.obj
[4631/5643] Building CXX object src\TKDESTEP\CMakeFiles\TKDESTEP.dir\__\RWStepGeom\RWStepGeom_RWEvaluatedDegeneratePcurve.cxx.obj
[4632/5643] Building CXX object src\TKDESTEP\CMakeFiles\TKDESTEP.dir\__\RWStepGeom\RWStepGeom_RWGeometricRepresentationContextAndGlobalUnitAssignedContext.cxx.obj
[4633/5643] Building CXX object src\TKDESTEP\CMakeFiles\TKDESTEP.dir\__\RWStepGeom\RWStepGeom_RWGeometricRepresentationContextAndParametricRepresentationContext.cxx.obj
[4634/5643] Building CXX object src\TKDESTEP\CMakeFiles\TKDESTEP.dir\__\RWStepGeom\RWStepGeom_RWGeometricRepresentationItem.cxx.obj
[4635/5643] Building CXX object src\TKDESTEP\CMakeFiles\TKDESTEP.dir\__\RWStepGeom\RWStepGeom_RWGeomRepContextAndGlobUnitAssCtxAndGlobUncertaintyAssCtx.cxx.obj
[4636/5643] Building CXX object src\TKDESTEP\CMakeFiles\TKDESTEP.dir\__\RWStepGeom\RWStepGeom_RWHyperbola.cxx.obj
[4637/5643] Building CXX object src\TKDESTEP\CMakeFiles\TKDESTEP.dir\__\RWStepGeom\RWStepGeom_RWIntersectionCurve.cxx.obj
[4638/5643] Building CXX object src\TKDESTEP\CMakeFiles\TKDESTEP.dir\__\RWStepGeom\RWStepGeom_RWLine.cxx.obj
[4639/5643] Building CXX object src\TKDESTEP\CMakeFiles\TKDESTEP.dir\__\RWStepGeom\RWStepGeom_RWOffsetCurve3d.cxx.obj
[4640/5643] Building CXX object src\TKDESTEP\CMakeFiles\TKDESTEP.dir\__\RWStepGeom\RWStepGeom_RWOffsetSurface.cxx.obj
[4641/5643] Building CXX object src\TKDESTEP\CMakeFiles\TKDESTEP.dir\__\RWStepGeom\RWStepGeom_RWOrientedSurface.cxx.obj
[4642/5643] Building CXX object src\TKDESTEP\CMakeFiles\TKDESTEP.dir\__\RWStepGeom\RWStepGeom_RWOuterBoundaryCurve.cxx.obj
[4643/5643] Building CXX object src\TKDESTEP\CMakeFiles\TKDESTEP.dir\__\RWStepGeom\RWStepGeom_RWParabola.cxx.obj
[4644/5643] Building CXX object src\TKDESTEP\CMakeFiles\TKDESTEP.dir\__\RWStepGeom\RWStepGeom_RWPcurve.cxx.obj
[4645/5643] Building CXX object src\TKDESTEP\CMakeFiles\TKDESTEP.dir\__\RWStepGeom\RWStepGeom_RWPlacement.cxx.obj
[4646/5643] Building CXX object src\TKDESTEP\CMakeFiles\TKDESTEP.dir\__\RWStepGeom\RWStepGeom_RWPoint.cxx.obj
[4647/5643] Building CXX object src\TKDESTEP\CMakeFiles\TKDESTEP.dir\__\RWStepGeom\RWStepGeom_RWPlane.cxx.obj
[4648/5643] Building CXX object src\TKDESTEP\CMakeFiles\TKDESTEP.dir\__\RWStepGeom\RWStepGeom_RWPointOnCurve.cxx.obj
[4649/5643] Building CXX object src\TKDESTEP\CMakeFiles\TKDESTEP.dir\__\RWStepGeom\RWStepGeom_RWPointOnSurface.cxx.obj
[4650/5643] Building CXX object src\TKDESTEP\CMakeFiles\TKDESTEP.dir\__\RWStepGeom\RWStepGeom_RWPointReplica.cxx.obj
[4651/5643] Building CXX object src\TKDESTEP\CMakeFiles\TKDESTEP.dir\__\RWStepGeom\RWStepGeom_RWPolyline.cxx.obj
[4652/5643] Building CXX object src\TKDESTEP\CMakeFiles\TKDESTEP.dir\__\RWStepGeom\RWStepGeom_RWQuasiUniformCurve.cxx.obj
[4653/5643] Building CXX object src\TKDESTEP\CMakeFiles\TKDESTEP.dir\__\RWStepGeom\RWStepGeom_RWQuasiUniformCurveAndRationalBSplineCurve.cxx.obj
[4654/5643] Building CXX object src\TKDESTEP\CMakeFiles\TKDESTEP.dir\__\RWStepGeom\RWStepGeom_RWQuasiUniformSurface.cxx.obj
[4655/5643] Building CXX object src\TKDESTEP\CMakeFiles\TKDESTEP.dir\__\RWStepGeom\RWStepGeom_RWQuasiUniformSurfaceAndRationalBSplineSurface.cxx.obj
[4656/5643] Building CXX object src\TKDESTEP\CMakeFiles\TKDESTEP.dir\__\RWStepGeom\RWStepGeom_RWRationalBSplineCurve.cxx.obj
[4657/5643] Building CXX object src\TKDESTEP\CMakeFiles\TKDESTEP.dir\__\RWStepGeom\RWStepGeom_RWRationalBSplineSurface.cxx.obj
[4658/5643] Building CXX object src\TKDESTEP\CMakeFiles\TKDESTEP.dir\__\RWStepGeom\RWStepGeom_RWRectangularTrimmedSurface.cxx.obj
[4659/5643] Building CXX object src\TKDESTEP\CMakeFiles\TKDESTEP.dir\__\RWStepGeom\RWStepGeom_RWRectangularCompositeSurface.cxx.obj
[4660/5643] Building CXX object src\TKDESTEP\CMakeFiles\TKDESTEP.dir\__\RWStepGeom\RWStepGeom_RWReparametrisedCompositeCurveSegment.cxx.obj
[4661/5643] Building CXX object src\TKDESTEP\CMakeFiles\TKDESTEP.dir\__\RWStepGeom\RWStepGeom_RWSeamCurve.cxx.obj
[4662/5643] Building CXX object src\TKDESTEP\CMakeFiles\TKDESTEP.dir\__\RWStepGeom\RWStepGeom_RWSphericalSurface.cxx.obj
[4663/5643] Building CXX object src\TKDESTEP\CMakeFiles\TKDESTEP.dir\__\RWStepGeom\RWStepGeom_RWSuParameters.cxx.obj
[4664/5643] Building CXX object src\TKDESTEP\CMakeFiles\TKDESTEP.dir\__\RWStepGeom\RWStepGeom_RWSurface.cxx.obj
[4665/5643] Building CXX object src\TKDESTEP\CMakeFiles\TKDESTEP.dir\__\RWStepGeom\RWStepGeom_RWSurfaceCurve.cxx.obj
[4666/5643] Building CXX object src\TKDESTEP\CMakeFiles\TKDESTEP.dir\__\RWStepGeom\RWStepGeom_RWSurfaceOfLinearExtrusion.cxx.obj
[4667/5643] Building CXX object src\TKDESTEP\CMakeFiles\TKDESTEP.dir\__\RWStepGeom\RWStepGeom_RWSurfaceCurveAndBoundedCurve.cxx.obj
[4668/5643] Building CXX object src\TKDESTEP\CMakeFiles\TKDESTEP.dir\__\RWStepGeom\RWStepGeom_RWSurfaceOfRevolution.cxx.obj
[4669/5643] Building CXX object src\TKDESTEP\CMakeFiles\TKDESTEP.dir\__\RWStepGeom\RWStepGeom_RWSurfacePatch.cxx.obj
[4670/5643] Building CXX object src\TKDESTEP\CMakeFiles\TKDESTEP.dir\__\RWStepGeom\RWStepGeom_RWSurfaceReplica.cxx.obj
[4671/5643] Building CXX object src\TKDESTEP\CMakeFiles\TKDESTEP.dir\__\RWStepGeom\RWStepGeom_RWSweptSurface.cxx.obj
[4672/5643] Building CXX object src\TKDESTEP\CMakeFiles\TKDESTEP.dir\__\RWStepGeom\RWStepGeom_RWToroidalSurface.cxx.obj
[4673/5643] Building CXX object src\TKDESTEP\CMakeFiles\TKDESTEP.dir\__\RWStepGeom\RWStepGeom_RWTrimmedCurve.cxx.obj
[4674/5643] Building CXX object src\TKDESTEP\CMakeFiles\TKDESTEP.dir\__\RWStepGeom\RWStepGeom_RWUniformCurve.cxx.obj
[4675/5643] Building CXX object src\TKDESTEP\CMakeFiles\TKDESTEP.dir\__\RWStepGeom\RWStepGeom_RWUniformCurveAndRationalBSplineCurve.cxx.obj
[4676/5643] Building CXX object src\TKDESTEP\CMakeFiles\TKDESTEP.dir\__\RWStepGeom\RWStepGeom_RWUniformSurface.cxx.obj
[4677/5643] Building CXX object src\TKDESTEP\CMakeFiles\TKDESTEP.dir\__\StepShape\StepShape_AdvancedBrepShapeRepresentation.cxx.obj
[4678/5643] Building CXX object src\TKDESTEP\CMakeFiles\TKDESTEP.dir\__\StepShape\StepShape_AdvancedFace.cxx.obj
[4679/5643] Building CXX object src\TKDESTEP\CMakeFiles\TKDESTEP.dir\__\RWStepGeom\RWStepGeom_RWVector.cxx.obj
[4680/5643] Building CXX object src\TKDESTEP\CMakeFiles\TKDESTEP.dir\__\RWStepGeom\RWStepGeom_RWUniformSurfaceAndRationalBSplineSurface.cxx.obj
[4681/5643] Building CXX object src\TKDESTEP\CMakeFiles\TKDESTEP.dir\__\StepShape\StepShape_AngularLocation.cxx.obj
[4682/5643] Building CXX object src\TKDESTEP\CMakeFiles\TKDESTEP.dir\__\StepShape\StepShape_AngularSize.cxx.obj
[4683/5643] Building CXX object src\TKDESTEP\CMakeFiles\TKDESTEP.dir\__\StepShape\StepShape_BooleanOperand.cxx.obj
[4684/5643] Building CXX object src\TKDESTEP\CMakeFiles\TKDESTEP.dir\__\StepShape\StepShape_Block.cxx.obj
[4685/5643] Building CXX object src\TKDESTEP\CMakeFiles\TKDESTEP.dir\__\StepShape\StepShape_BooleanResult.cxx.obj
[4686/5643] Building CXX object src\TKDESTEP\CMakeFiles\TKDESTEP.dir\__\StepShape\StepShape_BoxedHalfSpace.cxx.obj
[4687/5643] Building CXX object src\TKDESTEP\CMakeFiles\TKDESTEP.dir\__\StepShape\StepShape_BoxDomain.cxx.obj
[4688/5643] Building CXX object src\TKDESTEP\CMakeFiles\TKDESTEP.dir\__\StepShape\StepShape_BrepWithVoids.cxx.obj
[4689/5643] Building CXX object src\TKDESTEP\CMakeFiles\TKDESTEP.dir\__\StepShape\StepShape_CompoundShapeRepresentation.cxx.obj
[4690/5643] Building CXX object src\TKDESTEP\CMakeFiles\TKDESTEP.dir\__\StepShape\StepShape_ClosedShell.cxx.obj
[4691/5643] Building CXX object src\TKDESTEP\CMakeFiles\TKDESTEP.dir\__\StepShape\StepShape_ConnectedEdgeSet.cxx.obj
[4692/5643] Building CXX object src\TKDESTEP\CMakeFiles\TKDESTEP.dir\__\StepShape\StepShape_ContextDependentShapeRepresentation.cxx.obj
[4693/5643] Building CXX object src\TKDESTEP\CMakeFiles\TKDESTEP.dir\__\StepShape\StepShape_ConnectedFaceSet.cxx.obj
[4694/5643] Building CXX object src\TKDESTEP\CMakeFiles\TKDESTEP.dir\__\StepShape\StepShape_ConnectedFaceShapeRepresentation.cxx.obj
[4695/5643] Building CXX object src\TKDESTEP\CMakeFiles\TKDESTEP.dir\__\StepShape\StepShape_ConnectedFaceSubSet.cxx.obj
[4696/5643] Building CXX object src\TKDESTEP\CMakeFiles\TKDESTEP.dir\__\StepShape\StepShape_CsgSelect.cxx.obj
[4697/5643] Building CXX object src\TKDESTEP\CMakeFiles\TKDESTEP.dir\__\StepShape\StepShape_CsgPrimitive.cxx.obj
[4698/5643] Building CXX object src\TKDESTEP\CMakeFiles\TKDESTEP.dir\__\StepShape\StepShape_CsgShapeRepresentation.cxx.obj
[4699/5643] Building CXX object src\TKDESTEP\CMakeFiles\TKDESTEP.dir\__\StepShape\StepShape_CsgSolid.cxx.obj
[4700/5643] Building CXX object src\TKDESTEP\CMakeFiles\TKDESTEP.dir\__\StepShape\StepShape_DimensionalCharacteristic.cxx.obj
[4701/5643] Building CXX object src\TKDESTEP\CMakeFiles\TKDESTEP.dir\__\StepShape\StepShape_DefinitionalRepresentationAndShapeRepresentation.cxx.obj
[4702/5643] Building CXX object src\TKDESTEP\CMakeFiles\TKDESTEP.dir\__\StepShape\StepShape_DimensionalLocation.cxx.obj
[4703/5643] Building CXX object src\TKDESTEP\CMakeFiles\TKDESTEP.dir\__\StepShape\StepShape_DimensionalLocationWithPath.cxx.obj
[4704/5643] Building CXX object src\TKDESTEP\CMakeFiles\TKDESTEP.dir\__\StepShape\StepShape_DimensionalCharacteristicRepresentation.cxx.obj
[4705/5643] Building CXX object src\TKDESTEP\CMakeFiles\TKDESTEP.dir\__\StepShape\StepShape_DimensionalSize.cxx.obj
[4706/5643] Building CXX object src\TKDESTEP\CMakeFiles\TKDESTEP.dir\__\StepShape\StepShape_DimensionalSizeWithPath.cxx.obj
[4707/5643] Building CXX object src\TKDESTEP\CMakeFiles\TKDESTEP.dir\__\StepShape\StepShape_DirectedDimensionalLocation.cxx.obj
[4708/5643] Building CXX object src\TKDESTEP\CMakeFiles\TKDESTEP.dir\__\StepShape\StepShape_Edge.cxx.obj
[4709/5643] Building CXX object src\TKDESTEP\CMakeFiles\TKDESTEP.dir\__\StepShape\StepShape_EdgeBasedWireframeModel.cxx.obj
[4710/5643] Building CXX object src\TKDESTEP\CMakeFiles\TKDESTEP.dir\__\StepShape\StepShape_EdgeCurve.cxx.obj
[4711/5643] Building CXX object src\TKDESTEP\CMakeFiles\TKDESTEP.dir\__\StepShape\StepShape_EdgeBasedWireframeShapeRepresentation.cxx.obj
[4712/5643] Building CXX object src\TKDESTEP\CMakeFiles\TKDESTEP.dir\__\StepShape\StepShape_EdgeLoop.cxx.obj
[4713/5643] Building CXX object src\TKDESTEP\CMakeFiles\TKDESTEP.dir\__\StepShape\StepShape_ExtrudedAreaSolid.cxx.obj
[4714/5643] Building CXX object src\TKDESTEP\CMakeFiles\TKDESTEP.dir\__\StepShape\StepShape_Face.cxx.obj
[4715/5643] Building CXX object src\TKDESTEP\CMakeFiles\TKDESTEP.dir\__\StepShape\StepShape_ExtrudedFaceSolid.cxx.obj
[4716/5643] Building CXX object src\TKDESTEP\CMakeFiles\TKDESTEP.dir\__\StepShape\StepShape_FaceBasedSurfaceModel.cxx.obj
[4717/5643] Building CXX object src\TKDESTEP\CMakeFiles\TKDESTEP.dir\__\StepShape\StepShape_FaceOuterBound.cxx.obj
[4718/5643] Building CXX object src\TKDESTEP\CMakeFiles\TKDESTEP.dir\__\StepShape\StepShape_FaceBound.cxx.obj
[4719/5643] Building CXX object src\TKDESTEP\CMakeFiles\TKDESTEP.dir\__\StepShape\StepShape_FaceSurface.cxx.obj
[4720/5643] Building CXX object src\TKDESTEP\CMakeFiles\TKDESTEP.dir\__\StepShape\StepShape_FacetedBrep.cxx.obj
[4721/5643] Building CXX object src\TKDESTEP\CMakeFiles\TKDESTEP.dir\__\StepShape\StepShape_FacetedBrepShapeRepresentation.cxx.obj
[4722/5643] Building CXX object src\TKDESTEP\CMakeFiles\TKDESTEP.dir\__\StepShape\StepShape_FacetedBrepAndBrepWithVoids.cxx.obj
[4723/5643] Building CXX object src\TKDESTEP\CMakeFiles\TKDESTEP.dir\__\StepShape\StepShape_GeometricallyBoundedSurfaceShapeRepresentation.cxx.obj
[4724/5643] Building CXX object src\TKDESTEP\CMakeFiles\TKDESTEP.dir\__\StepShape\StepShape_GeometricallyBoundedWireframeShapeRepresentation.cxx.obj
[4725/5643] Building CXX object src\TKDESTEP\CMakeFiles\TKDESTEP.dir\__\StepShape\StepShape_GeometricCurveSet.cxx.obj
[4726/5643] Building CXX object src\TKDESTEP\CMakeFiles\TKDESTEP.dir\__\StepShape\StepShape_GeometricSetSelect.cxx.obj
[4727/5643] Building CXX object src\TKDESTEP\CMakeFiles\TKDESTEP.dir\__\StepShape\StepShape_GeometricSet.cxx.obj
[4728/5643] Building CXX object src\TKDESTEP\CMakeFiles\TKDESTEP.dir\__\StepShape\StepShape_HalfSpaceSolid.cxx.obj
[4729/5643] Building CXX object src\TKDESTEP\CMakeFiles\TKDESTEP.dir\__\StepShape\StepShape_Loop.cxx.obj
[4730/5643] Building CXX object src\TKDESTEP\CMakeFiles\TKDESTEP.dir\__\StepShape\StepShape_LimitsAndFits.cxx.obj
[4731/5643] Building CXX object src\TKDESTEP\CMakeFiles\TKDESTEP.dir\__\StepShape\StepShape_LoopAndPath.cxx.obj
[4732/5643] Building CXX object src\TKDESTEP\CMakeFiles\TKDESTEP.dir\__\StepShape\StepShape_ManifoldSolidBrep.cxx.obj
[4733/5643] Building CXX object src\TKDESTEP\CMakeFiles\TKDESTEP.dir\__\StepShape\StepShape_ManifoldSurfaceShapeRepresentation.cxx.obj
[4734/5643] Building CXX object src\TKDESTEP\CMakeFiles\TKDESTEP.dir\__\StepShape\StepShape_MeasureQualification.cxx.obj
[4735/5643] Building CXX object src\TKDESTEP\CMakeFiles\TKDESTEP.dir\__\StepShape\StepShape_NonManifoldSurfaceShapeRepresentation.cxx.obj
[4736/5643] Building CXX object src\TKDESTEP\CMakeFiles\TKDESTEP.dir\__\StepShape\StepShape_MeasureRepresentationItemAndQualifiedRepresentationItem.cxx.obj
[4737/5643] Building CXX object src\TKDESTEP\CMakeFiles\TKDESTEP.dir\__\StepShape\StepShape_OpenShell.cxx.obj
[4738/5643] Building CXX object src\TKDESTEP\CMakeFiles\TKDESTEP.dir\__\StepShape\StepShape_OrientedClosedShell.cxx.obj
[4739/5643] Building CXX object src\TKDESTEP\CMakeFiles\TKDESTEP.dir\__\StepShape\StepShape_OrientedEdge.cxx.obj
[4740/5643] Building CXX object src\TKDESTEP\CMakeFiles\TKDESTEP.dir\__\StepShape\StepShape_OrientedFace.cxx.obj
[4741/5643] Building CXX object src\TKDESTEP\CMakeFiles\TKDESTEP.dir\__\StepShape\StepShape_OrientedOpenShell.cxx.obj
[4742/5643] Building CXX object src\TKDESTEP\CMakeFiles\TKDESTEP.dir\__\StepShape\StepShape_OrientedPath.cxx.obj
[4743/5643] Building CXX object src\TKDESTEP\CMakeFiles\TKDESTEP.dir\__\StepShape\StepShape_PlusMinusTolerance.cxx.obj
[4744/5643] Building CXX object src\TKDESTEP\CMakeFiles\TKDESTEP.dir\__\StepShape\StepShape_Path.cxx.obj
[4745/5643] Building CXX object src\TKDESTEP\CMakeFiles\TKDESTEP.dir\__\StepShape\StepShape_PointRepresentation.cxx.obj
[4746/5643] Building CXX object src\TKDESTEP\CMakeFiles\TKDESTEP.dir\__\StepShape\StepShape_PrecisionQualifier.cxx.obj
[4747/5643] Building CXX object src\TKDESTEP\CMakeFiles\TKDESTEP.dir\__\StepShape\StepShape_PolyLoop.cxx.obj
[4748/5643] Building CXX object src\TKDESTEP\CMakeFiles\TKDESTEP.dir\__\StepShape\StepShape_QualifiedRepresentationItem.cxx.obj
[4749/5643] Building CXX object src\TKDESTEP\CMakeFiles\TKDESTEP.dir\__\StepShape\StepShape_ReversibleTopologyItem.cxx.obj
[4750/5643] Building CXX object src\TKDESTEP\CMakeFiles\TKDESTEP.dir\__\StepShape\StepShape_RevolvedAreaSolid.cxx.obj
[4751/5643] Building CXX object src\TKDESTEP\CMakeFiles\TKDESTEP.dir\__\StepShape\StepShape_RightAngularWedge.cxx.obj
[4752/5643] Building CXX object src\TKDESTEP\CMakeFiles\TKDESTEP.dir\__\StepShape\StepShape_RevolvedFaceSolid.cxx.obj
[4753/5643] Building CXX object src\TKDESTEP\CMakeFiles\TKDESTEP.dir\__\StepShape\StepShape_RightCircularCone.cxx.obj
[4754/5643] Building CXX object src\TKDESTEP\CMakeFiles\TKDESTEP.dir\__\StepShape\StepShape_RightCircularCylinder.cxx.obj
[4755/5643] Building CXX object src\TKDESTEP\CMakeFiles\TKDESTEP.dir\__\StepShape\StepShape_ShapeDefinitionRepresentation.cxx.obj
[4756/5643] Building CXX object src\TKDESTEP\CMakeFiles\TKDESTEP.dir\__\StepShape\StepShape_SeamEdge.cxx.obj
[4757/5643] Building CXX object src\TKDESTEP\CMakeFiles\TKDESTEP.dir\__\StepShape\StepShape_ShapeDimensionRepresentationItem.cxx.obj
[4758/5643] Building CXX object src\TKDESTEP\CMakeFiles\TKDESTEP.dir\__\StepShape\StepShape_ShapeDimensionRepresentation.cxx.obj
[4759/5643] Building CXX object src\TKDESTEP\CMakeFiles\TKDESTEP.dir\__\StepShape\StepShape_ShapeRepresentation.cxx.obj
[4760/5643] Building CXX object src\TKDESTEP\CMakeFiles\TKDESTEP.dir\__\StepShape\StepShape_ShapeRepresentationWithParameters.cxx.obj
[4761/5643] Building CXX object src\TKDESTEP\CMakeFiles\TKDESTEP.dir\__\StepShape\StepShape_SolidModel.cxx.obj
[4762/5643] Building CXX object src\TKDESTEP\CMakeFiles\TKDESTEP.dir\__\StepShape\StepShape_Shell.cxx.obj
[4763/5643] Building CXX object src\TKDESTEP\CMakeFiles\TKDESTEP.dir\__\StepShape\StepShape_ShellBasedSurfaceModel.cxx.obj
[4764/5643] Building CXX object src\TKDESTEP\CMakeFiles\TKDESTEP.dir\__\StepShape\StepShape_SolidReplica.cxx.obj
[4765/5643] Building CXX object src\TKDESTEP\CMakeFiles\TKDESTEP.dir\__\StepShape\StepShape_Sphere.cxx.obj
[4766/5643] Building CXX object src\TKDESTEP\CMakeFiles\TKDESTEP.dir\__\StepShape\StepShape_Subedge.cxx.obj
[4767/5643] Building CXX object src\TKDESTEP\CMakeFiles\TKDESTEP.dir\__\StepShape\StepShape_Subface.cxx.obj
[4768/5643] Building CXX object src\TKDESTEP\CMakeFiles\TKDESTEP.dir\__\StepShape\StepShape_SurfaceModel.cxx.obj
[4769/5643] Building CXX object src\TKDESTEP\CMakeFiles\TKDESTEP.dir\__\StepShape\StepShape_ToleranceMethodDefinition.cxx.obj
[4770/5643] Building CXX object src\TKDESTEP\CMakeFiles\TKDESTEP.dir\__\StepShape\StepShape_SweptAreaSolid.cxx.obj
[4771/5643] Building CXX object src\TKDESTEP\CMakeFiles\TKDESTEP.dir\__\StepShape\StepShape_SweptFaceSolid.cxx.obj
[4772/5643] Building CXX object src\TKDESTEP\CMakeFiles\TKDESTEP.dir\__\StepShape\StepShape_ToleranceValue.cxx.obj
[4773/5643] Building CXX object src\TKDESTEP\CMakeFiles\TKDESTEP.dir\__\StepShape\StepShape_TopologicalRepresentationItem.cxx.obj
[4774/5643] Building CXX object src\TKDESTEP\CMakeFiles\TKDESTEP.dir\__\StepShape\StepShape_Torus.cxx.obj
[4775/5643] Building CXX object src\TKDESTEP\CMakeFiles\TKDESTEP.dir\__\StepShape\StepShape_TransitionalShapeRepresentation.cxx.obj
[4776/5643] Building CXX object src\TKDESTEP\CMakeFiles\TKDESTEP.dir\__\StepShape\StepShape_TypeQualifier.cxx.obj
[4777/5643] Building CXX object src\TKDESTEP\CMakeFiles\TKDESTEP.dir\__\StepShape\StepShape_ValueFormatTypeQualifier.cxx.obj
[4778/5643] Building CXX object src\TKDESTEP\CMakeFiles\TKDESTEP.dir\__\StepShape\StepShape_ValueQualifier.cxx.obj
[4779/5643] Building CXX object src\TKDESTEP\CMakeFiles\TKDESTEP.dir\__\StepShape\StepShape_Vertex.cxx.obj
[4780/5643] Building CXX object src\TKDESTEP\CMakeFiles\TKDESTEP.dir\__\StepShape\StepShape_VertexLoop.cxx.obj
[4781/5643] Building CXX object src\TKDESTEP\CMakeFiles\TKDESTEP.dir\__\StepShape\StepShape_VertexPoint.cxx.obj
[4782/5643] Building CXX object src\TKDESTEP\CMakeFiles\TKDESTEP.dir\__\RWStepShape\RWStepShape_RWAdvancedBrepShapeRepresentation.cxx.obj
[4783/5643] Building CXX object src\TKDESTEP\CMakeFiles\TKDESTEP.dir\__\RWStepShape\RWStepShape_RWAdvancedFace.cxx.obj
[4784/5643] Building CXX object src\TKDESTEP\CMakeFiles\TKDESTEP.dir\__\RWStepShape\RWStepShape_RWAngularLocation.cxx.obj
[4785/5643] Building CXX object src\TKDESTEP\CMakeFiles\TKDESTEP.dir\__\RWStepShape\RWStepShape_RWAngularSize.cxx.obj
[4786/5643] Building CXX object src\TKDESTEP\CMakeFiles\TKDESTEP.dir\__\RWStepShape\RWStepShape_RWBlock.cxx.obj
[4787/5643] Building CXX object src\TKDESTEP\CMakeFiles\TKDESTEP.dir\__\RWStepShape\RWStepShape_RWBooleanResult.cxx.obj
[4788/5643] Building CXX object src\TKDESTEP\CMakeFiles\TKDESTEP.dir\__\RWStepShape\RWStepShape_RWBoxDomain.cxx.obj
[4789/5643] Building CXX object src\TKDESTEP\CMakeFiles\TKDESTEP.dir\__\RWStepShape\RWStepShape_RWBoxedHalfSpace.cxx.obj
[4790/5643] Building CXX object src\TKDESTEP\CMakeFiles\TKDESTEP.dir\__\RWStepShape\RWStepShape_RWClosedShell.cxx.obj
[4791/5643] Building CXX object src\TKDESTEP\CMakeFiles\TKDESTEP.dir\__\RWStepShape\RWStepShape_RWCompoundShapeRepresentation.cxx.obj
[4792/5643] Building CXX object src\TKDESTEP\CMakeFiles\TKDESTEP.dir\__\RWStepShape\RWStepShape_RWBrepWithVoids.cxx.obj
[4793/5643] Building CXX object src\TKDESTEP\CMakeFiles\TKDESTEP.dir\__\RWStepShape\RWStepShape_RWConnectedEdgeSet.cxx.obj
[4794/5643] Building CXX object src\TKDESTEP\CMakeFiles\TKDESTEP.dir\__\RWStepShape\RWStepShape_RWConnectedFaceSet.cxx.obj
[4795/5643] Building CXX object src\TKDESTEP\CMakeFiles\TKDESTEP.dir\__\RWStepShape\RWStepShape_RWConnectedFaceShapeRepresentation.cxx.obj
[4796/5643] Building CXX object src\TKDESTEP\CMakeFiles\TKDESTEP.dir\__\RWStepShape\RWStepShape_RWConnectedFaceSubSet.cxx.obj
[4797/5643] Building CXX object src\TKDESTEP\CMakeFiles\TKDESTEP.dir\__\RWStepShape\RWStepShape_RWContextDependentShapeRepresentation.cxx.obj
[4798/5643] Building CXX object src\TKDESTEP\CMakeFiles\TKDESTEP.dir\__\RWStepShape\RWStepShape_RWCsgShapeRepresentation.cxx.obj
[4799/5643] Building CXX object src\TKDESTEP\CMakeFiles\TKDESTEP.dir\__\RWStepShape\RWStepShape_RWCsgSolid.cxx.obj
[4800/5643] Building CXX object src\TKDESTEP\CMakeFiles\TKDESTEP.dir\__\RWStepShape\RWStepShape_RWDefinitionalRepresentationAndShapeRepresentation.cxx.obj
[4801/5643] Building CXX object src\TKDESTEP\CMakeFiles\TKDESTEP.dir\__\RWStepShape\RWStepShape_RWDimensionalCharacteristicRepresentation.cxx.obj
[4802/5643] Building CXX object src\TKDESTEP\CMakeFiles\TKDESTEP.dir\__\RWStepShape\RWStepShape_RWDimensionalLocation.cxx.obj
[4803/5643] Building CXX object src\TKDESTEP\CMakeFiles\TKDESTEP.dir\__\RWStepShape\RWStepShape_RWDimensionalLocationWithPath.cxx.obj
[4804/5643] Building CXX object src\TKDESTEP\CMakeFiles\TKDESTEP.dir\__\RWStepShape\RWStepShape_RWDimensionalSize.cxx.obj
[4805/5643] Building CXX object src\TKDESTEP\CMakeFiles\TKDESTEP.dir\__\RWStepShape\RWStepShape_RWDimensionalSizeWithPath.cxx.obj
[4806/5643] Building CXX object src\TKDESTEP\CMakeFiles\TKDESTEP.dir\__\RWStepShape\RWStepShape_RWEdge.cxx.obj
[4807/5643] Building CXX object src\TKDESTEP\CMakeFiles\TKDESTEP.dir\__\RWStepShape\RWStepShape_RWEdgeBasedWireframeShapeRepresentation.cxx.obj
[4808/5643] Building CXX object src\TKDESTEP\CMakeFiles\TKDESTEP.dir\__\RWStepShape\RWStepShape_RWEdgeBasedWireframeModel.cxx.obj
[4809/5643] Building CXX object src\TKDESTEP\CMakeFiles\TKDESTEP.dir\__\RWStepShape\RWStepShape_RWEdgeCurve.cxx.obj
[4810/5643] Building CXX object src\TKDESTEP\CMakeFiles\TKDESTEP.dir\__\RWStepShape\RWStepShape_RWEdgeLoop.cxx.obj
[4811/5643] Building CXX object src\TKDESTEP\CMakeFiles\TKDESTEP.dir\__\RWStepShape\RWStepShape_RWExtrudedAreaSolid.cxx.obj
[4812/5643] Building CXX object src\TKDESTEP\CMakeFiles\TKDESTEP.dir\__\RWStepShape\RWStepShape_RWExtrudedFaceSolid.cxx.obj
[4813/5643] Building CXX object src\TKDESTEP\CMakeFiles\TKDESTEP.dir\__\RWStepShape\RWStepShape_RWFace.cxx.obj
[4814/5643] Building CXX object src\TKDESTEP\CMakeFiles\TKDESTEP.dir\__\RWStepShape\RWStepShape_RWFaceOuterBound.cxx.obj
[4815/5643] Building CXX object src\TKDESTEP\CMakeFiles\TKDESTEP.dir\__\RWStepShape\RWStepShape_RWFaceBasedSurfaceModel.cxx.obj
[4816/5643] Building CXX object src\TKDESTEP\CMakeFiles\TKDESTEP.dir\__\RWStepShape\RWStepShape_RWFaceBound.cxx.obj
[4817/5643] Building CXX object src\TKDESTEP\CMakeFiles\TKDESTEP.dir\__\RWStepShape\RWStepShape_RWFaceSurface.cxx.obj
[4818/5643] Building CXX object src\TKDESTEP\CMakeFiles\TKDESTEP.dir\__\RWStepShape\RWStepShape_RWFacetedBrep.cxx.obj
[4819/5643] Building CXX object src\TKDESTEP\CMakeFiles\TKDESTEP.dir\__\RWStepShape\RWStepShape_RWFacetedBrepShapeRepresentation.cxx.obj
[4820/5643] Building CXX object src\TKDESTEP\CMakeFiles\TKDESTEP.dir\__\RWStepShape\RWStepShape_RWFacetedBrepAndBrepWithVoids.cxx.obj
[4821/5643] Building CXX object src\TKDESTEP\CMakeFiles\TKDESTEP.dir\__\RWStepShape\RWStepShape_RWGeometricallyBoundedSurfaceShapeRepresentation.cxx.obj
[4822/5643] Building CXX object src\TKDESTEP\CMakeFiles\TKDESTEP.dir\__\RWStepShape\RWStepShape_RWGeometricCurveSet.cxx.obj
[4823/5643] Building CXX object src\TKDESTEP\CMakeFiles\TKDESTEP.dir\__\RWStepShape\RWStepShape_RWGeometricallyBoundedWireframeShapeRepresentation.cxx.obj
[4824/5643] Building CXX object src\TKDESTEP\CMakeFiles\TKDESTEP.dir\__\RWStepShape\RWStepShape_RWGeometricSet.cxx.obj
[4825/5643] Building CXX object src\TKDESTEP\CMakeFiles\TKDESTEP.dir\__\RWStepShape\RWStepShape_RWHalfSpaceSolid.cxx.obj
[4826/5643] Building CXX object src\TKDESTEP\CMakeFiles\TKDESTEP.dir\__\RWStepShape\RWStepShape_RWLimitsAndFits.cxx.obj
[4827/5643] Building CXX object src\TKDESTEP\CMakeFiles\TKDESTEP.dir\__\RWStepShape\RWStepShape_RWLoop.cxx.obj
[4828/5643] Building CXX object src\TKDESTEP\CMakeFiles\TKDESTEP.dir\__\RWStepShape\RWStepShape_RWManifoldSolidBrep.cxx.obj
[4829/5643] Building CXX object src\TKDESTEP\CMakeFiles\TKDESTEP.dir\__\RWStepShape\RWStepShape_RWLoopAndPath.cxx.obj
[4830/5643] Building CXX object src\TKDESTEP\CMakeFiles\TKDESTEP.dir\__\RWStepShape\RWStepShape_RWMeasureQualification.cxx.obj
[4831/5643] Building CXX object src\TKDESTEP\CMakeFiles\TKDESTEP.dir\__\RWStepShape\RWStepShape_RWManifoldSurfaceShapeRepresentation.cxx.obj
[4832/5643] Building CXX object src\TKDESTEP\CMakeFiles\TKDESTEP.dir\__\RWStepShape\RWStepShape_RWMeasureRepresentationItemAndQualifiedRepresentationItem.cxx.obj
[4833/5643] Building CXX object src\TKDESTEP\CMakeFiles\TKDESTEP.dir\__\RWStepShape\RWStepShape_RWNonManifoldSurfaceShapeRepresentation.cxx.obj
[4834/5643] Building CXX object src\TKDESTEP\CMakeFiles\TKDESTEP.dir\__\RWStepShape\RWStepShape_RWOrientedClosedShell.cxx.obj
[4835/5643] Building CXX object src\TKDESTEP\CMakeFiles\TKDESTEP.dir\__\RWStepShape\RWStepShape_RWOrientedEdge.cxx.obj
[4836/5643] Building CXX object src\TKDESTEP\CMakeFiles\TKDESTEP.dir\__\RWStepShape\RWStepShape_RWOpenShell.cxx.obj
[4837/5643] Building CXX object src\TKDESTEP\CMakeFiles\TKDESTEP.dir\__\RWStepShape\RWStepShape_RWOrientedFace.cxx.obj
[4838/5643] Building CXX object src\TKDESTEP\CMakeFiles\TKDESTEP.dir\__\RWStepShape\RWStepShape_RWPlusMinusTolerance.cxx.obj
[4839/5643] Building CXX object src\TKDESTEP\CMakeFiles\TKDESTEP.dir\__\RWStepShape\RWStepShape_RWOrientedOpenShell.cxx.obj
[4840/5643] Building CXX object src\TKDESTEP\CMakeFiles\TKDESTEP.dir\__\RWStepShape\RWStepShape_RWOrientedPath.cxx.obj
[4841/5643] Building CXX object src\TKDESTEP\CMakeFiles\TKDESTEP.dir\__\RWStepShape\RWStepShape_RWPath.cxx.obj
[4842/5643] Building CXX object src\TKDESTEP\CMakeFiles\TKDESTEP.dir\__\RWStepShape\RWStepShape_RWPrecisionQualifier.cxx.obj
[4843/5643] Building CXX object src\TKDESTEP\CMakeFiles\TKDESTEP.dir\__\RWStepShape\RWStepShape_RWPointRepresentation.cxx.obj
[4844/5643] Building CXX object src\TKDESTEP\CMakeFiles\TKDESTEP.dir\__\RWStepShape\RWStepShape_RWPolyLoop.cxx.obj
[4845/5643] Building CXX object src\TKDESTEP\CMakeFiles\TKDESTEP.dir\__\RWStepShape\RWStepShape_RWQualifiedRepresentationItem.cxx.obj
[4846/5643] Building CXX object src\TKDESTEP\CMakeFiles\TKDESTEP.dir\__\RWStepShape\RWStepShape_RWRevolvedAreaSolid.cxx.obj
[4847/5643] Building CXX object src\TKDESTEP\CMakeFiles\TKDESTEP.dir\__\RWStepShape\RWStepShape_RWRightAngularWedge.cxx.obj
[4848/5643] Building CXX object src\TKDESTEP\CMakeFiles\TKDESTEP.dir\__\RWStepShape\RWStepShape_RWRevolvedFaceSolid.cxx.obj
[4849/5643] Building CXX object src\TKDESTEP\CMakeFiles\TKDESTEP.dir\__\RWStepShape\RWStepShape_RWRightCircularCone.cxx.obj
[4850/5643] Building CXX object src\TKDESTEP\CMakeFiles\TKDESTEP.dir\__\RWStepShape\RWStepShape_RWShapeDefinitionRepresentation_1.cxx.obj
[4851/5643] Building CXX object src\TKDESTEP\CMakeFiles\TKDESTEP.dir\__\RWStepShape\RWStepShape_RWRightCircularCylinder.cxx.obj
[4852/5643] Building CXX object src\TKDESTEP\CMakeFiles\TKDESTEP.dir\__\RWStepShape\RWStepShape_RWSeamEdge.cxx.obj
[4853/5643] Building CXX object src\TKDESTEP\CMakeFiles\TKDESTEP.dir\__\RWStepShape\RWStepShape_RWShapeDefinitionRepresentation.cxx.obj
[4854/5643] Building CXX object src\TKDESTEP\CMakeFiles\TKDESTEP.dir\__\RWStepShape\RWStepShape_RWShapeDimensionRepresentation.cxx.obj
[4855/5643] Building CXX object src\TKDESTEP\CMakeFiles\TKDESTEP.dir\__\RWStepShape\RWStepShape_RWShellBasedSurfaceModel.cxx.obj
[4856/5643] Building CXX object src\TKDESTEP\CMakeFiles\TKDESTEP.dir\__\RWStepShape\RWStepShape_RWShapeRepresentation.cxx.obj
[4857/5643] Building CXX object src\TKDESTEP\CMakeFiles\TKDESTEP.dir\__\RWStepShape\RWStepShape_RWShapeRepresentationWithParameters.cxx.obj
[4858/5643] Building CXX object src\TKDESTEP\CMakeFiles\TKDESTEP.dir\__\RWStepShape\RWStepShape_RWSolidModel.cxx.obj
[4859/5643] Building CXX object src\TKDESTEP\CMakeFiles\TKDESTEP.dir\__\RWStepShape\RWStepShape_RWSphere.cxx.obj
[4860/5643] Building CXX object src\TKDESTEP\CMakeFiles\TKDESTEP.dir\__\RWStepShape\RWStepShape_RWSolidReplica.cxx.obj
[4861/5643] Building CXX object src\TKDESTEP\CMakeFiles\TKDESTEP.dir\__\RWStepShape\RWStepShape_RWSubedge.cxx.obj
[4862/5643] Building CXX object src\TKDESTEP\CMakeFiles\TKDESTEP.dir\__\RWStepShape\RWStepShape_RWSubface.cxx.obj
[4863/5643] Building CXX object src\TKDESTEP\CMakeFiles\TKDESTEP.dir\__\RWStepShape\RWStepShape_RWSweptFaceSolid.cxx.obj
[4864/5643] Building CXX object src\TKDESTEP\CMakeFiles\TKDESTEP.dir\__\RWStepShape\RWStepShape_RWSweptAreaSolid.cxx.obj
[4865/5643] Building CXX object src\TKDESTEP\CMakeFiles\TKDESTEP.dir\__\RWStepShape\RWStepShape_RWToleranceValue.cxx.obj
[4866/5643] Building CXX object src\TKDESTEP\CMakeFiles\TKDESTEP.dir\__\RWStepShape\RWStepShape_RWTopologicalRepresentationItem.cxx.obj
[4867/5643] Building CXX object src\TKDESTEP\CMakeFiles\TKDESTEP.dir\__\RWStepShape\RWStepShape_RWTypeQualifier.cxx.obj
[4868/5643] Building CXX object src\TKDESTEP\CMakeFiles\TKDESTEP.dir\__\RWStepShape\RWStepShape_RWTorus.cxx.obj
[4869/5643] Building CXX object src\TKDESTEP\CMakeFiles\TKDESTEP.dir\__\RWStepShape\RWStepShape_RWTransitionalShapeRepresentation.cxx.obj
[4870/5643] Building CXX object src\TKDESTEP\CMakeFiles\TKDESTEP.dir\__\RWStepShape\RWStepShape_RWValueFormatTypeQualifier.cxx.obj
[4871/5643] Building CXX object src\TKDESTEP\CMakeFiles\TKDESTEP.dir\__\RWStepShape\RWStepShape_RWVertex.cxx.obj
[4872/5643] Building CXX object src\TKDESTEP\CMakeFiles\TKDESTEP.dir\__\RWStepShape\RWStepShape_RWVertexLoop.cxx.obj
[4873/5643] Building CXX object src\TKDESTEP\CMakeFiles\TKDESTEP.dir\__\RWStepShape\RWStepShape_RWVertexPoint.cxx.obj
[4874/5643] Building CXX object src\TKDESTEP\CMakeFiles\TKDESTEP.dir\__\StepSelect\StepSelect_FileModifier_0.cxx.obj
[4875/5643] Building CXX object src\TKDESTEP\CMakeFiles\TKDESTEP.dir\__\StepSelect\StepSelect_Activator.cxx.obj
[4876/5643] Building CXX object src\TKDESTEP\CMakeFiles\TKDESTEP.dir\__\StepSelect\StepSelect_FloatFormat.cxx.obj
[4877/5643] Building CXX object src\TKDESTEP\CMakeFiles\TKDESTEP.dir\__\StepSelect\StepSelect_ModelModifier_0.cxx.obj
[4878/5643] Building CXX object src\TKDESTEP\CMakeFiles\TKDESTEP.dir\__\StepData\StepData.cxx.obj
[4879/5643] Building CXX object src\TKDESTEP\CMakeFiles\TKDESTEP.dir\__\StepSelect\StepSelect_StepType.cxx.obj
[4880/5643] Building CXX object src\TKDESTEP\CMakeFiles\TKDESTEP.dir\__\StepSelect\StepSelect_WorkLibrary.cxx.obj
[4881/5643] Building CXX object src\TKDESTEP\CMakeFiles\TKDESTEP.dir\__\StepData\StepData_ConfParameters.cxx.obj
[4882/5643] Building CXX object src\TKDESTEP\CMakeFiles\TKDESTEP.dir\__\StepData\StepData_Described.cxx.obj
[4883/5643] Building CXX object src\TKDESTEP\CMakeFiles\TKDESTEP.dir\__\StepData\StepData_EDescr.cxx.obj
[4884/5643] Building CXX object src\TKDESTEP\CMakeFiles\TKDESTEP.dir\__\StepData\StepData_DefaultGeneral.cxx.obj
[4885/5643] Building CXX object src\TKDESTEP\CMakeFiles\TKDESTEP.dir\__\StepData\StepData_ECDescr.cxx.obj
[4886/5643] Building CXX object src\TKDESTEP\CMakeFiles\TKDESTEP.dir\__\StepData\StepData_EnumTool.cxx.obj
[4887/5643] Building CXX object src\TKDESTEP\CMakeFiles\TKDESTEP.dir\__\StepData\StepData_Factors.cxx.obj
[4888/5643] Building CXX object src\TKDESTEP\CMakeFiles\TKDESTEP.dir\__\StepData\StepData_ESDescr.cxx.obj
[4889/5643] Building CXX object src\TKDESTEP\CMakeFiles\TKDESTEP.dir\__\StepData\StepData_FieldList.cxx.obj
[4890/5643] Building CXX object src\TKDESTEP\CMakeFiles\TKDESTEP.dir\__\StepData\StepData_FieldList1.cxx.obj
[4891/5643] Building CXX object src\TKDESTEP\CMakeFiles\TKDESTEP.dir\__\StepData\StepData_FieldListN.cxx.obj
[4892/5643] Building CXX object src\TKDESTEP\CMakeFiles\TKDESTEP.dir\__\StepData\StepData_FieldListD.cxx.obj
[4893/5643] Building CXX object src\TKDESTEP\CMakeFiles\TKDESTEP.dir\__\StepData\StepData_Field.cxx.obj
[4894/5643] Building CXX object src\TKDESTEP\CMakeFiles\TKDESTEP.dir\__\StepData\StepData_FileRecognizer_0.cxx.obj
[4895/5643] Building CXX object src\TKDESTEP\CMakeFiles\TKDESTEP.dir\__\StepData\StepData_FileProtocol.cxx.obj
[4896/5643] Building CXX object src\TKDESTEP\CMakeFiles\TKDESTEP.dir\__\StepData\StepData_GeneralModule.cxx.obj
[4897/5643] Building CXX object src\TKDESTEP\CMakeFiles\TKDESTEP.dir\__\StepData\StepData_FreeFormEntity.cxx.obj
[4898/5643] Building CXX object src\TKDESTEP\CMakeFiles\TKDESTEP.dir\__\StepData\StepData_GlobalNodeOfWriterLib_0.cxx.obj
[4899/5643] Building CXX object src\TKDESTEP\CMakeFiles\TKDESTEP.dir\__\StepData\StepData_NodeOfWriterLib_0.cxx.obj
[4900/5643] Building CXX object src\TKDESTEP\CMakeFiles\TKDESTEP.dir\__\StepData\StepData_PDescr.cxx.obj
[4901/5643] Building CXX object src\TKDESTEP\CMakeFiles\TKDESTEP.dir\__\StepData\StepData_Plex.cxx.obj
[4902/5643] Building CXX object src\TKDESTEP\CMakeFiles\TKDESTEP.dir\__\StepData\StepData_SelectArrReal.cxx.obj
[4903/5643] Building CXX object src\TKDESTEP\CMakeFiles\TKDESTEP.dir\__\StepData\StepData_ReadWriteModule.cxx.obj
[4904/5643] Building CXX object src\TKDESTEP\CMakeFiles\TKDESTEP.dir\__\StepData\StepData_Protocol.cxx.obj
[4905/5643] Building CXX object src\TKDESTEP\CMakeFiles\TKDESTEP.dir\__\StepData\StepData_SelectInt.cxx.obj
[4906/5643] Building CXX object src\TKDESTEP\CMakeFiles\TKDESTEP.dir\__\StepData\StepData_SelectMember.cxx.obj
[4907/5643] Building CXX object src\TKDESTEP\CMakeFiles\TKDESTEP.dir\__\StepData\StepData_SelectReal.cxx.obj
[4908/5643] Building CXX object src\TKDESTEP\CMakeFiles\TKDESTEP.dir\__\StepData\StepData_SelectNamed.cxx.obj
[4909/5643] Building CXX object src\TKDESTEP\CMakeFiles\TKDESTEP.dir\__\StepData\StepData_SelectType.cxx.obj
[4910/5643] Building CXX object src\TKDESTEP\CMakeFiles\TKDESTEP.dir\__\StepData\StepData_Simple.cxx.obj
[4911/5643] Building CXX object src\TKDESTEP\CMakeFiles\TKDESTEP.dir\__\StepData\StepData_StepModel.cxx.obj
[4912/5643] Building CXX object src\TKDESTEP\CMakeFiles\TKDESTEP.dir\__\StepData\StepData_StepDumper.cxx.obj
[4913/5643] Building CXX object src\TKDESTEP\CMakeFiles\TKDESTEP.dir\__\StepData\StepData_StepReaderTool.cxx.obj
[4914/5643] Building CXX object src\TKDESTEP\CMakeFiles\TKDESTEP.dir\__\StepData\StepData_UndefinedEntity.cxx.obj
[4915/5643] Building CXX object src\TKDESTEP\CMakeFiles\TKDESTEP.dir\__\StepData\StepData_StepReaderData.cxx.obj
[4916/5643] Building CXX object src\TKDESTEP\CMakeFiles\TKDESTEP.dir\__\StepData\StepData_WriterLib_0.cxx.obj
[4917/5643] Building CXX object src\TKDESTEP\CMakeFiles\TKDESTEP.dir\__\StepData\StepData_StepWriter.cxx.obj
[4918/5643] Building CXX object src\TKDESTEP\CMakeFiles\TKDESTEP.dir\__\StepFile\lex.step.cxx.obj
[4919/5643] Building CXX object src\TKDESTEP\CMakeFiles\TKDESTEP.dir\__\StepFile\StepFile_ReadData.cxx.obj
[4920/5643] Building CXX object src\TKDESTEP\CMakeFiles\TKDESTEP.dir\__\StepFile\step.tab.cxx.obj
[4921/5643] Building CXX object src\TKDESTEP\CMakeFiles\TKDESTEP.dir\__\RWHeaderSection\RWHeaderSection.cxx.obj
[4922/5643] Building CXX object src\TKDESTEP\CMakeFiles\TKDESTEP.dir\__\StepFile\StepFile_Read.cxx.obj
[4923/5643] Building CXX object src\TKDESTEP\CMakeFiles\TKDESTEP.dir\__\RWHeaderSection\RWHeaderSection_GeneralModule.cxx.obj
[4924/5643] Building CXX object src\TKDESTEP\CMakeFiles\TKDESTEP.dir\__\RWHeaderSection\RWHeaderSection_ReadWriteModule.cxx.obj
[4925/5643] Building CXX object src\TKDESTEP\CMakeFiles\TKDESTEP.dir\__\RWHeaderSection\RWHeaderSection_RWFileDescription.cxx.obj
[4926/5643] Building CXX object src\TKDESTEP\CMakeFiles\TKDESTEP.dir\__\RWHeaderSection\RWHeaderSection_RWFileName.cxx.obj
[4927/5643] Building CXX object src\TKDESTEP\CMakeFiles\TKDESTEP.dir\__\RWHeaderSection\RWHeaderSection_RWFileSchema.cxx.obj
[4928/5643] Building CXX object src\TKDESTEP\CMakeFiles\TKDESTEP.dir\__\APIHeaderSection\APIHeaderSection_EditHeader.cxx.obj
[4929/5643] Building CXX object src\TKDESTEP\CMakeFiles\TKDESTEP.dir\__\HeaderSection\HeaderSection.cxx.obj
[4930/5643] Building CXX object src\TKDESTEP\CMakeFiles\TKDESTEP.dir\__\HeaderSection\HeaderSection_FileDescription.cxx.obj
[4931/5643] Building CXX object src\TKDESTEP\CMakeFiles\TKDESTEP.dir\__\HeaderSection\HeaderSection_FileName.cxx.obj
[4932/5643] Building CXX object src\TKDESTEP\CMakeFiles\TKDESTEP.dir\__\APIHeaderSection\APIHeaderSection_MakeHeader.cxx.obj
[4933/5643] Building CXX object src\TKDESTEP\CMakeFiles\TKDESTEP.dir\__\HeaderSection\HeaderSection_FileSchema.cxx.obj
[4934/5643] Building CXX object src\TKDESTEP\CMakeFiles\TKDESTEP.dir\__\HeaderSection\HeaderSection_Protocol.cxx.obj
[4935/5643] Building CXX object src\TKXCAF\CMakeFiles\TKXCAF.dir\__\XCAFDoc\XCAFDoc_Area.cxx.obj
[4936/5643] Building CXX object src\TKXCAF\CMakeFiles\TKXCAF.dir\__\XCAFDoc\XCAFDoc_AssemblyIterator.cxx.obj
[4937/5643] Building CXX object src\TKXCAF\CMakeFiles\TKXCAF.dir\__\XCAFDoc\XCAFDoc_AssemblyGraph.cxx.obj
[4938/5643] Linking CXX static library win64\vc14\lib\TKDESTEP.lib
[4939/5643] Building CXX object src\TKXCAF\CMakeFiles\TKXCAF.dir\__\XCAFDoc\XCAFDoc_Centroid.cxx.obj
[4940/5643] Building CXX object src\TKXCAF\CMakeFiles\TKXCAF.dir\__\XCAFDoc\XCAFDoc_Color.cxx.obj
[4941/5643] Building CXX object src\TKXCAF\CMakeFiles\TKXCAF.dir\__\XCAFDoc\XCAFDoc_ClippingPlaneTool.cxx.obj
[4942/5643] Building CXX object src\TKXCAF\CMakeFiles\TKXCAF.dir\__\XCAFDoc\XCAFDoc_ColorTool.cxx.obj
[4943/5643] Building CXX object src\TKXCAF\CMakeFiles\TKXCAF.dir\__\XCAFDoc\XCAFDoc_Datum.cxx.obj
[4944/5643] Building CXX object src\TKXCAF\CMakeFiles\TKXCAF.dir\__\XCAFDoc\XCAFDoc_GeomTolerance.cxx.obj
[4945/5643] Building CXX object src\TKXCAF\CMakeFiles\TKXCAF.dir\__\XCAFDoc\XCAFDoc_Dimension.cxx.obj
[4946/5643] Building CXX object src\TKXCAF\CMakeFiles\TKXCAF.dir\__\XCAFDoc\XCAFDoc_DimTol.cxx.obj
[4947/5643] Building CXX object src\TKXCAF\CMakeFiles\TKXCAF.dir\__\XCAFDoc\XCAFDoc_DocumentTool.cxx.obj
[4948/5643] Building CXX object src\TKXCAF\CMakeFiles\TKXCAF.dir\__\XCAFDoc\XCAFDoc_DimTolTool.cxx.obj
[4949/5643] Building CXX object src\TKXCAF\CMakeFiles\TKXCAF.dir\__\XCAFDoc\XCAFDoc_GraphNode.cxx.obj
[4950/5643] Building CXX object src\TKXCAF\CMakeFiles\TKXCAF.dir\__\XCAFDoc\XCAFDoc_LengthUnit.cxx.obj
[4951/5643] Building CXX object src\TKXCAF\CMakeFiles\TKXCAF.dir\__\XCAFDoc\XCAFDoc_Editor.cxx.obj
[4952/5643] Building CXX object src\TKXCAF\CMakeFiles\TKXCAF.dir\__\XCAFDoc\XCAFDoc_LayerTool.cxx.obj
[4953/5643] Building CXX object src\TKXCAF\CMakeFiles\TKXCAF.dir\__\XCAFDoc\XCAFDoc_Location.cxx.obj
[4954/5643] Building CXX object src\TKXCAF\CMakeFiles\TKXCAF.dir\__\XCAFDoc\XCAFDoc_Material.cxx.obj
[4955/5643] Building CXX object src\TKXCAF\CMakeFiles\TKXCAF.dir\__\XCAFDoc\XCAFDoc_MaterialTool.cxx.obj
[4956/5643] Building CXX object src\TKXCAF\CMakeFiles\TKXCAF.dir\__\XCAFDoc\XCAFDoc_Note.cxx.obj
[4957/5643] Building CXX object src\TKXCAF\CMakeFiles\TKXCAF.dir\__\XCAFDoc\XCAFDoc_NoteBalloon.cxx.obj
[4958/5643] Building CXX object src\TKXCAF\CMakeFiles\TKXCAF.dir\__\XCAFDoc\XCAFDoc_NoteComment.cxx.obj
[4959/5643] Building CXX object src\TKXCAF\CMakeFiles\TKXCAF.dir\__\XCAFDoc\XCAFDoc_NoteBinData.cxx.obj
[4960/5643] Building CXX object src\TKXCAF\CMakeFiles\TKXCAF.dir\__\XCAFDoc\XCAFDoc_NotesTool.cxx.obj
[4961/5643] Building CXX object src\TKXCAF\CMakeFiles\TKXCAF.dir\__\XCAFDoc\XCAFDoc_ShapeMapTool.cxx.obj
[4962/5643] Building CXX object src\TKXCAF\CMakeFiles\TKXCAF.dir\__\XCAFDoc\XCAFDoc_VisMaterial.cxx.obj
[4963/5643] Building CXX object src\TKXCAF\CMakeFiles\TKXCAF.dir\__\XCAFDoc\XCAFDoc_View.cxx.obj
[4964/5643] Building CXX object src\TKXCAF\CMakeFiles\TKXCAF.dir\__\XCAFDoc\XCAFDoc_ShapeTool.cxx.obj
[4965/5643] Building CXX object src\TKXCAF\CMakeFiles\TKXCAF.dir\__\XCAFDoc\XCAFDoc_ViewTool.cxx.obj
[4966/5643] Building CXX object src\TKXCAF\CMakeFiles\TKXCAF.dir\__\XCAFDoc\XCAFDoc_Volume.cxx.obj
[4967/5643] Building CXX object src\TKXCAF\CMakeFiles\TKXCAF.dir\__\XCAFDoc\XCAFDoc_VisMaterialTool.cxx.obj
[4968/5643] Building CXX object src\TKXCAF\CMakeFiles\TKXCAF.dir\__\XCAFPrs\XCAFPrs.cxx.obj
[4969/5643] Building CXX object src\TKXCAF\CMakeFiles\TKXCAF.dir\__\XCAFPrs\XCAFPrs_DocumentExplorer.cxx.obj
[4970/5643] Building CXX object src\TKXCAF\CMakeFiles\TKXCAF.dir\__\XCAFPrs\XCAFPrs_Style.cxx.obj
[4971/5643] Building CXX object src\TKXCAF\CMakeFiles\TKXCAF.dir\__\XCAFPrs\XCAFPrs_AISObject.cxx.obj
[4972/5643] Building CXX object src\TKXCAF\CMakeFiles\TKXCAF.dir\__\XCAFPrs\XCAFPrs_Driver.cxx.obj
[4973/5643] Building RC object src\TKXCAF\CMakeFiles\TKXCAF.dir\__\__\resources\TKXCAF.rc.res
[4974/5643] Generating C unity source src/TKDEIGES/cotire/TKDEIGES_C_unity.c
CMake Warning (deprecated) at C:/Users/Davi/Downloads/oma/.release/native-build/src/occt/adm/cmake/cotire.cmake:40 (cmake_minimum_required):
  Compatibility with CMake < 3.10 will be removed from a future version of
  CMake.

  Update the VERSION argument <min> value.  Or, use the <min>...<max> syntax
  to tell CMake that the project requires at least <min> but has been updated
  to work with policies introduced by <max> or earlier.
This warning is for project developers.  Use -Wno-author or -Wno-deprecated
to suppress it.

[4975/5643] Generating C prefix header src/TKDEIGES/cotire/TKDEIGES_C_prefix.h
CMake Warning (deprecated) at C:/Users/Davi/Downloads/oma/.release/native-build/src/occt/adm/cmake/cotire.cmake:40 (cmake_minimum_required):
  Compatibility with CMake < 3.10 will be removed from a future version of
  CMake.

  Update the VERSION argument <min> value.  Or, use the <min>...<max> syntax
  to tell CMake that the project requires at least <min> but has been updated
  to work with policies introduced by <max> or earlier.
This warning is for project developers.  Use -Wno-author or -Wno-deprecated
to suppress it.

[4976/5643] Building CXX object src\TKXCAF\CMakeFiles\TKXCAF.dir\__\XCAFPrs\XCAFPrs_Texture.cxx.obj
[4977/5643] Generating CXX unity source src/TKDESTL/cotire/TKDESTL_CXX_unity.cxx
CMake Warning (deprecated) at C:/Users/Davi/Downloads/oma/.release/native-build/src/occt/adm/cmake/cotire.cmake:40 (cmake_minimum_required):
  Compatibility with CMake < 3.10 will be removed from a future version of
  CMake.

  Update the VERSION argument <min> value.  Or, use the <min>...<max> syntax
  to tell CMake that the project requires at least <min> but has been updated
  to work with policies introduced by <max> or earlier.
This warning is for project developers.  Use -Wno-author or -Wno-deprecated
to suppress it.

[4978/5643] Generating CXX unity source src/TKDEIGES/cotire/TKDEIGES_CXX_unity.cxx
CMake Warning (deprecated) at C:/Users/Davi/Downloads/oma/.release/native-build/src/occt/adm/cmake/cotire.cmake:40 (cmake_minimum_required):
  Compatibility with CMake < 3.10 will be removed from a future version of
  CMake.

  Update the VERSION argument <min> value.  Or, use the <min>...<max> syntax
  to tell CMake that the project requires at least <min> but has been updated
  to work with policies introduced by <max> or earlier.
This warning is for project developers.  Use -Wno-author or -Wno-deprecated
to suppress it.

[4979/5643] Generating CXX unity source src/TKDEVRML/cotire/TKDEVRML_CXX_unity.cxx
CMake Warning (deprecated) at C:/Users/Davi/Downloads/oma/.release/native-build/src/occt/adm/cmake/cotire.cmake:40 (cmake_minimum_required):
  Compatibility with CMake < 3.10 will be removed from a future version of
  CMake.

  Update the VERSION argument <min> value.  Or, use the <min>...<max> syntax
  to tell CMake that the project requires at least <min> but has been updated
  to work with policies introduced by <max> or earlier.
This warning is for project developers.  Use -Wno-author or -Wno-deprecated
to suppress it.

[4980/5643] Building CXX object src\TKXCAF\CMakeFiles\TKXCAF.dir\__\XCAFView\XCAFView_Object.cxx.obj
[4981/5643] Linking CXX static library win64\vc14\lib\TKXCAF.lib
[4982/5643] Generating CXX unity source src/TKRWMesh/cotire/TKRWMesh_CXX_unity.cxx
CMake Warning (deprecated) at C:/Users/Davi/Downloads/oma/.release/native-build/src/occt/adm/cmake/cotire.cmake:40 (cmake_minimum_required):
  Compatibility with CMake < 3.10 will be removed from a future version of
  CMake.

  Update the VERSION argument <min> value.  Or, use the <min>...<max> syntax
  to tell CMake that the project requires at least <min> but has been updated
  to work with policies introduced by <max> or earlier.
This warning is for project developers.  Use -Wno-author or -Wno-deprecated
to suppress it.

[4983/5643] Generating CXX prefix header src/TKDESTL/cotire/TKDESTL_CXX_prefix.hxx
CMake Warning (deprecated) at C:/Users/Davi/Downloads/oma/.release/native-build/src/occt/adm/cmake/cotire.cmake:40 (cmake_minimum_required):
  Compatibility with CMake < 3.10 will be removed from a future version of
  CMake.

  Update the VERSION argument <min> value.  Or, use the <min>...<max> syntax
  to tell CMake that the project requires at least <min> but has been updated
  to work with policies introduced by <max> or earlier.
This warning is for project developers.  Use -Wno-author or -Wno-deprecated
to suppress it.

[4984/5643] Generating CXX prefix header src/TKRWMesh/cotire/TKRWMesh_CXX_prefix.hxx
CMake Warning (deprecated) at C:/Users/Davi/Downloads/oma/.release/native-build/src/occt/adm/cmake/cotire.cmake:40 (cmake_minimum_required):
  Compatibility with CMake < 3.10 will be removed from a future version of
  CMake.

  Update the VERSION argument <min> value.  Or, use the <min>...<max> syntax
  to tell CMake that the project requires at least <min> but has been updated
  to work with policies introduced by <max> or earlier.
This warning is for project developers.  Use -Wno-author or -Wno-deprecated
to suppress it.

[4985/5643] Building RC object src\TKDESTL\CMakeFiles\TKDESTL.dir\__\__\resources\TKDESTL.rc.res
[4986/5643] Building CXX object src\TKDESTL\CMakeFiles\TKDESTL.dir\__\StlAPI\StlAPI.cxx.obj
[4987/5643] Generating CXX prefix header src/TKDEVRML/cotire/TKDEVRML_CXX_prefix.hxx
CMake Warning (deprecated) at C:/Users/Davi/Downloads/oma/.release/native-build/src/occt/adm/cmake/cotire.cmake:40 (cmake_minimum_required):
  Compatibility with CMake < 3.10 will be removed from a future version of
  CMake.

  Update the VERSION argument <min> value.  Or, use the <min>...<max> syntax
  to tell CMake that the project requires at least <min> but has been updated
  to work with policies introduced by <max> or earlier.
This warning is for project developers.  Use -Wno-author or -Wno-deprecated
to suppress it.

[4988/5643] Building CXX object src\TKDESTL\CMakeFiles\TKDESTL.dir\__\StlAPI\StlAPI_Reader.cxx.obj
[4989/5643] Building CXX object src\TKDESTL\CMakeFiles\TKDESTL.dir\__\StlAPI\StlAPI_Writer.cxx.obj
[4990/5643] Building CXX object src\TKRWMesh\CMakeFiles\TKRWMesh.dir\__\RWMesh\RWMesh.cxx.obj
[4991/5643] Building CXX object src\TKDESTL\CMakeFiles\TKDESTL.dir\__\RWStl\RWStl.cxx.obj
[4992/5643] Building CXX object src\TKDESTL\CMakeFiles\TKDESTL.dir\__\RWStl\RWStl_ConfigurationNode.cxx.obj
[4993/5643] Building CXX object src\TKDESTL\CMakeFiles\TKDESTL.dir\__\RWStl\RWStl_Reader.cxx.obj
[4994/5643] Building RC object src\TKDEVRML\CMakeFiles\TKDEVRML.dir\__\__\resources\TKDEVRML.rc.res
[4995/5643] Building CXX object src\TKDESTL\CMakeFiles\TKDESTL.dir\__\RWStl\RWStl_Provider.cxx.obj
[4996/5643] Linking CXX static library win64\vc14\lib\TKDESTL.lib
[4997/5643] Building CXX object src\TKRWMesh\CMakeFiles\TKRWMesh.dir\__\RWMesh\RWMesh_CoordinateSystemConverter.cxx.obj
[4998/5643] Building CXX object src\TKDEVRML\CMakeFiles\TKDEVRML.dir\__\VrmlConverter\VrmlConverter_Curve.cxx.obj
[4999/5643] Building CXX object src\TKRWMesh\CMakeFiles\TKRWMesh.dir\__\RWMesh\RWMesh_CafReader.cxx.obj
[5000/5643] Building CXX object src\TKDEVRML\CMakeFiles\TKDEVRML.dir\__\VrmlConverter\VrmlConverter_Drawer.cxx.obj
[5001/5643] Building CXX object src\TKDEVRML\CMakeFiles\TKDEVRML.dir\__\VrmlConverter\VrmlConverter_DeflectionCurve.cxx.obj
[5002/5643] Generating CXX prefix header src/TKDEIGES/cotire/TKDEIGES_CXX_prefix.hxx
CMake Warning (deprecated) at C:/Users/Davi/Downloads/oma/.release/native-build/src/occt/adm/cmake/cotire.cmake:40 (cmake_minimum_required):
  Compatibility with CMake < 3.10 will be removed from a future version of
  CMake.

  Update the VERSION argument <min> value.  Or, use the <min>...<max> syntax
  to tell CMake that the project requires at least <min> but has been updated
  to work with policies introduced by <max> or earlier.
This warning is for project developers.  Use -Wno-author or -Wno-deprecated
to suppress it.

[5003/5643] Building CXX object src\TKDEVRML\CMakeFiles\TKDEVRML.dir\__\VrmlConverter\VrmlConverter_IsoAspect.cxx.obj
[5004/5643] Building CXX object src\TKRWMesh\CMakeFiles\TKRWMesh.dir\__\RWMesh\RWMesh_FaceIterator.cxx.obj
[5005/5643] Building C object src\TKDEIGES\CMakeFiles\TKDEIGES.dir\__\IGESFile\analiges.c.obj
[5006/5643] Building RC object src\TKDEIGES\CMakeFiles\TKDEIGES.dir\__\__\resources\TKDEIGES.rc.res
[5007/5643] Building C object src\TKDEIGES\CMakeFiles\TKDEIGES.dir\__\IGESFile\igesread.c.obj
[5008/5643] Building CXX object src\TKDEVRML\CMakeFiles\TKDEVRML.dir\__\VrmlConverter\VrmlConverter_HLRShape.cxx.obj
[5009/5643] Building C object src\TKDEIGES\CMakeFiles\TKDEIGES.dir\__\IGESFile\liriges.c.obj
[5010/5643] Building C object src\TKDEIGES\CMakeFiles\TKDEIGES.dir\__\IGESFile\structiges.c.obj
[5011/5643] Building CXX object src\TKDEVRML\CMakeFiles\TKDEVRML.dir\__\VrmlConverter\VrmlConverter_LineAspect.cxx.obj
[5012/5643] Building CXX object src\TKDEVRML\CMakeFiles\TKDEVRML.dir\__\VrmlConverter\VrmlConverter_PointAspect.cxx.obj
[5013/5643] Building CXX object src\TKDEVRML\CMakeFiles\TKDEVRML.dir\__\VrmlConverter\VrmlConverter_Projector.cxx.obj
[5014/5643] Building CXX object src\TKDEIGES\CMakeFiles\TKDEIGES.dir\__\IGESCAFControl\IGESCAFControl.cxx.obj
[5015/5643] Building CXX object src\TKDEVRML\CMakeFiles\TKDEVRML.dir\__\VrmlConverter\VrmlConverter_ShadingAspect.cxx.obj
[5016/5643] Building CXX object src\TKDEIGES\CMakeFiles\TKDEIGES.dir\__\IGESCAFControl\IGESCAFControl_ConfigurationNode.cxx.obj
[5017/5643] Building CXX object src\TKDEVRML\CMakeFiles\TKDEVRML.dir\__\VrmlConverter\VrmlConverter_WFDeflectionRestrictedFace.cxx.obj
[5018/5643] Building CXX object src\TKDEVRML\CMakeFiles\TKDEVRML.dir\__\VrmlConverter\VrmlConverter_ShadedShape.cxx.obj
[5019/5643] Building CXX object src\TKDEIGES\CMakeFiles\TKDEIGES.dir\__\IGESCAFControl\IGESCAFControl_Provider.cxx.obj
[5020/5643] Building CXX object src\TKDEIGES\CMakeFiles\TKDEIGES.dir\__\IGESData\IGESData.cxx.obj
[5021/5643] Building CXX object src\TKDEIGES\CMakeFiles\TKDEIGES.dir\__\IGESData\IGESData_BasicEditor.cxx.obj
[5022/5643] Building CXX object src\TKDEIGES\CMakeFiles\TKDEIGES.dir\__\IGESData\IGESData_ColorEntity.cxx.obj
[5023/5643] Building CXX object src\TKDEIGES\CMakeFiles\TKDEIGES.dir\__\IGESCAFControl\IGESCAFControl_Reader.cxx.obj
[5024/5643] Building CXX object src\TKDEIGES\CMakeFiles\TKDEIGES.dir\__\IGESData\IGESData_DefaultGeneral.cxx.obj
[5025/5643] Building CXX object src\TKDEIGES\CMakeFiles\TKDEIGES.dir\__\IGESData\IGESData_DefaultSpecific.cxx.obj
[5026/5643] Building CXX object src\TKDEIGES\CMakeFiles\TKDEIGES.dir\__\IGESData\IGESData_DefSwitch.cxx.obj
[5027/5643] Building CXX object src\TKDEIGES\CMakeFiles\TKDEIGES.dir\__\IGESData\IGESData_DirPart.cxx.obj
[5028/5643] Building CXX object src\TKDEIGES\CMakeFiles\TKDEIGES.dir\__\IGESCAFControl\IGESCAFControl_Writer.cxx.obj
[5029/5643] Building CXX object src\TKDEIGES\CMakeFiles\TKDEIGES.dir\__\IGESData\IGESData_FileProtocol.cxx.obj
[5030/5643] Building CXX object src\TKDEIGES\CMakeFiles\TKDEIGES.dir\__\IGESData\IGESData_DirChecker.cxx.obj
[5031/5643] Building CXX object src\TKDEIGES\CMakeFiles\TKDEIGES.dir\__\IGESData\IGESData_FileRecognizer_0.cxx.obj
[5032/5643] Building CXX object src\TKDEIGES\CMakeFiles\TKDEIGES.dir\__\IGESData\IGESData_GlobalNodeOfSpecificLib_0.cxx.obj
[5033/5643] Building CXX object src\TKDEIGES\CMakeFiles\TKDEIGES.dir\__\IGESData\IGESData_GlobalNodeOfWriterLib_0.cxx.obj
[5034/5643] Building CXX object src\TKDEIGES\CMakeFiles\TKDEIGES.dir\__\IGESData\IGESData_FreeFormatEntity.cxx.obj
[5035/5643] Building CXX object src\TKDEIGES\CMakeFiles\TKDEIGES.dir\__\IGESData\IGESData_GeneralModule.cxx.obj
[5036/5643] Building CXX object src\TKDEIGES\CMakeFiles\TKDEIGES.dir\__\IGESData\IGESData_GlobalSection.cxx.obj
[5037/5643] Building CXX object src\TKDEIGES\CMakeFiles\TKDEIGES.dir\__\IGESData\IGESData_IGESDumper.cxx.obj
[5038/5643] Building CXX object src\TKDEIGES\CMakeFiles\TKDEIGES.dir\__\IGESData\IGESData_IGESEntity.cxx.obj
[5039/5643] Building CXX object src\TKDEIGES\CMakeFiles\TKDEIGES.dir\__\IGESData\IGESData_IGESType.cxx.obj
[5040/5643] Building CXX object src\TKDEIGES\CMakeFiles\TKDEIGES.dir\__\IGESData\IGESData_IGESReaderData.cxx.obj
[5041/5643] Building CXX object src\TKDEIGES\CMakeFiles\TKDEIGES.dir\__\IGESData\IGESData_IGESModel.cxx.obj
[5042/5643] Building CXX object src\TKDEIGES\CMakeFiles\TKDEIGES.dir\__\IGESData\IGESData_LabelDisplayEntity.cxx.obj
[5043/5643] Building CXX object src\TKDEIGES\CMakeFiles\TKDEIGES.dir\__\IGESData\IGESData_LevelListEntity.cxx.obj
[5044/5643] Building CXX object src\TKDEIGES\CMakeFiles\TKDEIGES.dir\__\IGESData\IGESData_LineFontEntity.cxx.obj
[5045/5643] Building CXX object src\TKDEIGES\CMakeFiles\TKDEIGES.dir\__\IGESData\IGESData_IGESReaderTool.cxx.obj
[5046/5643] Building CXX object src\TKDEIGES\CMakeFiles\TKDEIGES.dir\__\IGESData\IGESData_NameEntity.cxx.obj
[5047/5643] Building CXX object src\TKDEIGES\CMakeFiles\TKDEIGES.dir\__\IGESData\IGESData_NodeOfSpecificLib_0.cxx.obj
[5048/5643] Building CXX object src\TKDEIGES\CMakeFiles\TKDEIGES.dir\__\IGESData\IGESData_IGESWriter.cxx.obj
[5049/5643] Building CXX object src\TKDEIGES\CMakeFiles\TKDEIGES.dir\__\IGESData\IGESData_NodeOfWriterLib_0.cxx.obj
[5050/5643] Building CXX object src\TKDEIGES\CMakeFiles\TKDEIGES.dir\__\IGESData\IGESData_ParamCursor.cxx.obj
[5051/5643] Building CXX object src\TKDEIGES\CMakeFiles\TKDEIGES.dir\__\IGESData\IGESData_SingleParentEntity.cxx.obj
[5052/5643] Building CXX object src\TKDEIGES\CMakeFiles\TKDEIGES.dir\__\IGESData\IGESData_ReadWriteModule.cxx.obj
[5053/5643] Building CXX object src\TKDEIGES\CMakeFiles\TKDEIGES.dir\__\IGESData\IGESData_Protocol.cxx.obj
[5054/5643] Building CXX object src\TKDEIGES\CMakeFiles\TKDEIGES.dir\__\IGESData\IGESData_SpecificLib_0.cxx.obj
[5055/5643] Building CXX object src\TKDEIGES\CMakeFiles\TKDEIGES.dir\__\IGESData\IGESData_SpecificModule.cxx.obj
[5056/5643] Building CXX object src\TKDEIGES\CMakeFiles\TKDEIGES.dir\__\IGESData\IGESData_ParamReader.cxx.obj
[5057/5643] Building CXX object src\TKDEIGES\CMakeFiles\TKDEIGES.dir\__\IGESData\IGESData_ViewKindEntity.cxx.obj
[5058/5643] Building CXX object src\TKDEIGES\CMakeFiles\TKDEIGES.dir\__\IGESData\IGESData_TransfEntity.cxx.obj
[5059/5643] Building CXX object src\TKDEIGES\CMakeFiles\TKDEIGES.dir\__\IGESData\IGESData_UndefinedEntity.cxx.obj
[5060/5643] Building CXX object src\TKDEIGES\CMakeFiles\TKDEIGES.dir\__\IGESData\IGESData_ToolLocation.cxx.obj
[5061/5643] Building CXX object src\TKDEIGES\CMakeFiles\TKDEIGES.dir\__\IGESData\IGESData_WriterLib_0.cxx.obj
[5062/5643] Building CXX object src\TKDEIGES\CMakeFiles\TKDEIGES.dir\__\IGESBasic\IGESBasic.cxx.obj
[5063/5643] Building CXX object src\TKDEIGES\CMakeFiles\TKDEIGES.dir\__\IGESBasic\IGESBasic_AssocGroupType.cxx.obj
[5064/5643] Building CXX object src\TKDEIGES\CMakeFiles\TKDEIGES.dir\__\IGESBasic\IGESBasic_ExternalReferenceFile.cxx.obj
[5065/5643] Building CXX object src\TKDEIGES\CMakeFiles\TKDEIGES.dir\__\IGESFile\IGESFile_Read.cxx.obj
[5066/5643] Building CXX object src\TKDEIGES\CMakeFiles\TKDEIGES.dir\__\IGESBasic\IGESBasic_ExternalRefFile.cxx.obj
[5067/5643] Building CXX object src\TKDEIGES\CMakeFiles\TKDEIGES.dir\__\IGESBasic\IGESBasic_ExternalRefFileIndex.cxx.obj
[5068/5643] Building CXX object src\TKDEIGES\CMakeFiles\TKDEIGES.dir\__\IGESBasic\IGESBasic_ExternalRefFileName.cxx.obj
[5069/5643] Building CXX object src\TKDEIGES\CMakeFiles\TKDEIGES.dir\__\IGESBasic\IGESBasic_ExternalRefLibName.cxx.obj
[5070/5643] Building CXX object src\TKDEIGES\CMakeFiles\TKDEIGES.dir\__\IGESBasic\IGESBasic_ExternalRefName.cxx.obj
[5071/5643] Building CXX object src\TKDEIGES\CMakeFiles\TKDEIGES.dir\__\IGESBasic\IGESBasic_GroupWithoutBackP.cxx.obj
[5072/5643] Building CXX object src\TKDEIGES\CMakeFiles\TKDEIGES.dir\__\IGESBasic\IGESBasic_Group.cxx.obj
[5073/5643] Building CXX object src\TKDEIGES\CMakeFiles\TKDEIGES.dir\__\IGESBasic\IGESBasic_HArray1OfHArray1OfIGESEntity_0.cxx.obj
[5074/5643] Building CXX object src\TKDEIGES\CMakeFiles\TKDEIGES.dir\__\IGESBasic\IGESBasic_HArray1OfHArray1OfInteger_0.cxx.obj
[5075/5643] Building CXX object src\TKDEIGES\CMakeFiles\TKDEIGES.dir\__\IGESBasic\IGESBasic_HArray1OfHArray1OfReal_0.cxx.obj
[5076/5643] Building CXX object src\TKDEIGES\CMakeFiles\TKDEIGES.dir\__\IGESBasic\IGESBasic_GeneralModule.cxx.obj
[5077/5643] Building CXX object src\TKDEIGES\CMakeFiles\TKDEIGES.dir\__\IGESBasic\IGESBasic_HArray1OfHArray1OfXY_0.cxx.obj
[5078/5643] Building CXX object src\TKDEIGES\CMakeFiles\TKDEIGES.dir\__\IGESBasic\IGESBasic_Hierarchy.cxx.obj
[5079/5643] Building CXX object src\TKDEIGES\CMakeFiles\TKDEIGES.dir\__\IGESBasic\IGESBasic_Name.cxx.obj
[5080/5643] Building CXX object src\TKDEIGES\CMakeFiles\TKDEIGES.dir\__\IGESBasic\IGESBasic_HArray1OfHArray1OfXYZ_0.cxx.obj
[5081/5643] Building CXX object src\TKDEIGES\CMakeFiles\TKDEIGES.dir\__\IGESBasic\IGESBasic_OrderedGroup.cxx.obj
[5082/5643] Building CXX object src\TKDEIGES\CMakeFiles\TKDEIGES.dir\__\IGESBasic\IGESBasic_OrderedGroupWithoutBackP.cxx.obj
[5083/5643] Building CXX object src\TKDEIGES\CMakeFiles\TKDEIGES.dir\__\IGESBasic\IGESBasic_SingleParent.cxx.obj
[5084/5643] Building CXX object src\TKDEIGES\CMakeFiles\TKDEIGES.dir\__\IGESBasic\IGESBasic_Protocol.cxx.obj
[5085/5643] Building CXX object src\TKDEIGES\CMakeFiles\TKDEIGES.dir\__\IGESBasic\IGESBasic_ReadWriteModule.cxx.obj
[5086/5643] Building CXX object src\TKDEIGES\CMakeFiles\TKDEIGES.dir\__\IGESBasic\IGESBasic_SingularSubfigure.cxx.obj
[5087/5643] Building CXX object src\TKDEIGES\CMakeFiles\TKDEIGES.dir\__\IGESBasic\IGESBasic_SubfigureDef.cxx.obj
[5088/5643] Building CXX object src\TKDEIGES\CMakeFiles\TKDEIGES.dir\__\IGESBasic\IGESBasic_SpecificModule.cxx.obj
[5089/5643] Building CXX object src\TKDEIGES\CMakeFiles\TKDEIGES.dir\__\IGESBasic\IGESBasic_ToolAssocGroupType.cxx.obj
[5090/5643] Building CXX object src\TKDEIGES\CMakeFiles\TKDEIGES.dir\__\IGESBasic\IGESBasic_ToolExternalReferenceFile.cxx.obj
[5091/5643] Building CXX object src\TKDEIGES\CMakeFiles\TKDEIGES.dir\__\IGESBasic\IGESBasic_ToolExternalRefFile.cxx.obj
[5092/5643] Building CXX object src\TKDEIGES\CMakeFiles\TKDEIGES.dir\__\IGESBasic\IGESBasic_ToolExternalRefFileIndex.cxx.obj
[5093/5643] Building CXX object src\TKDEIGES\CMakeFiles\TKDEIGES.dir\__\IGESBasic\IGESBasic_ToolExternalRefFileName.cxx.obj
[5094/5643] Building CXX object src\TKDEIGES\CMakeFiles\TKDEIGES.dir\__\IGESBasic\IGESBasic_ToolExternalRefLibName.cxx.obj
[5095/5643] Building CXX object src\TKDEIGES\CMakeFiles\TKDEIGES.dir\__\IGESBasic\IGESBasic_ToolExternalRefName.cxx.obj
[5096/5643] Building CXX object src\TKDEIGES\CMakeFiles\TKDEIGES.dir\__\IGESBasic\IGESBasic_ToolGroup.cxx.obj
[5097/5643] Building CXX object src\TKDEIGES\CMakeFiles\TKDEIGES.dir\__\IGESBasic\IGESBasic_ToolHierarchy.cxx.obj
[5098/5643] Building CXX object src\TKDEIGES\CMakeFiles\TKDEIGES.dir\__\IGESBasic\IGESBasic_ToolGroupWithoutBackP.cxx.obj
[5099/5643] Building CXX object src\TKDEIGES\CMakeFiles\TKDEIGES.dir\__\IGESBasic\IGESBasic_ToolName.cxx.obj
[5100/5643] Building CXX object src\TKDEIGES\CMakeFiles\TKDEIGES.dir\__\IGESBasic\IGESBasic_ToolOrderedGroup.cxx.obj
[5101/5643] Building CXX object src\TKDEIGES\CMakeFiles\TKDEIGES.dir\__\IGESBasic\IGESBasic_ToolOrderedGroupWithoutBackP.cxx.obj
[5102/5643] Building CXX object src\TKDEIGES\CMakeFiles\TKDEIGES.dir\__\IGESBasic\IGESBasic_ToolSingularSubfigure.cxx.obj
[5103/5643] Building CXX object src\TKDEIGES\CMakeFiles\TKDEIGES.dir\__\IGESBasic\IGESBasic_ToolSingleParent.cxx.obj
[5104/5643] Building CXX object src\TKDEIGES\CMakeFiles\TKDEIGES.dir\__\IGESGraph\IGESGraph.cxx.obj
[5105/5643] Building CXX object src\TKDEIGES\CMakeFiles\TKDEIGES.dir\__\IGESGraph\IGESGraph_DrawingSize.cxx.obj
[5106/5643] Building CXX object src\TKDEIGES\CMakeFiles\TKDEIGES.dir\__\IGESGraph\IGESGraph_Color.cxx.obj
[5107/5643] Building CXX object src\TKDEIGES\CMakeFiles\TKDEIGES.dir\__\IGESGraph\IGESGraph_DefinitionLevel.cxx.obj
[5108/5643] Building CXX object src\TKDEIGES\CMakeFiles\TKDEIGES.dir\__\IGESBasic\IGESBasic_ToolSubfigureDef.cxx.obj
[5109/5643] Building CXX object src\TKDEIGES\CMakeFiles\TKDEIGES.dir\__\IGESGraph\IGESGraph_DrawingUnits.cxx.obj
[5110/5643] Building CXX object src\TKDEIGES\CMakeFiles\TKDEIGES.dir\__\IGESGraph\IGESGraph_HighLight.cxx.obj
[5111/5643] Building CXX object src\TKDEIGES\CMakeFiles\TKDEIGES.dir\__\IGESGraph\IGESGraph_IntercharacterSpacing.cxx.obj
[5112/5643] Building CXX object src\TKDEIGES\CMakeFiles\TKDEIGES.dir\__\IGESGraph\IGESGraph_LineFontDefTemplate.cxx.obj
[5113/5643] Building CXX object src\TKDEIGES\CMakeFiles\TKDEIGES.dir\__\IGESGraph\IGESGraph_LineFontDefPattern.cxx.obj
[5114/5643] Building CXX object src\TKDEIGES\CMakeFiles\TKDEIGES.dir\__\IGESGraph\IGESGraph_LineFontPredefined.cxx.obj
[5115/5643] Building CXX object src\TKDEIGES\CMakeFiles\TKDEIGES.dir\__\IGESGraph\IGESGraph_GeneralModule.cxx.obj
[5116/5643] Building CXX object src\TKDEIGES\CMakeFiles\TKDEIGES.dir\__\IGESGraph\IGESGraph_Pick.cxx.obj
[5117/5643] Building CXX object src\TKDEIGES\CMakeFiles\TKDEIGES.dir\__\IGESGraph\IGESGraph_NominalSize.cxx.obj
[5118/5643] Building CXX object src\TKDEIGES\CMakeFiles\TKDEIGES.dir\__\IGESGraph\IGESGraph_Protocol.cxx.obj
[5119/5643] Building CXX object src\TKDEIGES\CMakeFiles\TKDEIGES.dir\__\IGESGraph\IGESGraph_ReadWriteModule.cxx.obj
[5120/5643] Building CXX object src\TKDEIGES\CMakeFiles\TKDEIGES.dir\__\IGESGraph\IGESGraph_TextDisplayTemplate.cxx.obj
[5121/5643] Building CXX object src\TKDEIGES\CMakeFiles\TKDEIGES.dir\__\IGESGraph\IGESGraph_SpecificModule.cxx.obj
[5122/5643] Building CXX object src\TKDEIGES\CMakeFiles\TKDEIGES.dir\__\IGESGraph\IGESGraph_TextFontDef.cxx.obj
[5123/5643] Building CXX object src\TKDEIGES\CMakeFiles\TKDEIGES.dir\__\IGESGraph\IGESGraph_ToolDrawingSize.cxx.obj
[5124/5643] Building CXX object src\TKDEIGES\CMakeFiles\TKDEIGES.dir\__\IGESGraph\IGESGraph_ToolColor.cxx.obj
[5125/5643] Building CXX object src\TKDEIGES\CMakeFiles\TKDEIGES.dir\__\IGESGraph\IGESGraph_ToolDefinitionLevel.cxx.obj
[5126/5643] Building CXX object src\TKDEIGES\CMakeFiles\TKDEIGES.dir\__\IGESGraph\IGESGraph_ToolDrawingUnits.cxx.obj
[5127/5643] Building CXX object src\TKDEIGES\CMakeFiles\TKDEIGES.dir\__\IGESGraph\IGESGraph_ToolHighLight.cxx.obj
[5128/5643] Building CXX object src\TKDEIGES\CMakeFiles\TKDEIGES.dir\__\IGESGraph\IGESGraph_ToolIntercharacterSpacing.cxx.obj
[5129/5643] Building CXX object src\TKDEIGES\CMakeFiles\TKDEIGES.dir\__\IGESGraph\IGESGraph_ToolLineFontDefTemplate.cxx.obj
[5130/5643] Building CXX object src\TKDEIGES\CMakeFiles\TKDEIGES.dir\__\IGESGraph\IGESGraph_ToolLineFontDefPattern.cxx.obj
[5131/5643] Building CXX object src\TKDEIGES\CMakeFiles\TKDEIGES.dir\__\IGESGraph\IGESGraph_ToolLineFontPredefined.cxx.obj
[5132/5643] Building CXX object src\TKDEIGES\CMakeFiles\TKDEIGES.dir\__\IGESGraph\IGESGraph_ToolPick.cxx.obj
[5133/5643] Building CXX object src\TKDEIGES\CMakeFiles\TKDEIGES.dir\__\IGESGraph\IGESGraph_ToolNominalSize.cxx.obj
[5134/5643] Building CXX object src\TKDEIGES\CMakeFiles\TKDEIGES.dir\__\IGESGraph\IGESGraph_ToolTextDisplayTemplate.cxx.obj
[5135/5643] Building CXX object src\TKDEIGES\CMakeFiles\TKDEIGES.dir\__\IGESGraph\IGESGraph_UniformRectGrid.cxx.obj
[5136/5643] Building CXX object src\TKDEIGES\CMakeFiles\TKDEIGES.dir\__\IGESGraph\IGESGraph_ToolTextFontDef.cxx.obj
[5137/5643] Building CXX object src\TKDEIGES\CMakeFiles\TKDEIGES.dir\__\IGESGeom\IGESGeom.cxx.obj
[5138/5643] Building CXX object src\TKDEIGES\CMakeFiles\TKDEIGES.dir\__\IGESGraph\IGESGraph_ToolUniformRectGrid.cxx.obj
[5139/5643] Building CXX object src\TKDEIGES\CMakeFiles\TKDEIGES.dir\__\IGESGeom\IGESGeom_Boundary.cxx.obj
[5140/5643] Building CXX object src\TKDEIGES\CMakeFiles\TKDEIGES.dir\__\IGESGeom\IGESGeom_BoundedSurface.cxx.obj
[5141/5643] Building CXX object src\TKDEIGES\CMakeFiles\TKDEIGES.dir\__\IGESGeom\IGESGeom_BSplineCurve.cxx.obj
[5142/5643] Building CXX object src\TKDEIGES\CMakeFiles\TKDEIGES.dir\__\IGESGeom\IGESGeom_CompositeCurve.cxx.obj
[5143/5643] Building CXX object src\TKDEIGES\CMakeFiles\TKDEIGES.dir\__\IGESGeom\IGESGeom_BSplineSurface.cxx.obj
[5144/5643] Building CXX object src\TKDEIGES\CMakeFiles\TKDEIGES.dir\__\IGESGeom\IGESGeom_CircularArc.cxx.obj
[5145/5643] Building CXX object src\TKDEIGES\CMakeFiles\TKDEIGES.dir\__\IGESGeom\IGESGeom_CurveOnSurface.cxx.obj
[5146/5643] Building CXX object src\TKDEIGES\CMakeFiles\TKDEIGES.dir\__\IGESGeom\IGESGeom_ConicArc.cxx.obj
[5147/5643] Building CXX object src\TKDEIGES\CMakeFiles\TKDEIGES.dir\__\IGESGeom\IGESGeom_CopiousData.cxx.obj
[5148/5643] Building CXX object src\TKDEIGES\CMakeFiles\TKDEIGES.dir\__\IGESGeom\IGESGeom_Direction.cxx.obj
[5149/5643] Building CXX object src\TKDEIGES\CMakeFiles\TKDEIGES.dir\__\IGESGeom\IGESGeom_Flash.cxx.obj
[5150/5643] Building CXX object src\TKDEIGES\CMakeFiles\TKDEIGES.dir\__\IGESGeom\IGESGeom_Line.cxx.obj
[5151/5643] Building CXX object src\TKDEIGES\CMakeFiles\TKDEIGES.dir\__\IGESGeom\IGESGeom_OffsetCurve.cxx.obj
[5152/5643] Building CXX object src\TKDEIGES\CMakeFiles\TKDEIGES.dir\__\IGESGeom\IGESGeom_OffsetSurface.cxx.obj
[5153/5643] Building CXX object src\TKDEIGES\CMakeFiles\TKDEIGES.dir\__\IGESGeom\IGESGeom_GeneralModule.cxx.obj
[5154/5643] Building CXX object src\TKDEIGES\CMakeFiles\TKDEIGES.dir\__\IGESGeom\IGESGeom_Plane.cxx.obj
[5155/5643] Building CXX object src\TKDEIGES\CMakeFiles\TKDEIGES.dir\__\IGESGeom\IGESGeom_Point.cxx.obj
[5156/5643] Building CXX object src\TKDEIGES\CMakeFiles\TKDEIGES.dir\__\IGESGeom\IGESGeom_RuledSurface.cxx.obj
[5157/5643] Building CXX object src\TKDEIGES\CMakeFiles\TKDEIGES.dir\__\IGESGeom\IGESGeom_Protocol.cxx.obj
[5158/5643] Building CXX object src\TKDEIGES\CMakeFiles\TKDEIGES.dir\__\IGESGeom\IGESGeom_SplineCurve.cxx.obj
[5159/5643] Building CXX object src\TKDEIGES\CMakeFiles\TKDEIGES.dir\__\IGESGeom\IGESGeom_ReadWriteModule.cxx.obj
[5160/5643] Building CXX object src\TKDEIGES\CMakeFiles\TKDEIGES.dir\__\IGESGeom\IGESGeom_SpecificModule.cxx.obj
[5161/5643] Building CXX object src\TKDEIGES\CMakeFiles\TKDEIGES.dir\__\IGESGeom\IGESGeom_SplineSurface.cxx.obj
[5162/5643] Building CXX object src\TKDEIGES\CMakeFiles\TKDEIGES.dir\__\IGESGeom\IGESGeom_SurfaceOfRevolution.cxx.obj
[5163/5643] Building CXX object src\TKDEIGES\CMakeFiles\TKDEIGES.dir\__\IGESGeom\IGESGeom_TabulatedCylinder.cxx.obj
[5164/5643] Building CXX object src\TKDEIGES\CMakeFiles\TKDEIGES.dir\__\IGESGeom\IGESGeom_ToolBoundary.cxx.obj
[5165/5643] Building CXX object src\TKDEIGES\CMakeFiles\TKDEIGES.dir\__\IGESGeom\IGESGeom_ToolBoundedSurface.cxx.obj
[5166/5643] Building CXX object src\TKDEIGES\CMakeFiles\TKDEIGES.dir\__\IGESGeom\IGESGeom_ToolBSplineCurve.cxx.obj
[5167/5643] Building CXX object src\TKDEIGES\CMakeFiles\TKDEIGES.dir\__\IGESGeom\IGESGeom_ToolBSplineSurface.cxx.obj
[5168/5643] Building CXX object src\TKDEIGES\CMakeFiles\TKDEIGES.dir\__\IGESGeom\IGESGeom_ToolCircularArc.cxx.obj
[5169/5643] Building CXX object src\TKDEIGES\CMakeFiles\TKDEIGES.dir\__\IGESGeom\IGESGeom_ToolCompositeCurve.cxx.obj
[5170/5643] Building CXX object src\TKDEIGES\CMakeFiles\TKDEIGES.dir\__\IGESGeom\IGESGeom_ToolConicArc.cxx.obj
[5171/5643] Building CXX object src\TKDEIGES\CMakeFiles\TKDEIGES.dir\__\IGESGeom\IGESGeom_ToolCopiousData.cxx.obj
[5172/5643] Building CXX object src\TKDEIGES\CMakeFiles\TKDEIGES.dir\__\IGESGeom\IGESGeom_ToolCurveOnSurface.cxx.obj
[5173/5643] Building CXX object src\TKDEIGES\CMakeFiles\TKDEIGES.dir\__\IGESGeom\IGESGeom_ToolDirection.cxx.obj
[5174/5643] Building CXX object src\TKDEIGES\CMakeFiles\TKDEIGES.dir\__\IGESGeom\IGESGeom_ToolFlash.cxx.obj
[5175/5643] Building CXX object src\TKDEIGES\CMakeFiles\TKDEIGES.dir\__\IGESGeom\IGESGeom_ToolLine.cxx.obj
[5176/5643] Building CXX object src\TKDEIGES\CMakeFiles\TKDEIGES.dir\__\IGESGeom\IGESGeom_ToolOffsetCurve.cxx.obj
[5177/5643] Building CXX object src\TKDEIGES\CMakeFiles\TKDEIGES.dir\__\IGESGeom\IGESGeom_ToolOffsetSurface.cxx.obj
[5178/5643] Building CXX object src\TKDEIGES\CMakeFiles\TKDEIGES.dir\__\IGESGeom\IGESGeom_ToolPlane.cxx.obj
[5179/5643] Building CXX object src\TKDEIGES\CMakeFiles\TKDEIGES.dir\__\IGESGeom\IGESGeom_ToolRuledSurface.cxx.obj
[5180/5643] Building CXX object src\TKDEIGES\CMakeFiles\TKDEIGES.dir\__\IGESGeom\IGESGeom_ToolPoint.cxx.obj
[5181/5643] Building CXX object src\TKDEIGES\CMakeFiles\TKDEIGES.dir\__\IGESGeom\IGESGeom_ToolSplineCurve.cxx.obj
[5182/5643] Building CXX object src\TKDEIGES\CMakeFiles\TKDEIGES.dir\__\IGESGeom\IGESGeom_ToolSurfaceOfRevolution.cxx.obj
[5183/5643] Building CXX object src\TKDEIGES\CMakeFiles\TKDEIGES.dir\__\IGESGeom\IGESGeom_ToolSplineSurface.cxx.obj
[5184/5643] Building CXX object src\TKDEIGES\CMakeFiles\TKDEIGES.dir\__\IGESGeom\IGESGeom_ToolTabulatedCylinder.cxx.obj
[5185/5643] Building CXX object src\TKDEIGES\CMakeFiles\TKDEIGES.dir\__\IGESGeom\IGESGeom_TrimmedSurface.cxx.obj
[5186/5643] Building CXX object src\TKDEIGES\CMakeFiles\TKDEIGES.dir\__\IGESGeom\IGESGeom_TransformationMatrix.cxx.obj
[5187/5643] Building CXX object src\TKDEIGES\CMakeFiles\TKDEIGES.dir\__\IGESGeom\IGESGeom_ToolTransformationMatrix.cxx.obj
[5188/5643] Building CXX object src\TKDEIGES\CMakeFiles\TKDEIGES.dir\__\IGESGeom\IGESGeom_ToolTrimmedSurface.cxx.obj
[5189/5643] Building CXX object src\TKDEIGES\CMakeFiles\TKDEIGES.dir\__\IGESDimen\IGESDimen.cxx.obj
[5190/5643] Building CXX object src\TKDEIGES\CMakeFiles\TKDEIGES.dir\__\IGESDimen\IGESDimen_BasicDimension.cxx.obj
[5191/5643] Building CXX object src\TKDEIGES\CMakeFiles\TKDEIGES.dir\__\IGESDimen\IGESDimen_CenterLine.cxx.obj
[5192/5643] Building CXX object src\TKDEIGES\CMakeFiles\TKDEIGES.dir\__\IGESDimen\IGESDimen_AngularDimension.cxx.obj
[5193/5643] Building CXX object src\TKDEIGES\CMakeFiles\TKDEIGES.dir\__\IGESDimen\IGESDimen_CurveDimension.cxx.obj
[5194/5643] Building CXX object src\TKDEIGES\CMakeFiles\TKDEIGES.dir\__\IGESDimen\IGESDimen_DimensionTolerance.cxx.obj
[5195/5643] Building CXX object src\TKDEIGES\CMakeFiles\TKDEIGES.dir\__\IGESDimen\IGESDimen_DimensionedGeometry.cxx.obj
[5196/5643] Building CXX object src\TKDEIGES\CMakeFiles\TKDEIGES.dir\__\IGESDimen\IGESDimen_DimensionDisplayData.cxx.obj
[5197/5643] Building CXX object src\TKDEIGES\CMakeFiles\TKDEIGES.dir\__\IGESDimen\IGESDimen_DiameterDimension.cxx.obj
[5198/5643] Building CXX object src\TKDEIGES\CMakeFiles\TKDEIGES.dir\__\IGESDimen\IGESDimen_DimensionUnits.cxx.obj
[5199/5643] Building CXX object src\TKDEIGES\CMakeFiles\TKDEIGES.dir\__\IGESDimen\IGESDimen_GeneralLabel.cxx.obj
[5200/5643] Building CXX object src\TKDEIGES\CMakeFiles\TKDEIGES.dir\__\IGESDimen\IGESDimen_FlagNote.cxx.obj
[5201/5643] Building CXX object src\TKDEIGES\CMakeFiles\TKDEIGES.dir\__\IGESDimen\IGESDimen_GeneralNote.cxx.obj
[5202/5643] Building CXX object src\TKDEIGES\CMakeFiles\TKDEIGES.dir\__\IGESDimen\IGESDimen_GeneralSymbol.cxx.obj
[5203/5643] Building CXX object src\TKDEIGES\CMakeFiles\TKDEIGES.dir\__\IGESDimen\IGESDimen_GeneralModule.cxx.obj
[5204/5643] Building CXX object src\TKDEIGES\CMakeFiles\TKDEIGES.dir\__\IGESDimen\IGESDimen_LeaderArrow.cxx.obj
[5205/5643] Building CXX object src\TKDEIGES\CMakeFiles\TKDEIGES.dir\__\IGESDimen\IGESDimen_LinearDimension.cxx.obj
[5206/5643] Building CXX object src\TKDEIGES\CMakeFiles\TKDEIGES.dir\__\IGESDimen\IGESDimen_NewDimensionedGeometry.cxx.obj
[5207/5643] Building CXX object src\TKDEIGES\CMakeFiles\TKDEIGES.dir\__\IGESDimen\IGESDimen_OrdinateDimension.cxx.obj
[5208/5643] Building CXX object src\TKDEIGES\CMakeFiles\TKDEIGES.dir\__\IGESDimen\IGESDimen_NewGeneralNote.cxx.obj
[5209/5643] Building CXX object src\TKDEIGES\CMakeFiles\TKDEIGES.dir\__\IGESDimen\IGESDimen_PointDimension.cxx.obj
[5210/5643] Building CXX object src\TKDEIGES\CMakeFiles\TKDEIGES.dir\__\IGESDimen\IGESDimen_RadiusDimension.cxx.obj
[5211/5643] Building CXX object src\TKDEIGES\CMakeFiles\TKDEIGES.dir\__\IGESDimen\IGESDimen_Protocol.cxx.obj
[5212/5643] Building CXX object src\TKDEIGES\CMakeFiles\TKDEIGES.dir\__\IGESDimen\IGESDimen_Section.cxx.obj
[5213/5643] Building CXX object src\TKDEIGES\CMakeFiles\TKDEIGES.dir\__\IGESDimen\IGESDimen_ReadWriteModule.cxx.obj
[5214/5643] Building CXX object src\TKDEIGES\CMakeFiles\TKDEIGES.dir\__\IGESDimen\IGESDimen_SectionedArea.cxx.obj
[5215/5643] Building CXX object src\TKDEIGES\CMakeFiles\TKDEIGES.dir\__\IGESDimen\IGESDimen_SpecificModule.cxx.obj
[5216/5643] Building CXX object src\TKDEIGES\CMakeFiles\TKDEIGES.dir\__\IGESDimen\IGESDimen_ToolAngularDimension.cxx.obj
[5217/5643] Building CXX object src\TKDEIGES\CMakeFiles\TKDEIGES.dir\__\IGESDimen\IGESDimen_ToolBasicDimension.cxx.obj
[5218/5643] Building CXX object src\TKDEIGES\CMakeFiles\TKDEIGES.dir\__\IGESDimen\IGESDimen_ToolCenterLine.cxx.obj
[5219/5643] Building CXX object src\TKDEIGES\CMakeFiles\TKDEIGES.dir\__\IGESDimen\IGESDimen_ToolCurveDimension.cxx.obj
[5220/5643] Building CXX object src\TKDEIGES\CMakeFiles\TKDEIGES.dir\__\IGESDimen\IGESDimen_ToolDimensionDisplayData.cxx.obj
[5221/5643] Building CXX object src\TKDEIGES\CMakeFiles\TKDEIGES.dir\__\IGESDimen\IGESDimen_ToolDiameterDimension.cxx.obj
[5222/5643] Building CXX object src\TKDEIGES\CMakeFiles\TKDEIGES.dir\__\IGESDimen\IGESDimen_ToolDimensionTolerance.cxx.obj
[5223/5643] Building CXX object src\TKDEIGES\CMakeFiles\TKDEIGES.dir\__\IGESDimen\IGESDimen_ToolDimensionedGeometry.cxx.obj
[5224/5643] Building CXX object src\TKDEIGES\CMakeFiles\TKDEIGES.dir\__\IGESDimen\IGESDimen_ToolDimensionUnits.cxx.obj
[5225/5643] Building CXX object src\TKDEIGES\CMakeFiles\TKDEIGES.dir\__\IGESDimen\IGESDimen_ToolFlagNote.cxx.obj
[5226/5643] Building CXX object src\TKDEIGES\CMakeFiles\TKDEIGES.dir\__\IGESDimen\IGESDimen_ToolGeneralLabel.cxx.obj
[5227/5643] Building CXX object src\TKDEIGES\CMakeFiles\TKDEIGES.dir\__\IGESDimen\IGESDimen_ToolGeneralNote.cxx.obj
[5228/5643] Building CXX object src\TKDEIGES\CMakeFiles\TKDEIGES.dir\__\IGESDimen\IGESDimen_ToolLeaderArrow.cxx.obj
[5229/5643] Building CXX object src\TKDEIGES\CMakeFiles\TKDEIGES.dir\__\IGESDimen\IGESDimen_ToolGeneralSymbol.cxx.obj
[5230/5643] Building CXX object src\TKDEIGES\CMakeFiles\TKDEIGES.dir\__\IGESDimen\IGESDimen_ToolLinearDimension.cxx.obj
[5231/5643] Building CXX object src\TKDEIGES\CMakeFiles\TKDEIGES.dir\__\IGESDimen\IGESDimen_ToolNewDimensionedGeometry.cxx.obj
[5232/5643] Building CXX object src\TKDEIGES\CMakeFiles\TKDEIGES.dir\__\IGESDimen\IGESDimen_ToolOrdinateDimension.cxx.obj
[5233/5643] Building CXX object src\TKDEIGES\CMakeFiles\TKDEIGES.dir\__\IGESDimen\IGESDimen_ToolPointDimension.cxx.obj
[5234/5643] Building CXX object src\TKDEIGES\CMakeFiles\TKDEIGES.dir\__\IGESDimen\IGESDimen_ToolNewGeneralNote.cxx.obj
[5235/5643] Building CXX object src\TKDEIGES\CMakeFiles\TKDEIGES.dir\__\IGESDimen\IGESDimen_ToolRadiusDimension.cxx.obj
[5236/5643] Building CXX object src\TKDEIGES\CMakeFiles\TKDEIGES.dir\__\IGESDimen\IGESDimen_ToolSection.cxx.obj
[5237/5643] Building CXX object src\TKDEIGES\CMakeFiles\TKDEIGES.dir\__\IGESDimen\IGESDimen_ToolSectionedArea.cxx.obj
[5238/5643] Building CXX object src\TKDEIGES\CMakeFiles\TKDEIGES.dir\__\IGESDraw\IGESDraw.cxx.obj
[5239/5643] Building CXX object src\TKDEIGES\CMakeFiles\TKDEIGES.dir\__\IGESDimen\IGESDimen_ToolWitnessLine.cxx.obj
[5240/5643] Building CXX object src\TKDEIGES\CMakeFiles\TKDEIGES.dir\__\IGESDimen\IGESDimen_WitnessLine.cxx.obj
[5241/5643] Building CXX object src\TKDEIGES\CMakeFiles\TKDEIGES.dir\__\IGESDraw\IGESDraw_CircArraySubfigure.cxx.obj
[5242/5643] Building CXX object src\TKDEIGES\CMakeFiles\TKDEIGES.dir\__\IGESDraw\IGESDraw_ConnectPoint.cxx.obj
[5243/5643] Building CXX object src\TKDEIGES\CMakeFiles\TKDEIGES.dir\__\IGESDraw\IGESDraw_Drawing.cxx.obj
[5244/5643] Building CXX object src\TKDEIGES\CMakeFiles\TKDEIGES.dir\__\IGESDraw\IGESDraw_DrawingWithRotation.cxx.obj
[5245/5643] Building CXX object src\TKDEIGES\CMakeFiles\TKDEIGES.dir\__\IGESDraw\IGESDraw_LabelDisplay.cxx.obj
[5246/5643] Building CXX object src\TKDEIGES\CMakeFiles\TKDEIGES.dir\__\IGESDraw\IGESDraw_GeneralModule.cxx.obj
[5247/5643] Building CXX object src\TKDEIGES\CMakeFiles\TKDEIGES.dir\__\IGESDraw\IGESDraw_NetworkSubfigureDef.cxx.obj
[5248/5643] Building CXX object src\TKDEIGES\CMakeFiles\TKDEIGES.dir\__\IGESDraw\IGESDraw_NetworkSubfigure.cxx.obj
[5249/5643] Building CXX object src\TKDEIGES\CMakeFiles\TKDEIGES.dir\__\IGESDraw\IGESDraw_Planar.cxx.obj
[5250/5643] Building CXX object src\TKDEIGES\CMakeFiles\TKDEIGES.dir\__\IGESDraw\IGESDraw_PerspectiveView.cxx.obj
[5251/5643] Building CXX object src\TKDEIGES\CMakeFiles\TKDEIGES.dir\__\IGESDraw\IGESDraw_Protocol.cxx.obj
[5252/5643] Building CXX object src\TKDEIGES\CMakeFiles\TKDEIGES.dir\__\IGESDraw\IGESDraw_SegmentedViewsVisible.cxx.obj
[5253/5643] Building CXX object src\TKDEIGES\CMakeFiles\TKDEIGES.dir\__\IGESDraw\IGESDraw_ReadWriteModule.cxx.obj
[5254/5643] Building CXX object src\TKDEIGES\CMakeFiles\TKDEIGES.dir\__\IGESDraw\IGESDraw_RectArraySubfigure.cxx.obj
[5255/5643] Building CXX object src\TKDEIGES\CMakeFiles\TKDEIGES.dir\__\IGESDraw\IGESDraw_SpecificModule.cxx.obj
[5256/5643] Building CXX object src\TKDEIGES\CMakeFiles\TKDEIGES.dir\__\IGESDraw\IGESDraw_ToolCircArraySubfigure.cxx.obj
[5257/5643] Building CXX object src\TKDEIGES\CMakeFiles\TKDEIGES.dir\__\IGESDraw\IGESDraw_ToolConnectPoint.cxx.obj
[5258/5643] Building CXX object src\TKDEIGES\CMakeFiles\TKDEIGES.dir\__\IGESDraw\IGESDraw_ToolDrawing.cxx.obj
[5259/5643] Building CXX object src\TKDEIGES\CMakeFiles\TKDEIGES.dir\__\IGESDraw\IGESDraw_ToolDrawingWithRotation.cxx.obj
[5260/5643] Building CXX object src\TKDEIGES\CMakeFiles\TKDEIGES.dir\__\IGESDraw\IGESDraw_ToolNetworkSubfigure.cxx.obj
[5261/5643] Building CXX object src\TKDEIGES\CMakeFiles\TKDEIGES.dir\__\IGESDraw\IGESDraw_ToolLabelDisplay.cxx.obj
[5262/5643] Building CXX object src\TKDEIGES\CMakeFiles\TKDEIGES.dir\__\IGESDraw\IGESDraw_ToolNetworkSubfigureDef.cxx.obj
[5263/5643] Building CXX object src\TKDEIGES\CMakeFiles\TKDEIGES.dir\__\IGESDraw\IGESDraw_ToolPerspectiveView.cxx.obj
[5264/5643] Building CXX object src\TKDEIGES\CMakeFiles\TKDEIGES.dir\__\IGESDraw\IGESDraw_ToolSegmentedViewsVisible.cxx.obj
[5265/5643] Building CXX object src\TKDEIGES\CMakeFiles\TKDEIGES.dir\__\IGESDraw\IGESDraw_ToolPlanar.cxx.obj
[5266/5643] Building CXX object src\TKDEIGES\CMakeFiles\TKDEIGES.dir\__\IGESDraw\IGESDraw_ToolRectArraySubfigure.cxx.obj
[5267/5643] Building CXX object src\TKDEIGES\CMakeFiles\TKDEIGES.dir\__\IGESDraw\IGESDraw_ToolView.cxx.obj
[5268/5643] Building CXX object src\TKDEIGES\CMakeFiles\TKDEIGES.dir\__\IGESDraw\IGESDraw_View.cxx.obj
[5269/5643] Building CXX object src\TKDEIGES\CMakeFiles\TKDEIGES.dir\__\IGESDraw\IGESDraw_ViewsVisible.cxx.obj
[5270/5643] Building CXX object src\TKDEIGES\CMakeFiles\TKDEIGES.dir\__\IGESDraw\IGESDraw_ToolViewsVisible.cxx.obj
[5271/5643] Building CXX object src\TKDEIGES\CMakeFiles\TKDEIGES.dir\__\IGESDraw\IGESDraw_ToolViewsVisibleWithAttr.cxx.obj
[5272/5643] Building CXX object src\TKDEIGES\CMakeFiles\TKDEIGES.dir\__\IGESDraw\IGESDraw_ViewsVisibleWithAttr.cxx.obj
[5273/5643] Building CXX object src\TKDEIGES\CMakeFiles\TKDEIGES.dir\__\IGESSolid\IGESSolid.cxx.obj
[5274/5643] Building CXX object src\TKDEIGES\CMakeFiles\TKDEIGES.dir\__\IGESSolid\IGESSolid_Block.cxx.obj
[5275/5643] Building CXX object src\TKDEIGES\CMakeFiles\TKDEIGES.dir\__\IGESSolid\IGESSolid_BooleanTree.cxx.obj
[5276/5643] Building CXX object src\TKDEIGES\CMakeFiles\TKDEIGES.dir\__\IGESSolid\IGESSolid_ConicalSurface.cxx.obj
[5277/5643] Building CXX object src\TKDEIGES\CMakeFiles\TKDEIGES.dir\__\IGESSolid\IGESSolid_ConeFrustum.cxx.obj
[5278/5643] Building CXX object src\TKDEIGES\CMakeFiles\TKDEIGES.dir\__\IGESSolid\IGESSolid_CylindricalSurface.cxx.obj
[5279/5643] Building CXX object src\TKDEIGES\CMakeFiles\TKDEIGES.dir\__\IGESSolid\IGESSolid_EdgeList.cxx.obj
[5280/5643] Building CXX object src\TKDEIGES\CMakeFiles\TKDEIGES.dir\__\IGESSolid\IGESSolid_Cylinder.cxx.obj
[5281/5643] Building CXX object src\TKDEIGES\CMakeFiles\TKDEIGES.dir\__\IGESSolid\IGESSolid_Face.cxx.obj
[5282/5643] Building CXX object src\TKDEIGES\CMakeFiles\TKDEIGES.dir\__\IGESSolid\IGESSolid_Ellipsoid.cxx.obj
[5283/5643] Building CXX object src\TKDEIGES\CMakeFiles\TKDEIGES.dir\__\IGESSolid\IGESSolid_Loop.cxx.obj
[5284/5643] Building CXX object src\TKDEIGES\CMakeFiles\TKDEIGES.dir\__\IGESSolid\IGESSolid_PlaneSurface.cxx.obj
[5285/5643] Building CXX object src\TKDEIGES\CMakeFiles\TKDEIGES.dir\__\IGESSolid\IGESSolid_ManifoldSolid.cxx.obj
[5286/5643] Building CXX object src\TKDEIGES\CMakeFiles\TKDEIGES.dir\__\IGESSolid\IGESSolid_GeneralModule.cxx.obj
[5287/5643] Building CXX object src\TKDEIGES\CMakeFiles\TKDEIGES.dir\__\IGESSolid\IGESSolid_RightAngularWedge.cxx.obj
[5288/5643] Building CXX object src\TKDEIGES\CMakeFiles\TKDEIGES.dir\__\IGESSolid\IGESSolid_Protocol.cxx.obj
[5289/5643] Building CXX object src\TKDEIGES\CMakeFiles\TKDEIGES.dir\__\IGESSolid\IGESSolid_ReadWriteModule.cxx.obj
[5290/5643] Building CXX object src\TKDEIGES\CMakeFiles\TKDEIGES.dir\__\IGESSolid\IGESSolid_SelectedComponent.cxx.obj
[5291/5643] Building CXX object src\TKDEIGES\CMakeFiles\TKDEIGES.dir\__\IGESSolid\IGESSolid_SolidAssembly.cxx.obj
[5292/5643] Building CXX object src\TKDEIGES\CMakeFiles\TKDEIGES.dir\__\IGESSolid\IGESSolid_Shell.cxx.obj
[5293/5643] Building CXX object src\TKDEIGES\CMakeFiles\TKDEIGES.dir\__\IGESSolid\IGESSolid_SolidInstance.cxx.obj
[5294/5643] Building CXX object src\TKDEIGES\CMakeFiles\TKDEIGES.dir\__\IGESSolid\IGESSolid_SolidOfLinearExtrusion.cxx.obj
[5295/5643] Building CXX object src\TKDEIGES\CMakeFiles\TKDEIGES.dir\__\IGESSolid\IGESSolid_SolidOfRevolution.cxx.obj
[5296/5643] Building CXX object src\TKDEIGES\CMakeFiles\TKDEIGES.dir\__\IGESSolid\IGESSolid_Sphere.cxx.obj
[5297/5643] Building CXX object src\TKDEIGES\CMakeFiles\TKDEIGES.dir\__\IGESSolid\IGESSolid_SpecificModule.cxx.obj
[5298/5643] Building CXX object src\TKDEIGES\CMakeFiles\TKDEIGES.dir\__\IGESSolid\IGESSolid_SphericalSurface.cxx.obj
[5299/5643] Building CXX object src\TKDEIGES\CMakeFiles\TKDEIGES.dir\__\IGESSolid\IGESSolid_ToolBlock.cxx.obj
[5300/5643] Building CXX object src\TKDEIGES\CMakeFiles\TKDEIGES.dir\__\IGESSolid\IGESSolid_ToolBooleanTree.cxx.obj
[5301/5643] Building CXX object src\TKDEIGES\CMakeFiles\TKDEIGES.dir\__\IGESSolid\IGESSolid_ToolConeFrustum.cxx.obj
[5302/5643] Building CXX object src\TKDEIGES\CMakeFiles\TKDEIGES.dir\__\IGESSolid\IGESSolid_ToolConicalSurface.cxx.obj
[5303/5643] Building CXX object src\TKDEIGES\CMakeFiles\TKDEIGES.dir\__\IGESSolid\IGESSolid_ToolCylindricalSurface.cxx.obj
[5304/5643] Building CXX object src\TKDEIGES\CMakeFiles\TKDEIGES.dir\__\IGESSolid\IGESSolid_ToolCylinder.cxx.obj
[5305/5643] Building CXX object src\TKDEIGES\CMakeFiles\TKDEIGES.dir\__\IGESSolid\IGESSolid_ToolEllipsoid.cxx.obj
[5306/5643] Building CXX object src\TKDEIGES\CMakeFiles\TKDEIGES.dir\__\IGESSolid\IGESSolid_ToolEdgeList.cxx.obj
[5307/5643] Building CXX object src\TKDEIGES\CMakeFiles\TKDEIGES.dir\__\IGESSolid\IGESSolid_ToolFace.cxx.obj
[5308/5643] Building CXX object src\TKDEIGES\CMakeFiles\TKDEIGES.dir\__\IGESSolid\IGESSolid_ToolLoop.cxx.obj
[5309/5643] Building CXX object src\TKDEIGES\CMakeFiles\TKDEIGES.dir\__\IGESSolid\IGESSolid_ToolPlaneSurface.cxx.obj
[5310/5643] Building CXX object src\TKDEIGES\CMakeFiles\TKDEIGES.dir\__\IGESSolid\IGESSolid_ToolManifoldSolid.cxx.obj
[5311/5643] Building CXX object src\TKDEIGES\CMakeFiles\TKDEIGES.dir\__\IGESSolid\IGESSolid_ToolRightAngularWedge.cxx.obj
[5312/5643] Building CXX object src\TKDEIGES\CMakeFiles\TKDEIGES.dir\__\IGESSolid\IGESSolid_ToolSelectedComponent.cxx.obj
[5313/5643] Building CXX object src\TKDEIGES\CMakeFiles\TKDEIGES.dir\__\IGESSolid\IGESSolid_ToolShell.cxx.obj
[5314/5643] Building CXX object src\TKDEIGES\CMakeFiles\TKDEIGES.dir\__\IGESSolid\IGESSolid_ToolSolidAssembly.cxx.obj
[5315/5643] Building CXX object src\TKDEIGES\CMakeFiles\TKDEIGES.dir\__\IGESSolid\IGESSolid_ToolSolidInstance.cxx.obj
[5316/5643] Building CXX object src\TKDEIGES\CMakeFiles\TKDEIGES.dir\__\IGESSolid\IGESSolid_ToolSolidOfLinearExtrusion.cxx.obj
[5317/5643] Building CXX object src\TKDEIGES\CMakeFiles\TKDEIGES.dir\__\IGESSolid\IGESSolid_ToolSphericalSurface.cxx.obj
[5318/5643] Building CXX object src\TKDEIGES\CMakeFiles\TKDEIGES.dir\__\IGESSolid\IGESSolid_ToolSolidOfRevolution.cxx.obj
[5319/5643] Building CXX object src\TKDEIGES\CMakeFiles\TKDEIGES.dir\__\IGESSolid\IGESSolid_ToolSphere.cxx.obj
[5320/5643] Building CXX object src\TKDEIGES\CMakeFiles\TKDEIGES.dir\__\IGESSolid\IGESSolid_ToolToroidalSurface.cxx.obj
[5321/5643] Building CXX object src\TKDEIGES\CMakeFiles\TKDEIGES.dir\__\IGESSolid\IGESSolid_ToolTorus.cxx.obj
[5322/5643] Building CXX object src\TKDEIGES\CMakeFiles\TKDEIGES.dir\__\IGESSolid\IGESSolid_ToolVertexList.cxx.obj
[5323/5643] Building CXX object src\TKDEIGES\CMakeFiles\TKDEIGES.dir\__\IGESSolid\IGESSolid_TopoBuilder.cxx.obj
[5324/5643] Building CXX object src\TKDEIGES\CMakeFiles\TKDEIGES.dir\__\IGESSolid\IGESSolid_ToroidalSurface.cxx.obj
[5325/5643] Building CXX object src\TKDEIGES\CMakeFiles\TKDEIGES.dir\__\IGESDefs\IGESDefs.cxx.obj
[5326/5643] Building CXX object src\TKDEIGES\CMakeFiles\TKDEIGES.dir\__\IGESSolid\IGESSolid_Torus.cxx.obj
[5327/5643] Building CXX object src\TKDEIGES\CMakeFiles\TKDEIGES.dir\__\IGESDefs\IGESDefs_AssociativityDef.cxx.obj
[5328/5643] Building CXX object src\TKDEIGES\CMakeFiles\TKDEIGES.dir\__\IGESSolid\IGESSolid_VertexList.cxx.obj
[5329/5643] Building CXX object src\TKDEIGES\CMakeFiles\TKDEIGES.dir\__\IGESDefs\IGESDefs_AttributeDef.cxx.obj
[5330/5643] Building CXX object src\TKDEIGES\CMakeFiles\TKDEIGES.dir\__\IGESDefs\IGESDefs_AttributeTable.cxx.obj
[5331/5643] Building CXX object src\TKDEIGES\CMakeFiles\TKDEIGES.dir\__\IGESDefs\IGESDefs_GenericData.cxx.obj
[5332/5643] Building CXX object src\TKDEIGES\CMakeFiles\TKDEIGES.dir\__\IGESDefs\IGESDefs_GeneralModule.cxx.obj
[5333/5643] Building CXX object src\TKDEIGES\CMakeFiles\TKDEIGES.dir\__\IGESDefs\IGESDefs_HArray1OfHArray1OfTextDisplayTemplate_0.cxx.obj
[5334/5643] Building CXX object src\TKDEIGES\CMakeFiles\TKDEIGES.dir\__\IGESDefs\IGESDefs_MacroDef.cxx.obj
[5335/5643] Building CXX object src\TKDEIGES\CMakeFiles\TKDEIGES.dir\__\IGESDefs\IGESDefs_Protocol.cxx.obj
[5336/5643] Building CXX object src\TKDEIGES\CMakeFiles\TKDEIGES.dir\__\IGESDefs\IGESDefs_TabularData.cxx.obj
[5337/5643] Building CXX object src\TKDEIGES\CMakeFiles\TKDEIGES.dir\__\IGESDefs\IGESDefs_SpecificModule.cxx.obj
[5338/5643] Building CXX object src\TKDEIGES\CMakeFiles\TKDEIGES.dir\__\IGESDefs\IGESDefs_ReadWriteModule.cxx.obj
[5339/5643] Building CXX object src\TKDEIGES\CMakeFiles\TKDEIGES.dir\__\IGESDefs\IGESDefs_ToolAssociativityDef.cxx.obj
[5340/5643] Building CXX object src\TKDEIGES\CMakeFiles\TKDEIGES.dir\__\IGESDefs\IGESDefs_ToolGenericData.cxx.obj
[5341/5643] Building CXX object src\TKDEIGES\CMakeFiles\TKDEIGES.dir\__\IGESDefs\IGESDefs_ToolAttributeTable.cxx.obj
[5342/5643] Building CXX object src\TKDEIGES\CMakeFiles\TKDEIGES.dir\__\IGESDefs\IGESDefs_ToolAttributeDef.cxx.obj
[5343/5643] Building CXX object src\TKDEIGES\CMakeFiles\TKDEIGES.dir\__\IGESDefs\IGESDefs_UnitsData.cxx.obj
[5344/5643] Building CXX object src\TKDEIGES\CMakeFiles\TKDEIGES.dir\__\IGESDefs\IGESDefs_ToolMacroDef.cxx.obj
[5345/5643] Building CXX object src\TKDEIGES\CMakeFiles\TKDEIGES.dir\__\IGESAppli\IGESAppli_DrilledHole.cxx.obj
[5346/5643] Building CXX object src\TKDEIGES\CMakeFiles\TKDEIGES.dir\__\IGESAppli\IGESAppli.cxx.obj
[5347/5643] Building CXX object src\TKDEIGES\CMakeFiles\TKDEIGES.dir\__\IGESDefs\IGESDefs_ToolTabularData.cxx.obj
[5348/5643] Building CXX object src\TKDEIGES\CMakeFiles\TKDEIGES.dir\__\IGESDefs\IGESDefs_ToolUnitsData.cxx.obj
[5349/5643] Building CXX object src\TKDEIGES\CMakeFiles\TKDEIGES.dir\__\IGESAppli\IGESAppli_FiniteElement.cxx.obj
[5350/5643] Building CXX object src\TKDEIGES\CMakeFiles\TKDEIGES.dir\__\IGESAppli\IGESAppli_FlowLineSpec.cxx.obj
[5351/5643] Building CXX object src\TKDEIGES\CMakeFiles\TKDEIGES.dir\__\IGESAppli\IGESAppli_Flow.cxx.obj
[5352/5643] Building CXX object src\TKDEIGES\CMakeFiles\TKDEIGES.dir\__\IGESAppli\IGESAppli_ElementResults.cxx.obj
[5353/5643] Building CXX object src\TKDEIGES\CMakeFiles\TKDEIGES.dir\__\IGESAppli\IGESAppli_LineWidening.cxx.obj
[5354/5643] Building CXX object src\TKDEIGES\CMakeFiles\TKDEIGES.dir\__\IGESAppli\IGESAppli_LevelFunction.cxx.obj
[5355/5643] Building CXX object src\TKDEIGES\CMakeFiles\TKDEIGES.dir\__\IGESAppli\IGESAppli_LevelToPWBLayerMap.cxx.obj
[5356/5643] Building CXX object src\TKDEIGES\CMakeFiles\TKDEIGES.dir\__\IGESAppli\IGESAppli_NodalConstraint.cxx.obj
[5357/5643] Building CXX object src\TKDEIGES\CMakeFiles\TKDEIGES.dir\__\IGESAppli\IGESAppli_NodalDisplAndRot.cxx.obj
[5358/5643] Building CXX object src\TKDEIGES\CMakeFiles\TKDEIGES.dir\__\IGESAppli\IGESAppli_GeneralModule.cxx.obj
[5359/5643] Building CXX object src\TKDEIGES\CMakeFiles\TKDEIGES.dir\__\IGESAppli\IGESAppli_NodalResults.cxx.obj
[5360/5643] Building CXX object src\TKDEIGES\CMakeFiles\TKDEIGES.dir\__\IGESAppli\IGESAppli_PartNumber.cxx.obj
[5361/5643] Building CXX object src\TKDEIGES\CMakeFiles\TKDEIGES.dir\__\IGESAppli\IGESAppli_PinNumber.cxx.obj
[5362/5643] Building CXX object src\TKDEIGES\CMakeFiles\TKDEIGES.dir\__\IGESAppli\IGESAppli_Node.cxx.obj
[5363/5643] Building CXX object src\TKDEIGES\CMakeFiles\TKDEIGES.dir\__\IGESAppli\IGESAppli_PipingFlow.cxx.obj
[5364/5643] Building CXX object src\TKDEIGES\CMakeFiles\TKDEIGES.dir\__\IGESAppli\IGESAppli_PWBDrilledHole.cxx.obj
[5365/5643] Building CXX object src\TKDEIGES\CMakeFiles\TKDEIGES.dir\__\IGESAppli\IGESAppli_PWBArtworkStackup.cxx.obj
[5366/5643] Building CXX object src\TKDEIGES\CMakeFiles\TKDEIGES.dir\__\IGESAppli\IGESAppli_ReferenceDesignator.cxx.obj
[5367/5643] Building CXX object src\TKDEIGES\CMakeFiles\TKDEIGES.dir\__\IGESAppli\IGESAppli_Protocol.cxx.obj
[5368/5643] Building CXX object src\TKDEIGES\CMakeFiles\TKDEIGES.dir\__\IGESAppli\IGESAppli_RegionRestriction.cxx.obj
[5369/5643] Building CXX object src\TKDEIGES\CMakeFiles\TKDEIGES.dir\__\IGESAppli\IGESAppli_ReadWriteModule.cxx.obj
[5370/5643] Building CXX object src\TKDEIGES\CMakeFiles\TKDEIGES.dir\__\IGESAppli\IGESAppli_ToolDrilledHole.cxx.obj
[5371/5643] Building CXX object src\TKDEIGES\CMakeFiles\TKDEIGES.dir\__\IGESAppli\IGESAppli_SpecificModule.cxx.obj
[5372/5643] Building CXX object src\TKDEIGES\CMakeFiles\TKDEIGES.dir\__\IGESAppli\IGESAppli_ToolElementResults.cxx.obj
[5373/5643] Building CXX object src\TKDEIGES\CMakeFiles\TKDEIGES.dir\__\IGESAppli\IGESAppli_ToolFiniteElement.cxx.obj
[5374/5643] Building CXX object src\TKDEIGES\CMakeFiles\TKDEIGES.dir\__\IGESAppli\IGESAppli_ToolFlowLineSpec.cxx.obj
[5375/5643] Building CXX object src\TKDEIGES\CMakeFiles\TKDEIGES.dir\__\IGESAppli\IGESAppli_ToolFlow.cxx.obj
[5376/5643] Building CXX object src\TKDEIGES\CMakeFiles\TKDEIGES.dir\__\IGESAppli\IGESAppli_ToolLevelFunction.cxx.obj
[5377/5643] Building CXX object src\TKDEIGES\CMakeFiles\TKDEIGES.dir\__\IGESAppli\IGESAppli_ToolLineWidening.cxx.obj
[5378/5643] Building CXX object src\TKDEIGES\CMakeFiles\TKDEIGES.dir\__\IGESAppli\IGESAppli_ToolLevelToPWBLayerMap.cxx.obj
[5379/5643] Building CXX object src\TKDEIGES\CMakeFiles\TKDEIGES.dir\__\IGESAppli\IGESAppli_ToolNodalConstraint.cxx.obj
[5380/5643] Building CXX object src\TKDEIGES\CMakeFiles\TKDEIGES.dir\__\IGESAppli\IGESAppli_ToolNodalDisplAndRot.cxx.obj
[5381/5643] Building CXX object src\TKDEIGES\CMakeFiles\TKDEIGES.dir\__\IGESAppli\IGESAppli_ToolNodalResults.cxx.obj
[5382/5643] Building CXX object src\TKDEIGES\CMakeFiles\TKDEIGES.dir\__\IGESAppli\IGESAppli_ToolNode.cxx.obj
[5383/5643] Building CXX object src\TKDEIGES\CMakeFiles\TKDEIGES.dir\__\IGESAppli\IGESAppli_ToolPartNumber.cxx.obj
[5384/5643] Building CXX object src\TKDEIGES\CMakeFiles\TKDEIGES.dir\__\IGESAppli\IGESAppli_ToolPinNumber.cxx.obj
[5385/5643] Building CXX object src\TKDEIGES\CMakeFiles\TKDEIGES.dir\__\IGESAppli\IGESAppli_ToolPWBArtworkStackup.cxx.obj
[5386/5643] Building CXX object src\TKDEIGES\CMakeFiles\TKDEIGES.dir\__\IGESAppli\IGESAppli_ToolPWBDrilledHole.cxx.obj
[5387/5643] Building CXX object src\TKDEIGES\CMakeFiles\TKDEIGES.dir\__\IGESAppli\IGESAppli_ToolPipingFlow.cxx.obj
[5388/5643] Building CXX object src\TKDEIGES\CMakeFiles\TKDEIGES.dir\__\IGESAppli\IGESAppli_ToolRegionRestriction.cxx.obj
[5389/5643] Building CXX object src\TKDEIGES\CMakeFiles\TKDEIGES.dir\__\IGESAppli\IGESAppli_ToolReferenceDesignator.cxx.obj
[5390/5643] Building CXX object src\TKDEIGES\CMakeFiles\TKDEIGES.dir\__\IGESConvGeom\IGESConvGeom_GeomBuilder.cxx.obj
[5391/5643] Building CXX object src\TKDEIGES\CMakeFiles\TKDEIGES.dir\__\IGESSelect\IGESSelect.cxx.obj
[5392/5643] Building CXX object src\TKDEIGES\CMakeFiles\TKDEIGES.dir\__\IGESSelect\IGESSelect_AddFileComment.cxx.obj
[5393/5643] Building CXX object src\TKDEIGES\CMakeFiles\TKDEIGES.dir\__\IGESConvGeom\IGESConvGeom.cxx.obj
[5394/5643] Building CXX object src\TKDEIGES\CMakeFiles\TKDEIGES.dir\__\IGESSelect\IGESSelect_Activator.cxx.obj
[5395/5643] Building CXX object src\TKDEIGES\CMakeFiles\TKDEIGES.dir\__\IGESSelect\IGESSelect_AutoCorrect.cxx.obj
[5396/5643] Building CXX object src\TKDEIGES\CMakeFiles\TKDEIGES.dir\__\IGESSelect\IGESSelect_AddGroup.cxx.obj
[5397/5643] Building CXX object src\TKDEIGES\CMakeFiles\TKDEIGES.dir\__\IGESSelect\IGESSelect_ChangeLevelList.cxx.obj
[5398/5643] Building CXX object src\TKDEIGES\CMakeFiles\TKDEIGES.dir\__\IGESSelect\IGESSelect_ChangeLevelNumber.cxx.obj
[5399/5643] Building CXX object src\TKDEIGES\CMakeFiles\TKDEIGES.dir\__\IGESSelect\IGESSelect_ComputeStatus.cxx.obj
[5400/5643] Building CXX object src\TKDEIGES\CMakeFiles\TKDEIGES.dir\__\IGESSelect\IGESSelect_CounterOfLevelNumber.cxx.obj
[5401/5643] Building CXX object src\TKDEIGES\CMakeFiles\TKDEIGES.dir\__\IGESSelect\IGESSelect_DispPerDrawing.cxx.obj
[5402/5643] Building CXX object src\TKDEIGES\CMakeFiles\TKDEIGES.dir\__\IGESSelect\IGESSelect_DispPerSingleView.cxx.obj
[5403/5643] Building CXX object src\TKDEIGES\CMakeFiles\TKDEIGES.dir\__\IGESSelect\IGESSelect_Dumper.cxx.obj
[5404/5643] Building CXX object src\TKDEIGES\CMakeFiles\TKDEIGES.dir\__\IGESSelect\IGESSelect_EditDirPart.cxx.obj
[5405/5643] Building CXX object src\TKDEIGES\CMakeFiles\TKDEIGES.dir\__\IGESSelect\IGESSelect_EditHeader.cxx.obj
[5406/5643] Building CXX object src\TKDEIGES\CMakeFiles\TKDEIGES.dir\__\IGESSelect\IGESSelect_FileModifier_0.cxx.obj
[5407/5643] Building CXX object src\TKDEIGES\CMakeFiles\TKDEIGES.dir\__\IGESSelect\IGESSelect_FloatFormat.cxx.obj
[5408/5643] Building CXX object src\TKDEIGES\CMakeFiles\TKDEIGES.dir\__\IGESSelect\IGESSelect_IGESName.cxx.obj
[5409/5643] Building CXX object src\TKDEIGES\CMakeFiles\TKDEIGES.dir\__\IGESSelect\IGESSelect_IGESTypeForm.cxx.obj
[5410/5643] Building CXX object src\TKDEIGES\CMakeFiles\TKDEIGES.dir\__\IGESSelect\IGESSelect_ModelModifier_0.cxx.obj
[5411/5643] Building CXX object src\TKDEIGES\CMakeFiles\TKDEIGES.dir\__\IGESSelect\IGESSelect_RebuildGroups.cxx.obj
[5412/5643] Building CXX object src\TKDEIGES\CMakeFiles\TKDEIGES.dir\__\IGESSelect\IGESSelect_RemoveCurves.cxx.obj
[5413/5643] Building CXX object src\TKDEIGES\CMakeFiles\TKDEIGES.dir\__\IGESSelect\IGESSelect_RebuildDrawings.cxx.obj
[5414/5643] Building CXX object src\TKDEIGES\CMakeFiles\TKDEIGES.dir\__\IGESSelect\IGESSelect_SelectBasicGeom.cxx.obj
[5415/5643] Building CXX object src\TKDEIGES\CMakeFiles\TKDEIGES.dir\__\IGESSelect\IGESSelect_SelectBypassGroup.cxx.obj
[5416/5643] Building CXX object src\TKDEIGES\CMakeFiles\TKDEIGES.dir\__\IGESSelect\IGESSelect_SelectBypassSubfigure.cxx.obj
[5417/5643] Building CXX object src\TKDEIGES\CMakeFiles\TKDEIGES.dir\__\IGESSelect\IGESSelect_SelectDrawingFrom.cxx.obj
[5418/5643] Building CXX object src\TKDEIGES\CMakeFiles\TKDEIGES.dir\__\IGESSelect\IGESSelect_SelectFromDrawing.cxx.obj
[5419/5643] Building CXX object src\TKDEIGES\CMakeFiles\TKDEIGES.dir\__\IGESSelect\IGESSelect_SelectFaces.cxx.obj
[5420/5643] Building CXX object src\TKDEIGES\CMakeFiles\TKDEIGES.dir\__\IGESSelect\IGESSelect_SelectFromSingleView.cxx.obj
[5421/5643] Building CXX object src\TKDEIGES\CMakeFiles\TKDEIGES.dir\__\IGESSelect\IGESSelect_SelectLevelNumber.cxx.obj
[5422/5643] Building CXX object src\TKDEIGES\CMakeFiles\TKDEIGES.dir\__\IGESSelect\IGESSelect_SelectName.cxx.obj
[5423/5643] Building CXX object src\TKDEIGES\CMakeFiles\TKDEIGES.dir\__\IGESSelect\IGESSelect_SelectSubordinate.cxx.obj
[5424/5643] Building CXX object src\TKDEIGES\CMakeFiles\TKDEIGES.dir\__\IGESSelect\IGESSelect_SelectSingleViewFrom.cxx.obj
[5425/5643] Building CXX object src\TKDEIGES\CMakeFiles\TKDEIGES.dir\__\IGESSelect\IGESSelect_SelectPCurves.cxx.obj
[5426/5643] Building CXX object src\TKDEIGES\CMakeFiles\TKDEIGES.dir\__\IGESSelect\IGESSelect_SelectVisibleStatus.cxx.obj
[5427/5643] Building CXX object src\TKDEIGES\CMakeFiles\TKDEIGES.dir\__\IGESSelect\IGESSelect_SetGlobalParameter.cxx.obj
[5428/5643] Building CXX object src\TKDEIGES\CMakeFiles\TKDEIGES.dir\__\IGESSelect\IGESSelect_SetLabel.cxx.obj
[5429/5643] Building CXX object src\TKDEIGES\CMakeFiles\TKDEIGES.dir\__\IGESSelect\IGESSelect_SetVersion5.cxx.obj
[5430/5643] Building CXX object src\TKDEIGES\CMakeFiles\TKDEIGES.dir\__\IGESSelect\IGESSelect_SignColor.cxx.obj
[5431/5643] Building CXX object src\TKDEIGES\CMakeFiles\TKDEIGES.dir\__\IGESSelect\IGESSelect_SignLevelNumber.cxx.obj
[5432/5643] Building CXX object src\TKDEIGES\CMakeFiles\TKDEIGES.dir\__\IGESSelect\IGESSelect_SignStatus.cxx.obj
[5433/5643] Building CXX object src\TKDEIGES\CMakeFiles\TKDEIGES.dir\__\IGESSelect\IGESSelect_SplineToBSpline.cxx.obj
[5434/5643] Building CXX object src\TKDEIGES\CMakeFiles\TKDEIGES.dir\__\IGESSelect\IGESSelect_UpdateCreationDate.cxx.obj
[5435/5643] Building CXX object src\TKDEIGES\CMakeFiles\TKDEIGES.dir\__\IGESSelect\IGESSelect_UpdateFileName.cxx.obj
[5436/5643] Building CXX object src\TKDEIGES\CMakeFiles\TKDEIGES.dir\__\IGESSelect\IGESSelect_UpdateLastChange.cxx.obj
[5437/5643] Building CXX object src\TKDEIGES\CMakeFiles\TKDEIGES.dir\__\IGESSelect\IGESSelect_ViewSorter.cxx.obj
[5438/5643] Building CXX object src\TKDEIGES\CMakeFiles\TKDEIGES.dir\__\IGESToBRep\IGESToBRep_AlgoContainer.cxx.obj
[5439/5643] Building CXX object src\TKDEIGES\CMakeFiles\TKDEIGES.dir\__\IGESSelect\IGESSelect_WorkLibrary.cxx.obj
[5440/5643] Building CXX object src\TKDEIGES\CMakeFiles\TKDEIGES.dir\__\IGESToBRep\IGESToBRep_Actor.cxx.obj
[5441/5643] Building CXX object src\TKDEIGES\CMakeFiles\TKDEIGES.dir\__\IGESToBRep\IGESToBRep.cxx.obj
[5442/5643] Building CXX object src\TKDEIGES\CMakeFiles\TKDEIGES.dir\__\IGESToBRep\IGESToBRep_BasicCurve.cxx.obj
[5443/5643] Building CXX object src\TKDEIGES\CMakeFiles\TKDEIGES.dir\__\IGESToBRep\IGESToBRep_BasicSurface.cxx.obj
[5444/5643] Building CXX object src\TKDEIGES\CMakeFiles\TKDEIGES.dir\__\IGESToBRep\IGESToBRep_BRepEntity.cxx.obj
[5445/5643] Building CXX object src\TKDEIGES\CMakeFiles\TKDEIGES.dir\__\IGESToBRep\IGESToBRep_CurveAndSurface.cxx.obj
[5446/5643] Building CXX object src\TKDEIGES\CMakeFiles\TKDEIGES.dir\__\IGESToBRep\IGESToBRep_IGESBoundary.cxx.obj
[5447/5643] Building CXX object src\TKDEIGES\CMakeFiles\TKDEIGES.dir\__\IGESToBRep\IGESToBRep_ToolContainer.cxx.obj
[5448/5643] Building CXX object src\TKDEIGES\CMakeFiles\TKDEIGES.dir\__\IGESToBRep\IGESToBRep_Reader.cxx.obj
[5449/5643] Building CXX object src\TKDEIGES\CMakeFiles\TKDEIGES.dir\__\GeomToIGES\GeomToIGES_GeomEntity.cxx.obj
[5450/5643] Building CXX object src\TKDEIGES\CMakeFiles\TKDEIGES.dir\__\GeomToIGES\GeomToIGES_GeomPoint.cxx.obj
[5451/5643] Building CXX object src\TKDEIGES\CMakeFiles\TKDEIGES.dir\__\GeomToIGES\GeomToIGES_GeomCurve.cxx.obj
[5452/5643] Building CXX object src\TKDEIGES\CMakeFiles\TKDEIGES.dir\__\GeomToIGES\GeomToIGES_GeomVector.cxx.obj
[5453/5643] Building CXX object src\TKDEIGES\CMakeFiles\TKDEIGES.dir\__\IGESToBRep\IGESToBRep_TopoCurve.cxx.obj
[5454/5643] Building CXX object src\TKDEIGES\CMakeFiles\TKDEIGES.dir\__\Geom2dToIGES\Geom2dToIGES_Geom2dEntity.cxx.obj
[5455/5643] Building CXX object src\TKDEIGES\CMakeFiles\TKDEIGES.dir\__\Geom2dToIGES\Geom2dToIGES_Geom2dCurve.cxx.obj
[5456/5643] Building CXX object src\TKDEIGES\CMakeFiles\TKDEIGES.dir\__\IGESToBRep\IGESToBRep_TopoSurface.cxx.obj
[5457/5643] Building CXX object src\TKDEIGES\CMakeFiles\TKDEIGES.dir\__\GeomToIGES\GeomToIGES_GeomSurface.cxx.obj
[5458/5643] Building CXX object src\TKDEIGES\CMakeFiles\TKDEIGES.dir\__\Geom2dToIGES\Geom2dToIGES_Geom2dPoint.cxx.obj
[5459/5643] Building CXX object src\TKDEIGES\CMakeFiles\TKDEIGES.dir\__\Geom2dToIGES\Geom2dToIGES_Geom2dVector.cxx.obj
[5460/5643] Building CXX object src\TKDEIGES\CMakeFiles\TKDEIGES.dir\__\BRepToIGES\BRepToIGES_BREntity.cxx.obj
[5461/5643] Building CXX object src\TKDEIGES\CMakeFiles\TKDEIGES.dir\__\BRepToIGES\BRepToIGES_BRSolid.cxx.obj
[5462/5643] Building CXX object src\TKDEIGES\CMakeFiles\TKDEIGES.dir\__\BRepToIGES\BRepToIGES_BRWire.cxx.obj
[5463/5643] Building CXX object src\TKDEIGES\CMakeFiles\TKDEIGES.dir\__\BRepToIGES\BRepToIGES_BRShell.cxx.obj
[5464/5643] Building CXX object src\TKDEIGES\CMakeFiles\TKDEIGES.dir\__\IGESControl\IGESControl_AlgoContainer.cxx.obj
[5465/5643] Building CXX object src\TKDEIGES\CMakeFiles\TKDEIGES.dir\__\IGESControl\IGESControl_ActorWrite.cxx.obj
[5466/5643] Building CXX object src\TKDEIGES\CMakeFiles\TKDEIGES.dir\__\BRepToIGESBRep\BRepToIGESBRep_Entity.cxx.obj
[5467/5643] Building CXX object src\TKDEIGES\CMakeFiles\TKDEIGES.dir\__\IGESControl\IGESControl_Controller.cxx.obj
[5468/5643] Building CXX object src\TKDEIGES\CMakeFiles\TKDEIGES.dir\__\IGESControl\IGESControl_Reader.cxx.obj
[5469/5643] Building CXX object src\TKDEIGES\CMakeFiles\TKDEIGES.dir\__\IGESControl\IGESControl_IGESBoundary.cxx.obj
[5470/5643] Building CXX object src\TKDEIGES\CMakeFiles\TKDEIGES.dir\__\IGESControl\IGESControl_ToolContainer.cxx.obj
[5471/5643] Building CXX object src\TKDEIGES\CMakeFiles\TKDEIGES.dir\__\IGESControl\IGESControl_Writer.cxx.obj
[5472/5643] Building CXX object src\TKDEVRML\CMakeFiles\TKDEVRML.dir\__\VrmlConverter\VrmlConverter_WFRestrictedFace.cxx.obj
[5473/5643] Building CXX object src\TKDEVRML\CMakeFiles\TKDEVRML.dir\__\VrmlConverter\VrmlConverter_WFDeflectionShape.cxx.obj
[5474/5643] Building CXX object src\TKDEVRML\CMakeFiles\TKDEVRML.dir\__\VrmlConverter\VrmlConverter_WFShape.cxx.obj
[5475/5643] Linking CXX static library win64\vc14\lib\TKDEIGES.lib
[5476/5643] Building CXX object src\TKDEVRML\CMakeFiles\TKDEVRML.dir\__\VrmlAPI\VrmlAPI.cxx.obj
[5477/5643] Building CXX object src\TKDEVRML\CMakeFiles\TKDEVRML.dir\__\Vrml\Vrml.cxx.obj
[5478/5643] Building CXX object src\TKDEVRML\CMakeFiles\TKDEVRML.dir\__\Vrml\Vrml_AsciiText.cxx.obj
[5479/5643] Building CXX object src\TKDEVRML\CMakeFiles\TKDEVRML.dir\__\Vrml\Vrml_Cone.cxx.obj
[5480/5643] Building CXX object src\TKDEVRML\CMakeFiles\TKDEVRML.dir\__\VrmlAPI\VrmlAPI_CafReader.cxx.obj
[5481/5643] Building CXX object src\TKDEVRML\CMakeFiles\TKDEVRML.dir\__\Vrml\Vrml_ConfigurationNode.cxx.obj
[5482/5643] Building CXX object src\TKDEVRML\CMakeFiles\TKDEVRML.dir\__\Vrml\Vrml_Coordinate3.cxx.obj
[5483/5643] Building CXX object src\TKDEVRML\CMakeFiles\TKDEVRML.dir\__\Vrml\Vrml_Cube.cxx.obj
[5484/5643] Building CXX object src\TKDEVRML\CMakeFiles\TKDEVRML.dir\__\VrmlAPI\VrmlAPI_Writer.cxx.obj
[5485/5643] Building CXX object src\TKDEVRML\CMakeFiles\TKDEVRML.dir\__\Vrml\Vrml_Cylinder.cxx.obj
[5486/5643] Building CXX object src\TKDEVRML\CMakeFiles\TKDEVRML.dir\__\Vrml\Vrml_FontStyle.cxx.obj
[5487/5643] Building CXX object src\TKDEVRML\CMakeFiles\TKDEVRML.dir\__\Vrml\Vrml_Group.cxx.obj
[5488/5643] Building CXX object src\TKDEVRML\CMakeFiles\TKDEVRML.dir\__\Vrml\Vrml_DirectionalLight.cxx.obj
[5489/5643] Building CXX object src\TKDEVRML\CMakeFiles\TKDEVRML.dir\__\Vrml\Vrml_IndexedFaceSet.cxx.obj
[5490/5643] Building CXX object src\TKDEVRML\CMakeFiles\TKDEVRML.dir\__\Vrml\Vrml_Info.cxx.obj
[5491/5643] Building CXX object src\TKDEVRML\CMakeFiles\TKDEVRML.dir\__\Vrml\Vrml_IndexedLineSet.cxx.obj
[5492/5643] Building CXX object src\TKDEVRML\CMakeFiles\TKDEVRML.dir\__\Vrml\Vrml_Instancing.cxx.obj
[5493/5643] Building CXX object src\TKDEVRML\CMakeFiles\TKDEVRML.dir\__\Vrml\Vrml_MaterialBinding.cxx.obj
[5494/5643] Building CXX object src\TKDEVRML\CMakeFiles\TKDEVRML.dir\__\Vrml\Vrml_LOD.cxx.obj
[5495/5643] Building CXX object src\TKDEVRML\CMakeFiles\TKDEVRML.dir\__\Vrml\Vrml_Material.cxx.obj
[5496/5643] Building CXX object src\TKDEVRML\CMakeFiles\TKDEVRML.dir\__\Vrml\Vrml_MatrixTransform.cxx.obj
[5497/5643] Building CXX object src\TKDEVRML\CMakeFiles\TKDEVRML.dir\__\Vrml\Vrml_NormalBinding.cxx.obj
[5498/5643] Building CXX object src\TKDEVRML\CMakeFiles\TKDEVRML.dir\__\Vrml\Vrml_Normal.cxx.obj
[5499/5643] Building CXX object src\TKDEVRML\CMakeFiles\TKDEVRML.dir\__\Vrml\Vrml_OrthographicCamera.cxx.obj
[5500/5643] Building CXX object src\TKDEVRML\CMakeFiles\TKDEVRML.dir\__\Vrml\Vrml_PointSet.cxx.obj
[5501/5643] Building CXX object src\TKDEVRML\CMakeFiles\TKDEVRML.dir\__\Vrml\Vrml_PerspectiveCamera.cxx.obj
[5502/5643] Building CXX object src\TKDEVRML\CMakeFiles\TKDEVRML.dir\__\Vrml\Vrml_PointLight.cxx.obj
[5503/5643] Building CXX object src\TKDEVRML\CMakeFiles\TKDEVRML.dir\__\Vrml\Vrml_Rotation.cxx.obj
[5504/5643] Building CXX object src\TKDEVRML\CMakeFiles\TKDEVRML.dir\__\Vrml\Vrml_Separator.cxx.obj
[5505/5643] Building CXX object src\TKDEVRML\CMakeFiles\TKDEVRML.dir\__\Vrml\Vrml_SFRotation.cxx.obj
[5506/5643] Building CXX object src\TKDEVRML\CMakeFiles\TKDEVRML.dir\__\Vrml\Vrml_Scale.cxx.obj
[5507/5643] Building CXX object src\TKDEVRML\CMakeFiles\TKDEVRML.dir\__\Vrml\Vrml_SFImage.cxx.obj
[5508/5643] Building CXX object src\TKDEVRML\CMakeFiles\TKDEVRML.dir\__\Vrml\Vrml_Sphere.cxx.obj
[5509/5643] Building CXX object src\TKDEVRML\CMakeFiles\TKDEVRML.dir\__\Vrml\Vrml_ShapeHints.cxx.obj
[5510/5643] Building CXX object src\TKDEVRML\CMakeFiles\TKDEVRML.dir\__\Vrml\Vrml_Switch.cxx.obj
[5511/5643] Building CXX object src\TKDEVRML\CMakeFiles\TKDEVRML.dir\__\Vrml\Vrml_SpotLight.cxx.obj
[5512/5643] Building CXX object src\TKDEVRML\CMakeFiles\TKDEVRML.dir\__\Vrml\Vrml_Texture2.cxx.obj
[5513/5643] Building CXX object src\TKDEVRML\CMakeFiles\TKDEVRML.dir\__\Vrml\Vrml_Provider.cxx.obj
[5514/5643] Building CXX object src\TKDEVRML\CMakeFiles\TKDEVRML.dir\__\Vrml\Vrml_Texture2Transform.cxx.obj
[5515/5643] Building CXX object src\TKDEVRML\CMakeFiles\TKDEVRML.dir\__\Vrml\Vrml_TransformSeparator.cxx.obj
[5516/5643] Building CXX object src\TKDEVRML\CMakeFiles\TKDEVRML.dir\__\Vrml\Vrml_Transform.cxx.obj
[5517/5643] Building CXX object src\TKDEVRML\CMakeFiles\TKDEVRML.dir\__\Vrml\Vrml_TextureCoordinate2.cxx.obj
[5518/5643] Building CXX object src\TKDEVRML\CMakeFiles\TKDEVRML.dir\__\Vrml\Vrml_WWWAnchor.cxx.obj
[5519/5643] Building CXX object src\TKDEVRML\CMakeFiles\TKDEVRML.dir\__\Vrml\Vrml_Translation.cxx.obj
[5520/5643] Building CXX object src\TKDEVRML\CMakeFiles\TKDEVRML.dir\__\Vrml\Vrml_WWWInline.cxx.obj
[5521/5643] Building CXX object src\TKDEVRML\CMakeFiles\TKDEVRML.dir\__\VrmlData\VrmlData_Geometry.cxx.obj
[5522/5643] Building CXX object src\TKDEVRML\CMakeFiles\TKDEVRML.dir\__\VrmlData\VrmlData_Group.cxx.obj
[5523/5643] Building CXX object src\TKDEVRML\CMakeFiles\TKDEVRML.dir\__\VrmlData\VrmlData_IndexedLineSet.cxx.obj
[5524/5643] Building CXX object src\TKDEVRML\CMakeFiles\TKDEVRML.dir\__\VrmlData\VrmlData_IndexedFaceSet.cxx.obj
[5525/5643] Building CXX object src\TKDEVRML\CMakeFiles\TKDEVRML.dir\__\VrmlData\VrmlData_Material.cxx.obj
[5526/5643] Building CXX object src\TKDEVRML\CMakeFiles\TKDEVRML.dir\__\VrmlData\VrmlData_Node.cxx.obj
[5527/5643] Building CXX object src\TKDEVRML\CMakeFiles\TKDEVRML.dir\__\VrmlData\VrmlData_WorldInfo.cxx.obj
[5528/5643] Building CXX object src\TKDEVRML\CMakeFiles\TKDEVRML.dir\__\VrmlData\VrmlData_Scene.cxx.obj
[5529/5643] Building CXX object src\TKRWMesh\CMakeFiles\TKRWMesh.dir\__\RWMesh\RWMesh_MaterialMap.cxx.obj
[5530/5643] Building RC object src\TKRWMesh\CMakeFiles\TKRWMesh.dir\__\__\resources\TKRWMesh.rc.res
[5531/5643] Building CXX object src\TKRWMesh\CMakeFiles\TKRWMesh.dir\__\RWMesh\RWMesh_TriangulationReader.cxx.obj
[5532/5643] Generating CXX unity source src/TKDECascade/cotire/TKDECascade_CXX_unity.cxx
CMake Warning (deprecated) at C:/Users/Davi/Downloads/oma/.release/native-build/src/occt/adm/cmake/cotire.cmake:40 (cmake_minimum_required):
  Compatibility with CMake < 3.10 will be removed from a future version of
  CMake.

  Update the VERSION argument <min> value.  Or, use the <min>...<max> syntax
  to tell CMake that the project requires at least <min> but has been updated
  to work with policies introduced by <max> or earlier.
This warning is for project developers.  Use -Wno-author or -Wno-deprecated
to suppress it.

[5533/5643] Generating CXX unity source src/TKBinXCAF/cotire/TKBinXCAF_CXX_unity.cxx
CMake Warning (deprecated) at C:/Users/Davi/Downloads/oma/.release/native-build/src/occt/adm/cmake/cotire.cmake:40 (cmake_minimum_required):
  Compatibility with CMake < 3.10 will be removed from a future version of
  CMake.

  Update the VERSION argument <min> value.  Or, use the <min>...<max> syntax
  to tell CMake that the project requires at least <min> but has been updated
  to work with policies introduced by <max> or earlier.
This warning is for project developers.  Use -Wno-author or -Wno-deprecated
to suppress it.

[5534/5643] Building CXX object src\TKRWMesh\CMakeFiles\TKRWMesh.dir\__\RWMesh\RWMesh_TriangulationSource.cxx.obj
[5535/5643] Linking CXX static library win64\vc14\lib\TKRWMesh.lib
[5536/5643] Generating CXX unity source src/TKXmlXCAF/cotire/TKXmlXCAF_CXX_unity.cxx
CMake Warning (deprecated) at C:/Users/Davi/Downloads/oma/.release/native-build/src/occt/adm/cmake/cotire.cmake:40 (cmake_minimum_required):
  Compatibility with CMake < 3.10 will be removed from a future version of
  CMake.

  Update the VERSION argument <min> value.  Or, use the <min>...<max> syntax
  to tell CMake that the project requires at least <min> but has been updated
  to work with policies introduced by <max> or earlier.
This warning is for project developers.  Use -Wno-author or -Wno-deprecated
to suppress it.

[5537/5643] Building CXX object src\TKDEVRML\CMakeFiles\TKDEVRML.dir\__\VrmlData\VrmlData_ShapeConvert.cxx.obj
[5538/5643] Linking CXX static library win64\vc14\lib\TKDEVRML.lib
[5539/5643] Generating CXX unity source src/TKDEOBJ/cotire/TKDEOBJ_CXX_unity.cxx
CMake Warning (deprecated) at C:/Users/Davi/Downloads/oma/.release/native-build/src/occt/adm/cmake/cotire.cmake:40 (cmake_minimum_required):
  Compatibility with CMake < 3.10 will be removed from a future version of
  CMake.

  Update the VERSION argument <min> value.  Or, use the <min>...<max> syntax
  to tell CMake that the project requires at least <min> but has been updated
  to work with policies introduced by <max> or earlier.
This warning is for project developers.  Use -Wno-author or -Wno-deprecated
to suppress it.

[5540/5643] Generating CXX prefix header src/TKDECascade/cotire/TKDECascade_CXX_prefix.hxx
CMake Warning (deprecated) at C:/Users/Davi/Downloads/oma/.release/native-build/src/occt/adm/cmake/cotire.cmake:40 (cmake_minimum_required):
  Compatibility with CMake < 3.10 will be removed from a future version of
  CMake.

  Update the VERSION argument <min> value.  Or, use the <min>...<max> syntax
  to tell CMake that the project requires at least <min> but has been updated
  to work with policies introduced by <max> or earlier.
This warning is for project developers.  Use -Wno-author or -Wno-deprecated
to suppress it.

[5541/5643] Generating CXX prefix header src/TKBinXCAF/cotire/TKBinXCAF_CXX_prefix.hxx
CMake Warning (deprecated) at C:/Users/Davi/Downloads/oma/.release/native-build/src/occt/adm/cmake/cotire.cmake:40 (cmake_minimum_required):
  Compatibility with CMake < 3.10 will be removed from a future version of
  CMake.

  Update the VERSION argument <min> value.  Or, use the <min>...<max> syntax
  to tell CMake that the project requires at least <min> but has been updated
  to work with policies introduced by <max> or earlier.
This warning is for project developers.  Use -Wno-author or -Wno-deprecated
to suppress it.

[5542/5643] Building RC object src\TKDECascade\CMakeFiles\TKDECascade.dir\__\__\resources\TKDECascade.rc.res
[5543/5643] Generating CXX prefix header src/TKXmlXCAF/cotire/TKXmlXCAF_CXX_prefix.hxx
CMake Warning (deprecated) at C:/Users/Davi/Downloads/oma/.release/native-build/src/occt/adm/cmake/cotire.cmake:40 (cmake_minimum_required):
  Compatibility with CMake < 3.10 will be removed from a future version of
  CMake.

  Update the VERSION argument <min> value.  Or, use the <min>...<max> syntax
  to tell CMake that the project requires at least <min> but has been updated
  to work with policies introduced by <max> or earlier.
This warning is for project developers.  Use -Wno-author or -Wno-deprecated
to suppress it.

[5544/5643] Building RC object src\TKBinXCAF\CMakeFiles\TKBinXCAF.dir\__\__\resources\TKBinXCAF.rc.res
[5545/5643] Building CXX object src\TKDECascade\CMakeFiles\TKDECascade.dir\__\DEBRepCascade\DEBRepCascade_ConfigurationNode.cxx.obj
[5546/5643] Generating CXX prefix header src/TKDEOBJ/cotire/TKDEOBJ_CXX_prefix.hxx
CMake Warning (deprecated) at C:/Users/Davi/Downloads/oma/.release/native-build/src/occt/adm/cmake/cotire.cmake:40 (cmake_minimum_required):
  Compatibility with CMake < 3.10 will be removed from a future version of
  CMake.

  Update the VERSION argument <min> value.  Or, use the <min>...<max> syntax
  to tell CMake that the project requires at least <min> but has been updated
  to work with policies introduced by <max> or earlier.
This warning is for project developers.  Use -Wno-author or -Wno-deprecated
to suppress it.

[5547/5643] Building CXX object src\TKDECascade\CMakeFiles\TKDECascade.dir\__\DEXCAFCascade\DEXCAFCascade_ConfigurationNode.cxx.obj
[5548/5643] Building CXX object src\TKDECascade\CMakeFiles\TKDECascade.dir\__\DEBRepCascade\DEBRepCascade_Provider.cxx.obj
[5549/5643] Building CXX object src\TKBinXCAF\CMakeFiles\TKBinXCAF.dir\__\BinXCAFDrivers\BinXCAFDrivers.cxx.obj
[5550/5643] Building RC object src\TKXmlXCAF\CMakeFiles\TKXmlXCAF.dir\__\__\resources\TKXmlXCAF.rc.res
[5551/5643] Building CXX object src\TKXmlXCAF\CMakeFiles\TKXmlXCAF.dir\__\XmlXCAFDrivers\XmlXCAFDrivers.cxx.obj
[5552/5643] Building CXX object src\TKDECascade\CMakeFiles\TKDECascade.dir\__\DEXCAFCascade\DEXCAFCascade_Provider.cxx.obj
[5553/5643] Building CXX object src\TKBinXCAF\CMakeFiles\TKBinXCAF.dir\__\BinXCAFDrivers\BinXCAFDrivers_DocumentRetrievalDriver.cxx.obj
[5554/5643] Building CXX object src\TKBinXCAF\CMakeFiles\TKBinXCAF.dir\__\BinXCAFDrivers\BinXCAFDrivers_DocumentStorageDriver.cxx.obj
[5555/5643] Linking CXX static library win64\vc14\lib\TKDECascade.lib
[5556/5643] Building CXX object src\TKBinXCAF\CMakeFiles\TKBinXCAF.dir\__\BinMXCAFDoc\BinMXCAFDoc_AssemblyItemRefDriver.cxx.obj
[5557/5643] Building CXX object src\TKBinXCAF\CMakeFiles\TKBinXCAF.dir\__\BinMXCAFDoc\BinMXCAFDoc_ColorDriver.cxx.obj
[5558/5643] Building CXX object src\TKBinXCAF\CMakeFiles\TKBinXCAF.dir\__\BinMXCAFDoc\BinMXCAFDoc_CentroidDriver.cxx.obj
[5559/5643] Building CXX object src\TKBinXCAF\CMakeFiles\TKBinXCAF.dir\__\BinMXCAFDoc\BinMXCAFDoc.cxx.obj
[5560/5643] Building CXX object src\TKBinXCAF\CMakeFiles\TKBinXCAF.dir\__\BinMXCAFDoc\BinMXCAFDoc_DatumDriver.cxx.obj
[5561/5643] Building CXX object src\TKBinXCAF\CMakeFiles\TKBinXCAF.dir\__\BinMXCAFDoc\BinMXCAFDoc_DimTolDriver.cxx.obj
[5562/5643] Building CXX object src\TKBinXCAF\CMakeFiles\TKBinXCAF.dir\__\BinMXCAFDoc\BinMXCAFDoc_GraphNodeDriver.cxx.obj
[5563/5643] Building CXX object src\TKBinXCAF\CMakeFiles\TKBinXCAF.dir\__\BinMXCAFDoc\BinMXCAFDoc_LengthUnitDriver.cxx.obj
[5564/5643] Building CXX object src\TKBinXCAF\CMakeFiles\TKBinXCAF.dir\__\BinMXCAFDoc\BinMXCAFDoc_MaterialDriver.cxx.obj
[5565/5643] Building CXX object src\TKBinXCAF\CMakeFiles\TKBinXCAF.dir\__\BinMXCAFDoc\BinMXCAFDoc_NoteDriver.cxx.obj
[5566/5643] Building CXX object src\TKBinXCAF\CMakeFiles\TKBinXCAF.dir\__\BinMXCAFDoc\BinMXCAFDoc_NoteCommentDriver.cxx.obj
[5567/5643] Building CXX object src\TKBinXCAF\CMakeFiles\TKBinXCAF.dir\__\BinMXCAFDoc\BinMXCAFDoc_LocationDriver.cxx.obj
[5568/5643] Building CXX object src\TKBinXCAF\CMakeFiles\TKBinXCAF.dir\__\BinMXCAFDoc\BinMXCAFDoc_NoteBinDataDriver.cxx.obj
[5569/5643] Building CXX object src\TKBinXCAF\CMakeFiles\TKBinXCAF.dir\__\BinMXCAFDoc\BinMXCAFDoc_VisMaterialToolDriver.cxx.obj
[5570/5643] Building CXX object src\TKBinXCAF\CMakeFiles\TKBinXCAF.dir\__\BinMXCAFDoc\BinMXCAFDoc_VisMaterialDriver.cxx.obj
[5571/5643] Building CXX object src\TKXmlXCAF\CMakeFiles\TKXmlXCAF.dir\__\XmlXCAFDrivers\XmlXCAFDrivers_DocumentRetrievalDriver.cxx.obj
[5572/5643] Linking CXX static library win64\vc14\lib\TKBinXCAF.lib
[5573/5643] Building CXX object src\TKXmlXCAF\CMakeFiles\TKXmlXCAF.dir\__\XmlXCAFDrivers\XmlXCAFDrivers_DocumentStorageDriver.cxx.obj
[5574/5643] Building CXX object src\TKXmlXCAF\CMakeFiles\TKXmlXCAF.dir\__\XmlMXCAFDoc\XmlMXCAFDoc_AssemblyItemRefDriver.cxx.obj
[5575/5643] Building CXX object src\TKXmlXCAF\CMakeFiles\TKXmlXCAF.dir\__\XmlMXCAFDoc\XmlMXCAFDoc_CentroidDriver.cxx.obj
[5576/5643] Building CXX object src\TKXmlXCAF\CMakeFiles\TKXmlXCAF.dir\__\XmlMXCAFDoc\XmlMXCAFDoc_ColorDriver.cxx.obj
[5577/5643] Building CXX object src\TKXmlXCAF\CMakeFiles\TKXmlXCAF.dir\__\XmlMXCAFDoc\XmlMXCAFDoc.cxx.obj
[5578/5643] Building CXX object src\TKXmlXCAF\CMakeFiles\TKXmlXCAF.dir\__\XmlMXCAFDoc\XmlMXCAFDoc_DatumDriver.cxx.obj
[5579/5643] Building CXX object src\TKXmlXCAF\CMakeFiles\TKXmlXCAF.dir\__\XmlMXCAFDoc\XmlMXCAFDoc_DimTolDriver.cxx.obj
[5580/5643] Building CXX object src\TKXmlXCAF\CMakeFiles\TKXmlXCAF.dir\__\XmlMXCAFDoc\XmlMXCAFDoc_LengthUnitDriver.cxx.obj
[5581/5643] Building CXX object src\TKXmlXCAF\CMakeFiles\TKXmlXCAF.dir\__\XmlMXCAFDoc\XmlMXCAFDoc_GraphNodeDriver.cxx.obj
[5582/5643] Building CXX object src\TKXmlXCAF\CMakeFiles\TKXmlXCAF.dir\__\XmlMXCAFDoc\XmlMXCAFDoc_MaterialDriver.cxx.obj
[5583/5643] Building CXX object src\TKXmlXCAF\CMakeFiles\TKXmlXCAF.dir\__\XmlMXCAFDoc\XmlMXCAFDoc_LocationDriver.cxx.obj
[5584/5643] Building CXX object src\TKXmlXCAF\CMakeFiles\TKXmlXCAF.dir\__\XmlMXCAFDoc\XmlMXCAFDoc_NoteDriver.cxx.obj
[5585/5643] Building CXX object src\TKXmlXCAF\CMakeFiles\TKXmlXCAF.dir\__\XmlMXCAFDoc\XmlMXCAFDoc_NoteCommentDriver.cxx.obj
[5586/5643] Building CXX object src\TKXmlXCAF\CMakeFiles\TKXmlXCAF.dir\__\XmlMXCAFDoc\XmlMXCAFDoc_NoteBinDataDriver.cxx.obj
[5587/5643] Building CXX object src\TKXmlXCAF\CMakeFiles\TKXmlXCAF.dir\__\XmlMXCAFDoc\XmlMXCAFDoc_VisMaterialDriver.cxx.obj
[5588/5643] Building CXX object src\TKXmlXCAF\CMakeFiles\TKXmlXCAF.dir\__\XmlMXCAFDoc\XmlMXCAFDoc_VisMaterialToolDriver.cxx.obj
[5589/5643] Generating CXX unity source src/TKDEGLTF/cotire/TKDEGLTF_CXX_unity.cxx
CMake Warning (deprecated) at C:/Users/Davi/Downloads/oma/.release/native-build/src/occt/adm/cmake/cotire.cmake:40 (cmake_minimum_required):
  Compatibility with CMake < 3.10 will be removed from a future version of
  CMake.

  Update the VERSION argument <min> value.  Or, use the <min>...<max> syntax
  to tell CMake that the project requires at least <min> but has been updated
  to work with policies introduced by <max> or earlier.
This warning is for project developers.  Use -Wno-author or -Wno-deprecated
to suppress it.

[5590/5643] Building RC object src\TKDEOBJ\CMakeFiles\TKDEOBJ.dir\__\__\resources\TKDEOBJ.rc.res
[5591/5643] Linking CXX static library win64\vc14\lib\TKXmlXCAF.lib
[5592/5643] Generating CXX unity source src/TKDEPLY/cotire/TKDEPLY_CXX_unity.cxx
CMake Warning (deprecated) at C:/Users/Davi/Downloads/oma/.release/native-build/src/occt/adm/cmake/cotire.cmake:40 (cmake_minimum_required):
  Compatibility with CMake < 3.10 will be removed from a future version of
  CMake.

  Update the VERSION argument <min> value.  Or, use the <min>...<max> syntax
  to tell CMake that the project requires at least <min> but has been updated
  to work with policies introduced by <max> or earlier.
This warning is for project developers.  Use -Wno-author or -Wno-deprecated
to suppress it.

[5593/5643] Generating CXX unity source src/TKExpress/cotire/TKExpress_CXX_unity.cxx
CMake Warning (deprecated) at C:/Users/Davi/Downloads/oma/.release/native-build/src/occt/adm/cmake/cotire.cmake:40 (cmake_minimum_required):
  Compatibility with CMake < 3.10 will be removed from a future version of
  CMake.

  Update the VERSION argument <min> value.  Or, use the <min>...<max> syntax
  to tell CMake that the project requires at least <min> but has been updated
  to work with policies introduced by <max> or earlier.
This warning is for project developers.  Use -Wno-author or -Wno-deprecated
to suppress it.

[5594/5643] Generating CXX prefix header src/TKExpress/cotire/TKExpress_CXX_prefix.hxx
CMake Warning (deprecated) at C:/Users/Davi/Downloads/oma/.release/native-build/src/occt/adm/cmake/cotire.cmake:40 (cmake_minimum_required):
  Compatibility with CMake < 3.10 will be removed from a future version of
  CMake.

  Update the VERSION argument <min> value.  Or, use the <min>...<max> syntax
  to tell CMake that the project requires at least <min> but has been updated
  to work with policies introduced by <max> or earlier.
This warning is for project developers.  Use -Wno-author or -Wno-deprecated
to suppress it.

[5595/5643] Building CXX object src\TKDEOBJ\CMakeFiles\TKDEOBJ.dir\__\RWObj\RWObj.cxx.obj
[5596/5643] Building CXX object src\TKExpress\CMakeFiles\TKExpress.dir\__\Express\Express.cxx.obj
[5597/5643] Building CXX object src\TKDEOBJ\CMakeFiles\TKDEOBJ.dir\__\RWObj\RWObj_CafReader.cxx.obj
[5598/5643] Generating CXX prefix header src/TKDEPLY/cotire/TKDEPLY_CXX_prefix.hxx
CMake Warning (deprecated) at C:/Users/Davi/Downloads/oma/.release/native-build/src/occt/adm/cmake/cotire.cmake:40 (cmake_minimum_required):
  Compatibility with CMake < 3.10 will be removed from a future version of
  CMake.

  Update the VERSION argument <min> value.  Or, use the <min>...<max> syntax
  to tell CMake that the project requires at least <min> but has been updated
  to work with policies introduced by <max> or earlier.
This warning is for project developers.  Use -Wno-author or -Wno-deprecated
to suppress it.

[5599/5643] Generating CXX prefix header src/TKDEGLTF/cotire/TKDEGLTF_CXX_prefix.hxx
CMake Warning (deprecated) at C:/Users/Davi/Downloads/oma/.release/native-build/src/occt/adm/cmake/cotire.cmake:40 (cmake_minimum_required):
  Compatibility with CMake < 3.10 will be removed from a future version of
  CMake.

  Update the VERSION argument <min> value.  Or, use the <min>...<max> syntax
  to tell CMake that the project requires at least <min> but has been updated
  to work with policies introduced by <max> or earlier.
This warning is for project developers.  Use -Wno-author or -Wno-deprecated
to suppress it.

[5600/5643] Building CXX object src\TKDEOBJ\CMakeFiles\TKDEOBJ.dir\__\RWObj\RWObj_ConfigurationNode.cxx.obj
[5601/5643] Building CXX object src\TKDEOBJ\CMakeFiles\TKDEOBJ.dir\__\RWObj\RWObj_MtlReader.cxx.obj
[5602/5643] Building CXX object src\TKDEOBJ\CMakeFiles\TKDEOBJ.dir\__\RWObj\RWObj_ObjMaterialMap.cxx.obj
[5603/5643] Building CXX object src\TKDEOBJ\CMakeFiles\TKDEOBJ.dir\__\RWObj\RWObj_ObjWriterContext.cxx.obj
[5604/5643] Building CXX object src\TKDEOBJ\CMakeFiles\TKDEOBJ.dir\__\RWObj\RWObj_CafWriter.cxx.obj
[5605/5643] Building CXX object src\TKDEOBJ\CMakeFiles\TKDEOBJ.dir\__\RWObj\RWObj_Provider.cxx.obj
[5606/5643] Building CXX object src\TKDEOBJ\CMakeFiles\TKDEOBJ.dir\__\RWObj\RWObj_TriangulationReader.cxx.obj
[5607/5643] Building RC object src\TKDEGLTF\CMakeFiles\TKDEGLTF.dir\__\__\resources\TKDEGLTF.rc.res
[5608/5643] Building RC object src\TKDEPLY\CMakeFiles\TKDEPLY.dir\__\__\resources\TKDEPLY.rc.res
[5609/5643] Building CXX object src\TKDEOBJ\CMakeFiles\TKDEOBJ.dir\__\RWObj\RWObj_Reader.cxx.obj
[5610/5643] Linking CXX static library win64\vc14\lib\TKDEOBJ.lib
[5611/5643] Building CXX object src\TKExpress\CMakeFiles\TKExpress.dir\__\Express\Express_Alias.cxx.obj
[5612/5643] Building CXX object src\TKExpress\CMakeFiles\TKExpress.dir\__\Express\Express_Boolean.cxx.obj
[5613/5643] Building CXX object src\TKExpress\CMakeFiles\TKExpress.dir\__\Express\Express_ComplexType.cxx.obj
[5614/5643] Building CXX object src\TKDEGLTF\CMakeFiles\TKDEGLTF.dir\__\RWGltf\RWGltf_CafReader.cxx.obj
[5615/5643] Building CXX object src\TKExpress\CMakeFiles\TKExpress.dir\__\Express\Express_Enum.cxx.obj
[5616/5643] Building CXX object src\TKDEGLTF\CMakeFiles\TKDEGLTF.dir\__\RWGltf\RWGltf_ConfigurationNode.cxx.obj
[5617/5643] Building CXX object src\TKDEPLY\CMakeFiles\TKDEPLY.dir\__\RWPly\RWPly_CafWriter.cxx.obj
[5618/5643] Building CXX object src\TKExpress\CMakeFiles\TKExpress.dir\__\Express\Express_Entity.cxx.obj
[5619/5643] Building CXX object src\TKDEGLTF\CMakeFiles\TKDEGLTF.dir\__\RWGltf\RWGltf_GltfMaterialMap.cxx.obj
[5620/5643] Building CXX object src\TKDEGLTF\CMakeFiles\TKDEGLTF.dir\__\RWGltf\RWGltf_GltfLatePrimitiveArray.cxx.obj
[5621/5643] Building CXX object src\TKDEGLTF\CMakeFiles\TKDEGLTF.dir\__\RWGltf\RWGltf_CafWriter.cxx.obj
[5622/5643] Building CXX object src\TKDEGLTF\CMakeFiles\TKDEGLTF.dir\__\RWGltf\RWGltf_GltfJsonParser.cxx.obj
[5623/5643] Building CXX object src\TKDEPLY\CMakeFiles\TKDEPLY.dir\__\RWPly\RWPly_ConfigurationNode.cxx.obj
[5624/5643] Building CXX object src\TKDEGLTF\CMakeFiles\TKDEGLTF.dir\__\RWGltf\RWGltf_TriangulationReader.cxx.obj
[5625/5643] Building CXX object src\TKDEPLY\CMakeFiles\TKDEPLY.dir\__\RWPly\RWPly_PlyWriterContext.cxx.obj
[5626/5643] Building CXX object src\TKDEGLTF\CMakeFiles\TKDEGLTF.dir\__\RWGltf\RWGltf_Provider.cxx.obj
[5627/5643] Linking CXX static library win64\vc14\lib\TKDEGLTF.lib
[5628/5643] Building CXX object src\TKExpress\CMakeFiles\TKExpress.dir\__\Express\Express_Field.cxx.obj
[5629/5643] Building CXX object src\TKExpress\CMakeFiles\TKExpress.dir\__\Express\Express_Integer.cxx.obj
[5630/5643] Building CXX object src\TKExpress\CMakeFiles\TKExpress.dir\__\Express\Express_Logical.cxx.obj
[5631/5643] Building CXX object src\TKExpress\CMakeFiles\TKExpress.dir\__\Express\Express_Item.cxx.obj
[5632/5643] Building CXX object src\TKExpress\CMakeFiles\TKExpress.dir\__\Express\Express_NamedType.cxx.obj
[5633/5643] Building CXX object src\TKExpress\CMakeFiles\TKExpress.dir\__\Express\Express_PredefinedType.cxx.obj
[5634/5643] Building CXX object src\TKExpress\CMakeFiles\TKExpress.dir\__\Express\Express_Real.cxx.obj
[5635/5643] Building CXX object src\TKExpress\CMakeFiles\TKExpress.dir\__\Express\Express_Reference.cxx.obj
[5636/5643] Building CXX object src\TKExpress\CMakeFiles\TKExpress.dir\__\Express\Express_String.cxx.obj
[5637/5643] Building CXX object src\TKDEPLY\CMakeFiles\TKDEPLY.dir\__\RWPly\RWPly_Provider.cxx.obj
[5638/5643] Building CXX object src\TKExpress\CMakeFiles\TKExpress.dir\__\Express\Express_Schema.cxx.obj
[5639/5643] Building CXX object src\TKExpress\CMakeFiles\TKExpress.dir\__\Express\Express_Type.cxx.obj
[5640/5643] Linking CXX static library win64\vc14\lib\TKDEPLY.lib
[5641/5643] Building RC object src\TKExpress\CMakeFiles\TKExpress.dir\__\__\resources\TKExpress.rc.res
[5642/5643] Building CXX object src\TKExpress\CMakeFiles\TKExpress.dir\__\Express\Express_Select.cxx.obj
[5643/5643] Linking CXX static library win64\vc14\lib\TKExpress.lib
