running bdist_wheel
running build
running build_py
creating build\lib.win-amd64-cpython-312\ifcopenshell
copying ifcopenshell\draw.py -> build\lib.win-amd64-cpython-312\ifcopenshell
copying ifcopenshell\entity_instance.py -> build\lib.win-amd64-cpython-312\ifcopenshell
copying ifcopenshell\file.py -> build\lib.win-amd64-cpython-312\ifcopenshell
copying ifcopenshell\guid.py -> build\lib.win-amd64-cpython-312\ifcopenshell
copying ifcopenshell\ifcopenshell_wrapper.py -> build\lib.win-amd64-cpython-312\ifcopenshell
copying ifcopenshell\settings.py -> build\lib.win-amd64-cpython-312\ifcopenshell
copying ifcopenshell\sql.py -> build\lib.win-amd64-cpython-312\ifcopenshell
copying ifcopenshell\stream.py -> build\lib.win-amd64-cpython-312\ifcopenshell
copying ifcopenshell\template.py -> build\lib.win-amd64-cpython-312\ifcopenshell
copying ifcopenshell\validate.py -> build\lib.win-amd64-cpython-312\ifcopenshell
copying ifcopenshell\__init__.py -> build\lib.win-amd64-cpython-312\ifcopenshell
creating build\lib.win-amd64-cpython-312\ifcopenshell\api
copying ifcopenshell\api\__init__.py -> build\lib.win-amd64-cpython-312\ifcopenshell\api
creating build\lib.win-amd64-cpython-312\ifcopenshell\express
copying ifcopenshell\express\bootstrap.py -> build\lib.win-amd64-cpython-312\ifcopenshell\express
copying ifcopenshell\express\cat.py -> build\lib.win-amd64-cpython-312\ifcopenshell\express
copying ifcopenshell\express\codegen.py -> build\lib.win-amd64-cpython-312\ifcopenshell\express
copying ifcopenshell\express\definitions.py -> build\lib.win-amd64-cpython-312\ifcopenshell\express
copying ifcopenshell\express\documentation.py -> build\lib.win-amd64-cpython-312\ifcopenshell\express
copying ifcopenshell\express\express_parser.py -> build\lib.win-amd64-cpython-312\ifcopenshell\express
copying ifcopenshell\express\header.py -> build\lib.win-amd64-cpython-312\ifcopenshell\express
copying ifcopenshell\express\implementation.py -> build\lib.win-amd64-cpython-312\ifcopenshell\express
copying ifcopenshell\express\mapping.py -> build\lib.win-amd64-cpython-312\ifcopenshell\express
copying ifcopenshell\express\nodes.py -> build\lib.win-amd64-cpython-312\ifcopenshell\express
copying ifcopenshell\express\rule_compiler.py -> build\lib.win-amd64-cpython-312\ifcopenshell\express
copying ifcopenshell\express\rule_executor.py -> build\lib.win-amd64-cpython-312\ifcopenshell\express
copying ifcopenshell\express\schema.py -> build\lib.win-amd64-cpython-312\ifcopenshell\express
copying ifcopenshell\express\schema_class.py -> build\lib.win-amd64-cpython-312\ifcopenshell\express
copying ifcopenshell\express\templates.py -> build\lib.win-amd64-cpython-312\ifcopenshell\express
copying ifcopenshell\express\__init__.py -> build\lib.win-amd64-cpython-312\ifcopenshell\express
creating build\lib.win-amd64-cpython-312\ifcopenshell\geom
copying ifcopenshell\geom\app.py -> build\lib.win-amd64-cpython-312\ifcopenshell\geom
copying ifcopenshell\geom\code_editor_pane.py -> build\lib.win-amd64-cpython-312\ifcopenshell\geom
copying ifcopenshell\geom\main.py -> build\lib.win-amd64-cpython-312\ifcopenshell\geom
copying ifcopenshell\geom\occ_utils.py -> build\lib.win-amd64-cpython-312\ifcopenshell\geom
copying ifcopenshell\geom\stats.py -> build\lib.win-amd64-cpython-312\ifcopenshell\geom
copying ifcopenshell\geom\__init__.py -> build\lib.win-amd64-cpython-312\ifcopenshell\geom
creating build\lib.win-amd64-cpython-312\ifcopenshell\mvd
copying ifcopenshell\mvd\mvd.py -> build\lib.win-amd64-cpython-312\ifcopenshell\mvd
copying ifcopenshell\mvd\mvdxml_expression.py -> build\lib.win-amd64-cpython-312\ifcopenshell\mvd
copying ifcopenshell\mvd\sparql.py -> build\lib.win-amd64-cpython-312\ifcopenshell\mvd
copying ifcopenshell\mvd\__init__.py -> build\lib.win-amd64-cpython-312\ifcopenshell\mvd
copying ifcopenshell\mvd\__main__.py -> build\lib.win-amd64-cpython-312\ifcopenshell\mvd
creating build\lib.win-amd64-cpython-312\ifcopenshell\simple_spf
copying ifcopenshell\simple_spf\ifcgraph.py -> build\lib.win-amd64-cpython-312\ifcopenshell\simple_spf
copying ifcopenshell\simple_spf\test_parser.py -> build\lib.win-amd64-cpython-312\ifcopenshell\simple_spf
copying ifcopenshell\simple_spf\__init__.py -> build\lib.win-amd64-cpython-312\ifcopenshell\simple_spf
copying ifcopenshell\simple_spf\__main__.py -> build\lib.win-amd64-cpython-312\ifcopenshell\simple_spf
creating build\lib.win-amd64-cpython-312\ifcopenshell\util
copying ifcopenshell\util\alignment.py -> build\lib.win-amd64-cpython-312\ifcopenshell\util
copying ifcopenshell\util\attribute.py -> build\lib.win-amd64-cpython-312\ifcopenshell\util
copying ifcopenshell\util\brick.py -> build\lib.win-amd64-cpython-312\ifcopenshell\util
copying ifcopenshell\util\classification.py -> build\lib.win-amd64-cpython-312\ifcopenshell\util
copying ifcopenshell\util\constraint.py -> build\lib.win-amd64-cpython-312\ifcopenshell\util
copying ifcopenshell\util\cost.py -> build\lib.win-amd64-cpython-312\ifcopenshell\util
copying ifcopenshell\util\data.py -> build\lib.win-amd64-cpython-312\ifcopenshell\util
copying ifcopenshell\util\date.py -> build\lib.win-amd64-cpython-312\ifcopenshell\util
copying ifcopenshell\util\doc.py -> build\lib.win-amd64-cpython-312\ifcopenshell\util
copying ifcopenshell\util\element.py -> build\lib.win-amd64-cpython-312\ifcopenshell\util
copying ifcopenshell\util\file.py -> build\lib.win-amd64-cpython-312\ifcopenshell\util
copying ifcopenshell\util\fm.py -> build\lib.win-amd64-cpython-312\ifcopenshell\util
copying ifcopenshell\util\generate_pset_templates.py -> build\lib.win-amd64-cpython-312\ifcopenshell\util
copying ifcopenshell\util\geolocation.py -> build\lib.win-amd64-cpython-312\ifcopenshell\util
copying ifcopenshell\util\ifc4x3dev_scrape_data_for_docs.py -> build\lib.win-amd64-cpython-312\ifcopenshell\util
copying ifcopenshell\util\mvd_info.py -> build\lib.win-amd64-cpython-312\ifcopenshell\util
copying ifcopenshell\util\placement.py -> build\lib.win-amd64-cpython-312\ifcopenshell\util
copying ifcopenshell\util\profiler.py -> build\lib.win-amd64-cpython-312\ifcopenshell\util
copying ifcopenshell\util\pset.py -> build\lib.win-amd64-cpython-312\ifcopenshell\util
copying ifcopenshell\util\representation.py -> build\lib.win-amd64-cpython-312\ifcopenshell\util
copying ifcopenshell\util\resource.py -> build\lib.win-amd64-cpython-312\ifcopenshell\util
copying ifcopenshell\util\schema.py -> build\lib.win-amd64-cpython-312\ifcopenshell\util
copying ifcopenshell\util\selector.py -> build\lib.win-amd64-cpython-312\ifcopenshell\util
copying ifcopenshell\util\sequence.py -> build\lib.win-amd64-cpython-312\ifcopenshell\util
copying ifcopenshell\util\shape.py -> build\lib.win-amd64-cpython-312\ifcopenshell\util
copying ifcopenshell\util\shape_builder.py -> build\lib.win-amd64-cpython-312\ifcopenshell\util
copying ifcopenshell\util\system.py -> build\lib.win-amd64-cpython-312\ifcopenshell\util
copying ifcopenshell\util\type.py -> build\lib.win-amd64-cpython-312\ifcopenshell\util
copying ifcopenshell\util\unit.py -> build\lib.win-amd64-cpython-312\ifcopenshell\util
copying ifcopenshell\util\__init__.py -> build\lib.win-amd64-cpython-312\ifcopenshell\util
creating build\lib.win-amd64-cpython-312\ifcopenshell\api\aggregate
copying ifcopenshell\api\aggregate\assign_object.py -> build\lib.win-amd64-cpython-312\ifcopenshell\api\aggregate
copying ifcopenshell\api\aggregate\unassign_object.py -> build\lib.win-amd64-cpython-312\ifcopenshell\api\aggregate
copying ifcopenshell\api\aggregate\__init__.py -> build\lib.win-amd64-cpython-312\ifcopenshell\api\aggregate
creating build\lib.win-amd64-cpython-312\ifcopenshell\api\alignment
copying ifcopenshell\api\alignment\add_stationing_referent.py -> build\lib.win-amd64-cpython-312\ifcopenshell\api\alignment
copying ifcopenshell\api\alignment\add_vertical_layout.py -> build\lib.win-amd64-cpython-312\ifcopenshell\api\alignment
copying ifcopenshell\api\alignment\add_zero_length_segment.py -> build\lib.win-amd64-cpython-312\ifcopenshell\api\alignment
copying ifcopenshell\api\alignment\create.py -> build\lib.win-amd64-cpython-312\ifcopenshell\api\alignment
copying ifcopenshell\api\alignment\create_as_offset_curve.py -> build\lib.win-amd64-cpython-312\ifcopenshell\api\alignment
copying ifcopenshell\api\alignment\create_as_polyline.py -> build\lib.win-amd64-cpython-312\ifcopenshell\api\alignment
copying ifcopenshell\api\alignment\create_by_pi_method.py -> build\lib.win-amd64-cpython-312\ifcopenshell\api\alignment
copying ifcopenshell\api\alignment\create_from_csv.py -> build\lib.win-amd64-cpython-312\ifcopenshell\api\alignment
copying ifcopenshell\api\alignment\create_layout_segment.py -> build\lib.win-amd64-cpython-312\ifcopenshell\api\alignment
copying ifcopenshell\api\alignment\create_representation.py -> build\lib.win-amd64-cpython-312\ifcopenshell\api\alignment
copying ifcopenshell\api\alignment\create_segment_representations.py -> build\lib.win-amd64-cpython-312\ifcopenshell\api\alignment
copying ifcopenshell\api\alignment\distance_along_from_station.py -> build\lib.win-amd64-cpython-312\ifcopenshell\api\alignment
copying ifcopenshell\api\alignment\get_alignment.py -> build\lib.win-amd64-cpython-312\ifcopenshell\api\alignment
copying ifcopenshell\api\alignment\get_alignment_layouts.py -> build\lib.win-amd64-cpython-312\ifcopenshell\api\alignment
copying ifcopenshell\api\alignment\get_alignment_layout_nest.py -> build\lib.win-amd64-cpython-312\ifcopenshell\api\alignment
copying ifcopenshell\api\alignment\get_alignment_segment_nest.py -> build\lib.win-amd64-cpython-312\ifcopenshell\api\alignment
copying ifcopenshell\api\alignment\get_alignment_start_station.py -> build\lib.win-amd64-cpython-312\ifcopenshell\api\alignment
copying ifcopenshell\api\alignment\get_axis_subcontext.py -> build\lib.win-amd64-cpython-312\ifcopenshell\api\alignment
copying ifcopenshell\api\alignment\get_basis_curve.py -> build\lib.win-amd64-cpython-312\ifcopenshell\api\alignment
copying ifcopenshell\api\alignment\get_cant_layout.py -> build\lib.win-amd64-cpython-312\ifcopenshell\api\alignment
copying ifcopenshell\api\alignment\get_child_alignments.py -> build\lib.win-amd64-cpython-312\ifcopenshell\api\alignment
copying ifcopenshell\api\alignment\get_curve.py -> build\lib.win-amd64-cpython-312\ifcopenshell\api\alignment
copying ifcopenshell\api\alignment\get_curve_segment_transition_code.py -> build\lib.win-amd64-cpython-312\ifcopenshell\api\alignment
copying ifcopenshell\api\alignment\get_horizontal_layout.py -> build\lib.win-amd64-cpython-312\ifcopenshell\api\alignment
copying ifcopenshell\api\alignment\get_layout_curve.py -> build\lib.win-amd64-cpython-312\ifcopenshell\api\alignment
copying ifcopenshell\api\alignment\get_layout_segments.py -> build\lib.win-amd64-cpython-312\ifcopenshell\api\alignment
copying ifcopenshell\api\alignment\get_mapped_segments.py -> build\lib.win-amd64-cpython-312\ifcopenshell\api\alignment
copying ifcopenshell\api\alignment\get_parent_alignment.py -> build\lib.win-amd64-cpython-312\ifcopenshell\api\alignment
copying ifcopenshell\api\alignment\get_referent_nest.py -> build\lib.win-amd64-cpython-312\ifcopenshell\api\alignment
copying ifcopenshell\api\alignment\get_vertical_layout.py -> build\lib.win-amd64-cpython-312\ifcopenshell\api\alignment
copying ifcopenshell\api\alignment\has_zero_length_segment.py -> build\lib.win-amd64-cpython-312\ifcopenshell\api\alignment
copying ifcopenshell\api\alignment\layout_horizontal_alignment_by_pi_method.py -> build\lib.win-amd64-cpython-312\ifcopenshell\api\alignment
copying ifcopenshell\api\alignment\layout_vertical_alignment_by_pi_method.py -> build\lib.win-amd64-cpython-312\ifcopenshell\api\alignment
copying ifcopenshell\api\alignment\name_segments.py -> build\lib.win-amd64-cpython-312\ifcopenshell\api\alignment
copying ifcopenshell\api\alignment\update_fallback_position.py -> build\lib.win-amd64-cpython-312\ifcopenshell\api\alignment
copying ifcopenshell\api\alignment\util.py -> build\lib.win-amd64-cpython-312\ifcopenshell\api\alignment
copying ifcopenshell\api\alignment\_add_segment_to_curve.py -> build\lib.win-amd64-cpython-312\ifcopenshell\api\alignment
copying ifcopenshell\api\alignment\_add_segment_to_layout.py -> build\lib.win-amd64-cpython-312\ifcopenshell\api\alignment
copying ifcopenshell\api\alignment\_add_zero_length_segment.py -> build\lib.win-amd64-cpython-312\ifcopenshell\api\alignment
copying ifcopenshell\api\alignment\_create_geometric_representation.py -> build\lib.win-amd64-cpython-312\ifcopenshell\api\alignment
copying ifcopenshell\api\alignment\_create_offset_curve_representation.py -> build\lib.win-amd64-cpython-312\ifcopenshell\api\alignment
copying ifcopenshell\api\alignment\_create_polyline_representation.py -> build\lib.win-amd64-cpython-312\ifcopenshell\api\alignment
copying ifcopenshell\api\alignment\_get_cant_segment.py -> build\lib.win-amd64-cpython-312\ifcopenshell\api\alignment
copying ifcopenshell\api\alignment\_get_segment_start_point_label.py -> build\lib.win-amd64-cpython-312\ifcopenshell\api\alignment
copying ifcopenshell\api\alignment\_map_alignment_cant_segment.py -> build\lib.win-amd64-cpython-312\ifcopenshell\api\alignment
copying ifcopenshell\api\alignment\_map_alignment_horizontal_segment.py -> build\lib.win-amd64-cpython-312\ifcopenshell\api\alignment
copying ifcopenshell\api\alignment\_map_alignment_vertical_segment.py -> build\lib.win-amd64-cpython-312\ifcopenshell\api\alignment
copying ifcopenshell\api\alignment\_update_curve_segment_transition_code.py -> build\lib.win-amd64-cpython-312\ifcopenshell\api\alignment
copying ifcopenshell\api\alignment\__init__.py -> build\lib.win-amd64-cpython-312\ifcopenshell\api\alignment
creating build\lib.win-amd64-cpython-312\ifcopenshell\api\attribute
copying ifcopenshell\api\attribute\edit_attributes.py -> build\lib.win-amd64-cpython-312\ifcopenshell\api\attribute
copying ifcopenshell\api\attribute\__init__.py -> build\lib.win-amd64-cpython-312\ifcopenshell\api\attribute
creating build\lib.win-amd64-cpython-312\ifcopenshell\api\boundary
copying ifcopenshell\api\boundary\assign_connection_geometry.py -> build\lib.win-amd64-cpython-312\ifcopenshell\api\boundary
copying ifcopenshell\api\boundary\copy_boundary.py -> build\lib.win-amd64-cpython-312\ifcopenshell\api\boundary
copying ifcopenshell\api\boundary\edit_attributes.py -> build\lib.win-amd64-cpython-312\ifcopenshell\api\boundary
copying ifcopenshell\api\boundary\remove_boundary.py -> build\lib.win-amd64-cpython-312\ifcopenshell\api\boundary
copying ifcopenshell\api\boundary\__init__.py -> build\lib.win-amd64-cpython-312\ifcopenshell\api\boundary
creating build\lib.win-amd64-cpython-312\ifcopenshell\api\classification
copying ifcopenshell\api\classification\add_classification.py -> build\lib.win-amd64-cpython-312\ifcopenshell\api\classification
copying ifcopenshell\api\classification\add_reference.py -> build\lib.win-amd64-cpython-312\ifcopenshell\api\classification
copying ifcopenshell\api\classification\edit_classification.py -> build\lib.win-amd64-cpython-312\ifcopenshell\api\classification
copying ifcopenshell\api\classification\edit_reference.py -> build\lib.win-amd64-cpython-312\ifcopenshell\api\classification
copying ifcopenshell\api\classification\remove_classification.py -> build\lib.win-amd64-cpython-312\ifcopenshell\api\classification
copying ifcopenshell\api\classification\remove_reference.py -> build\lib.win-amd64-cpython-312\ifcopenshell\api\classification
copying ifcopenshell\api\classification\__init__.py -> build\lib.win-amd64-cpython-312\ifcopenshell\api\classification
creating build\lib.win-amd64-cpython-312\ifcopenshell\api\cogo
copying ifcopenshell\api\cogo\add_survey_point.py -> build\lib.win-amd64-cpython-312\ifcopenshell\api\cogo
copying ifcopenshell\api\cogo\assign_survey_point.py -> build\lib.win-amd64-cpython-312\ifcopenshell\api\cogo
copying ifcopenshell\api\cogo\bearing2dd.py -> build\lib.win-amd64-cpython-312\ifcopenshell\api\cogo
copying ifcopenshell\api\cogo\edit_survey_point.py -> build\lib.win-amd64-cpython-312\ifcopenshell\api\cogo
copying ifcopenshell\api\cogo\__init__.py -> build\lib.win-amd64-cpython-312\ifcopenshell\api\cogo
creating build\lib.win-amd64-cpython-312\ifcopenshell\api\constraint
copying ifcopenshell\api\constraint\add_metric.py -> build\lib.win-amd64-cpython-312\ifcopenshell\api\constraint
copying ifcopenshell\api\constraint\add_metric_reference.py -> build\lib.win-amd64-cpython-312\ifcopenshell\api\constraint
copying ifcopenshell\api\constraint\add_objective.py -> build\lib.win-amd64-cpython-312\ifcopenshell\api\constraint
copying ifcopenshell\api\constraint\assign_constraint.py -> build\lib.win-amd64-cpython-312\ifcopenshell\api\constraint
copying ifcopenshell\api\constraint\edit_metric.py -> build\lib.win-amd64-cpython-312\ifcopenshell\api\constraint
copying ifcopenshell\api\constraint\edit_objective.py -> build\lib.win-amd64-cpython-312\ifcopenshell\api\constraint
copying ifcopenshell\api\constraint\remove_constraint.py -> build\lib.win-amd64-cpython-312\ifcopenshell\api\constraint
copying ifcopenshell\api\constraint\remove_metric.py -> build\lib.win-amd64-cpython-312\ifcopenshell\api\constraint
copying ifcopenshell\api\constraint\unassign_constraint.py -> build\lib.win-amd64-cpython-312\ifcopenshell\api\constraint
copying ifcopenshell\api\constraint\__init__.py -> build\lib.win-amd64-cpython-312\ifcopenshell\api\constraint
creating build\lib.win-amd64-cpython-312\ifcopenshell\api\context
copying ifcopenshell\api\context\add_context.py -> build\lib.win-amd64-cpython-312\ifcopenshell\api\context
copying ifcopenshell\api\context\edit_context.py -> build\lib.win-amd64-cpython-312\ifcopenshell\api\context
copying ifcopenshell\api\context\remove_context.py -> build\lib.win-amd64-cpython-312\ifcopenshell\api\context
copying ifcopenshell\api\context\__init__.py -> build\lib.win-amd64-cpython-312\ifcopenshell\api\context
creating build\lib.win-amd64-cpython-312\ifcopenshell\api\control
copying ifcopenshell\api\control\assign_control.py -> build\lib.win-amd64-cpython-312\ifcopenshell\api\control
copying ifcopenshell\api\control\unassign_control.py -> build\lib.win-amd64-cpython-312\ifcopenshell\api\control
copying ifcopenshell\api\control\__init__.py -> build\lib.win-amd64-cpython-312\ifcopenshell\api\control
creating build\lib.win-amd64-cpython-312\ifcopenshell\api\cost
copying ifcopenshell\api\cost\add_cost_item.py -> build\lib.win-amd64-cpython-312\ifcopenshell\api\cost
copying ifcopenshell\api\cost\add_cost_item_quantity.py -> build\lib.win-amd64-cpython-312\ifcopenshell\api\cost
copying ifcopenshell\api\cost\add_cost_schedule.py -> build\lib.win-amd64-cpython-312\ifcopenshell\api\cost
copying ifcopenshell\api\cost\add_cost_value.py -> build\lib.win-amd64-cpython-312\ifcopenshell\api\cost
copying ifcopenshell\api\cost\assign_cost_item_quantity.py -> build\lib.win-amd64-cpython-312\ifcopenshell\api\cost
copying ifcopenshell\api\cost\assign_cost_value.py -> build\lib.win-amd64-cpython-312\ifcopenshell\api\cost
copying ifcopenshell\api\cost\calculate_cost_item_resource_value.py -> build\lib.win-amd64-cpython-312\ifcopenshell\api\cost
copying ifcopenshell\api\cost\copy_cost_item.py -> build\lib.win-amd64-cpython-312\ifcopenshell\api\cost
copying ifcopenshell\api\cost\copy_cost_item_values.py -> build\lib.win-amd64-cpython-312\ifcopenshell\api\cost
copying ifcopenshell\api\cost\copy_cost_schedule.py -> build\lib.win-amd64-cpython-312\ifcopenshell\api\cost
copying ifcopenshell\api\cost\edit_cost_item.py -> build\lib.win-amd64-cpython-312\ifcopenshell\api\cost
copying ifcopenshell\api\cost\edit_cost_item_quantity.py -> build\lib.win-amd64-cpython-312\ifcopenshell\api\cost
copying ifcopenshell\api\cost\edit_cost_schedule.py -> build\lib.win-amd64-cpython-312\ifcopenshell\api\cost
copying ifcopenshell\api\cost\edit_cost_value.py -> build\lib.win-amd64-cpython-312\ifcopenshell\api\cost
copying ifcopenshell\api\cost\edit_cost_value_formula.py -> build\lib.win-amd64-cpython-312\ifcopenshell\api\cost
copying ifcopenshell\api\cost\remove_cost_item.py -> build\lib.win-amd64-cpython-312\ifcopenshell\api\cost
copying ifcopenshell\api\cost\remove_cost_item_quantity.py -> build\lib.win-amd64-cpython-312\ifcopenshell\api\cost
copying ifcopenshell\api\cost\remove_cost_schedule.py -> build\lib.win-amd64-cpython-312\ifcopenshell\api\cost
copying ifcopenshell\api\cost\remove_cost_value.py -> build\lib.win-amd64-cpython-312\ifcopenshell\api\cost
copying ifcopenshell\api\cost\unassign_cost_item_quantity.py -> build\lib.win-amd64-cpython-312\ifcopenshell\api\cost
copying ifcopenshell\api\cost\__init__.py -> build\lib.win-amd64-cpython-312\ifcopenshell\api\cost
creating build\lib.win-amd64-cpython-312\ifcopenshell\api\document
copying ifcopenshell\api\document\add_information.py -> build\lib.win-amd64-cpython-312\ifcopenshell\api\document
copying ifcopenshell\api\document\add_reference.py -> build\lib.win-amd64-cpython-312\ifcopenshell\api\document
copying ifcopenshell\api\document\assign_document.py -> build\lib.win-amd64-cpython-312\ifcopenshell\api\document
copying ifcopenshell\api\document\edit_information.py -> build\lib.win-amd64-cpython-312\ifcopenshell\api\document
copying ifcopenshell\api\document\edit_reference.py -> build\lib.win-amd64-cpython-312\ifcopenshell\api\document
copying ifcopenshell\api\document\remove_information.py -> build\lib.win-amd64-cpython-312\ifcopenshell\api\document
copying ifcopenshell\api\document\remove_reference.py -> build\lib.win-amd64-cpython-312\ifcopenshell\api\document
copying ifcopenshell\api\document\unassign_document.py -> build\lib.win-amd64-cpython-312\ifcopenshell\api\document
copying ifcopenshell\api\document\__init__.py -> build\lib.win-amd64-cpython-312\ifcopenshell\api\document
creating build\lib.win-amd64-cpython-312\ifcopenshell\api\drawing
copying ifcopenshell\api\drawing\assign_product.py -> build\lib.win-amd64-cpython-312\ifcopenshell\api\drawing
copying ifcopenshell\api\drawing\edit_text_literal.py -> build\lib.win-amd64-cpython-312\ifcopenshell\api\drawing
copying ifcopenshell\api\drawing\unassign_product.py -> build\lib.win-amd64-cpython-312\ifcopenshell\api\drawing
copying ifcopenshell\api\drawing\__init__.py -> build\lib.win-amd64-cpython-312\ifcopenshell\api\drawing
creating build\lib.win-amd64-cpython-312\ifcopenshell\api\feature
copying ifcopenshell\api\feature\add_feature.py -> build\lib.win-amd64-cpython-312\ifcopenshell\api\feature
copying ifcopenshell\api\feature\add_filling.py -> build\lib.win-amd64-cpython-312\ifcopenshell\api\feature
copying ifcopenshell\api\feature\remove_feature.py -> build\lib.win-amd64-cpython-312\ifcopenshell\api\feature
copying ifcopenshell\api\feature\remove_filling.py -> build\lib.win-amd64-cpython-312\ifcopenshell\api\feature
copying ifcopenshell\api\feature\__init__.py -> build\lib.win-amd64-cpython-312\ifcopenshell\api\feature
creating build\lib.win-amd64-cpython-312\ifcopenshell\api\geometry
copying ifcopenshell\api\geometry\add_axis_representation.py -> build\lib.win-amd64-cpython-312\ifcopenshell\api\geometry
copying ifcopenshell\api\geometry\add_boolean.py -> build\lib.win-amd64-cpython-312\ifcopenshell\api\geometry
copying ifcopenshell\api\geometry\add_door_representation.py -> build\lib.win-amd64-cpython-312\ifcopenshell\api\geometry
copying ifcopenshell\api\geometry\add_footprint_representation.py -> build\lib.win-amd64-cpython-312\ifcopenshell\api\geometry
copying ifcopenshell\api\geometry\add_mesh_representation.py -> build\lib.win-amd64-cpython-312\ifcopenshell\api\geometry
copying ifcopenshell\api\geometry\add_profile_representation.py -> build\lib.win-amd64-cpython-312\ifcopenshell\api\geometry
copying ifcopenshell\api\geometry\add_railing_representation.py -> build\lib.win-amd64-cpython-312\ifcopenshell\api\geometry
copying ifcopenshell\api\geometry\add_representation.py -> build\lib.win-amd64-cpython-312\ifcopenshell\api\geometry
copying ifcopenshell\api\geometry\add_shape_aspect.py -> build\lib.win-amd64-cpython-312\ifcopenshell\api\geometry
copying ifcopenshell\api\geometry\add_slab_representation.py -> build\lib.win-amd64-cpython-312\ifcopenshell\api\geometry
copying ifcopenshell\api\geometry\add_wall_representation.py -> build\lib.win-amd64-cpython-312\ifcopenshell\api\geometry
copying ifcopenshell\api\geometry\add_window_representation.py -> build\lib.win-amd64-cpython-312\ifcopenshell\api\geometry
copying ifcopenshell\api\geometry\assign_representation.py -> build\lib.win-amd64-cpython-312\ifcopenshell\api\geometry
copying ifcopenshell\api\geometry\connect_element.py -> build\lib.win-amd64-cpython-312\ifcopenshell\api\geometry
copying ifcopenshell\api\geometry\connect_path.py -> build\lib.win-amd64-cpython-312\ifcopenshell\api\geometry
copying ifcopenshell\api\geometry\connect_wall.py -> build\lib.win-amd64-cpython-312\ifcopenshell\api\geometry
copying ifcopenshell\api\geometry\create_2pt_wall.py -> build\lib.win-amd64-cpython-312\ifcopenshell\api\geometry
copying ifcopenshell\api\geometry\disconnect_element.py -> build\lib.win-amd64-cpython-312\ifcopenshell\api\geometry
copying ifcopenshell\api\geometry\disconnect_path.py -> build\lib.win-amd64-cpython-312\ifcopenshell\api\geometry
copying ifcopenshell\api\geometry\edit_object_placement.py -> build\lib.win-amd64-cpython-312\ifcopenshell\api\geometry
copying ifcopenshell\api\geometry\map_representation.py -> build\lib.win-amd64-cpython-312\ifcopenshell\api\geometry
copying ifcopenshell\api\geometry\regenerate_wall_representation.py -> build\lib.win-amd64-cpython-312\ifcopenshell\api\geometry
copying ifcopenshell\api\geometry\remove_boolean.py -> build\lib.win-amd64-cpython-312\ifcopenshell\api\geometry
copying ifcopenshell\api\geometry\remove_representation.py -> build\lib.win-amd64-cpython-312\ifcopenshell\api\geometry
copying ifcopenshell\api\geometry\unassign_representation.py -> build\lib.win-amd64-cpython-312\ifcopenshell\api\geometry
copying ifcopenshell\api\geometry\validate_type.py -> build\lib.win-amd64-cpython-312\ifcopenshell\api\geometry
copying ifcopenshell\api\geometry\__init__.py -> build\lib.win-amd64-cpython-312\ifcopenshell\api\geometry
creating build\lib.win-amd64-cpython-312\ifcopenshell\api\georeference
copying ifcopenshell\api\georeference\add_georeferencing.py -> build\lib.win-amd64-cpython-312\ifcopenshell\api\georeference
copying ifcopenshell\api\georeference\edit_georeferencing.py -> build\lib.win-amd64-cpython-312\ifcopenshell\api\georeference
copying ifcopenshell\api\georeference\edit_true_north.py -> build\lib.win-amd64-cpython-312\ifcopenshell\api\georeference
copying ifcopenshell\api\georeference\edit_wcs.py -> build\lib.win-amd64-cpython-312\ifcopenshell\api\georeference
copying ifcopenshell\api\georeference\remove_georeferencing.py -> build\lib.win-amd64-cpython-312\ifcopenshell\api\georeference
copying ifcopenshell\api\georeference\__init__.py -> build\lib.win-amd64-cpython-312\ifcopenshell\api\georeference
creating build\lib.win-amd64-cpython-312\ifcopenshell\api\grid
copying ifcopenshell\api\grid\create_axis_curve.py -> build\lib.win-amd64-cpython-312\ifcopenshell\api\grid
copying ifcopenshell\api\grid\create_grid_axis.py -> build\lib.win-amd64-cpython-312\ifcopenshell\api\grid
copying ifcopenshell\api\grid\remove_grid_axis.py -> build\lib.win-amd64-cpython-312\ifcopenshell\api\grid
copying ifcopenshell\api\grid\__init__.py -> build\lib.win-amd64-cpython-312\ifcopenshell\api\grid
creating build\lib.win-amd64-cpython-312\ifcopenshell\api\group
copying ifcopenshell\api\group\add_group.py -> build\lib.win-amd64-cpython-312\ifcopenshell\api\group
copying ifcopenshell\api\group\assign_group.py -> build\lib.win-amd64-cpython-312\ifcopenshell\api\group
copying ifcopenshell\api\group\edit_group.py -> build\lib.win-amd64-cpython-312\ifcopenshell\api\group
copying ifcopenshell\api\group\remove_group.py -> build\lib.win-amd64-cpython-312\ifcopenshell\api\group
copying ifcopenshell\api\group\unassign_group.py -> build\lib.win-amd64-cpython-312\ifcopenshell\api\group
copying ifcopenshell\api\group\update_group_products.py -> build\lib.win-amd64-cpython-312\ifcopenshell\api\group
copying ifcopenshell\api\group\__init__.py -> build\lib.win-amd64-cpython-312\ifcopenshell\api\group
creating build\lib.win-amd64-cpython-312\ifcopenshell\api\layer
copying ifcopenshell\api\layer\add_layer.py -> build\lib.win-amd64-cpython-312\ifcopenshell\api\layer
copying ifcopenshell\api\layer\add_layer_with_style.py -> build\lib.win-amd64-cpython-312\ifcopenshell\api\layer
copying ifcopenshell\api\layer\assign_layer.py -> build\lib.win-amd64-cpython-312\ifcopenshell\api\layer
copying ifcopenshell\api\layer\edit_layer.py -> build\lib.win-amd64-cpython-312\ifcopenshell\api\layer
copying ifcopenshell\api\layer\remove_layer.py -> build\lib.win-amd64-cpython-312\ifcopenshell\api\layer
copying ifcopenshell\api\layer\unassign_layer.py -> build\lib.win-amd64-cpython-312\ifcopenshell\api\layer
copying ifcopenshell\api\layer\__init__.py -> build\lib.win-amd64-cpython-312\ifcopenshell\api\layer
creating build\lib.win-amd64-cpython-312\ifcopenshell\api\library
copying ifcopenshell\api\library\add_library.py -> build\lib.win-amd64-cpython-312\ifcopenshell\api\library
copying ifcopenshell\api\library\add_reference.py -> build\lib.win-amd64-cpython-312\ifcopenshell\api\library
copying ifcopenshell\api\library\assign_reference.py -> build\lib.win-amd64-cpython-312\ifcopenshell\api\library
copying ifcopenshell\api\library\edit_library.py -> build\lib.win-amd64-cpython-312\ifcopenshell\api\library
copying ifcopenshell\api\library\edit_reference.py -> build\lib.win-amd64-cpython-312\ifcopenshell\api\library
copying ifcopenshell\api\library\remove_library.py -> build\lib.win-amd64-cpython-312\ifcopenshell\api\library
copying ifcopenshell\api\library\remove_reference.py -> build\lib.win-amd64-cpython-312\ifcopenshell\api\library
copying ifcopenshell\api\library\unassign_reference.py -> build\lib.win-amd64-cpython-312\ifcopenshell\api\library
copying ifcopenshell\api\library\__init__.py -> build\lib.win-amd64-cpython-312\ifcopenshell\api\library
creating build\lib.win-amd64-cpython-312\ifcopenshell\api\material
copying ifcopenshell\api\material\add_constituent.py -> build\lib.win-amd64-cpython-312\ifcopenshell\api\material
copying ifcopenshell\api\material\add_layer.py -> build\lib.win-amd64-cpython-312\ifcopenshell\api\material
copying ifcopenshell\api\material\add_list_item.py -> build\lib.win-amd64-cpython-312\ifcopenshell\api\material
copying ifcopenshell\api\material\add_material.py -> build\lib.win-amd64-cpython-312\ifcopenshell\api\material
copying ifcopenshell\api\material\add_material_set.py -> build\lib.win-amd64-cpython-312\ifcopenshell\api\material
copying ifcopenshell\api\material\add_profile.py -> build\lib.win-amd64-cpython-312\ifcopenshell\api\material
copying ifcopenshell\api\material\assign_material.py -> build\lib.win-amd64-cpython-312\ifcopenshell\api\material
copying ifcopenshell\api\material\assign_profile.py -> build\lib.win-amd64-cpython-312\ifcopenshell\api\material
copying ifcopenshell\api\material\copy_material.py -> build\lib.win-amd64-cpython-312\ifcopenshell\api\material
copying ifcopenshell\api\material\edit_assigned_material.py -> build\lib.win-amd64-cpython-312\ifcopenshell\api\material
copying ifcopenshell\api\material\edit_constituent.py -> build\lib.win-amd64-cpython-312\ifcopenshell\api\material
copying ifcopenshell\api\material\edit_layer.py -> build\lib.win-amd64-cpython-312\ifcopenshell\api\material
copying ifcopenshell\api\material\edit_layer_usage.py -> build\lib.win-amd64-cpython-312\ifcopenshell\api\material
copying ifcopenshell\api\material\edit_material.py -> build\lib.win-amd64-cpython-312\ifcopenshell\api\material
copying ifcopenshell\api\material\edit_profile.py -> build\lib.win-amd64-cpython-312\ifcopenshell\api\material
copying ifcopenshell\api\material\edit_profile_usage.py -> build\lib.win-amd64-cpython-312\ifcopenshell\api\material
copying ifcopenshell\api\material\remove_constituent.py -> build\lib.win-amd64-cpython-312\ifcopenshell\api\material
copying ifcopenshell\api\material\remove_layer.py -> build\lib.win-amd64-cpython-312\ifcopenshell\api\material
copying ifcopenshell\api\material\remove_list_item.py -> build\lib.win-amd64-cpython-312\ifcopenshell\api\material
copying ifcopenshell\api\material\remove_material.py -> build\lib.win-amd64-cpython-312\ifcopenshell\api\material
copying ifcopenshell\api\material\remove_material_set.py -> build\lib.win-amd64-cpython-312\ifcopenshell\api\material
copying ifcopenshell\api\material\remove_profile.py -> build\lib.win-amd64-cpython-312\ifcopenshell\api\material
copying ifcopenshell\api\material\reorder_set_item.py -> build\lib.win-amd64-cpython-312\ifcopenshell\api\material
copying ifcopenshell\api\material\set_shape_aspect_constituents.py -> build\lib.win-amd64-cpython-312\ifcopenshell\api\material
copying ifcopenshell\api\material\unassign_material.py -> build\lib.win-amd64-cpython-312\ifcopenshell\api\material
copying ifcopenshell\api\material\__init__.py -> build\lib.win-amd64-cpython-312\ifcopenshell\api\material
creating build\lib.win-amd64-cpython-312\ifcopenshell\api\nest
copying ifcopenshell\api\nest\assign_object.py -> build\lib.win-amd64-cpython-312\ifcopenshell\api\nest
copying ifcopenshell\api\nest\change_nest.py -> build\lib.win-amd64-cpython-312\ifcopenshell\api\nest
copying ifcopenshell\api\nest\reorder_nesting.py -> build\lib.win-amd64-cpython-312\ifcopenshell\api\nest
copying ifcopenshell\api\nest\unassign_object.py -> build\lib.win-amd64-cpython-312\ifcopenshell\api\nest
copying ifcopenshell\api\nest\__init__.py -> build\lib.win-amd64-cpython-312\ifcopenshell\api\nest
creating build\lib.win-amd64-cpython-312\ifcopenshell\api\owner
copying ifcopenshell\api\owner\add_actor.py -> build\lib.win-amd64-cpython-312\ifcopenshell\api\owner
copying ifcopenshell\api\owner\add_address.py -> build\lib.win-amd64-cpython-312\ifcopenshell\api\owner
copying ifcopenshell\api\owner\add_application.py -> build\lib.win-amd64-cpython-312\ifcopenshell\api\owner
copying ifcopenshell\api\owner\add_organisation.py -> build\lib.win-amd64-cpython-312\ifcopenshell\api\owner
copying ifcopenshell\api\owner\add_person.py -> build\lib.win-amd64-cpython-312\ifcopenshell\api\owner
copying ifcopenshell\api\owner\add_person_and_organisation.py -> build\lib.win-amd64-cpython-312\ifcopenshell\api\owner
copying ifcopenshell\api\owner\add_role.py -> build\lib.win-amd64-cpython-312\ifcopenshell\api\owner
copying ifcopenshell\api\owner\assign_actor.py -> build\lib.win-amd64-cpython-312\ifcopenshell\api\owner
copying ifcopenshell\api\owner\create_owner_history.py -> build\lib.win-amd64-cpython-312\ifcopenshell\api\owner
copying ifcopenshell\api\owner\edit_actor.py -> build\lib.win-amd64-cpython-312\ifcopenshell\api\owner
copying ifcopenshell\api\owner\edit_address.py -> build\lib.win-amd64-cpython-312\ifcopenshell\api\owner
copying ifcopenshell\api\owner\edit_application.py -> build\lib.win-amd64-cpython-312\ifcopenshell\api\owner
copying ifcopenshell\api\owner\edit_organisation.py -> build\lib.win-amd64-cpython-312\ifcopenshell\api\owner
copying ifcopenshell\api\owner\edit_person.py -> build\lib.win-amd64-cpython-312\ifcopenshell\api\owner
copying ifcopenshell\api\owner\edit_role.py -> build\lib.win-amd64-cpython-312\ifcopenshell\api\owner
copying ifcopenshell\api\owner\remove_actor.py -> build\lib.win-amd64-cpython-312\ifcopenshell\api\owner
copying ifcopenshell\api\owner\remove_address.py -> build\lib.win-amd64-cpython-312\ifcopenshell\api\owner
copying ifcopenshell\api\owner\remove_application.py -> build\lib.win-amd64-cpython-312\ifcopenshell\api\owner
copying ifcopenshell\api\owner\remove_organisation.py -> build\lib.win-amd64-cpython-312\ifcopenshell\api\owner
copying ifcopenshell\api\owner\remove_person.py -> build\lib.win-amd64-cpython-312\ifcopenshell\api\owner
copying ifcopenshell\api\owner\remove_person_and_organisation.py -> build\lib.win-amd64-cpython-312\ifcopenshell\api\owner
copying ifcopenshell\api\owner\remove_role.py -> build\lib.win-amd64-cpython-312\ifcopenshell\api\owner
copying ifcopenshell\api\owner\settings.py -> build\lib.win-amd64-cpython-312\ifcopenshell\api\owner
copying ifcopenshell\api\owner\unassign_actor.py -> build\lib.win-amd64-cpython-312\ifcopenshell\api\owner
copying ifcopenshell\api\owner\update_owner_history.py -> build\lib.win-amd64-cpython-312\ifcopenshell\api\owner
copying ifcopenshell\api\owner\__init__.py -> build\lib.win-amd64-cpython-312\ifcopenshell\api\owner
creating build\lib.win-amd64-cpython-312\ifcopenshell\api\profile
copying ifcopenshell\api\profile\add_arbitrary_profile.py -> build\lib.win-amd64-cpython-312\ifcopenshell\api\profile
copying ifcopenshell\api\profile\add_arbitrary_profile_with_voids.py -> build\lib.win-amd64-cpython-312\ifcopenshell\api\profile
copying ifcopenshell\api\profile\add_parameterized_profile.py -> build\lib.win-amd64-cpython-312\ifcopenshell\api\profile
copying ifcopenshell\api\profile\copy_profile.py -> build\lib.win-amd64-cpython-312\ifcopenshell\api\profile
copying ifcopenshell\api\profile\edit_profile.py -> build\lib.win-amd64-cpython-312\ifcopenshell\api\profile
copying ifcopenshell\api\profile\remove_profile.py -> build\lib.win-amd64-cpython-312\ifcopenshell\api\profile
copying ifcopenshell\api\profile\__init__.py -> build\lib.win-amd64-cpython-312\ifcopenshell\api\profile
creating build\lib.win-amd64-cpython-312\ifcopenshell\api\project
copying ifcopenshell\api\project\append_asset.py -> build\lib.win-amd64-cpython-312\ifcopenshell\api\project
copying ifcopenshell\api\project\assign_declaration.py -> build\lib.win-amd64-cpython-312\ifcopenshell\api\project
copying ifcopenshell\api\project\create_file.py -> build\lib.win-amd64-cpython-312\ifcopenshell\api\project
copying ifcopenshell\api\project\unassign_declaration.py -> build\lib.win-amd64-cpython-312\ifcopenshell\api\project
copying ifcopenshell\api\project\__init__.py -> build\lib.win-amd64-cpython-312\ifcopenshell\api\project
creating build\lib.win-amd64-cpython-312\ifcopenshell\api\pset
copying ifcopenshell\api\pset\add_pset.py -> build\lib.win-amd64-cpython-312\ifcopenshell\api\pset
copying ifcopenshell\api\pset\add_qto.py -> build\lib.win-amd64-cpython-312\ifcopenshell\api\pset
copying ifcopenshell\api\pset\assign_pset.py -> build\lib.win-amd64-cpython-312\ifcopenshell\api\pset
copying ifcopenshell\api\pset\edit_pset.py -> build\lib.win-amd64-cpython-312\ifcopenshell\api\pset
copying ifcopenshell\api\pset\edit_qto.py -> build\lib.win-amd64-cpython-312\ifcopenshell\api\pset
copying ifcopenshell\api\pset\remove_pset.py -> build\lib.win-amd64-cpython-312\ifcopenshell\api\pset
copying ifcopenshell\api\pset\unassign_pset.py -> build\lib.win-amd64-cpython-312\ifcopenshell\api\pset
copying ifcopenshell\api\pset\unshare_pset.py -> build\lib.win-amd64-cpython-312\ifcopenshell\api\pset
copying ifcopenshell\api\pset\__init__.py -> build\lib.win-amd64-cpython-312\ifcopenshell\api\pset
creating build\lib.win-amd64-cpython-312\ifcopenshell\api\pset_template
copying ifcopenshell\api\pset_template\add_prop_template.py -> build\lib.win-amd64-cpython-312\ifcopenshell\api\pset_template
copying ifcopenshell\api\pset_template\add_pset_template.py -> build\lib.win-amd64-cpython-312\ifcopenshell\api\pset_template
copying ifcopenshell\api\pset_template\edit_prop_template.py -> build\lib.win-amd64-cpython-312\ifcopenshell\api\pset_template
copying ifcopenshell\api\pset_template\edit_pset_template.py -> build\lib.win-amd64-cpython-312\ifcopenshell\api\pset_template
copying ifcopenshell\api\pset_template\remove_prop_template.py -> build\lib.win-amd64-cpython-312\ifcopenshell\api\pset_template
copying ifcopenshell\api\pset_template\remove_pset_template.py -> build\lib.win-amd64-cpython-312\ifcopenshell\api\pset_template
copying ifcopenshell\api\pset_template\__init__.py -> build\lib.win-amd64-cpython-312\ifcopenshell\api\pset_template
creating build\lib.win-amd64-cpython-312\ifcopenshell\api\resource
copying ifcopenshell\api\resource\add_resource.py -> build\lib.win-amd64-cpython-312\ifcopenshell\api\resource
copying ifcopenshell\api\resource\add_resource_quantity.py -> build\lib.win-amd64-cpython-312\ifcopenshell\api\resource
copying ifcopenshell\api\resource\add_resource_time.py -> build\lib.win-amd64-cpython-312\ifcopenshell\api\resource
copying ifcopenshell\api\resource\assign_resource.py -> build\lib.win-amd64-cpython-312\ifcopenshell\api\resource
copying ifcopenshell\api\resource\calculate_resource_usage.py -> build\lib.win-amd64-cpython-312\ifcopenshell\api\resource
copying ifcopenshell\api\resource\calculate_resource_work.py -> build\lib.win-amd64-cpython-312\ifcopenshell\api\resource
copying ifcopenshell\api\resource\edit_resource.py -> build\lib.win-amd64-cpython-312\ifcopenshell\api\resource
copying ifcopenshell\api\resource\edit_resource_quantity.py -> build\lib.win-amd64-cpython-312\ifcopenshell\api\resource
copying ifcopenshell\api\resource\edit_resource_time.py -> build\lib.win-amd64-cpython-312\ifcopenshell\api\resource
copying ifcopenshell\api\resource\remove_resource.py -> build\lib.win-amd64-cpython-312\ifcopenshell\api\resource
copying ifcopenshell\api\resource\remove_resource_quantity.py -> build\lib.win-amd64-cpython-312\ifcopenshell\api\resource
copying ifcopenshell\api\resource\unassign_resource.py -> build\lib.win-amd64-cpython-312\ifcopenshell\api\resource
copying ifcopenshell\api\resource\__init__.py -> build\lib.win-amd64-cpython-312\ifcopenshell\api\resource
creating build\lib.win-amd64-cpython-312\ifcopenshell\api\root
copying ifcopenshell\api\root\copy_class.py -> build\lib.win-amd64-cpython-312\ifcopenshell\api\root
copying ifcopenshell\api\root\create_entity.py -> build\lib.win-amd64-cpython-312\ifcopenshell\api\root
copying ifcopenshell\api\root\reassign_class.py -> build\lib.win-amd64-cpython-312\ifcopenshell\api\root
copying ifcopenshell\api\root\remove_product.py -> build\lib.win-amd64-cpython-312\ifcopenshell\api\root
copying ifcopenshell\api\root\__init__.py -> build\lib.win-amd64-cpython-312\ifcopenshell\api\root
creating build\lib.win-amd64-cpython-312\ifcopenshell\api\sequence
copying ifcopenshell\api\sequence\add_date_time.py -> build\lib.win-amd64-cpython-312\ifcopenshell\api\sequence
copying ifcopenshell\api\sequence\add_task.py -> build\lib.win-amd64-cpython-312\ifcopenshell\api\sequence
copying ifcopenshell\api\sequence\add_task_time.py -> build\lib.win-amd64-cpython-312\ifcopenshell\api\sequence
copying ifcopenshell\api\sequence\add_time_period.py -> build\lib.win-amd64-cpython-312\ifcopenshell\api\sequence
copying ifcopenshell\api\sequence\add_work_calendar.py -> build\lib.win-amd64-cpython-312\ifcopenshell\api\sequence
copying ifcopenshell\api\sequence\add_work_plan.py -> build\lib.win-amd64-cpython-312\ifcopenshell\api\sequence
copying ifcopenshell\api\sequence\add_work_schedule.py -> build\lib.win-amd64-cpython-312\ifcopenshell\api\sequence
copying ifcopenshell\api\sequence\add_work_time.py -> build\lib.win-amd64-cpython-312\ifcopenshell\api\sequence
copying ifcopenshell\api\sequence\assign_lag_time.py -> build\lib.win-amd64-cpython-312\ifcopenshell\api\sequence
copying ifcopenshell\api\sequence\assign_process.py -> build\lib.win-amd64-cpython-312\ifcopenshell\api\sequence
copying ifcopenshell\api\sequence\assign_product.py -> build\lib.win-amd64-cpython-312\ifcopenshell\api\sequence
copying ifcopenshell\api\sequence\assign_recurrence_pattern.py -> build\lib.win-amd64-cpython-312\ifcopenshell\api\sequence
copying ifcopenshell\api\sequence\assign_sequence.py -> build\lib.win-amd64-cpython-312\ifcopenshell\api\sequence
copying ifcopenshell\api\sequence\assign_work_plan.py -> build\lib.win-amd64-cpython-312\ifcopenshell\api\sequence
copying ifcopenshell\api\sequence\calculate_task_duration.py -> build\lib.win-amd64-cpython-312\ifcopenshell\api\sequence
copying ifcopenshell\api\sequence\cascade_schedule.py -> build\lib.win-amd64-cpython-312\ifcopenshell\api\sequence
copying ifcopenshell\api\sequence\copy_work_schedule.py -> build\lib.win-amd64-cpython-312\ifcopenshell\api\sequence
copying ifcopenshell\api\sequence\create_baseline.py -> build\lib.win-amd64-cpython-312\ifcopenshell\api\sequence
copying ifcopenshell\api\sequence\duplicate_task.py -> build\lib.win-amd64-cpython-312\ifcopenshell\api\sequence
copying ifcopenshell\api\sequence\edit_lag_time.py -> build\lib.win-amd64-cpython-312\ifcopenshell\api\sequence
copying ifcopenshell\api\sequence\edit_recurrence_pattern.py -> build\lib.win-amd64-cpython-312\ifcopenshell\api\sequence
copying ifcopenshell\api\sequence\edit_sequence.py -> build\lib.win-amd64-cpython-312\ifcopenshell\api\sequence
copying ifcopenshell\api\sequence\edit_task.py -> build\lib.win-amd64-cpython-312\ifcopenshell\api\sequence
copying ifcopenshell\api\sequence\edit_task_time.py -> build\lib.win-amd64-cpython-312\ifcopenshell\api\sequence
copying ifcopenshell\api\sequence\edit_work_calendar.py -> build\lib.win-amd64-cpython-312\ifcopenshell\api\sequence
copying ifcopenshell\api\sequence\edit_work_plan.py -> build\lib.win-amd64-cpython-312\ifcopenshell\api\sequence
copying ifcopenshell\api\sequence\edit_work_schedule.py -> build\lib.win-amd64-cpython-312\ifcopenshell\api\sequence
copying ifcopenshell\api\sequence\edit_work_time.py -> build\lib.win-amd64-cpython-312\ifcopenshell\api\sequence
copying ifcopenshell\api\sequence\recalculate_schedule.py -> build\lib.win-amd64-cpython-312\ifcopenshell\api\sequence
copying ifcopenshell\api\sequence\remove_task.py -> build\lib.win-amd64-cpython-312\ifcopenshell\api\sequence
copying ifcopenshell\api\sequence\remove_time_period.py -> build\lib.win-amd64-cpython-312\ifcopenshell\api\sequence
copying ifcopenshell\api\sequence\remove_work_calendar.py -> build\lib.win-amd64-cpython-312\ifcopenshell\api\sequence
copying ifcopenshell\api\sequence\remove_work_plan.py -> build\lib.win-amd64-cpython-312\ifcopenshell\api\sequence
copying ifcopenshell\api\sequence\remove_work_schedule.py -> build\lib.win-amd64-cpython-312\ifcopenshell\api\sequence
copying ifcopenshell\api\sequence\remove_work_time.py -> build\lib.win-amd64-cpython-312\ifcopenshell\api\sequence
copying ifcopenshell\api\sequence\unassign_lag_time.py -> build\lib.win-amd64-cpython-312\ifcopenshell\api\sequence
copying ifcopenshell\api\sequence\unassign_process.py -> build\lib.win-amd64-cpython-312\ifcopenshell\api\sequence
copying ifcopenshell\api\sequence\unassign_product.py -> build\lib.win-amd64-cpython-312\ifcopenshell\api\sequence
copying ifcopenshell\api\sequence\unassign_recurrence_pattern.py -> build\lib.win-amd64-cpython-312\ifcopenshell\api\sequence
copying ifcopenshell\api\sequence\unassign_sequence.py -> build\lib.win-amd64-cpython-312\ifcopenshell\api\sequence
copying ifcopenshell\api\sequence\__init__.py -> build\lib.win-amd64-cpython-312\ifcopenshell\api\sequence
creating build\lib.win-amd64-cpython-312\ifcopenshell\api\spatial
copying ifcopenshell\api\spatial\assign_container.py -> build\lib.win-amd64-cpython-312\ifcopenshell\api\spatial
copying ifcopenshell\api\spatial\dereference_structure.py -> build\lib.win-amd64-cpython-312\ifcopenshell\api\spatial
copying ifcopenshell\api\spatial\reference_structure.py -> build\lib.win-amd64-cpython-312\ifcopenshell\api\spatial
copying ifcopenshell\api\spatial\unassign_container.py -> build\lib.win-amd64-cpython-312\ifcopenshell\api\spatial
copying ifcopenshell\api\spatial\__init__.py -> build\lib.win-amd64-cpython-312\ifcopenshell\api\spatial
creating build\lib.win-amd64-cpython-312\ifcopenshell\api\structural
copying ifcopenshell\api\structural\add_structural_activity.py -> build\lib.win-amd64-cpython-312\ifcopenshell\api\structural
copying ifcopenshell\api\structural\add_structural_analysis_model.py -> build\lib.win-amd64-cpython-312\ifcopenshell\api\structural
copying ifcopenshell\api\structural\add_structural_boundary_condition.py -> build\lib.win-amd64-cpython-312\ifcopenshell\api\structural
copying ifcopenshell\api\structural\add_structural_load.py -> build\lib.win-amd64-cpython-312\ifcopenshell\api\structural
copying ifcopenshell\api\structural\add_structural_load_case.py -> build\lib.win-amd64-cpython-312\ifcopenshell\api\structural
copying ifcopenshell\api\structural\add_structural_load_group.py -> build\lib.win-amd64-cpython-312\ifcopenshell\api\structural
copying ifcopenshell\api\structural\add_structural_member_connection.py -> build\lib.win-amd64-cpython-312\ifcopenshell\api\structural
copying ifcopenshell\api\structural\assign_structural_analysis_model.py -> build\lib.win-amd64-cpython-312\ifcopenshell\api\structural
copying ifcopenshell\api\structural\edit_structural_analysis_model.py -> build\lib.win-amd64-cpython-312\ifcopenshell\api\structural
copying ifcopenshell\api\structural\edit_structural_boundary_condition.py -> build\lib.win-amd64-cpython-312\ifcopenshell\api\structural
copying ifcopenshell\api\structural\edit_structural_connection_cs.py -> build\lib.win-amd64-cpython-312\ifcopenshell\api\structural
copying ifcopenshell\api\structural\edit_structural_item_axis.py -> build\lib.win-amd64-cpython-312\ifcopenshell\api\structural
copying ifcopenshell\api\structural\edit_structural_load.py -> build\lib.win-amd64-cpython-312\ifcopenshell\api\structural
copying ifcopenshell\api\structural\edit_structural_load_case.py -> build\lib.win-amd64-cpython-312\ifcopenshell\api\structural
copying ifcopenshell\api\structural\remove_structural_analysis_model.py -> build\lib.win-amd64-cpython-312\ifcopenshell\api\structural
copying ifcopenshell\api\structural\remove_structural_boundary_condition.py -> build\lib.win-amd64-cpython-312\ifcopenshell\api\structural
copying ifcopenshell\api\structural\remove_structural_connection_condition.py -> build\lib.win-amd64-cpython-312\ifcopenshell\api\structural
copying ifcopenshell\api\structural\remove_structural_load.py -> build\lib.win-amd64-cpython-312\ifcopenshell\api\structural
copying ifcopenshell\api\structural\remove_structural_load_case.py -> build\lib.win-amd64-cpython-312\ifcopenshell\api\structural
copying ifcopenshell\api\structural\remove_structural_load_group.py -> build\lib.win-amd64-cpython-312\ifcopenshell\api\structural
copying ifcopenshell\api\structural\unassign_structural_analysis_model.py -> build\lib.win-amd64-cpython-312\ifcopenshell\api\structural
copying ifcopenshell\api\structural\__init__.py -> build\lib.win-amd64-cpython-312\ifcopenshell\api\structural
creating build\lib.win-amd64-cpython-312\ifcopenshell\api\style
copying ifcopenshell\api\style\add_style.py -> build\lib.win-amd64-cpython-312\ifcopenshell\api\style
copying ifcopenshell\api\style\add_surface_style.py -> build\lib.win-amd64-cpython-312\ifcopenshell\api\style
copying ifcopenshell\api\style\add_surface_textures.py -> build\lib.win-amd64-cpython-312\ifcopenshell\api\style
copying ifcopenshell\api\style\assign_item_style.py -> build\lib.win-amd64-cpython-312\ifcopenshell\api\style
copying ifcopenshell\api\style\assign_material_style.py -> build\lib.win-amd64-cpython-312\ifcopenshell\api\style
copying ifcopenshell\api\style\assign_representation_styles.py -> build\lib.win-amd64-cpython-312\ifcopenshell\api\style
copying ifcopenshell\api\style\edit_presentation_style.py -> build\lib.win-amd64-cpython-312\ifcopenshell\api\style
copying ifcopenshell\api\style\edit_surface_style.py -> build\lib.win-amd64-cpython-312\ifcopenshell\api\style
copying ifcopenshell\api\style\remove_style.py -> build\lib.win-amd64-cpython-312\ifcopenshell\api\style
copying ifcopenshell\api\style\remove_styled_representation.py -> build\lib.win-amd64-cpython-312\ifcopenshell\api\style
copying ifcopenshell\api\style\remove_surface_style.py -> build\lib.win-amd64-cpython-312\ifcopenshell\api\style
copying ifcopenshell\api\style\unassign_material_style.py -> build\lib.win-amd64-cpython-312\ifcopenshell\api\style
copying ifcopenshell\api\style\unassign_representation_styles.py -> build\lib.win-amd64-cpython-312\ifcopenshell\api\style
copying ifcopenshell\api\style\__init__.py -> build\lib.win-amd64-cpython-312\ifcopenshell\api\style
creating build\lib.win-amd64-cpython-312\ifcopenshell\api\system
copying ifcopenshell\api\system\add_port.py -> build\lib.win-amd64-cpython-312\ifcopenshell\api\system
copying ifcopenshell\api\system\add_system.py -> build\lib.win-amd64-cpython-312\ifcopenshell\api\system
copying ifcopenshell\api\system\assign_flow_control.py -> build\lib.win-amd64-cpython-312\ifcopenshell\api\system
copying ifcopenshell\api\system\assign_port.py -> build\lib.win-amd64-cpython-312\ifcopenshell\api\system
copying ifcopenshell\api\system\assign_system.py -> build\lib.win-amd64-cpython-312\ifcopenshell\api\system
copying ifcopenshell\api\system\connect_port.py -> build\lib.win-amd64-cpython-312\ifcopenshell\api\system
copying ifcopenshell\api\system\disconnect_port.py -> build\lib.win-amd64-cpython-312\ifcopenshell\api\system
copying ifcopenshell\api\system\edit_system.py -> build\lib.win-amd64-cpython-312\ifcopenshell\api\system
copying ifcopenshell\api\system\remove_system.py -> build\lib.win-amd64-cpython-312\ifcopenshell\api\system
copying ifcopenshell\api\system\unassign_flow_control.py -> build\lib.win-amd64-cpython-312\ifcopenshell\api\system
copying ifcopenshell\api\system\unassign_port.py -> build\lib.win-amd64-cpython-312\ifcopenshell\api\system
copying ifcopenshell\api\system\unassign_system.py -> build\lib.win-amd64-cpython-312\ifcopenshell\api\system
copying ifcopenshell\api\system\__init__.py -> build\lib.win-amd64-cpython-312\ifcopenshell\api\system
creating build\lib.win-amd64-cpython-312\ifcopenshell\api\type
copying ifcopenshell\api\type\assign_type.py -> build\lib.win-amd64-cpython-312\ifcopenshell\api\type
copying ifcopenshell\api\type\map_type_representations.py -> build\lib.win-amd64-cpython-312\ifcopenshell\api\type
copying ifcopenshell\api\type\unassign_type.py -> build\lib.win-amd64-cpython-312\ifcopenshell\api\type
copying ifcopenshell\api\type\__init__.py -> build\lib.win-amd64-cpython-312\ifcopenshell\api\type
creating build\lib.win-amd64-cpython-312\ifcopenshell\api\unit
copying ifcopenshell\api\unit\add_context_dependent_unit.py -> build\lib.win-amd64-cpython-312\ifcopenshell\api\unit
copying ifcopenshell\api\unit\add_conversion_based_unit.py -> build\lib.win-amd64-cpython-312\ifcopenshell\api\unit
copying ifcopenshell\api\unit\add_derived_unit.py -> build\lib.win-amd64-cpython-312\ifcopenshell\api\unit
copying ifcopenshell\api\unit\add_monetary_unit.py -> build\lib.win-amd64-cpython-312\ifcopenshell\api\unit
copying ifcopenshell\api\unit\add_si_unit.py -> build\lib.win-amd64-cpython-312\ifcopenshell\api\unit
copying ifcopenshell\api\unit\assign_unit.py -> build\lib.win-amd64-cpython-312\ifcopenshell\api\unit
copying ifcopenshell\api\unit\edit_derived_unit.py -> build\lib.win-amd64-cpython-312\ifcopenshell\api\unit
copying ifcopenshell\api\unit\edit_monetary_unit.py -> build\lib.win-amd64-cpython-312\ifcopenshell\api\unit
copying ifcopenshell\api\unit\edit_named_unit.py -> build\lib.win-amd64-cpython-312\ifcopenshell\api\unit
copying ifcopenshell\api\unit\remove_unit.py -> build\lib.win-amd64-cpython-312\ifcopenshell\api\unit
copying ifcopenshell\api\unit\unassign_unit.py -> build\lib.win-amd64-cpython-312\ifcopenshell\api\unit
copying ifcopenshell\api\unit\__init__.py -> build\lib.win-amd64-cpython-312\ifcopenshell\api\unit
creating build\lib.win-amd64-cpython-312\ifcopenshell\express\rules
copying ifcopenshell\express\rules\IFC2X3.py -> build\lib.win-amd64-cpython-312\ifcopenshell\express\rules
copying ifcopenshell\express\rules\IFC4.py -> build\lib.win-amd64-cpython-312\ifcopenshell\express\rules
copying ifcopenshell\express\rules\IFC4X1.py -> build\lib.win-amd64-cpython-312\ifcopenshell\express\rules
copying ifcopenshell\express\rules\IFC4X2.py -> build\lib.win-amd64-cpython-312\ifcopenshell\express\rules
copying ifcopenshell\express\rules\IFC4X3.py -> build\lib.win-amd64-cpython-312\ifcopenshell\express\rules
copying ifcopenshell\express\rules\IFC4X3_ADD1.py -> build\lib.win-amd64-cpython-312\ifcopenshell\express\rules
copying ifcopenshell\express\rules\IFC4X3_ADD2.py -> build\lib.win-amd64-cpython-312\ifcopenshell\express\rules
copying ifcopenshell\express\rules\IFC4X3_RC1.py -> build\lib.win-amd64-cpython-312\ifcopenshell\express\rules
copying ifcopenshell\express\rules\IFC4X3_RC2.py -> build\lib.win-amd64-cpython-312\ifcopenshell\express\rules
copying ifcopenshell\express\rules\IFC4X3_RC3.py -> build\lib.win-amd64-cpython-312\ifcopenshell\express\rules
copying ifcopenshell\express\rules\IFC4X3_RC4.py -> build\lib.win-amd64-cpython-312\ifcopenshell\express\rules
copying ifcopenshell\express\rules\IFC4X3_TC1.py -> build\lib.win-amd64-cpython-312\ifcopenshell\express\rules
copying ifcopenshell\express\rules\__init__.py -> build\lib.win-amd64-cpython-312\ifcopenshell\express\rules
creating build\lib.win-amd64-cpython-312\ifcopenshell\simple_spf\parser
copying ifcopenshell\simple_spf\parser\errors.py -> build\lib.win-amd64-cpython-312\ifcopenshell\simple_spf\parser
copying ifcopenshell\simple_spf\parser\file.py -> build\lib.win-amd64-cpython-312\ifcopenshell\simple_spf\parser
copying ifcopenshell\simple_spf\parser\grammar.py -> build\lib.win-amd64-cpython-312\ifcopenshell\simple_spf\parser
copying ifcopenshell\simple_spf\parser\mvd_info.py -> build\lib.win-amd64-cpython-312\ifcopenshell\simple_spf\parser
copying ifcopenshell\simple_spf\parser\parse.py -> build\lib.win-amd64-cpython-312\ifcopenshell\simple_spf\parser
copying ifcopenshell\simple_spf\parser\transformer.py -> build\lib.win-amd64-cpython-312\ifcopenshell\simple_spf\parser
copying ifcopenshell\simple_spf\parser\__init__.py -> build\lib.win-amd64-cpython-312\ifcopenshell\simple_spf\parser
copying ifcopenshell\ifcopenshell_wrapper.pyi -> build\lib.win-amd64-cpython-312\ifcopenshell
copying ifcopenshell\py.typed -> build\lib.win-amd64-cpython-312\ifcopenshell
copying ifcopenshell\NATIVE_BUILD_VARIANT.json -> build\lib.win-amd64-cpython-312\ifcopenshell
copying ifcopenshell\requirements.txt -> build\lib.win-amd64-cpython-312\ifcopenshell
copying ifcopenshell\_ifcopenshell_wrapper.cp312-win_amd64.pyd -> build\lib.win-amd64-cpython-312\ifcopenshell
copying ifcopenshell\express\DocAttribute.csv -> build\lib.win-amd64-cpython-312\ifcopenshell\express
copying ifcopenshell\express\DocDefined.csv -> build\lib.win-amd64-cpython-312\ifcopenshell\express
copying ifcopenshell\express\DocEntity.csv -> build\lib.win-amd64-cpython-312\ifcopenshell\express
copying ifcopenshell\express\DocEntityAttributes.csv -> build\lib.win-amd64-cpython-312\ifcopenshell\express
copying ifcopenshell\express\DocEnumeration.csv -> build\lib.win-amd64-cpython-312\ifcopenshell\express
copying ifcopenshell\express\DocSelect.csv -> build\lib.win-amd64-cpython-312\ifcopenshell\express
copying ifcopenshell\express\express.bnf -> build\lib.win-amd64-cpython-312\ifcopenshell\express
copying ifcopenshell\express\header_schema.exp -> build\lib.win-amd64-cpython-312\ifcopenshell\express
copying ifcopenshell\express\README.md -> build\lib.win-amd64-cpython-312\ifcopenshell\express
copying ifcopenshell\express\run.bat -> build\lib.win-amd64-cpython-312\ifcopenshell\express
copying ifcopenshell\mvd\.gitignore -> build\lib.win-amd64-cpython-312\ifcopenshell\mvd
copying ifcopenshell\mvd\LICENSE -> build\lib.win-amd64-cpython-312\ifcopenshell\mvd
copying ifcopenshell\mvd\README.md -> build\lib.win-amd64-cpython-312\ifcopenshell\mvd
creating build\lib.win-amd64-cpython-312\ifcopenshell\native-notices
copying ifcopenshell\native-notices\BOOST_LICENSE_1_0.txt -> build\lib.win-amd64-cpython-312\ifcopenshell\native-notices
copying ifcopenshell\native-notices\EIGEN_COPYING.MPL2 -> build\lib.win-amd64-cpython-312\ifcopenshell\native-notices
copying ifcopenshell\native-notices\IFCOPENSHELL_COPYING -> build\lib.win-amd64-cpython-312\ifcopenshell\native-notices
copying ifcopenshell\native-notices\IFCOPENSHELL_COPYING.LESSER -> build\lib.win-amd64-cpython-312\ifcopenshell\native-notices
copying ifcopenshell\native-notices\OCCT_LGPL_EXCEPTION.txt -> build\lib.win-amd64-cpython-312\ifcopenshell\native-notices
copying ifcopenshell\native-notices\OCCT_LICENSE_LGPL_21.txt -> build\lib.win-amd64-cpython-312\ifcopenshell\native-notices
copying ifcopenshell\simple_spf\.gitignore -> build\lib.win-amd64-cpython-312\ifcopenshell\simple_spf
copying ifcopenshell\simple_spf\LICENSE -> build\lib.win-amd64-cpython-312\ifcopenshell\simple_spf
copying ifcopenshell\simple_spf\README.md -> build\lib.win-amd64-cpython-312\ifcopenshell\simple_spf
copying ifcopenshell\simple_spf\requirements.in -> build\lib.win-amd64-cpython-312\ifcopenshell\simple_spf
copying ifcopenshell\util\attribute_4x3_to_4.json -> build\lib.win-amd64-cpython-312\ifcopenshell\util
copying ifcopenshell\util\attribute_4_to_2x3.json -> build\lib.win-amd64-cpython-312\ifcopenshell\util
copying ifcopenshell\util\class_2x3_to_4.json -> build\lib.win-amd64-cpython-312\ifcopenshell\util
copying ifcopenshell\util\class_4_to_2x3.json -> build\lib.win-amd64-cpython-312\ifcopenshell\util
copying ifcopenshell\util\entity_to_type_map_2x3.json -> build\lib.win-amd64-cpython-312\ifcopenshell\util
copying ifcopenshell\util\entity_to_type_map_4.json -> build\lib.win-amd64-cpython-312\ifcopenshell\util
copying ifcopenshell\util\entity_to_type_map_4x3.json -> build\lib.win-amd64-cpython-312\ifcopenshell\util
copying ifcopenshell\util\ifc4_to_brick.json -> build\lib.win-amd64-cpython-312\ifcopenshell\util
creating build\lib.win-amd64-cpython-312\ifcopenshell\express\txt
copying ifcopenshell\express\txt\endif.txt -> build\lib.win-amd64-cpython-312\ifcopenshell\express\txt
copying ifcopenshell\express\txt\header_ifc2x3.txt -> build\lib.win-amd64-cpython-312\ifcopenshell\express\txt
copying ifcopenshell\express\txt\header_ifc4.txt -> build\lib.win-amd64-cpython-312\ifcopenshell\express\txt
copying ifcopenshell\express\txt\header_ifc4x1.txt -> build\lib.win-amd64-cpython-312\ifcopenshell\express\txt
copying ifcopenshell\express\txt\header_ifc4x2.txt -> build\lib.win-amd64-cpython-312\ifcopenshell\express\txt
copying ifcopenshell\express\txt\header_ifc4x3_add1.txt -> build\lib.win-amd64-cpython-312\ifcopenshell\express\txt
copying ifcopenshell\express\txt\header_ifc4x3_add2.txt -> build\lib.win-amd64-cpython-312\ifcopenshell\express\txt
copying ifcopenshell\express\txt\header_ifc4x3_rc1.txt -> build\lib.win-amd64-cpython-312\ifcopenshell\express\txt
copying ifcopenshell\express\txt\header_ifc4x3_rc2.txt -> build\lib.win-amd64-cpython-312\ifcopenshell\express\txt
copying ifcopenshell\express\txt\header_ifc4x3_tc1.txt -> build\lib.win-amd64-cpython-312\ifcopenshell\express\txt
copying ifcopenshell\express\txt\ifdef_ifc4.txt -> build\lib.win-amd64-cpython-312\ifcopenshell\express\txt
copying ifcopenshell\express\txt\ifdef_ifc4x1.txt -> build\lib.win-amd64-cpython-312\ifcopenshell\express\txt
copying ifcopenshell\express\txt\ifndef_ifc4.txt -> build\lib.win-amd64-cpython-312\ifcopenshell\express\txt
copying ifcopenshell\express\txt\ifndef_ifc4x1 - Copy.txt -> build\lib.win-amd64-cpython-312\ifcopenshell\express\txt
copying ifcopenshell\express\txt\ifndef_ifc4x1.txt -> build\lib.win-amd64-cpython-312\ifcopenshell\express\txt
creating build\lib.win-amd64-cpython-312\ifcopenshell\mvd\mvd_examples
copying ifcopenshell\mvd\mvd_examples\building.mvdxml -> build\lib.win-amd64-cpython-312\ifcopenshell\mvd\mvd_examples
copying ifcopenshell\mvd\mvd_examples\Example-CV100.mvdxml -> build\lib.win-amd64-cpython-312\ifcopenshell\mvd\mvd_examples
copying ifcopenshell\mvd\mvd_examples\Example-CV104.mvdxml -> build\lib.win-amd64-cpython-312\ifcopenshell\mvd\mvd_examples
copying ifcopenshell\mvd\mvd_examples\Example-CV106.mvdxml -> build\lib.win-amd64-cpython-312\ifcopenshell\mvd\mvd_examples
copying ifcopenshell\mvd\mvd_examples\wall_extraction.mvdxml -> build\lib.win-amd64-cpython-312\ifcopenshell\mvd\mvd_examples
copying ifcopenshell\mvd\mvd_examples\xset.mvdxml -> build\lib.win-amd64-cpython-312\ifcopenshell\mvd\mvd_examples
creating build\lib.win-amd64-cpython-312\ifcopenshell\mvd\mvd_examples\officials
copying ifcopenshell\mvd\mvd_examples\officials\ReferenceView_V1-2.mvdxml -> build\lib.win-amd64-cpython-312\ifcopenshell\mvd\mvd_examples\officials
creating build\lib.win-amd64-cpython-312\ifcopenshell\simple_spf\fixtures
copying ifcopenshell\simple_spf\fixtures\extended_mvd.ifc -> build\lib.win-amd64-cpython-312\ifcopenshell\simple_spf\fixtures
copying ifcopenshell\simple_spf\fixtures\fail_double_comma.ifc -> build\lib.win-amd64-cpython-312\ifcopenshell\simple_spf\fixtures
copying ifcopenshell\simple_spf\fixtures\fail_double_semi.ifc -> build\lib.win-amd64-cpython-312\ifcopenshell\simple_spf\fixtures
copying ifcopenshell\simple_spf\fixtures\fail_duplicate_id.ifc -> build\lib.win-amd64-cpython-312\ifcopenshell\simple_spf\fixtures
copying ifcopenshell\simple_spf\fixtures\fail_invalid_header_entity.ifc -> build\lib.win-amd64-cpython-312\ifcopenshell\simple_spf\fixtures
copying ifcopenshell\simple_spf\fixtures\fail_multiple_duplicate_ids.ifc -> build\lib.win-amd64-cpython-312\ifcopenshell\simple_spf\fixtures
copying ifcopenshell\simple_spf\fixtures\fail_multiple_wrong_header_fields.ifc -> build\lib.win-amd64-cpython-312\ifcopenshell\simple_spf\fixtures
copying ifcopenshell\simple_spf\fixtures\fail_no_header.ifc -> build\lib.win-amd64-cpython-312\ifcopenshell\simple_spf\fixtures
copying ifcopenshell\simple_spf\fixtures\fail_reverse_string.ifc -> build\lib.win-amd64-cpython-312\ifcopenshell\simple_spf\fixtures
copying ifcopenshell\simple_spf\fixtures\fail_too_many_header_entity_fields.ifc -> build\lib.win-amd64-cpython-312\ifcopenshell\simple_spf\fixtures
copying ifcopenshell\simple_spf\fixtures\fail_utf_encoding.ifc -> build\lib.win-amd64-cpython-312\ifcopenshell\simple_spf\fixtures
copying ifcopenshell\simple_spf\fixtures\passing_header.ifc -> build\lib.win-amd64-cpython-312\ifcopenshell\simple_spf\fixtures
copying ifcopenshell\simple_spf\fixtures\pass_1.ifc -> build\lib.win-amd64-cpython-312\ifcopenshell\simple_spf\fixtures
copying ifcopenshell\simple_spf\fixtures\pass_double_reverse.ifc -> build\lib.win-amd64-cpython-312\ifcopenshell\simple_spf\fixtures
copying ifcopenshell\simple_spf\fixtures\pass_page_encoding.ifc -> build\lib.win-amd64-cpython-312\ifcopenshell\simple_spf\fixtures
copying ifcopenshell\simple_spf\fixtures\pass_reverse_comment.ifc -> build\lib.win-amd64-cpython-312\ifcopenshell\simple_spf\fixtures
creating build\lib.win-amd64-cpython-312\ifcopenshell\simple_spf\.github\workflows
copying ifcopenshell\simple_spf\.github\workflows\ci.yaml -> build\lib.win-amd64-cpython-312\ifcopenshell\simple_spf\.github\workflows
creating build\lib.win-amd64-cpython-312\ifcopenshell\util\schema
copying ifcopenshell\util\schema\ifc2x3_entities.json -> build\lib.win-amd64-cpython-312\ifcopenshell\util\schema
copying ifcopenshell\util\schema\ifc2x3_properties.json -> build\lib.win-amd64-cpython-312\ifcopenshell\util\schema
copying ifcopenshell\util\schema\ifc2x3_property_sets_site_domains.json -> build\lib.win-amd64-cpython-312\ifcopenshell\util\schema
copying ifcopenshell\util\schema\ifc2x3_types.json -> build\lib.win-amd64-cpython-312\ifcopenshell\util\schema
copying ifcopenshell\util\schema\ifc4x3_entities.json -> build\lib.win-amd64-cpython-312\ifcopenshell\util\schema
copying ifcopenshell\util\schema\ifc4x3_properties.json -> build\lib.win-amd64-cpython-312\ifcopenshell\util\schema
copying ifcopenshell\util\schema\ifc4x3_types.json -> build\lib.win-amd64-cpython-312\ifcopenshell\util\schema
copying ifcopenshell\util\schema\ifc4_entities.json -> build\lib.win-amd64-cpython-312\ifcopenshell\util\schema
copying ifcopenshell\util\schema\ifc4_properties.json -> build\lib.win-amd64-cpython-312\ifcopenshell\util\schema
copying ifcopenshell\util\schema\ifc4_property_sets_site_domains.json -> build\lib.win-amd64-cpython-312\ifcopenshell\util\schema
copying ifcopenshell\util\schema\ifc4_types.json -> build\lib.win-amd64-cpython-312\ifcopenshell\util\schema
copying ifcopenshell\util\schema\ifc_classes_suggestions.json -> build\lib.win-amd64-cpython-312\ifcopenshell\util\schema
copying ifcopenshell\util\schema\Pset_IFC2X3.ifc -> build\lib.win-amd64-cpython-312\ifcopenshell\util\schema
copying ifcopenshell\util\schema\Pset_IFC4X3.ifc -> build\lib.win-amd64-cpython-312\ifcopenshell\util\schema
copying ifcopenshell\util\schema\Pset_IFC4_ADD2.ifc -> build\lib.win-amd64-cpython-312\ifcopenshell\util\schema
creating build\lib.win-amd64-cpython-312\ifcopenshell\util\scripts
copying ifcopenshell\util\scripts\validate_stub.py -> build\lib.win-amd64-cpython-312\ifcopenshell\util\scripts
running build_ext
C:\Users\Davi\Downloads\oma\.venv\Lib\site-packages\setuptools\_distutils\cmd.py:90: SetuptoolsDeprecationWarning: setup.py install is deprecated.
!!

        ********************************************************************************
        Please avoid running ``setup.py`` directly.
        Instead, use pypa/build, pypa/installer or other
        standards-based tools.

        This deprecation is overdue, please update your project and remove deprecated
        calls to avoid build errors in the future.

        See https://blog.ganssle.io/articles/2021/10/setup-py-deprecated.html for details.
        ********************************************************************************

!!
  self.initialize_options()
installing to build\bdist.win-amd64\wheel
running install
running install_lib
creating build\bdist.win-amd64\wheel
creating build\bdist.win-amd64\wheel\ifcopenshell
creating build\bdist.win-amd64\wheel\ifcopenshell\api
creating build\bdist.win-amd64\wheel\ifcopenshell\api\aggregate
copying build\lib.win-amd64-cpython-312\ifcopenshell\api\aggregate\assign_object.py -> build\bdist.win-amd64\wheel\.\ifcopenshell\api\aggregate
copying build\lib.win-amd64-cpython-312\ifcopenshell\api\aggregate\unassign_object.py -> build\bdist.win-amd64\wheel\.\ifcopenshell\api\aggregate
copying build\lib.win-amd64-cpython-312\ifcopenshell\api\aggregate\__init__.py -> build\bdist.win-amd64\wheel\.\ifcopenshell\api\aggregate
creating build\bdist.win-amd64\wheel\ifcopenshell\api\alignment
copying build\lib.win-amd64-cpython-312\ifcopenshell\api\alignment\add_stationing_referent.py -> build\bdist.win-amd64\wheel\.\ifcopenshell\api\alignment
copying build\lib.win-amd64-cpython-312\ifcopenshell\api\alignment\add_vertical_layout.py -> build\bdist.win-amd64\wheel\.\ifcopenshell\api\alignment
copying build\lib.win-amd64-cpython-312\ifcopenshell\api\alignment\add_zero_length_segment.py -> build\bdist.win-amd64\wheel\.\ifcopenshell\api\alignment
copying build\lib.win-amd64-cpython-312\ifcopenshell\api\alignment\create.py -> build\bdist.win-amd64\wheel\.\ifcopenshell\api\alignment
copying build\lib.win-amd64-cpython-312\ifcopenshell\api\alignment\create_as_offset_curve.py -> build\bdist.win-amd64\wheel\.\ifcopenshell\api\alignment
copying build\lib.win-amd64-cpython-312\ifcopenshell\api\alignment\create_as_polyline.py -> build\bdist.win-amd64\wheel\.\ifcopenshell\api\alignment
copying build\lib.win-amd64-cpython-312\ifcopenshell\api\alignment\create_by_pi_method.py -> build\bdist.win-amd64\wheel\.\ifcopenshell\api\alignment
copying build\lib.win-amd64-cpython-312\ifcopenshell\api\alignment\create_from_csv.py -> build\bdist.win-amd64\wheel\.\ifcopenshell\api\alignment
copying build\lib.win-amd64-cpython-312\ifcopenshell\api\alignment\create_layout_segment.py -> build\bdist.win-amd64\wheel\.\ifcopenshell\api\alignment
copying build\lib.win-amd64-cpython-312\ifcopenshell\api\alignment\create_representation.py -> build\bdist.win-amd64\wheel\.\ifcopenshell\api\alignment
copying build\lib.win-amd64-cpython-312\ifcopenshell\api\alignment\create_segment_representations.py -> build\bdist.win-amd64\wheel\.\ifcopenshell\api\alignment
copying build\lib.win-amd64-cpython-312\ifcopenshell\api\alignment\distance_along_from_station.py -> build\bdist.win-amd64\wheel\.\ifcopenshell\api\alignment
copying build\lib.win-amd64-cpython-312\ifcopenshell\api\alignment\get_alignment.py -> build\bdist.win-amd64\wheel\.\ifcopenshell\api\alignment
copying build\lib.win-amd64-cpython-312\ifcopenshell\api\alignment\get_alignment_layouts.py -> build\bdist.win-amd64\wheel\.\ifcopenshell\api\alignment
copying build\lib.win-amd64-cpython-312\ifcopenshell\api\alignment\get_alignment_layout_nest.py -> build\bdist.win-amd64\wheel\.\ifcopenshell\api\alignment
copying build\lib.win-amd64-cpython-312\ifcopenshell\api\alignment\get_alignment_segment_nest.py -> build\bdist.win-amd64\wheel\.\ifcopenshell\api\alignment
copying build\lib.win-amd64-cpython-312\ifcopenshell\api\alignment\get_alignment_start_station.py -> build\bdist.win-amd64\wheel\.\ifcopenshell\api\alignment
copying build\lib.win-amd64-cpython-312\ifcopenshell\api\alignment\get_axis_subcontext.py -> build\bdist.win-amd64\wheel\.\ifcopenshell\api\alignment
copying build\lib.win-amd64-cpython-312\ifcopenshell\api\alignment\get_basis_curve.py -> build\bdist.win-amd64\wheel\.\ifcopenshell\api\alignment
copying build\lib.win-amd64-cpython-312\ifcopenshell\api\alignment\get_cant_layout.py -> build\bdist.win-amd64\wheel\.\ifcopenshell\api\alignment
copying build\lib.win-amd64-cpython-312\ifcopenshell\api\alignment\get_child_alignments.py -> build\bdist.win-amd64\wheel\.\ifcopenshell\api\alignment
copying build\lib.win-amd64-cpython-312\ifcopenshell\api\alignment\get_curve.py -> build\bdist.win-amd64\wheel\.\ifcopenshell\api\alignment
copying build\lib.win-amd64-cpython-312\ifcopenshell\api\alignment\get_curve_segment_transition_code.py -> build\bdist.win-amd64\wheel\.\ifcopenshell\api\alignment
copying build\lib.win-amd64-cpython-312\ifcopenshell\api\alignment\get_horizontal_layout.py -> build\bdist.win-amd64\wheel\.\ifcopenshell\api\alignment
copying build\lib.win-amd64-cpython-312\ifcopenshell\api\alignment\get_layout_curve.py -> build\bdist.win-amd64\wheel\.\ifcopenshell\api\alignment
copying build\lib.win-amd64-cpython-312\ifcopenshell\api\alignment\get_layout_segments.py -> build\bdist.win-amd64\wheel\.\ifcopenshell\api\alignment
copying build\lib.win-amd64-cpython-312\ifcopenshell\api\alignment\get_mapped_segments.py -> build\bdist.win-amd64\wheel\.\ifcopenshell\api\alignment
copying build\lib.win-amd64-cpython-312\ifcopenshell\api\alignment\get_parent_alignment.py -> build\bdist.win-amd64\wheel\.\ifcopenshell\api\alignment
copying build\lib.win-amd64-cpython-312\ifcopenshell\api\alignment\get_referent_nest.py -> build\bdist.win-amd64\wheel\.\ifcopenshell\api\alignment
copying build\lib.win-amd64-cpython-312\ifcopenshell\api\alignment\get_vertical_layout.py -> build\bdist.win-amd64\wheel\.\ifcopenshell\api\alignment
copying build\lib.win-amd64-cpython-312\ifcopenshell\api\alignment\has_zero_length_segment.py -> build\bdist.win-amd64\wheel\.\ifcopenshell\api\alignment
copying build\lib.win-amd64-cpython-312\ifcopenshell\api\alignment\layout_horizontal_alignment_by_pi_method.py -> build\bdist.win-amd64\wheel\.\ifcopenshell\api\alignment
copying build\lib.win-amd64-cpython-312\ifcopenshell\api\alignment\layout_vertical_alignment_by_pi_method.py -> build\bdist.win-amd64\wheel\.\ifcopenshell\api\alignment
copying build\lib.win-amd64-cpython-312\ifcopenshell\api\alignment\name_segments.py -> build\bdist.win-amd64\wheel\.\ifcopenshell\api\alignment
copying build\lib.win-amd64-cpython-312\ifcopenshell\api\alignment\update_fallback_position.py -> build\bdist.win-amd64\wheel\.\ifcopenshell\api\alignment
copying build\lib.win-amd64-cpython-312\ifcopenshell\api\alignment\util.py -> build\bdist.win-amd64\wheel\.\ifcopenshell\api\alignment
copying build\lib.win-amd64-cpython-312\ifcopenshell\api\alignment\_add_segment_to_curve.py -> build\bdist.win-amd64\wheel\.\ifcopenshell\api\alignment
copying build\lib.win-amd64-cpython-312\ifcopenshell\api\alignment\_add_segment_to_layout.py -> build\bdist.win-amd64\wheel\.\ifcopenshell\api\alignment
copying build\lib.win-amd64-cpython-312\ifcopenshell\api\alignment\_add_zero_length_segment.py -> build\bdist.win-amd64\wheel\.\ifcopenshell\api\alignment
copying build\lib.win-amd64-cpython-312\ifcopenshell\api\alignment\_create_geometric_representation.py -> build\bdist.win-amd64\wheel\.\ifcopenshell\api\alignment
copying build\lib.win-amd64-cpython-312\ifcopenshell\api\alignment\_create_offset_curve_representation.py -> build\bdist.win-amd64\wheel\.\ifcopenshell\api\alignment
copying build\lib.win-amd64-cpython-312\ifcopenshell\api\alignment\_create_polyline_representation.py -> build\bdist.win-amd64\wheel\.\ifcopenshell\api\alignment
copying build\lib.win-amd64-cpython-312\ifcopenshell\api\alignment\_get_cant_segment.py -> build\bdist.win-amd64\wheel\.\ifcopenshell\api\alignment
copying build\lib.win-amd64-cpython-312\ifcopenshell\api\alignment\_get_segment_start_point_label.py -> build\bdist.win-amd64\wheel\.\ifcopenshell\api\alignment
copying build\lib.win-amd64-cpython-312\ifcopenshell\api\alignment\_map_alignment_cant_segment.py -> build\bdist.win-amd64\wheel\.\ifcopenshell\api\alignment
copying build\lib.win-amd64-cpython-312\ifcopenshell\api\alignment\_map_alignment_horizontal_segment.py -> build\bdist.win-amd64\wheel\.\ifcopenshell\api\alignment
copying build\lib.win-amd64-cpython-312\ifcopenshell\api\alignment\_map_alignment_vertical_segment.py -> build\bdist.win-amd64\wheel\.\ifcopenshell\api\alignment
copying build\lib.win-amd64-cpython-312\ifcopenshell\api\alignment\_update_curve_segment_transition_code.py -> build\bdist.win-amd64\wheel\.\ifcopenshell\api\alignment
copying build\lib.win-amd64-cpython-312\ifcopenshell\api\alignment\__init__.py -> build\bdist.win-amd64\wheel\.\ifcopenshell\api\alignment
creating build\bdist.win-amd64\wheel\ifcopenshell\api\attribute
copying build\lib.win-amd64-cpython-312\ifcopenshell\api\attribute\edit_attributes.py -> build\bdist.win-amd64\wheel\.\ifcopenshell\api\attribute
copying build\lib.win-amd64-cpython-312\ifcopenshell\api\attribute\__init__.py -> build\bdist.win-amd64\wheel\.\ifcopenshell\api\attribute
creating build\bdist.win-amd64\wheel\ifcopenshell\api\boundary
copying build\lib.win-amd64-cpython-312\ifcopenshell\api\boundary\assign_connection_geometry.py -> build\bdist.win-amd64\wheel\.\ifcopenshell\api\boundary
copying build\lib.win-amd64-cpython-312\ifcopenshell\api\boundary\copy_boundary.py -> build\bdist.win-amd64\wheel\.\ifcopenshell\api\boundary
copying build\lib.win-amd64-cpython-312\ifcopenshell\api\boundary\edit_attributes.py -> build\bdist.win-amd64\wheel\.\ifcopenshell\api\boundary
copying build\lib.win-amd64-cpython-312\ifcopenshell\api\boundary\remove_boundary.py -> build\bdist.win-amd64\wheel\.\ifcopenshell\api\boundary
copying build\lib.win-amd64-cpython-312\ifcopenshell\api\boundary\__init__.py -> build\bdist.win-amd64\wheel\.\ifcopenshell\api\boundary
creating build\bdist.win-amd64\wheel\ifcopenshell\api\classification
copying build\lib.win-amd64-cpython-312\ifcopenshell\api\classification\add_classification.py -> build\bdist.win-amd64\wheel\.\ifcopenshell\api\classification
copying build\lib.win-amd64-cpython-312\ifcopenshell\api\classification\add_reference.py -> build\bdist.win-amd64\wheel\.\ifcopenshell\api\classification
copying build\lib.win-amd64-cpython-312\ifcopenshell\api\classification\edit_classification.py -> build\bdist.win-amd64\wheel\.\ifcopenshell\api\classification
copying build\lib.win-amd64-cpython-312\ifcopenshell\api\classification\edit_reference.py -> build\bdist.win-amd64\wheel\.\ifcopenshell\api\classification
copying build\lib.win-amd64-cpython-312\ifcopenshell\api\classification\remove_classification.py -> build\bdist.win-amd64\wheel\.\ifcopenshell\api\classification
copying build\lib.win-amd64-cpython-312\ifcopenshell\api\classification\remove_reference.py -> build\bdist.win-amd64\wheel\.\ifcopenshell\api\classification
copying build\lib.win-amd64-cpython-312\ifcopenshell\api\classification\__init__.py -> build\bdist.win-amd64\wheel\.\ifcopenshell\api\classification
creating build\bdist.win-amd64\wheel\ifcopenshell\api\cogo
copying build\lib.win-amd64-cpython-312\ifcopenshell\api\cogo\add_survey_point.py -> build\bdist.win-amd64\wheel\.\ifcopenshell\api\cogo
copying build\lib.win-amd64-cpython-312\ifcopenshell\api\cogo\assign_survey_point.py -> build\bdist.win-amd64\wheel\.\ifcopenshell\api\cogo
copying build\lib.win-amd64-cpython-312\ifcopenshell\api\cogo\bearing2dd.py -> build\bdist.win-amd64\wheel\.\ifcopenshell\api\cogo
copying build\lib.win-amd64-cpython-312\ifcopenshell\api\cogo\edit_survey_point.py -> build\bdist.win-amd64\wheel\.\ifcopenshell\api\cogo
copying build\lib.win-amd64-cpython-312\ifcopenshell\api\cogo\__init__.py -> build\bdist.win-amd64\wheel\.\ifcopenshell\api\cogo
creating build\bdist.win-amd64\wheel\ifcopenshell\api\constraint
copying build\lib.win-amd64-cpython-312\ifcopenshell\api\constraint\add_metric.py -> build\bdist.win-amd64\wheel\.\ifcopenshell\api\constraint
copying build\lib.win-amd64-cpython-312\ifcopenshell\api\constraint\add_metric_reference.py -> build\bdist.win-amd64\wheel\.\ifcopenshell\api\constraint
copying build\lib.win-amd64-cpython-312\ifcopenshell\api\constraint\add_objective.py -> build\bdist.win-amd64\wheel\.\ifcopenshell\api\constraint
copying build\lib.win-amd64-cpython-312\ifcopenshell\api\constraint\assign_constraint.py -> build\bdist.win-amd64\wheel\.\ifcopenshell\api\constraint
copying build\lib.win-amd64-cpython-312\ifcopenshell\api\constraint\edit_metric.py -> build\bdist.win-amd64\wheel\.\ifcopenshell\api\constraint
copying build\lib.win-amd64-cpython-312\ifcopenshell\api\constraint\edit_objective.py -> build\bdist.win-amd64\wheel\.\ifcopenshell\api\constraint
copying build\lib.win-amd64-cpython-312\ifcopenshell\api\constraint\remove_constraint.py -> build\bdist.win-amd64\wheel\.\ifcopenshell\api\constraint
copying build\lib.win-amd64-cpython-312\ifcopenshell\api\constraint\remove_metric.py -> build\bdist.win-amd64\wheel\.\ifcopenshell\api\constraint
copying build\lib.win-amd64-cpython-312\ifcopenshell\api\constraint\unassign_constraint.py -> build\bdist.win-amd64\wheel\.\ifcopenshell\api\constraint
copying build\lib.win-amd64-cpython-312\ifcopenshell\api\constraint\__init__.py -> build\bdist.win-amd64\wheel\.\ifcopenshell\api\constraint
creating build\bdist.win-amd64\wheel\ifcopenshell\api\context
copying build\lib.win-amd64-cpython-312\ifcopenshell\api\context\add_context.py -> build\bdist.win-amd64\wheel\.\ifcopenshell\api\context
copying build\lib.win-amd64-cpython-312\ifcopenshell\api\context\edit_context.py -> build\bdist.win-amd64\wheel\.\ifcopenshell\api\context
copying build\lib.win-amd64-cpython-312\ifcopenshell\api\context\remove_context.py -> build\bdist.win-amd64\wheel\.\ifcopenshell\api\context
copying build\lib.win-amd64-cpython-312\ifcopenshell\api\context\__init__.py -> build\bdist.win-amd64\wheel\.\ifcopenshell\api\context
creating build\bdist.win-amd64\wheel\ifcopenshell\api\control
copying build\lib.win-amd64-cpython-312\ifcopenshell\api\control\assign_control.py -> build\bdist.win-amd64\wheel\.\ifcopenshell\api\control
copying build\lib.win-amd64-cpython-312\ifcopenshell\api\control\unassign_control.py -> build\bdist.win-amd64\wheel\.\ifcopenshell\api\control
copying build\lib.win-amd64-cpython-312\ifcopenshell\api\control\__init__.py -> build\bdist.win-amd64\wheel\.\ifcopenshell\api\control
creating build\bdist.win-amd64\wheel\ifcopenshell\api\cost
copying build\lib.win-amd64-cpython-312\ifcopenshell\api\cost\add_cost_item.py -> build\bdist.win-amd64\wheel\.\ifcopenshell\api\cost
copying build\lib.win-amd64-cpython-312\ifcopenshell\api\cost\add_cost_item_quantity.py -> build\bdist.win-amd64\wheel\.\ifcopenshell\api\cost
copying build\lib.win-amd64-cpython-312\ifcopenshell\api\cost\add_cost_schedule.py -> build\bdist.win-amd64\wheel\.\ifcopenshell\api\cost
copying build\lib.win-amd64-cpython-312\ifcopenshell\api\cost\add_cost_value.py -> build\bdist.win-amd64\wheel\.\ifcopenshell\api\cost
copying build\lib.win-amd64-cpython-312\ifcopenshell\api\cost\assign_cost_item_quantity.py -> build\bdist.win-amd64\wheel\.\ifcopenshell\api\cost
copying build\lib.win-amd64-cpython-312\ifcopenshell\api\cost\assign_cost_value.py -> build\bdist.win-amd64\wheel\.\ifcopenshell\api\cost
copying build\lib.win-amd64-cpython-312\ifcopenshell\api\cost\calculate_cost_item_resource_value.py -> build\bdist.win-amd64\wheel\.\ifcopenshell\api\cost
copying build\lib.win-amd64-cpython-312\ifcopenshell\api\cost\copy_cost_item.py -> build\bdist.win-amd64\wheel\.\ifcopenshell\api\cost
copying build\lib.win-amd64-cpython-312\ifcopenshell\api\cost\copy_cost_item_values.py -> build\bdist.win-amd64\wheel\.\ifcopenshell\api\cost
copying build\lib.win-amd64-cpython-312\ifcopenshell\api\cost\copy_cost_schedule.py -> build\bdist.win-amd64\wheel\.\ifcopenshell\api\cost
copying build\lib.win-amd64-cpython-312\ifcopenshell\api\cost\edit_cost_item.py -> build\bdist.win-amd64\wheel\.\ifcopenshell\api\cost
copying build\lib.win-amd64-cpython-312\ifcopenshell\api\cost\edit_cost_item_quantity.py -> build\bdist.win-amd64\wheel\.\ifcopenshell\api\cost
copying build\lib.win-amd64-cpython-312\ifcopenshell\api\cost\edit_cost_schedule.py -> build\bdist.win-amd64\wheel\.\ifcopenshell\api\cost
copying build\lib.win-amd64-cpython-312\ifcopenshell\api\cost\edit_cost_value.py -> build\bdist.win-amd64\wheel\.\ifcopenshell\api\cost
copying build\lib.win-amd64-cpython-312\ifcopenshell\api\cost\edit_cost_value_formula.py -> build\bdist.win-amd64\wheel\.\ifcopenshell\api\cost
copying build\lib.win-amd64-cpython-312\ifcopenshell\api\cost\remove_cost_item.py -> build\bdist.win-amd64\wheel\.\ifcopenshell\api\cost
copying build\lib.win-amd64-cpython-312\ifcopenshell\api\cost\remove_cost_item_quantity.py -> build\bdist.win-amd64\wheel\.\ifcopenshell\api\cost
copying build\lib.win-amd64-cpython-312\ifcopenshell\api\cost\remove_cost_schedule.py -> build\bdist.win-amd64\wheel\.\ifcopenshell\api\cost
copying build\lib.win-amd64-cpython-312\ifcopenshell\api\cost\remove_cost_value.py -> build\bdist.win-amd64\wheel\.\ifcopenshell\api\cost
copying build\lib.win-amd64-cpython-312\ifcopenshell\api\cost\unassign_cost_item_quantity.py -> build\bdist.win-amd64\wheel\.\ifcopenshell\api\cost
copying build\lib.win-amd64-cpython-312\ifcopenshell\api\cost\__init__.py -> build\bdist.win-amd64\wheel\.\ifcopenshell\api\cost
creating build\bdist.win-amd64\wheel\ifcopenshell\api\document
copying build\lib.win-amd64-cpython-312\ifcopenshell\api\document\add_information.py -> build\bdist.win-amd64\wheel\.\ifcopenshell\api\document
copying build\lib.win-amd64-cpython-312\ifcopenshell\api\document\add_reference.py -> build\bdist.win-amd64\wheel\.\ifcopenshell\api\document
copying build\lib.win-amd64-cpython-312\ifcopenshell\api\document\assign_document.py -> build\bdist.win-amd64\wheel\.\ifcopenshell\api\document
copying build\lib.win-amd64-cpython-312\ifcopenshell\api\document\edit_information.py -> build\bdist.win-amd64\wheel\.\ifcopenshell\api\document
copying build\lib.win-amd64-cpython-312\ifcopenshell\api\document\edit_reference.py -> build\bdist.win-amd64\wheel\.\ifcopenshell\api\document
copying build\lib.win-amd64-cpython-312\ifcopenshell\api\document\remove_information.py -> build\bdist.win-amd64\wheel\.\ifcopenshell\api\document
copying build\lib.win-amd64-cpython-312\ifcopenshell\api\document\remove_reference.py -> build\bdist.win-amd64\wheel\.\ifcopenshell\api\document
copying build\lib.win-amd64-cpython-312\ifcopenshell\api\document\unassign_document.py -> build\bdist.win-amd64\wheel\.\ifcopenshell\api\document
copying build\lib.win-amd64-cpython-312\ifcopenshell\api\document\__init__.py -> build\bdist.win-amd64\wheel\.\ifcopenshell\api\document
creating build\bdist.win-amd64\wheel\ifcopenshell\api\drawing
copying build\lib.win-amd64-cpython-312\ifcopenshell\api\drawing\assign_product.py -> build\bdist.win-amd64\wheel\.\ifcopenshell\api\drawing
copying build\lib.win-amd64-cpython-312\ifcopenshell\api\drawing\edit_text_literal.py -> build\bdist.win-amd64\wheel\.\ifcopenshell\api\drawing
copying build\lib.win-amd64-cpython-312\ifcopenshell\api\drawing\unassign_product.py -> build\bdist.win-amd64\wheel\.\ifcopenshell\api\drawing
copying build\lib.win-amd64-cpython-312\ifcopenshell\api\drawing\__init__.py -> build\bdist.win-amd64\wheel\.\ifcopenshell\api\drawing
creating build\bdist.win-amd64\wheel\ifcopenshell\api\feature
copying build\lib.win-amd64-cpython-312\ifcopenshell\api\feature\add_feature.py -> build\bdist.win-amd64\wheel\.\ifcopenshell\api\feature
copying build\lib.win-amd64-cpython-312\ifcopenshell\api\feature\add_filling.py -> build\bdist.win-amd64\wheel\.\ifcopenshell\api\feature
copying build\lib.win-amd64-cpython-312\ifcopenshell\api\feature\remove_feature.py -> build\bdist.win-amd64\wheel\.\ifcopenshell\api\feature
copying build\lib.win-amd64-cpython-312\ifcopenshell\api\feature\remove_filling.py -> build\bdist.win-amd64\wheel\.\ifcopenshell\api\feature
copying build\lib.win-amd64-cpython-312\ifcopenshell\api\feature\__init__.py -> build\bdist.win-amd64\wheel\.\ifcopenshell\api\feature
creating build\bdist.win-amd64\wheel\ifcopenshell\api\geometry
copying build\lib.win-amd64-cpython-312\ifcopenshell\api\geometry\add_axis_representation.py -> build\bdist.win-amd64\wheel\.\ifcopenshell\api\geometry
copying build\lib.win-amd64-cpython-312\ifcopenshell\api\geometry\add_boolean.py -> build\bdist.win-amd64\wheel\.\ifcopenshell\api\geometry
copying build\lib.win-amd64-cpython-312\ifcopenshell\api\geometry\add_door_representation.py -> build\bdist.win-amd64\wheel\.\ifcopenshell\api\geometry
copying build\lib.win-amd64-cpython-312\ifcopenshell\api\geometry\add_footprint_representation.py -> build\bdist.win-amd64\wheel\.\ifcopenshell\api\geometry
copying build\lib.win-amd64-cpython-312\ifcopenshell\api\geometry\add_mesh_representation.py -> build\bdist.win-amd64\wheel\.\ifcopenshell\api\geometry
copying build\lib.win-amd64-cpython-312\ifcopenshell\api\geometry\add_profile_representation.py -> build\bdist.win-amd64\wheel\.\ifcopenshell\api\geometry
copying build\lib.win-amd64-cpython-312\ifcopenshell\api\geometry\add_railing_representation.py -> build\bdist.win-amd64\wheel\.\ifcopenshell\api\geometry
copying build\lib.win-amd64-cpython-312\ifcopenshell\api\geometry\add_representation.py -> build\bdist.win-amd64\wheel\.\ifcopenshell\api\geometry
copying build\lib.win-amd64-cpython-312\ifcopenshell\api\geometry\add_shape_aspect.py -> build\bdist.win-amd64\wheel\.\ifcopenshell\api\geometry
copying build\lib.win-amd64-cpython-312\ifcopenshell\api\geometry\add_slab_representation.py -> build\bdist.win-amd64\wheel\.\ifcopenshell\api\geometry
copying build\lib.win-amd64-cpython-312\ifcopenshell\api\geometry\add_wall_representation.py -> build\bdist.win-amd64\wheel\.\ifcopenshell\api\geometry
copying build\lib.win-amd64-cpython-312\ifcopenshell\api\geometry\add_window_representation.py -> build\bdist.win-amd64\wheel\.\ifcopenshell\api\geometry
copying build\lib.win-amd64-cpython-312\ifcopenshell\api\geometry\assign_representation.py -> build\bdist.win-amd64\wheel\.\ifcopenshell\api\geometry
copying build\lib.win-amd64-cpython-312\ifcopenshell\api\geometry\connect_element.py -> build\bdist.win-amd64\wheel\.\ifcopenshell\api\geometry
copying build\lib.win-amd64-cpython-312\ifcopenshell\api\geometry\connect_path.py -> build\bdist.win-amd64\wheel\.\ifcopenshell\api\geometry
copying build\lib.win-amd64-cpython-312\ifcopenshell\api\geometry\connect_wall.py -> build\bdist.win-amd64\wheel\.\ifcopenshell\api\geometry
copying build\lib.win-amd64-cpython-312\ifcopenshell\api\geometry\create_2pt_wall.py -> build\bdist.win-amd64\wheel\.\ifcopenshell\api\geometry
copying build\lib.win-amd64-cpython-312\ifcopenshell\api\geometry\disconnect_element.py -> build\bdist.win-amd64\wheel\.\ifcopenshell\api\geometry
copying build\lib.win-amd64-cpython-312\ifcopenshell\api\geometry\disconnect_path.py -> build\bdist.win-amd64\wheel\.\ifcopenshell\api\geometry
copying build\lib.win-amd64-cpython-312\ifcopenshell\api\geometry\edit_object_placement.py -> build\bdist.win-amd64\wheel\.\ifcopenshell\api\geometry
copying build\lib.win-amd64-cpython-312\ifcopenshell\api\geometry\map_representation.py -> build\bdist.win-amd64\wheel\.\ifcopenshell\api\geometry
copying build\lib.win-amd64-cpython-312\ifcopenshell\api\geometry\regenerate_wall_representation.py -> build\bdist.win-amd64\wheel\.\ifcopenshell\api\geometry
copying build\lib.win-amd64-cpython-312\ifcopenshell\api\geometry\remove_boolean.py -> build\bdist.win-amd64\wheel\.\ifcopenshell\api\geometry
copying build\lib.win-amd64-cpython-312\ifcopenshell\api\geometry\remove_representation.py -> build\bdist.win-amd64\wheel\.\ifcopenshell\api\geometry
copying build\lib.win-amd64-cpython-312\ifcopenshell\api\geometry\unassign_representation.py -> build\bdist.win-amd64\wheel\.\ifcopenshell\api\geometry
copying build\lib.win-amd64-cpython-312\ifcopenshell\api\geometry\validate_type.py -> build\bdist.win-amd64\wheel\.\ifcopenshell\api\geometry
copying build\lib.win-amd64-cpython-312\ifcopenshell\api\geometry\__init__.py -> build\bdist.win-amd64\wheel\.\ifcopenshell\api\geometry
creating build\bdist.win-amd64\wheel\ifcopenshell\api\georeference
copying build\lib.win-amd64-cpython-312\ifcopenshell\api\georeference\add_georeferencing.py -> build\bdist.win-amd64\wheel\.\ifcopenshell\api\georeference
copying build\lib.win-amd64-cpython-312\ifcopenshell\api\georeference\edit_georeferencing.py -> build\bdist.win-amd64\wheel\.\ifcopenshell\api\georeference
copying build\lib.win-amd64-cpython-312\ifcopenshell\api\georeference\edit_true_north.py -> build\bdist.win-amd64\wheel\.\ifcopenshell\api\georeference
copying build\lib.win-amd64-cpython-312\ifcopenshell\api\georeference\edit_wcs.py -> build\bdist.win-amd64\wheel\.\ifcopenshell\api\georeference
copying build\lib.win-amd64-cpython-312\ifcopenshell\api\georeference\remove_georeferencing.py -> build\bdist.win-amd64\wheel\.\ifcopenshell\api\georeference
copying build\lib.win-amd64-cpython-312\ifcopenshell\api\georeference\__init__.py -> build\bdist.win-amd64\wheel\.\ifcopenshell\api\georeference
creating build\bdist.win-amd64\wheel\ifcopenshell\api\grid
copying build\lib.win-amd64-cpython-312\ifcopenshell\api\grid\create_axis_curve.py -> build\bdist.win-amd64\wheel\.\ifcopenshell\api\grid
copying build\lib.win-amd64-cpython-312\ifcopenshell\api\grid\create_grid_axis.py -> build\bdist.win-amd64\wheel\.\ifcopenshell\api\grid
copying build\lib.win-amd64-cpython-312\ifcopenshell\api\grid\remove_grid_axis.py -> build\bdist.win-amd64\wheel\.\ifcopenshell\api\grid
copying build\lib.win-amd64-cpython-312\ifcopenshell\api\grid\__init__.py -> build\bdist.win-amd64\wheel\.\ifcopenshell\api\grid
creating build\bdist.win-amd64\wheel\ifcopenshell\api\group
copying build\lib.win-amd64-cpython-312\ifcopenshell\api\group\add_group.py -> build\bdist.win-amd64\wheel\.\ifcopenshell\api\group
copying build\lib.win-amd64-cpython-312\ifcopenshell\api\group\assign_group.py -> build\bdist.win-amd64\wheel\.\ifcopenshell\api\group
copying build\lib.win-amd64-cpython-312\ifcopenshell\api\group\edit_group.py -> build\bdist.win-amd64\wheel\.\ifcopenshell\api\group
copying build\lib.win-amd64-cpython-312\ifcopenshell\api\group\remove_group.py -> build\bdist.win-amd64\wheel\.\ifcopenshell\api\group
copying build\lib.win-amd64-cpython-312\ifcopenshell\api\group\unassign_group.py -> build\bdist.win-amd64\wheel\.\ifcopenshell\api\group
copying build\lib.win-amd64-cpython-312\ifcopenshell\api\group\update_group_products.py -> build\bdist.win-amd64\wheel\.\ifcopenshell\api\group
copying build\lib.win-amd64-cpython-312\ifcopenshell\api\group\__init__.py -> build\bdist.win-amd64\wheel\.\ifcopenshell\api\group
creating build\bdist.win-amd64\wheel\ifcopenshell\api\layer
copying build\lib.win-amd64-cpython-312\ifcopenshell\api\layer\add_layer.py -> build\bdist.win-amd64\wheel\.\ifcopenshell\api\layer
copying build\lib.win-amd64-cpython-312\ifcopenshell\api\layer\add_layer_with_style.py -> build\bdist.win-amd64\wheel\.\ifcopenshell\api\layer
copying build\lib.win-amd64-cpython-312\ifcopenshell\api\layer\assign_layer.py -> build\bdist.win-amd64\wheel\.\ifcopenshell\api\layer
copying build\lib.win-amd64-cpython-312\ifcopenshell\api\layer\edit_layer.py -> build\bdist.win-amd64\wheel\.\ifcopenshell\api\layer
copying build\lib.win-amd64-cpython-312\ifcopenshell\api\layer\remove_layer.py -> build\bdist.win-amd64\wheel\.\ifcopenshell\api\layer
copying build\lib.win-amd64-cpython-312\ifcopenshell\api\layer\unassign_layer.py -> build\bdist.win-amd64\wheel\.\ifcopenshell\api\layer
copying build\lib.win-amd64-cpython-312\ifcopenshell\api\layer\__init__.py -> build\bdist.win-amd64\wheel\.\ifcopenshell\api\layer
creating build\bdist.win-amd64\wheel\ifcopenshell\api\library
copying build\lib.win-amd64-cpython-312\ifcopenshell\api\library\add_library.py -> build\bdist.win-amd64\wheel\.\ifcopenshell\api\library
copying build\lib.win-amd64-cpython-312\ifcopenshell\api\library\add_reference.py -> build\bdist.win-amd64\wheel\.\ifcopenshell\api\library
copying build\lib.win-amd64-cpython-312\ifcopenshell\api\library\assign_reference.py -> build\bdist.win-amd64\wheel\.\ifcopenshell\api\library
copying build\lib.win-amd64-cpython-312\ifcopenshell\api\library\edit_library.py -> build\bdist.win-amd64\wheel\.\ifcopenshell\api\library
copying build\lib.win-amd64-cpython-312\ifcopenshell\api\library\edit_reference.py -> build\bdist.win-amd64\wheel\.\ifcopenshell\api\library
copying build\lib.win-amd64-cpython-312\ifcopenshell\api\library\remove_library.py -> build\bdist.win-amd64\wheel\.\ifcopenshell\api\library
copying build\lib.win-amd64-cpython-312\ifcopenshell\api\library\remove_reference.py -> build\bdist.win-amd64\wheel\.\ifcopenshell\api\library
copying build\lib.win-amd64-cpython-312\ifcopenshell\api\library\unassign_reference.py -> build\bdist.win-amd64\wheel\.\ifcopenshell\api\library
copying build\lib.win-amd64-cpython-312\ifcopenshell\api\library\__init__.py -> build\bdist.win-amd64\wheel\.\ifcopenshell\api\library
creating build\bdist.win-amd64\wheel\ifcopenshell\api\material
copying build\lib.win-amd64-cpython-312\ifcopenshell\api\material\add_constituent.py -> build\bdist.win-amd64\wheel\.\ifcopenshell\api\material
copying build\lib.win-amd64-cpython-312\ifcopenshell\api\material\add_layer.py -> build\bdist.win-amd64\wheel\.\ifcopenshell\api\material
copying build\lib.win-amd64-cpython-312\ifcopenshell\api\material\add_list_item.py -> build\bdist.win-amd64\wheel\.\ifcopenshell\api\material
copying build\lib.win-amd64-cpython-312\ifcopenshell\api\material\add_material.py -> build\bdist.win-amd64\wheel\.\ifcopenshell\api\material
copying build\lib.win-amd64-cpython-312\ifcopenshell\api\material\add_material_set.py -> build\bdist.win-amd64\wheel\.\ifcopenshell\api\material
copying build\lib.win-amd64-cpython-312\ifcopenshell\api\material\add_profile.py -> build\bdist.win-amd64\wheel\.\ifcopenshell\api\material
copying build\lib.win-amd64-cpython-312\ifcopenshell\api\material\assign_material.py -> build\bdist.win-amd64\wheel\.\ifcopenshell\api\material
copying build\lib.win-amd64-cpython-312\ifcopenshell\api\material\assign_profile.py -> build\bdist.win-amd64\wheel\.\ifcopenshell\api\material
copying build\lib.win-amd64-cpython-312\ifcopenshell\api\material\copy_material.py -> build\bdist.win-amd64\wheel\.\ifcopenshell\api\material
copying build\lib.win-amd64-cpython-312\ifcopenshell\api\material\edit_assigned_material.py -> build\bdist.win-amd64\wheel\.\ifcopenshell\api\material
copying build\lib.win-amd64-cpython-312\ifcopenshell\api\material\edit_constituent.py -> build\bdist.win-amd64\wheel\.\ifcopenshell\api\material
copying build\lib.win-amd64-cpython-312\ifcopenshell\api\material\edit_layer.py -> build\bdist.win-amd64\wheel\.\ifcopenshell\api\material
copying build\lib.win-amd64-cpython-312\ifcopenshell\api\material\edit_layer_usage.py -> build\bdist.win-amd64\wheel\.\ifcopenshell\api\material
copying build\lib.win-amd64-cpython-312\ifcopenshell\api\material\edit_material.py -> build\bdist.win-amd64\wheel\.\ifcopenshell\api\material
copying build\lib.win-amd64-cpython-312\ifcopenshell\api\material\edit_profile.py -> build\bdist.win-amd64\wheel\.\ifcopenshell\api\material
copying build\lib.win-amd64-cpython-312\ifcopenshell\api\material\edit_profile_usage.py -> build\bdist.win-amd64\wheel\.\ifcopenshell\api\material
copying build\lib.win-amd64-cpython-312\ifcopenshell\api\material\remove_constituent.py -> build\bdist.win-amd64\wheel\.\ifcopenshell\api\material
copying build\lib.win-amd64-cpython-312\ifcopenshell\api\material\remove_layer.py -> build\bdist.win-amd64\wheel\.\ifcopenshell\api\material
copying build\lib.win-amd64-cpython-312\ifcopenshell\api\material\remove_list_item.py -> build\bdist.win-amd64\wheel\.\ifcopenshell\api\material
copying build\lib.win-amd64-cpython-312\ifcopenshell\api\material\remove_material.py -> build\bdist.win-amd64\wheel\.\ifcopenshell\api\material
copying build\lib.win-amd64-cpython-312\ifcopenshell\api\material\remove_material_set.py -> build\bdist.win-amd64\wheel\.\ifcopenshell\api\material
copying build\lib.win-amd64-cpython-312\ifcopenshell\api\material\remove_profile.py -> build\bdist.win-amd64\wheel\.\ifcopenshell\api\material
copying build\lib.win-amd64-cpython-312\ifcopenshell\api\material\reorder_set_item.py -> build\bdist.win-amd64\wheel\.\ifcopenshell\api\material
copying build\lib.win-amd64-cpython-312\ifcopenshell\api\material\set_shape_aspect_constituents.py -> build\bdist.win-amd64\wheel\.\ifcopenshell\api\material
copying build\lib.win-amd64-cpython-312\ifcopenshell\api\material\unassign_material.py -> build\bdist.win-amd64\wheel\.\ifcopenshell\api\material
copying build\lib.win-amd64-cpython-312\ifcopenshell\api\material\__init__.py -> build\bdist.win-amd64\wheel\.\ifcopenshell\api\material
creating build\bdist.win-amd64\wheel\ifcopenshell\api\nest
copying build\lib.win-amd64-cpython-312\ifcopenshell\api\nest\assign_object.py -> build\bdist.win-amd64\wheel\.\ifcopenshell\api\nest
copying build\lib.win-amd64-cpython-312\ifcopenshell\api\nest\change_nest.py -> build\bdist.win-amd64\wheel\.\ifcopenshell\api\nest
copying build\lib.win-amd64-cpython-312\ifcopenshell\api\nest\reorder_nesting.py -> build\bdist.win-amd64\wheel\.\ifcopenshell\api\nest
copying build\lib.win-amd64-cpython-312\ifcopenshell\api\nest\unassign_object.py -> build\bdist.win-amd64\wheel\.\ifcopenshell\api\nest
copying build\lib.win-amd64-cpython-312\ifcopenshell\api\nest\__init__.py -> build\bdist.win-amd64\wheel\.\ifcopenshell\api\nest
creating build\bdist.win-amd64\wheel\ifcopenshell\api\owner
copying build\lib.win-amd64-cpython-312\ifcopenshell\api\owner\add_actor.py -> build\bdist.win-amd64\wheel\.\ifcopenshell\api\owner
copying build\lib.win-amd64-cpython-312\ifcopenshell\api\owner\add_address.py -> build\bdist.win-amd64\wheel\.\ifcopenshell\api\owner
copying build\lib.win-amd64-cpython-312\ifcopenshell\api\owner\add_application.py -> build\bdist.win-amd64\wheel\.\ifcopenshell\api\owner
copying build\lib.win-amd64-cpython-312\ifcopenshell\api\owner\add_organisation.py -> build\bdist.win-amd64\wheel\.\ifcopenshell\api\owner
copying build\lib.win-amd64-cpython-312\ifcopenshell\api\owner\add_person.py -> build\bdist.win-amd64\wheel\.\ifcopenshell\api\owner
copying build\lib.win-amd64-cpython-312\ifcopenshell\api\owner\add_person_and_organisation.py -> build\bdist.win-amd64\wheel\.\ifcopenshell\api\owner
copying build\lib.win-amd64-cpython-312\ifcopenshell\api\owner\add_role.py -> build\bdist.win-amd64\wheel\.\ifcopenshell\api\owner
copying build\lib.win-amd64-cpython-312\ifcopenshell\api\owner\assign_actor.py -> build\bdist.win-amd64\wheel\.\ifcopenshell\api\owner
copying build\lib.win-amd64-cpython-312\ifcopenshell\api\owner\create_owner_history.py -> build\bdist.win-amd64\wheel\.\ifcopenshell\api\owner
copying build\lib.win-amd64-cpython-312\ifcopenshell\api\owner\edit_actor.py -> build\bdist.win-amd64\wheel\.\ifcopenshell\api\owner
copying build\lib.win-amd64-cpython-312\ifcopenshell\api\owner\edit_address.py -> build\bdist.win-amd64\wheel\.\ifcopenshell\api\owner
copying build\lib.win-amd64-cpython-312\ifcopenshell\api\owner\edit_application.py -> build\bdist.win-amd64\wheel\.\ifcopenshell\api\owner
copying build\lib.win-amd64-cpython-312\ifcopenshell\api\owner\edit_organisation.py -> build\bdist.win-amd64\wheel\.\ifcopenshell\api\owner
copying build\lib.win-amd64-cpython-312\ifcopenshell\api\owner\edit_person.py -> build\bdist.win-amd64\wheel\.\ifcopenshell\api\owner
copying build\lib.win-amd64-cpython-312\ifcopenshell\api\owner\edit_role.py -> build\bdist.win-amd64\wheel\.\ifcopenshell\api\owner
copying build\lib.win-amd64-cpython-312\ifcopenshell\api\owner\remove_actor.py -> build\bdist.win-amd64\wheel\.\ifcopenshell\api\owner
copying build\lib.win-amd64-cpython-312\ifcopenshell\api\owner\remove_address.py -> build\bdist.win-amd64\wheel\.\ifcopenshell\api\owner
copying build\lib.win-amd64-cpython-312\ifcopenshell\api\owner\remove_application.py -> build\bdist.win-amd64\wheel\.\ifcopenshell\api\owner
copying build\lib.win-amd64-cpython-312\ifcopenshell\api\owner\remove_organisation.py -> build\bdist.win-amd64\wheel\.\ifcopenshell\api\owner
copying build\lib.win-amd64-cpython-312\ifcopenshell\api\owner\remove_person.py -> build\bdist.win-amd64\wheel\.\ifcopenshell\api\owner
copying build\lib.win-amd64-cpython-312\ifcopenshell\api\owner\remove_person_and_organisation.py -> build\bdist.win-amd64\wheel\.\ifcopenshell\api\owner
copying build\lib.win-amd64-cpython-312\ifcopenshell\api\owner\remove_role.py -> build\bdist.win-amd64\wheel\.\ifcopenshell\api\owner
copying build\lib.win-amd64-cpython-312\ifcopenshell\api\owner\settings.py -> build\bdist.win-amd64\wheel\.\ifcopenshell\api\owner
copying build\lib.win-amd64-cpython-312\ifcopenshell\api\owner\unassign_actor.py -> build\bdist.win-amd64\wheel\.\ifcopenshell\api\owner
copying build\lib.win-amd64-cpython-312\ifcopenshell\api\owner\update_owner_history.py -> build\bdist.win-amd64\wheel\.\ifcopenshell\api\owner
copying build\lib.win-amd64-cpython-312\ifcopenshell\api\owner\__init__.py -> build\bdist.win-amd64\wheel\.\ifcopenshell\api\owner
creating build\bdist.win-amd64\wheel\ifcopenshell\api\profile
copying build\lib.win-amd64-cpython-312\ifcopenshell\api\profile\add_arbitrary_profile.py -> build\bdist.win-amd64\wheel\.\ifcopenshell\api\profile
copying build\lib.win-amd64-cpython-312\ifcopenshell\api\profile\add_arbitrary_profile_with_voids.py -> build\bdist.win-amd64\wheel\.\ifcopenshell\api\profile
copying build\lib.win-amd64-cpython-312\ifcopenshell\api\profile\add_parameterized_profile.py -> build\bdist.win-amd64\wheel\.\ifcopenshell\api\profile
copying build\lib.win-amd64-cpython-312\ifcopenshell\api\profile\copy_profile.py -> build\bdist.win-amd64\wheel\.\ifcopenshell\api\profile
copying build\lib.win-amd64-cpython-312\ifcopenshell\api\profile\edit_profile.py -> build\bdist.win-amd64\wheel\.\ifcopenshell\api\profile
copying build\lib.win-amd64-cpython-312\ifcopenshell\api\profile\remove_profile.py -> build\bdist.win-amd64\wheel\.\ifcopenshell\api\profile
copying build\lib.win-amd64-cpython-312\ifcopenshell\api\profile\__init__.py -> build\bdist.win-amd64\wheel\.\ifcopenshell\api\profile
creating build\bdist.win-amd64\wheel\ifcopenshell\api\project
copying build\lib.win-amd64-cpython-312\ifcopenshell\api\project\append_asset.py -> build\bdist.win-amd64\wheel\.\ifcopenshell\api\project
copying build\lib.win-amd64-cpython-312\ifcopenshell\api\project\assign_declaration.py -> build\bdist.win-amd64\wheel\.\ifcopenshell\api\project
copying build\lib.win-amd64-cpython-312\ifcopenshell\api\project\create_file.py -> build\bdist.win-amd64\wheel\.\ifcopenshell\api\project
copying build\lib.win-amd64-cpython-312\ifcopenshell\api\project\unassign_declaration.py -> build\bdist.win-amd64\wheel\.\ifcopenshell\api\project
copying build\lib.win-amd64-cpython-312\ifcopenshell\api\project\__init__.py -> build\bdist.win-amd64\wheel\.\ifcopenshell\api\project
creating build\bdist.win-amd64\wheel\ifcopenshell\api\pset
copying build\lib.win-amd64-cpython-312\ifcopenshell\api\pset\add_pset.py -> build\bdist.win-amd64\wheel\.\ifcopenshell\api\pset
copying build\lib.win-amd64-cpython-312\ifcopenshell\api\pset\add_qto.py -> build\bdist.win-amd64\wheel\.\ifcopenshell\api\pset
copying build\lib.win-amd64-cpython-312\ifcopenshell\api\pset\assign_pset.py -> build\bdist.win-amd64\wheel\.\ifcopenshell\api\pset
copying build\lib.win-amd64-cpython-312\ifcopenshell\api\pset\edit_pset.py -> build\bdist.win-amd64\wheel\.\ifcopenshell\api\pset
copying build\lib.win-amd64-cpython-312\ifcopenshell\api\pset\edit_qto.py -> build\bdist.win-amd64\wheel\.\ifcopenshell\api\pset
copying build\lib.win-amd64-cpython-312\ifcopenshell\api\pset\remove_pset.py -> build\bdist.win-amd64\wheel\.\ifcopenshell\api\pset
copying build\lib.win-amd64-cpython-312\ifcopenshell\api\pset\unassign_pset.py -> build\bdist.win-amd64\wheel\.\ifcopenshell\api\pset
copying build\lib.win-amd64-cpython-312\ifcopenshell\api\pset\unshare_pset.py -> build\bdist.win-amd64\wheel\.\ifcopenshell\api\pset
copying build\lib.win-amd64-cpython-312\ifcopenshell\api\pset\__init__.py -> build\bdist.win-amd64\wheel\.\ifcopenshell\api\pset
creating build\bdist.win-amd64\wheel\ifcopenshell\api\pset_template
copying build\lib.win-amd64-cpython-312\ifcopenshell\api\pset_template\add_prop_template.py -> build\bdist.win-amd64\wheel\.\ifcopenshell\api\pset_template
copying build\lib.win-amd64-cpython-312\ifcopenshell\api\pset_template\add_pset_template.py -> build\bdist.win-amd64\wheel\.\ifcopenshell\api\pset_template
copying build\lib.win-amd64-cpython-312\ifcopenshell\api\pset_template\edit_prop_template.py -> build\bdist.win-amd64\wheel\.\ifcopenshell\api\pset_template
copying build\lib.win-amd64-cpython-312\ifcopenshell\api\pset_template\edit_pset_template.py -> build\bdist.win-amd64\wheel\.\ifcopenshell\api\pset_template
copying build\lib.win-amd64-cpython-312\ifcopenshell\api\pset_template\remove_prop_template.py -> build\bdist.win-amd64\wheel\.\ifcopenshell\api\pset_template
copying build\lib.win-amd64-cpython-312\ifcopenshell\api\pset_template\remove_pset_template.py -> build\bdist.win-amd64\wheel\.\ifcopenshell\api\pset_template
copying build\lib.win-amd64-cpython-312\ifcopenshell\api\pset_template\__init__.py -> build\bdist.win-amd64\wheel\.\ifcopenshell\api\pset_template
creating build\bdist.win-amd64\wheel\ifcopenshell\api\resource
copying build\lib.win-amd64-cpython-312\ifcopenshell\api\resource\add_resource.py -> build\bdist.win-amd64\wheel\.\ifcopenshell\api\resource
copying build\lib.win-amd64-cpython-312\ifcopenshell\api\resource\add_resource_quantity.py -> build\bdist.win-amd64\wheel\.\ifcopenshell\api\resource
copying build\lib.win-amd64-cpython-312\ifcopenshell\api\resource\add_resource_time.py -> build\bdist.win-amd64\wheel\.\ifcopenshell\api\resource
copying build\lib.win-amd64-cpython-312\ifcopenshell\api\resource\assign_resource.py -> build\bdist.win-amd64\wheel\.\ifcopenshell\api\resource
copying build\lib.win-amd64-cpython-312\ifcopenshell\api\resource\calculate_resource_usage.py -> build\bdist.win-amd64\wheel\.\ifcopenshell\api\resource
copying build\lib.win-amd64-cpython-312\ifcopenshell\api\resource\calculate_resource_work.py -> build\bdist.win-amd64\wheel\.\ifcopenshell\api\resource
copying build\lib.win-amd64-cpython-312\ifcopenshell\api\resource\edit_resource.py -> build\bdist.win-amd64\wheel\.\ifcopenshell\api\resource
copying build\lib.win-amd64-cpython-312\ifcopenshell\api\resource\edit_resource_quantity.py -> build\bdist.win-amd64\wheel\.\ifcopenshell\api\resource
copying build\lib.win-amd64-cpython-312\ifcopenshell\api\resource\edit_resource_time.py -> build\bdist.win-amd64\wheel\.\ifcopenshell\api\resource
copying build\lib.win-amd64-cpython-312\ifcopenshell\api\resource\remove_resource.py -> build\bdist.win-amd64\wheel\.\ifcopenshell\api\resource
copying build\lib.win-amd64-cpython-312\ifcopenshell\api\resource\remove_resource_quantity.py -> build\bdist.win-amd64\wheel\.\ifcopenshell\api\resource
copying build\lib.win-amd64-cpython-312\ifcopenshell\api\resource\unassign_resource.py -> build\bdist.win-amd64\wheel\.\ifcopenshell\api\resource
copying build\lib.win-amd64-cpython-312\ifcopenshell\api\resource\__init__.py -> build\bdist.win-amd64\wheel\.\ifcopenshell\api\resource
creating build\bdist.win-amd64\wheel\ifcopenshell\api\root
copying build\lib.win-amd64-cpython-312\ifcopenshell\api\root\copy_class.py -> build\bdist.win-amd64\wheel\.\ifcopenshell\api\root
copying build\lib.win-amd64-cpython-312\ifcopenshell\api\root\create_entity.py -> build\bdist.win-amd64\wheel\.\ifcopenshell\api\root
copying build\lib.win-amd64-cpython-312\ifcopenshell\api\root\reassign_class.py -> build\bdist.win-amd64\wheel\.\ifcopenshell\api\root
copying build\lib.win-amd64-cpython-312\ifcopenshell\api\root\remove_product.py -> build\bdist.win-amd64\wheel\.\ifcopenshell\api\root
copying build\lib.win-amd64-cpython-312\ifcopenshell\api\root\__init__.py -> build\bdist.win-amd64\wheel\.\ifcopenshell\api\root
creating build\bdist.win-amd64\wheel\ifcopenshell\api\sequence
copying build\lib.win-amd64-cpython-312\ifcopenshell\api\sequence\add_date_time.py -> build\bdist.win-amd64\wheel\.\ifcopenshell\api\sequence
copying build\lib.win-amd64-cpython-312\ifcopenshell\api\sequence\add_task.py -> build\bdist.win-amd64\wheel\.\ifcopenshell\api\sequence
copying build\lib.win-amd64-cpython-312\ifcopenshell\api\sequence\add_task_time.py -> build\bdist.win-amd64\wheel\.\ifcopenshell\api\sequence
copying build\lib.win-amd64-cpython-312\ifcopenshell\api\sequence\add_time_period.py -> build\bdist.win-amd64\wheel\.\ifcopenshell\api\sequence
copying build\lib.win-amd64-cpython-312\ifcopenshell\api\sequence\add_work_calendar.py -> build\bdist.win-amd64\wheel\.\ifcopenshell\api\sequence
copying build\lib.win-amd64-cpython-312\ifcopenshell\api\sequence\add_work_plan.py -> build\bdist.win-amd64\wheel\.\ifcopenshell\api\sequence
copying build\lib.win-amd64-cpython-312\ifcopenshell\api\sequence\add_work_schedule.py -> build\bdist.win-amd64\wheel\.\ifcopenshell\api\sequence
copying build\lib.win-amd64-cpython-312\ifcopenshell\api\sequence\add_work_time.py -> build\bdist.win-amd64\wheel\.\ifcopenshell\api\sequence
copying build\lib.win-amd64-cpython-312\ifcopenshell\api\sequence\assign_lag_time.py -> build\bdist.win-amd64\wheel\.\ifcopenshell\api\sequence
copying build\lib.win-amd64-cpython-312\ifcopenshell\api\sequence\assign_process.py -> build\bdist.win-amd64\wheel\.\ifcopenshell\api\sequence
copying build\lib.win-amd64-cpython-312\ifcopenshell\api\sequence\assign_product.py -> build\bdist.win-amd64\wheel\.\ifcopenshell\api\sequence
copying build\lib.win-amd64-cpython-312\ifcopenshell\api\sequence\assign_recurrence_pattern.py -> build\bdist.win-amd64\wheel\.\ifcopenshell\api\sequence
copying build\lib.win-amd64-cpython-312\ifcopenshell\api\sequence\assign_sequence.py -> build\bdist.win-amd64\wheel\.\ifcopenshell\api\sequence
copying build\lib.win-amd64-cpython-312\ifcopenshell\api\sequence\assign_work_plan.py -> build\bdist.win-amd64\wheel\.\ifcopenshell\api\sequence
copying build\lib.win-amd64-cpython-312\ifcopenshell\api\sequence\calculate_task_duration.py -> build\bdist.win-amd64\wheel\.\ifcopenshell\api\sequence
copying build\lib.win-amd64-cpython-312\ifcopenshell\api\sequence\cascade_schedule.py -> build\bdist.win-amd64\wheel\.\ifcopenshell\api\sequence
copying build\lib.win-amd64-cpython-312\ifcopenshell\api\sequence\copy_work_schedule.py -> build\bdist.win-amd64\wheel\.\ifcopenshell\api\sequence
copying build\lib.win-amd64-cpython-312\ifcopenshell\api\sequence\create_baseline.py -> build\bdist.win-amd64\wheel\.\ifcopenshell\api\sequence
copying build\lib.win-amd64-cpython-312\ifcopenshell\api\sequence\duplicate_task.py -> build\bdist.win-amd64\wheel\.\ifcopenshell\api\sequence
copying build\lib.win-amd64-cpython-312\ifcopenshell\api\sequence\edit_lag_time.py -> build\bdist.win-amd64\wheel\.\ifcopenshell\api\sequence
copying build\lib.win-amd64-cpython-312\ifcopenshell\api\sequence\edit_recurrence_pattern.py -> build\bdist.win-amd64\wheel\.\ifcopenshell\api\sequence
copying build\lib.win-amd64-cpython-312\ifcopenshell\api\sequence\edit_sequence.py -> build\bdist.win-amd64\wheel\.\ifcopenshell\api\sequence
copying build\lib.win-amd64-cpython-312\ifcopenshell\api\sequence\edit_task.py -> build\bdist.win-amd64\wheel\.\ifcopenshell\api\sequence
copying build\lib.win-amd64-cpython-312\ifcopenshell\api\sequence\edit_task_time.py -> build\bdist.win-amd64\wheel\.\ifcopenshell\api\sequence
copying build\lib.win-amd64-cpython-312\ifcopenshell\api\sequence\edit_work_calendar.py -> build\bdist.win-amd64\wheel\.\ifcopenshell\api\sequence
copying build\lib.win-amd64-cpython-312\ifcopenshell\api\sequence\edit_work_plan.py -> build\bdist.win-amd64\wheel\.\ifcopenshell\api\sequence
copying build\lib.win-amd64-cpython-312\ifcopenshell\api\sequence\edit_work_schedule.py -> build\bdist.win-amd64\wheel\.\ifcopenshell\api\sequence
copying build\lib.win-amd64-cpython-312\ifcopenshell\api\sequence\edit_work_time.py -> build\bdist.win-amd64\wheel\.\ifcopenshell\api\sequence
copying build\lib.win-amd64-cpython-312\ifcopenshell\api\sequence\recalculate_schedule.py -> build\bdist.win-amd64\wheel\.\ifcopenshell\api\sequence
copying build\lib.win-amd64-cpython-312\ifcopenshell\api\sequence\remove_task.py -> build\bdist.win-amd64\wheel\.\ifcopenshell\api\sequence
copying build\lib.win-amd64-cpython-312\ifcopenshell\api\sequence\remove_time_period.py -> build\bdist.win-amd64\wheel\.\ifcopenshell\api\sequence
copying build\lib.win-amd64-cpython-312\ifcopenshell\api\sequence\remove_work_calendar.py -> build\bdist.win-amd64\wheel\.\ifcopenshell\api\sequence
copying build\lib.win-amd64-cpython-312\ifcopenshell\api\sequence\remove_work_plan.py -> build\bdist.win-amd64\wheel\.\ifcopenshell\api\sequence
copying build\lib.win-amd64-cpython-312\ifcopenshell\api\sequence\remove_work_schedule.py -> build\bdist.win-amd64\wheel\.\ifcopenshell\api\sequence
copying build\lib.win-amd64-cpython-312\ifcopenshell\api\sequence\remove_work_time.py -> build\bdist.win-amd64\wheel\.\ifcopenshell\api\sequence
copying build\lib.win-amd64-cpython-312\ifcopenshell\api\sequence\unassign_lag_time.py -> build\bdist.win-amd64\wheel\.\ifcopenshell\api\sequence
copying build\lib.win-amd64-cpython-312\ifcopenshell\api\sequence\unassign_process.py -> build\bdist.win-amd64\wheel\.\ifcopenshell\api\sequence
copying build\lib.win-amd64-cpython-312\ifcopenshell\api\sequence\unassign_product.py -> build\bdist.win-amd64\wheel\.\ifcopenshell\api\sequence
copying build\lib.win-amd64-cpython-312\ifcopenshell\api\sequence\unassign_recurrence_pattern.py -> build\bdist.win-amd64\wheel\.\ifcopenshell\api\sequence
copying build\lib.win-amd64-cpython-312\ifcopenshell\api\sequence\unassign_sequence.py -> build\bdist.win-amd64\wheel\.\ifcopenshell\api\sequence
copying build\lib.win-amd64-cpython-312\ifcopenshell\api\sequence\__init__.py -> build\bdist.win-amd64\wheel\.\ifcopenshell\api\sequence
creating build\bdist.win-amd64\wheel\ifcopenshell\api\spatial
copying build\lib.win-amd64-cpython-312\ifcopenshell\api\spatial\assign_container.py -> build\bdist.win-amd64\wheel\.\ifcopenshell\api\spatial
copying build\lib.win-amd64-cpython-312\ifcopenshell\api\spatial\dereference_structure.py -> build\bdist.win-amd64\wheel\.\ifcopenshell\api\spatial
copying build\lib.win-amd64-cpython-312\ifcopenshell\api\spatial\reference_structure.py -> build\bdist.win-amd64\wheel\.\ifcopenshell\api\spatial
copying build\lib.win-amd64-cpython-312\ifcopenshell\api\spatial\unassign_container.py -> build\bdist.win-amd64\wheel\.\ifcopenshell\api\spatial
copying build\lib.win-amd64-cpython-312\ifcopenshell\api\spatial\__init__.py -> build\bdist.win-amd64\wheel\.\ifcopenshell\api\spatial
creating build\bdist.win-amd64\wheel\ifcopenshell\api\structural
copying build\lib.win-amd64-cpython-312\ifcopenshell\api\structural\add_structural_activity.py -> build\bdist.win-amd64\wheel\.\ifcopenshell\api\structural
copying build\lib.win-amd64-cpython-312\ifcopenshell\api\structural\add_structural_analysis_model.py -> build\bdist.win-amd64\wheel\.\ifcopenshell\api\structural
copying build\lib.win-amd64-cpython-312\ifcopenshell\api\structural\add_structural_boundary_condition.py -> build\bdist.win-amd64\wheel\.\ifcopenshell\api\structural
copying build\lib.win-amd64-cpython-312\ifcopenshell\api\structural\add_structural_load.py -> build\bdist.win-amd64\wheel\.\ifcopenshell\api\structural
copying build\lib.win-amd64-cpython-312\ifcopenshell\api\structural\add_structural_load_case.py -> build\bdist.win-amd64\wheel\.\ifcopenshell\api\structural
copying build\lib.win-amd64-cpython-312\ifcopenshell\api\structural\add_structural_load_group.py -> build\bdist.win-amd64\wheel\.\ifcopenshell\api\structural
copying build\lib.win-amd64-cpython-312\ifcopenshell\api\structural\add_structural_member_connection.py -> build\bdist.win-amd64\wheel\.\ifcopenshell\api\structural
copying build\lib.win-amd64-cpython-312\ifcopenshell\api\structural\assign_structural_analysis_model.py -> build\bdist.win-amd64\wheel\.\ifcopenshell\api\structural
copying build\lib.win-amd64-cpython-312\ifcopenshell\api\structural\edit_structural_analysis_model.py -> build\bdist.win-amd64\wheel\.\ifcopenshell\api\structural
copying build\lib.win-amd64-cpython-312\ifcopenshell\api\structural\edit_structural_boundary_condition.py -> build\bdist.win-amd64\wheel\.\ifcopenshell\api\structural
copying build\lib.win-amd64-cpython-312\ifcopenshell\api\structural\edit_structural_connection_cs.py -> build\bdist.win-amd64\wheel\.\ifcopenshell\api\structural
copying build\lib.win-amd64-cpython-312\ifcopenshell\api\structural\edit_structural_item_axis.py -> build\bdist.win-amd64\wheel\.\ifcopenshell\api\structural
copying build\lib.win-amd64-cpython-312\ifcopenshell\api\structural\edit_structural_load.py -> build\bdist.win-amd64\wheel\.\ifcopenshell\api\structural
copying build\lib.win-amd64-cpython-312\ifcopenshell\api\structural\edit_structural_load_case.py -> build\bdist.win-amd64\wheel\.\ifcopenshell\api\structural
copying build\lib.win-amd64-cpython-312\ifcopenshell\api\structural\remove_structural_analysis_model.py -> build\bdist.win-amd64\wheel\.\ifcopenshell\api\structural
copying build\lib.win-amd64-cpython-312\ifcopenshell\api\structural\remove_structural_boundary_condition.py -> build\bdist.win-amd64\wheel\.\ifcopenshell\api\structural
copying build\lib.win-amd64-cpython-312\ifcopenshell\api\structural\remove_structural_connection_condition.py -> build\bdist.win-amd64\wheel\.\ifcopenshell\api\structural
copying build\lib.win-amd64-cpython-312\ifcopenshell\api\structural\remove_structural_load.py -> build\bdist.win-amd64\wheel\.\ifcopenshell\api\structural
copying build\lib.win-amd64-cpython-312\ifcopenshell\api\structural\remove_structural_load_case.py -> build\bdist.win-amd64\wheel\.\ifcopenshell\api\structural
copying build\lib.win-amd64-cpython-312\ifcopenshell\api\structural\remove_structural_load_group.py -> build\bdist.win-amd64\wheel\.\ifcopenshell\api\structural
copying build\lib.win-amd64-cpython-312\ifcopenshell\api\structural\unassign_structural_analysis_model.py -> build\bdist.win-amd64\wheel\.\ifcopenshell\api\structural
copying build\lib.win-amd64-cpython-312\ifcopenshell\api\structural\__init__.py -> build\bdist.win-amd64\wheel\.\ifcopenshell\api\structural
creating build\bdist.win-amd64\wheel\ifcopenshell\api\style
copying build\lib.win-amd64-cpython-312\ifcopenshell\api\style\add_style.py -> build\bdist.win-amd64\wheel\.\ifcopenshell\api\style
copying build\lib.win-amd64-cpython-312\ifcopenshell\api\style\add_surface_style.py -> build\bdist.win-amd64\wheel\.\ifcopenshell\api\style
copying build\lib.win-amd64-cpython-312\ifcopenshell\api\style\add_surface_textures.py -> build\bdist.win-amd64\wheel\.\ifcopenshell\api\style
copying build\lib.win-amd64-cpython-312\ifcopenshell\api\style\assign_item_style.py -> build\bdist.win-amd64\wheel\.\ifcopenshell\api\style
copying build\lib.win-amd64-cpython-312\ifcopenshell\api\style\assign_material_style.py -> build\bdist.win-amd64\wheel\.\ifcopenshell\api\style
copying build\lib.win-amd64-cpython-312\ifcopenshell\api\style\assign_representation_styles.py -> build\bdist.win-amd64\wheel\.\ifcopenshell\api\style
copying build\lib.win-amd64-cpython-312\ifcopenshell\api\style\edit_presentation_style.py -> build\bdist.win-amd64\wheel\.\ifcopenshell\api\style
copying build\lib.win-amd64-cpython-312\ifcopenshell\api\style\edit_surface_style.py -> build\bdist.win-amd64\wheel\.\ifcopenshell\api\style
copying build\lib.win-amd64-cpython-312\ifcopenshell\api\style\remove_style.py -> build\bdist.win-amd64\wheel\.\ifcopenshell\api\style
copying build\lib.win-amd64-cpython-312\ifcopenshell\api\style\remove_styled_representation.py -> build\bdist.win-amd64\wheel\.\ifcopenshell\api\style
copying build\lib.win-amd64-cpython-312\ifcopenshell\api\style\remove_surface_style.py -> build\bdist.win-amd64\wheel\.\ifcopenshell\api\style
copying build\lib.win-amd64-cpython-312\ifcopenshell\api\style\unassign_material_style.py -> build\bdist.win-amd64\wheel\.\ifcopenshell\api\style
copying build\lib.win-amd64-cpython-312\ifcopenshell\api\style\unassign_representation_styles.py -> build\bdist.win-amd64\wheel\.\ifcopenshell\api\style
copying build\lib.win-amd64-cpython-312\ifcopenshell\api\style\__init__.py -> build\bdist.win-amd64\wheel\.\ifcopenshell\api\style
creating build\bdist.win-amd64\wheel\ifcopenshell\api\system
copying build\lib.win-amd64-cpython-312\ifcopenshell\api\system\add_port.py -> build\bdist.win-amd64\wheel\.\ifcopenshell\api\system
copying build\lib.win-amd64-cpython-312\ifcopenshell\api\system\add_system.py -> build\bdist.win-amd64\wheel\.\ifcopenshell\api\system
copying build\lib.win-amd64-cpython-312\ifcopenshell\api\system\assign_flow_control.py -> build\bdist.win-amd64\wheel\.\ifcopenshell\api\system
copying build\lib.win-amd64-cpython-312\ifcopenshell\api\system\assign_port.py -> build\bdist.win-amd64\wheel\.\ifcopenshell\api\system
copying build\lib.win-amd64-cpython-312\ifcopenshell\api\system\assign_system.py -> build\bdist.win-amd64\wheel\.\ifcopenshell\api\system
copying build\lib.win-amd64-cpython-312\ifcopenshell\api\system\connect_port.py -> build\bdist.win-amd64\wheel\.\ifcopenshell\api\system
copying build\lib.win-amd64-cpython-312\ifcopenshell\api\system\disconnect_port.py -> build\bdist.win-amd64\wheel\.\ifcopenshell\api\system
copying build\lib.win-amd64-cpython-312\ifcopenshell\api\system\edit_system.py -> build\bdist.win-amd64\wheel\.\ifcopenshell\api\system
copying build\lib.win-amd64-cpython-312\ifcopenshell\api\system\remove_system.py -> build\bdist.win-amd64\wheel\.\ifcopenshell\api\system
copying build\lib.win-amd64-cpython-312\ifcopenshell\api\system\unassign_flow_control.py -> build\bdist.win-amd64\wheel\.\ifcopenshell\api\system
copying build\lib.win-amd64-cpython-312\ifcopenshell\api\system\unassign_port.py -> build\bdist.win-amd64\wheel\.\ifcopenshell\api\system
copying build\lib.win-amd64-cpython-312\ifcopenshell\api\system\unassign_system.py -> build\bdist.win-amd64\wheel\.\ifcopenshell\api\system
copying build\lib.win-amd64-cpython-312\ifcopenshell\api\system\__init__.py -> build\bdist.win-amd64\wheel\.\ifcopenshell\api\system
creating build\bdist.win-amd64\wheel\ifcopenshell\api\type
copying build\lib.win-amd64-cpython-312\ifcopenshell\api\type\assign_type.py -> build\bdist.win-amd64\wheel\.\ifcopenshell\api\type
copying build\lib.win-amd64-cpython-312\ifcopenshell\api\type\map_type_representations.py -> build\bdist.win-amd64\wheel\.\ifcopenshell\api\type
copying build\lib.win-amd64-cpython-312\ifcopenshell\api\type\unassign_type.py -> build\bdist.win-amd64\wheel\.\ifcopenshell\api\type
copying build\lib.win-amd64-cpython-312\ifcopenshell\api\type\__init__.py -> build\bdist.win-amd64\wheel\.\ifcopenshell\api\type
creating build\bdist.win-amd64\wheel\ifcopenshell\api\unit
copying build\lib.win-amd64-cpython-312\ifcopenshell\api\unit\add_context_dependent_unit.py -> build\bdist.win-amd64\wheel\.\ifcopenshell\api\unit
copying build\lib.win-amd64-cpython-312\ifcopenshell\api\unit\add_conversion_based_unit.py -> build\bdist.win-amd64\wheel\.\ifcopenshell\api\unit
copying build\lib.win-amd64-cpython-312\ifcopenshell\api\unit\add_derived_unit.py -> build\bdist.win-amd64\wheel\.\ifcopenshell\api\unit
copying build\lib.win-amd64-cpython-312\ifcopenshell\api\unit\add_monetary_unit.py -> build\bdist.win-amd64\wheel\.\ifcopenshell\api\unit
copying build\lib.win-amd64-cpython-312\ifcopenshell\api\unit\add_si_unit.py -> build\bdist.win-amd64\wheel\.\ifcopenshell\api\unit
copying build\lib.win-amd64-cpython-312\ifcopenshell\api\unit\assign_unit.py -> build\bdist.win-amd64\wheel\.\ifcopenshell\api\unit
copying build\lib.win-amd64-cpython-312\ifcopenshell\api\unit\edit_derived_unit.py -> build\bdist.win-amd64\wheel\.\ifcopenshell\api\unit
copying build\lib.win-amd64-cpython-312\ifcopenshell\api\unit\edit_monetary_unit.py -> build\bdist.win-amd64\wheel\.\ifcopenshell\api\unit
copying build\lib.win-amd64-cpython-312\ifcopenshell\api\unit\edit_named_unit.py -> build\bdist.win-amd64\wheel\.\ifcopenshell\api\unit
copying build\lib.win-amd64-cpython-312\ifcopenshell\api\unit\remove_unit.py -> build\bdist.win-amd64\wheel\.\ifcopenshell\api\unit
copying build\lib.win-amd64-cpython-312\ifcopenshell\api\unit\unassign_unit.py -> build\bdist.win-amd64\wheel\.\ifcopenshell\api\unit
copying build\lib.win-amd64-cpython-312\ifcopenshell\api\unit\__init__.py -> build\bdist.win-amd64\wheel\.\ifcopenshell\api\unit
copying build\lib.win-amd64-cpython-312\ifcopenshell\api\__init__.py -> build\bdist.win-amd64\wheel\.\ifcopenshell\api
copying build\lib.win-amd64-cpython-312\ifcopenshell\draw.py -> build\bdist.win-amd64\wheel\.\ifcopenshell
copying build\lib.win-amd64-cpython-312\ifcopenshell\entity_instance.py -> build\bdist.win-amd64\wheel\.\ifcopenshell
creating build\bdist.win-amd64\wheel\ifcopenshell\express
copying build\lib.win-amd64-cpython-312\ifcopenshell\express\bootstrap.py -> build\bdist.win-amd64\wheel\.\ifcopenshell\express
copying build\lib.win-amd64-cpython-312\ifcopenshell\express\cat.py -> build\bdist.win-amd64\wheel\.\ifcopenshell\express
copying build\lib.win-amd64-cpython-312\ifcopenshell\express\codegen.py -> build\bdist.win-amd64\wheel\.\ifcopenshell\express
copying build\lib.win-amd64-cpython-312\ifcopenshell\express\definitions.py -> build\bdist.win-amd64\wheel\.\ifcopenshell\express
copying build\lib.win-amd64-cpython-312\ifcopenshell\express\DocAttribute.csv -> build\bdist.win-amd64\wheel\.\ifcopenshell\express
copying build\lib.win-amd64-cpython-312\ifcopenshell\express\DocDefined.csv -> build\bdist.win-amd64\wheel\.\ifcopenshell\express
copying build\lib.win-amd64-cpython-312\ifcopenshell\express\DocEntity.csv -> build\bdist.win-amd64\wheel\.\ifcopenshell\express
copying build\lib.win-amd64-cpython-312\ifcopenshell\express\DocEntityAttributes.csv -> build\bdist.win-amd64\wheel\.\ifcopenshell\express
copying build\lib.win-amd64-cpython-312\ifcopenshell\express\DocEnumeration.csv -> build\bdist.win-amd64\wheel\.\ifcopenshell\express
copying build\lib.win-amd64-cpython-312\ifcopenshell\express\DocSelect.csv -> build\bdist.win-amd64\wheel\.\ifcopenshell\express
copying build\lib.win-amd64-cpython-312\ifcopenshell\express\documentation.py -> build\bdist.win-amd64\wheel\.\ifcopenshell\express
copying build\lib.win-amd64-cpython-312\ifcopenshell\express\express.bnf -> build\bdist.win-amd64\wheel\.\ifcopenshell\express
copying build\lib.win-amd64-cpython-312\ifcopenshell\express\express_parser.py -> build\bdist.win-amd64\wheel\.\ifcopenshell\express
copying build\lib.win-amd64-cpython-312\ifcopenshell\express\header.py -> build\bdist.win-amd64\wheel\.\ifcopenshell\express
copying build\lib.win-amd64-cpython-312\ifcopenshell\express\header_schema.exp -> build\bdist.win-amd64\wheel\.\ifcopenshell\express
copying build\lib.win-amd64-cpython-312\ifcopenshell\express\implementation.py -> build\bdist.win-amd64\wheel\.\ifcopenshell\express
copying build\lib.win-amd64-cpython-312\ifcopenshell\express\mapping.py -> build\bdist.win-amd64\wheel\.\ifcopenshell\express
copying build\lib.win-amd64-cpython-312\ifcopenshell\express\nodes.py -> build\bdist.win-amd64\wheel\.\ifcopenshell\express
copying build\lib.win-amd64-cpython-312\ifcopenshell\express\README.md -> build\bdist.win-amd64\wheel\.\ifcopenshell\express
creating build\bdist.win-amd64\wheel\ifcopenshell\express\rules
copying build\lib.win-amd64-cpython-312\ifcopenshell\express\rules\IFC2X3.py -> build\bdist.win-amd64\wheel\.\ifcopenshell\express\rules
copying build\lib.win-amd64-cpython-312\ifcopenshell\express\rules\IFC4.py -> build\bdist.win-amd64\wheel\.\ifcopenshell\express\rules
copying build\lib.win-amd64-cpython-312\ifcopenshell\express\rules\IFC4X1.py -> build\bdist.win-amd64\wheel\.\ifcopenshell\express\rules
copying build\lib.win-amd64-cpython-312\ifcopenshell\express\rules\IFC4X2.py -> build\bdist.win-amd64\wheel\.\ifcopenshell\express\rules
copying build\lib.win-amd64-cpython-312\ifcopenshell\express\rules\IFC4X3.py -> build\bdist.win-amd64\wheel\.\ifcopenshell\express\rules
copying build\lib.win-amd64-cpython-312\ifcopenshell\express\rules\IFC4X3_ADD1.py -> build\bdist.win-amd64\wheel\.\ifcopenshell\express\rules
copying build\lib.win-amd64-cpython-312\ifcopenshell\express\rules\IFC4X3_ADD2.py -> build\bdist.win-amd64\wheel\.\ifcopenshell\express\rules
copying build\lib.win-amd64-cpython-312\ifcopenshell\express\rules\IFC4X3_RC1.py -> build\bdist.win-amd64\wheel\.\ifcopenshell\express\rules
copying build\lib.win-amd64-cpython-312\ifcopenshell\express\rules\IFC4X3_RC2.py -> build\bdist.win-amd64\wheel\.\ifcopenshell\express\rules
copying build\lib.win-amd64-cpython-312\ifcopenshell\express\rules\IFC4X3_RC3.py -> build\bdist.win-amd64\wheel\.\ifcopenshell\express\rules
copying build\lib.win-amd64-cpython-312\ifcopenshell\express\rules\IFC4X3_RC4.py -> build\bdist.win-amd64\wheel\.\ifcopenshell\express\rules
copying build\lib.win-amd64-cpython-312\ifcopenshell\express\rules\IFC4X3_TC1.py -> build\bdist.win-amd64\wheel\.\ifcopenshell\express\rules
copying build\lib.win-amd64-cpython-312\ifcopenshell\express\rules\__init__.py -> build\bdist.win-amd64\wheel\.\ifcopenshell\express\rules
copying build\lib.win-amd64-cpython-312\ifcopenshell\express\rule_compiler.py -> build\bdist.win-amd64\wheel\.\ifcopenshell\express
copying build\lib.win-amd64-cpython-312\ifcopenshell\express\rule_executor.py -> build\bdist.win-amd64\wheel\.\ifcopenshell\express
copying build\lib.win-amd64-cpython-312\ifcopenshell\express\run.bat -> build\bdist.win-amd64\wheel\.\ifcopenshell\express
copying build\lib.win-amd64-cpython-312\ifcopenshell\express\schema.py -> build\bdist.win-amd64\wheel\.\ifcopenshell\express
copying build\lib.win-amd64-cpython-312\ifcopenshell\express\schema_class.py -> build\bdist.win-amd64\wheel\.\ifcopenshell\express
copying build\lib.win-amd64-cpython-312\ifcopenshell\express\templates.py -> build\bdist.win-amd64\wheel\.\ifcopenshell\express
creating build\bdist.win-amd64\wheel\ifcopenshell\express\txt
copying build\lib.win-amd64-cpython-312\ifcopenshell\express\txt\endif.txt -> build\bdist.win-amd64\wheel\.\ifcopenshell\express\txt
copying build\lib.win-amd64-cpython-312\ifcopenshell\express\txt\header_ifc2x3.txt -> build\bdist.win-amd64\wheel\.\ifcopenshell\express\txt
copying build\lib.win-amd64-cpython-312\ifcopenshell\express\txt\header_ifc4.txt -> build\bdist.win-amd64\wheel\.\ifcopenshell\express\txt
copying build\lib.win-amd64-cpython-312\ifcopenshell\express\txt\header_ifc4x1.txt -> build\bdist.win-amd64\wheel\.\ifcopenshell\express\txt
copying build\lib.win-amd64-cpython-312\ifcopenshell\express\txt\header_ifc4x2.txt -> build\bdist.win-amd64\wheel\.\ifcopenshell\express\txt
copying build\lib.win-amd64-cpython-312\ifcopenshell\express\txt\header_ifc4x3_add1.txt -> build\bdist.win-amd64\wheel\.\ifcopenshell\express\txt
copying build\lib.win-amd64-cpython-312\ifcopenshell\express\txt\header_ifc4x3_add2.txt -> build\bdist.win-amd64\wheel\.\ifcopenshell\express\txt
copying build\lib.win-amd64-cpython-312\ifcopenshell\express\txt\header_ifc4x3_rc1.txt -> build\bdist.win-amd64\wheel\.\ifcopenshell\express\txt
copying build\lib.win-amd64-cpython-312\ifcopenshell\express\txt\header_ifc4x3_rc2.txt -> build\bdist.win-amd64\wheel\.\ifcopenshell\express\txt
copying build\lib.win-amd64-cpython-312\ifcopenshell\express\txt\header_ifc4x3_tc1.txt -> build\bdist.win-amd64\wheel\.\ifcopenshell\express\txt
copying build\lib.win-amd64-cpython-312\ifcopenshell\express\txt\ifdef_ifc4.txt -> build\bdist.win-amd64\wheel\.\ifcopenshell\express\txt
copying build\lib.win-amd64-cpython-312\ifcopenshell\express\txt\ifdef_ifc4x1.txt -> build\bdist.win-amd64\wheel\.\ifcopenshell\express\txt
copying build\lib.win-amd64-cpython-312\ifcopenshell\express\txt\ifndef_ifc4.txt -> build\bdist.win-amd64\wheel\.\ifcopenshell\express\txt
copying build\lib.win-amd64-cpython-312\ifcopenshell\express\txt\ifndef_ifc4x1 - Copy.txt -> build\bdist.win-amd64\wheel\.\ifcopenshell\express\txt
copying build\lib.win-amd64-cpython-312\ifcopenshell\express\txt\ifndef_ifc4x1.txt -> build\bdist.win-amd64\wheel\.\ifcopenshell\express\txt
copying build\lib.win-amd64-cpython-312\ifcopenshell\express\__init__.py -> build\bdist.win-amd64\wheel\.\ifcopenshell\express
copying build\lib.win-amd64-cpython-312\ifcopenshell\file.py -> build\bdist.win-amd64\wheel\.\ifcopenshell
creating build\bdist.win-amd64\wheel\ifcopenshell\geom
copying build\lib.win-amd64-cpython-312\ifcopenshell\geom\app.py -> build\bdist.win-amd64\wheel\.\ifcopenshell\geom
copying build\lib.win-amd64-cpython-312\ifcopenshell\geom\code_editor_pane.py -> build\bdist.win-amd64\wheel\.\ifcopenshell\geom
copying build\lib.win-amd64-cpython-312\ifcopenshell\geom\main.py -> build\bdist.win-amd64\wheel\.\ifcopenshell\geom
copying build\lib.win-amd64-cpython-312\ifcopenshell\geom\occ_utils.py -> build\bdist.win-amd64\wheel\.\ifcopenshell\geom
copying build\lib.win-amd64-cpython-312\ifcopenshell\geom\stats.py -> build\bdist.win-amd64\wheel\.\ifcopenshell\geom
copying build\lib.win-amd64-cpython-312\ifcopenshell\geom\__init__.py -> build\bdist.win-amd64\wheel\.\ifcopenshell\geom
copying build\lib.win-amd64-cpython-312\ifcopenshell\guid.py -> build\bdist.win-amd64\wheel\.\ifcopenshell
copying build\lib.win-amd64-cpython-312\ifcopenshell\ifcopenshell_wrapper.py -> build\bdist.win-amd64\wheel\.\ifcopenshell
copying build\lib.win-amd64-cpython-312\ifcopenshell\ifcopenshell_wrapper.pyi -> build\bdist.win-amd64\wheel\.\ifcopenshell
creating build\bdist.win-amd64\wheel\ifcopenshell\mvd
copying build\lib.win-amd64-cpython-312\ifcopenshell\mvd\.gitignore -> build\bdist.win-amd64\wheel\.\ifcopenshell\mvd
copying build\lib.win-amd64-cpython-312\ifcopenshell\mvd\LICENSE -> build\bdist.win-amd64\wheel\.\ifcopenshell\mvd
copying build\lib.win-amd64-cpython-312\ifcopenshell\mvd\mvd.py -> build\bdist.win-amd64\wheel\.\ifcopenshell\mvd
copying build\lib.win-amd64-cpython-312\ifcopenshell\mvd\mvdxml_expression.py -> build\bdist.win-amd64\wheel\.\ifcopenshell\mvd
creating build\bdist.win-amd64\wheel\ifcopenshell\mvd\mvd_examples
copying build\lib.win-amd64-cpython-312\ifcopenshell\mvd\mvd_examples\building.mvdxml -> build\bdist.win-amd64\wheel\.\ifcopenshell\mvd\mvd_examples
copying build\lib.win-amd64-cpython-312\ifcopenshell\mvd\mvd_examples\Example-CV100.mvdxml -> build\bdist.win-amd64\wheel\.\ifcopenshell\mvd\mvd_examples
copying build\lib.win-amd64-cpython-312\ifcopenshell\mvd\mvd_examples\Example-CV104.mvdxml -> build\bdist.win-amd64\wheel\.\ifcopenshell\mvd\mvd_examples
copying build\lib.win-amd64-cpython-312\ifcopenshell\mvd\mvd_examples\Example-CV106.mvdxml -> build\bdist.win-amd64\wheel\.\ifcopenshell\mvd\mvd_examples
creating build\bdist.win-amd64\wheel\ifcopenshell\mvd\mvd_examples\officials
copying build\lib.win-amd64-cpython-312\ifcopenshell\mvd\mvd_examples\officials\ReferenceView_V1-2.mvdxml -> build\bdist.win-amd64\wheel\.\ifcopenshell\mvd\mvd_examples\officials
copying build\lib.win-amd64-cpython-312\ifcopenshell\mvd\mvd_examples\wall_extraction.mvdxml -> build\bdist.win-amd64\wheel\.\ifcopenshell\mvd\mvd_examples
copying build\lib.win-amd64-cpython-312\ifcopenshell\mvd\mvd_examples\xset.mvdxml -> build\bdist.win-amd64\wheel\.\ifcopenshell\mvd\mvd_examples
copying build\lib.win-amd64-cpython-312\ifcopenshell\mvd\README.md -> build\bdist.win-amd64\wheel\.\ifcopenshell\mvd
copying build\lib.win-amd64-cpython-312\ifcopenshell\mvd\sparql.py -> build\bdist.win-amd64\wheel\.\ifcopenshell\mvd
copying build\lib.win-amd64-cpython-312\ifcopenshell\mvd\__init__.py -> build\bdist.win-amd64\wheel\.\ifcopenshell\mvd
copying build\lib.win-amd64-cpython-312\ifcopenshell\mvd\__main__.py -> build\bdist.win-amd64\wheel\.\ifcopenshell\mvd
creating build\bdist.win-amd64\wheel\ifcopenshell\native-notices
copying build\lib.win-amd64-cpython-312\ifcopenshell\native-notices\BOOST_LICENSE_1_0.txt -> build\bdist.win-amd64\wheel\.\ifcopenshell\native-notices
copying build\lib.win-amd64-cpython-312\ifcopenshell\native-notices\EIGEN_COPYING.MPL2 -> build\bdist.win-amd64\wheel\.\ifcopenshell\native-notices
copying build\lib.win-amd64-cpython-312\ifcopenshell\native-notices\IFCOPENSHELL_COPYING -> build\bdist.win-amd64\wheel\.\ifcopenshell\native-notices
copying build\lib.win-amd64-cpython-312\ifcopenshell\native-notices\IFCOPENSHELL_COPYING.LESSER -> build\bdist.win-amd64\wheel\.\ifcopenshell\native-notices
copying build\lib.win-amd64-cpython-312\ifcopenshell\native-notices\OCCT_LGPL_EXCEPTION.txt -> build\bdist.win-amd64\wheel\.\ifcopenshell\native-notices
copying build\lib.win-amd64-cpython-312\ifcopenshell\native-notices\OCCT_LICENSE_LGPL_21.txt -> build\bdist.win-amd64\wheel\.\ifcopenshell\native-notices
copying build\lib.win-amd64-cpython-312\ifcopenshell\NATIVE_BUILD_VARIANT.json -> build\bdist.win-amd64\wheel\.\ifcopenshell
copying build\lib.win-amd64-cpython-312\ifcopenshell\py.typed -> build\bdist.win-amd64\wheel\.\ifcopenshell
copying build\lib.win-amd64-cpython-312\ifcopenshell\requirements.txt -> build\bdist.win-amd64\wheel\.\ifcopenshell
copying build\lib.win-amd64-cpython-312\ifcopenshell\settings.py -> build\bdist.win-amd64\wheel\.\ifcopenshell
creating build\bdist.win-amd64\wheel\ifcopenshell\simple_spf
creating build\bdist.win-amd64\wheel\ifcopenshell\simple_spf\.github
creating build\bdist.win-amd64\wheel\ifcopenshell\simple_spf\.github\workflows
copying build\lib.win-amd64-cpython-312\ifcopenshell\simple_spf\.github\workflows\ci.yaml -> build\bdist.win-amd64\wheel\.\ifcopenshell\simple_spf\.github\workflows
copying build\lib.win-amd64-cpython-312\ifcopenshell\simple_spf\.gitignore -> build\bdist.win-amd64\wheel\.\ifcopenshell\simple_spf
creating build\bdist.win-amd64\wheel\ifcopenshell\simple_spf\fixtures
copying build\lib.win-amd64-cpython-312\ifcopenshell\simple_spf\fixtures\extended_mvd.ifc -> build\bdist.win-amd64\wheel\.\ifcopenshell\simple_spf\fixtures
copying build\lib.win-amd64-cpython-312\ifcopenshell\simple_spf\fixtures\fail_double_comma.ifc -> build\bdist.win-amd64\wheel\.\ifcopenshell\simple_spf\fixtures
copying build\lib.win-amd64-cpython-312\ifcopenshell\simple_spf\fixtures\fail_double_semi.ifc -> build\bdist.win-amd64\wheel\.\ifcopenshell\simple_spf\fixtures
copying build\lib.win-amd64-cpython-312\ifcopenshell\simple_spf\fixtures\fail_duplicate_id.ifc -> build\bdist.win-amd64\wheel\.\ifcopenshell\simple_spf\fixtures
copying build\lib.win-amd64-cpython-312\ifcopenshell\simple_spf\fixtures\fail_invalid_header_entity.ifc -> build\bdist.win-amd64\wheel\.\ifcopenshell\simple_spf\fixtures
copying build\lib.win-amd64-cpython-312\ifcopenshell\simple_spf\fixtures\fail_multiple_duplicate_ids.ifc -> build\bdist.win-amd64\wheel\.\ifcopenshell\simple_spf\fixtures
copying build\lib.win-amd64-cpython-312\ifcopenshell\simple_spf\fixtures\fail_multiple_wrong_header_fields.ifc -> build\bdist.win-amd64\wheel\.\ifcopenshell\simple_spf\fixtures
copying build\lib.win-amd64-cpython-312\ifcopenshell\simple_spf\fixtures\fail_no_header.ifc -> build\bdist.win-amd64\wheel\.\ifcopenshell\simple_spf\fixtures
copying build\lib.win-amd64-cpython-312\ifcopenshell\simple_spf\fixtures\fail_reverse_string.ifc -> build\bdist.win-amd64\wheel\.\ifcopenshell\simple_spf\fixtures
copying build\lib.win-amd64-cpython-312\ifcopenshell\simple_spf\fixtures\fail_too_many_header_entity_fields.ifc -> build\bdist.win-amd64\wheel\.\ifcopenshell\simple_spf\fixtures
copying build\lib.win-amd64-cpython-312\ifcopenshell\simple_spf\fixtures\fail_utf_encoding.ifc -> build\bdist.win-amd64\wheel\.\ifcopenshell\simple_spf\fixtures
copying build\lib.win-amd64-cpython-312\ifcopenshell\simple_spf\fixtures\passing_header.ifc -> build\bdist.win-amd64\wheel\.\ifcopenshell\simple_spf\fixtures
copying build\lib.win-amd64-cpython-312\ifcopenshell\simple_spf\fixtures\pass_1.ifc -> build\bdist.win-amd64\wheel\.\ifcopenshell\simple_spf\fixtures
copying build\lib.win-amd64-cpython-312\ifcopenshell\simple_spf\fixtures\pass_double_reverse.ifc -> build\bdist.win-amd64\wheel\.\ifcopenshell\simple_spf\fixtures
copying build\lib.win-amd64-cpython-312\ifcopenshell\simple_spf\fixtures\pass_page_encoding.ifc -> build\bdist.win-amd64\wheel\.\ifcopenshell\simple_spf\fixtures
copying build\lib.win-amd64-cpython-312\ifcopenshell\simple_spf\fixtures\pass_reverse_comment.ifc -> build\bdist.win-amd64\wheel\.\ifcopenshell\simple_spf\fixtures
copying build\lib.win-amd64-cpython-312\ifcopenshell\simple_spf\ifcgraph.py -> build\bdist.win-amd64\wheel\.\ifcopenshell\simple_spf
copying build\lib.win-amd64-cpython-312\ifcopenshell\simple_spf\LICENSE -> build\bdist.win-amd64\wheel\.\ifcopenshell\simple_spf
creating build\bdist.win-amd64\wheel\ifcopenshell\simple_spf\parser
copying build\lib.win-amd64-cpython-312\ifcopenshell\simple_spf\parser\errors.py -> build\bdist.win-amd64\wheel\.\ifcopenshell\simple_spf\parser
copying build\lib.win-amd64-cpython-312\ifcopenshell\simple_spf\parser\file.py -> build\bdist.win-amd64\wheel\.\ifcopenshell\simple_spf\parser
copying build\lib.win-amd64-cpython-312\ifcopenshell\simple_spf\parser\grammar.py -> build\bdist.win-amd64\wheel\.\ifcopenshell\simple_spf\parser
copying build\lib.win-amd64-cpython-312\ifcopenshell\simple_spf\parser\mvd_info.py -> build\bdist.win-amd64\wheel\.\ifcopenshell\simple_spf\parser
copying build\lib.win-amd64-cpython-312\ifcopenshell\simple_spf\parser\parse.py -> build\bdist.win-amd64\wheel\.\ifcopenshell\simple_spf\parser
copying build\lib.win-amd64-cpython-312\ifcopenshell\simple_spf\parser\transformer.py -> build\bdist.win-amd64\wheel\.\ifcopenshell\simple_spf\parser
copying build\lib.win-amd64-cpython-312\ifcopenshell\simple_spf\parser\__init__.py -> build\bdist.win-amd64\wheel\.\ifcopenshell\simple_spf\parser
copying build\lib.win-amd64-cpython-312\ifcopenshell\simple_spf\README.md -> build\bdist.win-amd64\wheel\.\ifcopenshell\simple_spf
copying build\lib.win-amd64-cpython-312\ifcopenshell\simple_spf\requirements.in -> build\bdist.win-amd64\wheel\.\ifcopenshell\simple_spf
copying build\lib.win-amd64-cpython-312\ifcopenshell\simple_spf\test_parser.py -> build\bdist.win-amd64\wheel\.\ifcopenshell\simple_spf
copying build\lib.win-amd64-cpython-312\ifcopenshell\simple_spf\__init__.py -> build\bdist.win-amd64\wheel\.\ifcopenshell\simple_spf
copying build\lib.win-amd64-cpython-312\ifcopenshell\simple_spf\__main__.py -> build\bdist.win-amd64\wheel\.\ifcopenshell\simple_spf
copying build\lib.win-amd64-cpython-312\ifcopenshell\sql.py -> build\bdist.win-amd64\wheel\.\ifcopenshell
copying build\lib.win-amd64-cpython-312\ifcopenshell\stream.py -> build\bdist.win-amd64\wheel\.\ifcopenshell
copying build\lib.win-amd64-cpython-312\ifcopenshell\template.py -> build\bdist.win-amd64\wheel\.\ifcopenshell
creating build\bdist.win-amd64\wheel\ifcopenshell\util
copying build\lib.win-amd64-cpython-312\ifcopenshell\util\alignment.py -> build\bdist.win-amd64\wheel\.\ifcopenshell\util
copying build\lib.win-amd64-cpython-312\ifcopenshell\util\attribute.py -> build\bdist.win-amd64\wheel\.\ifcopenshell\util
copying build\lib.win-amd64-cpython-312\ifcopenshell\util\attribute_4x3_to_4.json -> build\bdist.win-amd64\wheel\.\ifcopenshell\util
copying build\lib.win-amd64-cpython-312\ifcopenshell\util\attribute_4_to_2x3.json -> build\bdist.win-amd64\wheel\.\ifcopenshell\util
copying build\lib.win-amd64-cpython-312\ifcopenshell\util\brick.py -> build\bdist.win-amd64\wheel\.\ifcopenshell\util
copying build\lib.win-amd64-cpython-312\ifcopenshell\util\classification.py -> build\bdist.win-amd64\wheel\.\ifcopenshell\util
copying build\lib.win-amd64-cpython-312\ifcopenshell\util\class_2x3_to_4.json -> build\bdist.win-amd64\wheel\.\ifcopenshell\util
copying build\lib.win-amd64-cpython-312\ifcopenshell\util\class_4_to_2x3.json -> build\bdist.win-amd64\wheel\.\ifcopenshell\util
copying build\lib.win-amd64-cpython-312\ifcopenshell\util\constraint.py -> build\bdist.win-amd64\wheel\.\ifcopenshell\util
copying build\lib.win-amd64-cpython-312\ifcopenshell\util\cost.py -> build\bdist.win-amd64\wheel\.\ifcopenshell\util
copying build\lib.win-amd64-cpython-312\ifcopenshell\util\data.py -> build\bdist.win-amd64\wheel\.\ifcopenshell\util
copying build\lib.win-amd64-cpython-312\ifcopenshell\util\date.py -> build\bdist.win-amd64\wheel\.\ifcopenshell\util
copying build\lib.win-amd64-cpython-312\ifcopenshell\util\doc.py -> build\bdist.win-amd64\wheel\.\ifcopenshell\util
copying build\lib.win-amd64-cpython-312\ifcopenshell\util\element.py -> build\bdist.win-amd64\wheel\.\ifcopenshell\util
copying build\lib.win-amd64-cpython-312\ifcopenshell\util\entity_to_type_map_2x3.json -> build\bdist.win-amd64\wheel\.\ifcopenshell\util
copying build\lib.win-amd64-cpython-312\ifcopenshell\util\entity_to_type_map_4.json -> build\bdist.win-amd64\wheel\.\ifcopenshell\util
copying build\lib.win-amd64-cpython-312\ifcopenshell\util\entity_to_type_map_4x3.json -> build\bdist.win-amd64\wheel\.\ifcopenshell\util
copying build\lib.win-amd64-cpython-312\ifcopenshell\util\file.py -> build\bdist.win-amd64\wheel\.\ifcopenshell\util
copying build\lib.win-amd64-cpython-312\ifcopenshell\util\fm.py -> build\bdist.win-amd64\wheel\.\ifcopenshell\util
copying build\lib.win-amd64-cpython-312\ifcopenshell\util\generate_pset_templates.py -> build\bdist.win-amd64\wheel\.\ifcopenshell\util
copying build\lib.win-amd64-cpython-312\ifcopenshell\util\geolocation.py -> build\bdist.win-amd64\wheel\.\ifcopenshell\util
copying build\lib.win-amd64-cpython-312\ifcopenshell\util\ifc4x3dev_scrape_data_for_docs.py -> build\bdist.win-amd64\wheel\.\ifcopenshell\util
copying build\lib.win-amd64-cpython-312\ifcopenshell\util\ifc4_to_brick.json -> build\bdist.win-amd64\wheel\.\ifcopenshell\util
copying build\lib.win-amd64-cpython-312\ifcopenshell\util\mvd_info.py -> build\bdist.win-amd64\wheel\.\ifcopenshell\util
copying build\lib.win-amd64-cpython-312\ifcopenshell\util\placement.py -> build\bdist.win-amd64\wheel\.\ifcopenshell\util
copying build\lib.win-amd64-cpython-312\ifcopenshell\util\profiler.py -> build\bdist.win-amd64\wheel\.\ifcopenshell\util
copying build\lib.win-amd64-cpython-312\ifcopenshell\util\pset.py -> build\bdist.win-amd64\wheel\.\ifcopenshell\util
copying build\lib.win-amd64-cpython-312\ifcopenshell\util\representation.py -> build\bdist.win-amd64\wheel\.\ifcopenshell\util
copying build\lib.win-amd64-cpython-312\ifcopenshell\util\resource.py -> build\bdist.win-amd64\wheel\.\ifcopenshell\util
creating build\bdist.win-amd64\wheel\ifcopenshell\util\schema
copying build\lib.win-amd64-cpython-312\ifcopenshell\util\schema\ifc2x3_entities.json -> build\bdist.win-amd64\wheel\.\ifcopenshell\util\schema
copying build\lib.win-amd64-cpython-312\ifcopenshell\util\schema\ifc2x3_properties.json -> build\bdist.win-amd64\wheel\.\ifcopenshell\util\schema
copying build\lib.win-amd64-cpython-312\ifcopenshell\util\schema\ifc2x3_property_sets_site_domains.json -> build\bdist.win-amd64\wheel\.\ifcopenshell\util\schema
copying build\lib.win-amd64-cpython-312\ifcopenshell\util\schema\ifc2x3_types.json -> build\bdist.win-amd64\wheel\.\ifcopenshell\util\schema
copying build\lib.win-amd64-cpython-312\ifcopenshell\util\schema\ifc4x3_entities.json -> build\bdist.win-amd64\wheel\.\ifcopenshell\util\schema
copying build\lib.win-amd64-cpython-312\ifcopenshell\util\schema\ifc4x3_properties.json -> build\bdist.win-amd64\wheel\.\ifcopenshell\util\schema
copying build\lib.win-amd64-cpython-312\ifcopenshell\util\schema\ifc4x3_types.json -> build\bdist.win-amd64\wheel\.\ifcopenshell\util\schema
copying build\lib.win-amd64-cpython-312\ifcopenshell\util\schema\ifc4_entities.json -> build\bdist.win-amd64\wheel\.\ifcopenshell\util\schema
copying build\lib.win-amd64-cpython-312\ifcopenshell\util\schema\ifc4_properties.json -> build\bdist.win-amd64\wheel\.\ifcopenshell\util\schema
copying build\lib.win-amd64-cpython-312\ifcopenshell\util\schema\ifc4_property_sets_site_domains.json -> build\bdist.win-amd64\wheel\.\ifcopenshell\util\schema
copying build\lib.win-amd64-cpython-312\ifcopenshell\util\schema\ifc4_types.json -> build\bdist.win-amd64\wheel\.\ifcopenshell\util\schema
copying build\lib.win-amd64-cpython-312\ifcopenshell\util\schema\ifc_classes_suggestions.json -> build\bdist.win-amd64\wheel\.\ifcopenshell\util\schema
copying build\lib.win-amd64-cpython-312\ifcopenshell\util\schema\Pset_IFC2X3.ifc -> build\bdist.win-amd64\wheel\.\ifcopenshell\util\schema
copying build\lib.win-amd64-cpython-312\ifcopenshell\util\schema\Pset_IFC4X3.ifc -> build\bdist.win-amd64\wheel\.\ifcopenshell\util\schema
copying build\lib.win-amd64-cpython-312\ifcopenshell\util\schema\Pset_IFC4_ADD2.ifc -> build\bdist.win-amd64\wheel\.\ifcopenshell\util\schema
copying build\lib.win-amd64-cpython-312\ifcopenshell\util\schema.py -> build\bdist.win-amd64\wheel\.\ifcopenshell\util
creating build\bdist.win-amd64\wheel\ifcopenshell\util\scripts
copying build\lib.win-amd64-cpython-312\ifcopenshell\util\scripts\validate_stub.py -> build\bdist.win-amd64\wheel\.\ifcopenshell\util\scripts
copying build\lib.win-amd64-cpython-312\ifcopenshell\util\selector.py -> build\bdist.win-amd64\wheel\.\ifcopenshell\util
copying build\lib.win-amd64-cpython-312\ifcopenshell\util\sequence.py -> build\bdist.win-amd64\wheel\.\ifcopenshell\util
copying build\lib.win-amd64-cpython-312\ifcopenshell\util\shape.py -> build\bdist.win-amd64\wheel\.\ifcopenshell\util
copying build\lib.win-amd64-cpython-312\ifcopenshell\util\shape_builder.py -> build\bdist.win-amd64\wheel\.\ifcopenshell\util
copying build\lib.win-amd64-cpython-312\ifcopenshell\util\system.py -> build\bdist.win-amd64\wheel\.\ifcopenshell\util
copying build\lib.win-amd64-cpython-312\ifcopenshell\util\type.py -> build\bdist.win-amd64\wheel\.\ifcopenshell\util
copying build\lib.win-amd64-cpython-312\ifcopenshell\util\unit.py -> build\bdist.win-amd64\wheel\.\ifcopenshell\util
copying build\lib.win-amd64-cpython-312\ifcopenshell\util\__init__.py -> build\bdist.win-amd64\wheel\.\ifcopenshell\util
copying build\lib.win-amd64-cpython-312\ifcopenshell\validate.py -> build\bdist.win-amd64\wheel\.\ifcopenshell
copying build\lib.win-amd64-cpython-312\ifcopenshell\_ifcopenshell_wrapper.cp312-win_amd64.pyd -> build\bdist.win-amd64\wheel\.\ifcopenshell
copying build\lib.win-amd64-cpython-312\ifcopenshell\__init__.py -> build\bdist.win-amd64\wheel\.\ifcopenshell
running install_egg_info
running egg_info
creating ifcopenshell.egg-info
writing ifcopenshell.egg-info\PKG-INFO
writing dependency_links to ifcopenshell.egg-info\dependency_links.txt
writing requirements to ifcopenshell.egg-info\requires.txt
writing top-level names to ifcopenshell.egg-info\top_level.txt
writing manifest file 'ifcopenshell.egg-info\SOURCES.txt'
reading manifest file 'ifcopenshell.egg-info\SOURCES.txt'
writing manifest file 'ifcopenshell.egg-info\SOURCES.txt'
Copying ifcopenshell.egg-info to build\bdist.win-amd64\wheel\.\ifcopenshell-0.8.5+oma.nocgal.1c5b825.b398b43db6952d07645d4fbea2c23c73cb83696369871e22880b85a8c35bfd875-py3.12.egg-info
running install_scripts
C:\Users\Davi\Downloads\oma\.venv\Lib\site-packages\setuptools\command\bdist_wheel.py:103: RuntimeWarning: Config variable 'Py_DEBUG' is unset, Python ABI tag may be incorrect
  if get_flag("Py_DEBUG", hasattr(sys, "gettotalrefcount"), warn=(impl == "cp")):
creating build\bdist.win-amd64\wheel\ifcopenshell-0.8.5+oma.nocgal.1c5b825.b398b43db6952d07645d4fbea2c23c73cb83696369871e22880b85a8c35bfd875.dist-info\WHEEL
creating 'C:\\Users\\Davi\\Downloads\\oma\\.release\\native-build\\wheels\\ifcopenshell-0.8.5+oma.nocgal.1c5b825.b398b43db6952d07645d4fbea2c23c73cb83696369871e22880b85a8c35bfd875-cp312-cp312-win_amd64.whl' and adding 'build\\bdist.win-amd64\\wheel' to it
adding 'ifcopenshell/NATIVE_BUILD_VARIANT.json'
adding 'ifcopenshell/__init__.py'
adding 'ifcopenshell/_ifcopenshell_wrapper.cp312-win_amd64.pyd'
adding 'ifcopenshell/draw.py'
adding 'ifcopenshell/entity_instance.py'
adding 'ifcopenshell/file.py'
adding 'ifcopenshell/guid.py'
adding 'ifcopenshell/ifcopenshell_wrapper.py'
adding 'ifcopenshell/ifcopenshell_wrapper.pyi'
adding 'ifcopenshell/py.typed'
adding 'ifcopenshell/requirements.txt'
adding 'ifcopenshell/settings.py'
adding 'ifcopenshell/sql.py'
adding 'ifcopenshell/stream.py'
adding 'ifcopenshell/template.py'
adding 'ifcopenshell/validate.py'
adding 'ifcopenshell/api/__init__.py'
adding 'ifcopenshell/api/aggregate/__init__.py'
adding 'ifcopenshell/api/aggregate/assign_object.py'
adding 'ifcopenshell/api/aggregate/unassign_object.py'
adding 'ifcopenshell/api/alignment/__init__.py'
adding 'ifcopenshell/api/alignment/_add_segment_to_curve.py'
adding 'ifcopenshell/api/alignment/_add_segment_to_layout.py'
adding 'ifcopenshell/api/alignment/_add_zero_length_segment.py'
adding 'ifcopenshell/api/alignment/_create_geometric_representation.py'
adding 'ifcopenshell/api/alignment/_create_offset_curve_representation.py'
adding 'ifcopenshell/api/alignment/_create_polyline_representation.py'
adding 'ifcopenshell/api/alignment/_get_cant_segment.py'
adding 'ifcopenshell/api/alignment/_get_segment_start_point_label.py'
adding 'ifcopenshell/api/alignment/_map_alignment_cant_segment.py'
adding 'ifcopenshell/api/alignment/_map_alignment_horizontal_segment.py'
adding 'ifcopenshell/api/alignment/_map_alignment_vertical_segment.py'
adding 'ifcopenshell/api/alignment/_update_curve_segment_transition_code.py'
adding 'ifcopenshell/api/alignment/add_stationing_referent.py'
adding 'ifcopenshell/api/alignment/add_vertical_layout.py'
adding 'ifcopenshell/api/alignment/add_zero_length_segment.py'
adding 'ifcopenshell/api/alignment/create.py'
adding 'ifcopenshell/api/alignment/create_as_offset_curve.py'
adding 'ifcopenshell/api/alignment/create_as_polyline.py'
adding 'ifcopenshell/api/alignment/create_by_pi_method.py'
adding 'ifcopenshell/api/alignment/create_from_csv.py'
adding 'ifcopenshell/api/alignment/create_layout_segment.py'
adding 'ifcopenshell/api/alignment/create_representation.py'
adding 'ifcopenshell/api/alignment/create_segment_representations.py'
adding 'ifcopenshell/api/alignment/distance_along_from_station.py'
adding 'ifcopenshell/api/alignment/get_alignment.py'
adding 'ifcopenshell/api/alignment/get_alignment_layout_nest.py'
adding 'ifcopenshell/api/alignment/get_alignment_layouts.py'
adding 'ifcopenshell/api/alignment/get_alignment_segment_nest.py'
adding 'ifcopenshell/api/alignment/get_alignment_start_station.py'
adding 'ifcopenshell/api/alignment/get_axis_subcontext.py'
adding 'ifcopenshell/api/alignment/get_basis_curve.py'
adding 'ifcopenshell/api/alignment/get_cant_layout.py'
adding 'ifcopenshell/api/alignment/get_child_alignments.py'
adding 'ifcopenshell/api/alignment/get_curve.py'
adding 'ifcopenshell/api/alignment/get_curve_segment_transition_code.py'
adding 'ifcopenshell/api/alignment/get_horizontal_layout.py'
adding 'ifcopenshell/api/alignment/get_layout_curve.py'
adding 'ifcopenshell/api/alignment/get_layout_segments.py'
adding 'ifcopenshell/api/alignment/get_mapped_segments.py'
adding 'ifcopenshell/api/alignment/get_parent_alignment.py'
adding 'ifcopenshell/api/alignment/get_referent_nest.py'
adding 'ifcopenshell/api/alignment/get_vertical_layout.py'
adding 'ifcopenshell/api/alignment/has_zero_length_segment.py'
adding 'ifcopenshell/api/alignment/layout_horizontal_alignment_by_pi_method.py'
adding 'ifcopenshell/api/alignment/layout_vertical_alignment_by_pi_method.py'
adding 'ifcopenshell/api/alignment/name_segments.py'
adding 'ifcopenshell/api/alignment/update_fallback_position.py'
adding 'ifcopenshell/api/alignment/util.py'
adding 'ifcopenshell/api/attribute/__init__.py'
adding 'ifcopenshell/api/attribute/edit_attributes.py'
adding 'ifcopenshell/api/boundary/__init__.py'
adding 'ifcopenshell/api/boundary/assign_connection_geometry.py'
adding 'ifcopenshell/api/boundary/copy_boundary.py'
adding 'ifcopenshell/api/boundary/edit_attributes.py'
adding 'ifcopenshell/api/boundary/remove_boundary.py'
adding 'ifcopenshell/api/classification/__init__.py'
adding 'ifcopenshell/api/classification/add_classification.py'
adding 'ifcopenshell/api/classification/add_reference.py'
adding 'ifcopenshell/api/classification/edit_classification.py'
adding 'ifcopenshell/api/classification/edit_reference.py'
adding 'ifcopenshell/api/classification/remove_classification.py'
adding 'ifcopenshell/api/classification/remove_reference.py'
adding 'ifcopenshell/api/cogo/__init__.py'
adding 'ifcopenshell/api/cogo/add_survey_point.py'
adding 'ifcopenshell/api/cogo/assign_survey_point.py'
adding 'ifcopenshell/api/cogo/bearing2dd.py'
adding 'ifcopenshell/api/cogo/edit_survey_point.py'
adding 'ifcopenshell/api/constraint/__init__.py'
adding 'ifcopenshell/api/constraint/add_metric.py'
adding 'ifcopenshell/api/constraint/add_metric_reference.py'
adding 'ifcopenshell/api/constraint/add_objective.py'
adding 'ifcopenshell/api/constraint/assign_constraint.py'
adding 'ifcopenshell/api/constraint/edit_metric.py'
adding 'ifcopenshell/api/constraint/edit_objective.py'
adding 'ifcopenshell/api/constraint/remove_constraint.py'
adding 'ifcopenshell/api/constraint/remove_metric.py'
adding 'ifcopenshell/api/constraint/unassign_constraint.py'
adding 'ifcopenshell/api/context/__init__.py'
adding 'ifcopenshell/api/context/add_context.py'
adding 'ifcopenshell/api/context/edit_context.py'
adding 'ifcopenshell/api/context/remove_context.py'
adding 'ifcopenshell/api/control/__init__.py'
adding 'ifcopenshell/api/control/assign_control.py'
adding 'ifcopenshell/api/control/unassign_control.py'
adding 'ifcopenshell/api/cost/__init__.py'
adding 'ifcopenshell/api/cost/add_cost_item.py'
adding 'ifcopenshell/api/cost/add_cost_item_quantity.py'
adding 'ifcopenshell/api/cost/add_cost_schedule.py'
adding 'ifcopenshell/api/cost/add_cost_value.py'
adding 'ifcopenshell/api/cost/assign_cost_item_quantity.py'
adding 'ifcopenshell/api/cost/assign_cost_value.py'
adding 'ifcopenshell/api/cost/calculate_cost_item_resource_value.py'
adding 'ifcopenshell/api/cost/copy_cost_item.py'
adding 'ifcopenshell/api/cost/copy_cost_item_values.py'
adding 'ifcopenshell/api/cost/copy_cost_schedule.py'
adding 'ifcopenshell/api/cost/edit_cost_item.py'
adding 'ifcopenshell/api/cost/edit_cost_item_quantity.py'
adding 'ifcopenshell/api/cost/edit_cost_schedule.py'
adding 'ifcopenshell/api/cost/edit_cost_value.py'
adding 'ifcopenshell/api/cost/edit_cost_value_formula.py'
adding 'ifcopenshell/api/cost/remove_cost_item.py'
adding 'ifcopenshell/api/cost/remove_cost_item_quantity.py'
adding 'ifcopenshell/api/cost/remove_cost_schedule.py'
adding 'ifcopenshell/api/cost/remove_cost_value.py'
adding 'ifcopenshell/api/cost/unassign_cost_item_quantity.py'
adding 'ifcopenshell/api/document/__init__.py'
adding 'ifcopenshell/api/document/add_information.py'
adding 'ifcopenshell/api/document/add_reference.py'
adding 'ifcopenshell/api/document/assign_document.py'
adding 'ifcopenshell/api/document/edit_information.py'
adding 'ifcopenshell/api/document/edit_reference.py'
adding 'ifcopenshell/api/document/remove_information.py'
adding 'ifcopenshell/api/document/remove_reference.py'
adding 'ifcopenshell/api/document/unassign_document.py'
adding 'ifcopenshell/api/drawing/__init__.py'
adding 'ifcopenshell/api/drawing/assign_product.py'
adding 'ifcopenshell/api/drawing/edit_text_literal.py'
adding 'ifcopenshell/api/drawing/unassign_product.py'
adding 'ifcopenshell/api/feature/__init__.py'
adding 'ifcopenshell/api/feature/add_feature.py'
adding 'ifcopenshell/api/feature/add_filling.py'
adding 'ifcopenshell/api/feature/remove_feature.py'
adding 'ifcopenshell/api/feature/remove_filling.py'
adding 'ifcopenshell/api/geometry/__init__.py'
adding 'ifcopenshell/api/geometry/add_axis_representation.py'
adding 'ifcopenshell/api/geometry/add_boolean.py'
adding 'ifcopenshell/api/geometry/add_door_representation.py'
adding 'ifcopenshell/api/geometry/add_footprint_representation.py'
adding 'ifcopenshell/api/geometry/add_mesh_representation.py'
adding 'ifcopenshell/api/geometry/add_profile_representation.py'
adding 'ifcopenshell/api/geometry/add_railing_representation.py'
adding 'ifcopenshell/api/geometry/add_representation.py'
adding 'ifcopenshell/api/geometry/add_shape_aspect.py'
adding 'ifcopenshell/api/geometry/add_slab_representation.py'
adding 'ifcopenshell/api/geometry/add_wall_representation.py'
adding 'ifcopenshell/api/geometry/add_window_representation.py'
adding 'ifcopenshell/api/geometry/assign_representation.py'
adding 'ifcopenshell/api/geometry/connect_element.py'
adding 'ifcopenshell/api/geometry/connect_path.py'
adding 'ifcopenshell/api/geometry/connect_wall.py'
adding 'ifcopenshell/api/geometry/create_2pt_wall.py'
adding 'ifcopenshell/api/geometry/disconnect_element.py'
adding 'ifcopenshell/api/geometry/disconnect_path.py'
adding 'ifcopenshell/api/geometry/edit_object_placement.py'
adding 'ifcopenshell/api/geometry/map_representation.py'
adding 'ifcopenshell/api/geometry/regenerate_wall_representation.py'
adding 'ifcopenshell/api/geometry/remove_boolean.py'
adding 'ifcopenshell/api/geometry/remove_representation.py'
adding 'ifcopenshell/api/geometry/unassign_representation.py'
adding 'ifcopenshell/api/geometry/validate_type.py'
adding 'ifcopenshell/api/georeference/__init__.py'
adding 'ifcopenshell/api/georeference/add_georeferencing.py'
adding 'ifcopenshell/api/georeference/edit_georeferencing.py'
adding 'ifcopenshell/api/georeference/edit_true_north.py'
adding 'ifcopenshell/api/georeference/edit_wcs.py'
adding 'ifcopenshell/api/georeference/remove_georeferencing.py'
adding 'ifcopenshell/api/grid/__init__.py'
adding 'ifcopenshell/api/grid/create_axis_curve.py'
adding 'ifcopenshell/api/grid/create_grid_axis.py'
adding 'ifcopenshell/api/grid/remove_grid_axis.py'
adding 'ifcopenshell/api/group/__init__.py'
adding 'ifcopenshell/api/group/add_group.py'
adding 'ifcopenshell/api/group/assign_group.py'
adding 'ifcopenshell/api/group/edit_group.py'
adding 'ifcopenshell/api/group/remove_group.py'
adding 'ifcopenshell/api/group/unassign_group.py'
adding 'ifcopenshell/api/group/update_group_products.py'
adding 'ifcopenshell/api/layer/__init__.py'
adding 'ifcopenshell/api/layer/add_layer.py'
adding 'ifcopenshell/api/layer/add_layer_with_style.py'
adding 'ifcopenshell/api/layer/assign_layer.py'
adding 'ifcopenshell/api/layer/edit_layer.py'
adding 'ifcopenshell/api/layer/remove_layer.py'
adding 'ifcopenshell/api/layer/unassign_layer.py'
adding 'ifcopenshell/api/library/__init__.py'
adding 'ifcopenshell/api/library/add_library.py'
adding 'ifcopenshell/api/library/add_reference.py'
adding 'ifcopenshell/api/library/assign_reference.py'
adding 'ifcopenshell/api/library/edit_library.py'
adding 'ifcopenshell/api/library/edit_reference.py'
adding 'ifcopenshell/api/library/remove_library.py'
adding 'ifcopenshell/api/library/remove_reference.py'
adding 'ifcopenshell/api/library/unassign_reference.py'
adding 'ifcopenshell/api/material/__init__.py'
adding 'ifcopenshell/api/material/add_constituent.py'
adding 'ifcopenshell/api/material/add_layer.py'
adding 'ifcopenshell/api/material/add_list_item.py'
adding 'ifcopenshell/api/material/add_material.py'
adding 'ifcopenshell/api/material/add_material_set.py'
adding 'ifcopenshell/api/material/add_profile.py'
adding 'ifcopenshell/api/material/assign_material.py'
adding 'ifcopenshell/api/material/assign_profile.py'
adding 'ifcopenshell/api/material/copy_material.py'
adding 'ifcopenshell/api/material/edit_assigned_material.py'
adding 'ifcopenshell/api/material/edit_constituent.py'
adding 'ifcopenshell/api/material/edit_layer.py'
adding 'ifcopenshell/api/material/edit_layer_usage.py'
adding 'ifcopenshell/api/material/edit_material.py'
adding 'ifcopenshell/api/material/edit_profile.py'
adding 'ifcopenshell/api/material/edit_profile_usage.py'
adding 'ifcopenshell/api/material/remove_constituent.py'
adding 'ifcopenshell/api/material/remove_layer.py'
adding 'ifcopenshell/api/material/remove_list_item.py'
adding 'ifcopenshell/api/material/remove_material.py'
adding 'ifcopenshell/api/material/remove_material_set.py'
adding 'ifcopenshell/api/material/remove_profile.py'
adding 'ifcopenshell/api/material/reorder_set_item.py'
adding 'ifcopenshell/api/material/set_shape_aspect_constituents.py'
adding 'ifcopenshell/api/material/unassign_material.py'
adding 'ifcopenshell/api/nest/__init__.py'
adding 'ifcopenshell/api/nest/assign_object.py'
adding 'ifcopenshell/api/nest/change_nest.py'
adding 'ifcopenshell/api/nest/reorder_nesting.py'
adding 'ifcopenshell/api/nest/unassign_object.py'
adding 'ifcopenshell/api/owner/__init__.py'
adding 'ifcopenshell/api/owner/add_actor.py'
adding 'ifcopenshell/api/owner/add_address.py'
adding 'ifcopenshell/api/owner/add_application.py'
adding 'ifcopenshell/api/owner/add_organisation.py'
adding 'ifcopenshell/api/owner/add_person.py'
adding 'ifcopenshell/api/owner/add_person_and_organisation.py'
adding 'ifcopenshell/api/owner/add_role.py'
adding 'ifcopenshell/api/owner/assign_actor.py'
adding 'ifcopenshell/api/owner/create_owner_history.py'
adding 'ifcopenshell/api/owner/edit_actor.py'
adding 'ifcopenshell/api/owner/edit_address.py'
adding 'ifcopenshell/api/owner/edit_application.py'
adding 'ifcopenshell/api/owner/edit_organisation.py'
adding 'ifcopenshell/api/owner/edit_person.py'
adding 'ifcopenshell/api/owner/edit_role.py'
adding 'ifcopenshell/api/owner/remove_actor.py'
adding 'ifcopenshell/api/owner/remove_address.py'
adding 'ifcopenshell/api/owner/remove_application.py'
adding 'ifcopenshell/api/owner/remove_organisation.py'
adding 'ifcopenshell/api/owner/remove_person.py'
adding 'ifcopenshell/api/owner/remove_person_and_organisation.py'
adding 'ifcopenshell/api/owner/remove_role.py'
adding 'ifcopenshell/api/owner/settings.py'
adding 'ifcopenshell/api/owner/unassign_actor.py'
adding 'ifcopenshell/api/owner/update_owner_history.py'
adding 'ifcopenshell/api/profile/__init__.py'
adding 'ifcopenshell/api/profile/add_arbitrary_profile.py'
adding 'ifcopenshell/api/profile/add_arbitrary_profile_with_voids.py'
adding 'ifcopenshell/api/profile/add_parameterized_profile.py'
adding 'ifcopenshell/api/profile/copy_profile.py'
adding 'ifcopenshell/api/profile/edit_profile.py'
adding 'ifcopenshell/api/profile/remove_profile.py'
adding 'ifcopenshell/api/project/__init__.py'
adding 'ifcopenshell/api/project/append_asset.py'
adding 'ifcopenshell/api/project/assign_declaration.py'
adding 'ifcopenshell/api/project/create_file.py'
adding 'ifcopenshell/api/project/unassign_declaration.py'
adding 'ifcopenshell/api/pset/__init__.py'
adding 'ifcopenshell/api/pset/add_pset.py'
adding 'ifcopenshell/api/pset/add_qto.py'
adding 'ifcopenshell/api/pset/assign_pset.py'
adding 'ifcopenshell/api/pset/edit_pset.py'
adding 'ifcopenshell/api/pset/edit_qto.py'
adding 'ifcopenshell/api/pset/remove_pset.py'
adding 'ifcopenshell/api/pset/unassign_pset.py'
adding 'ifcopenshell/api/pset/unshare_pset.py'
adding 'ifcopenshell/api/pset_template/__init__.py'
adding 'ifcopenshell/api/pset_template/add_prop_template.py'
adding 'ifcopenshell/api/pset_template/add_pset_template.py'
adding 'ifcopenshell/api/pset_template/edit_prop_template.py'
adding 'ifcopenshell/api/pset_template/edit_pset_template.py'
adding 'ifcopenshell/api/pset_template/remove_prop_template.py'
adding 'ifcopenshell/api/pset_template/remove_pset_template.py'
adding 'ifcopenshell/api/resource/__init__.py'
adding 'ifcopenshell/api/resource/add_resource.py'
adding 'ifcopenshell/api/resource/add_resource_quantity.py'
adding 'ifcopenshell/api/resource/add_resource_time.py'
adding 'ifcopenshell/api/resource/assign_resource.py'
adding 'ifcopenshell/api/resource/calculate_resource_usage.py'
adding 'ifcopenshell/api/resource/calculate_resource_work.py'
adding 'ifcopenshell/api/resource/edit_resource.py'
adding 'ifcopenshell/api/resource/edit_resource_quantity.py'
adding 'ifcopenshell/api/resource/edit_resource_time.py'
adding 'ifcopenshell/api/resource/remove_resource.py'
adding 'ifcopenshell/api/resource/remove_resource_quantity.py'
adding 'ifcopenshell/api/resource/unassign_resource.py'
adding 'ifcopenshell/api/root/__init__.py'
adding 'ifcopenshell/api/root/copy_class.py'
adding 'ifcopenshell/api/root/create_entity.py'
adding 'ifcopenshell/api/root/reassign_class.py'
adding 'ifcopenshell/api/root/remove_product.py'
adding 'ifcopenshell/api/sequence/__init__.py'
adding 'ifcopenshell/api/sequence/add_date_time.py'
adding 'ifcopenshell/api/sequence/add_task.py'
adding 'ifcopenshell/api/sequence/add_task_time.py'
adding 'ifcopenshell/api/sequence/add_time_period.py'
adding 'ifcopenshell/api/sequence/add_work_calendar.py'
adding 'ifcopenshell/api/sequence/add_work_plan.py'
adding 'ifcopenshell/api/sequence/add_work_schedule.py'
adding 'ifcopenshell/api/sequence/add_work_time.py'
adding 'ifcopenshell/api/sequence/assign_lag_time.py'
adding 'ifcopenshell/api/sequence/assign_process.py'
adding 'ifcopenshell/api/sequence/assign_product.py'
adding 'ifcopenshell/api/sequence/assign_recurrence_pattern.py'
adding 'ifcopenshell/api/sequence/assign_sequence.py'
adding 'ifcopenshell/api/sequence/assign_work_plan.py'
adding 'ifcopenshell/api/sequence/calculate_task_duration.py'
adding 'ifcopenshell/api/sequence/cascade_schedule.py'
adding 'ifcopenshell/api/sequence/copy_work_schedule.py'
adding 'ifcopenshell/api/sequence/create_baseline.py'
adding 'ifcopenshell/api/sequence/duplicate_task.py'
adding 'ifcopenshell/api/sequence/edit_lag_time.py'
adding 'ifcopenshell/api/sequence/edit_recurrence_pattern.py'
adding 'ifcopenshell/api/sequence/edit_sequence.py'
adding 'ifcopenshell/api/sequence/edit_task.py'
adding 'ifcopenshell/api/sequence/edit_task_time.py'
adding 'ifcopenshell/api/sequence/edit_work_calendar.py'
adding 'ifcopenshell/api/sequence/edit_work_plan.py'
adding 'ifcopenshell/api/sequence/edit_work_schedule.py'
adding 'ifcopenshell/api/sequence/edit_work_time.py'
adding 'ifcopenshell/api/sequence/recalculate_schedule.py'
adding 'ifcopenshell/api/sequence/remove_task.py'
adding 'ifcopenshell/api/sequence/remove_time_period.py'
adding 'ifcopenshell/api/sequence/remove_work_calendar.py'
adding 'ifcopenshell/api/sequence/remove_work_plan.py'
adding 'ifcopenshell/api/sequence/remove_work_schedule.py'
adding 'ifcopenshell/api/sequence/remove_work_time.py'
adding 'ifcopenshell/api/sequence/unassign_lag_time.py'
adding 'ifcopenshell/api/sequence/unassign_process.py'
adding 'ifcopenshell/api/sequence/unassign_product.py'
adding 'ifcopenshell/api/sequence/unassign_recurrence_pattern.py'
adding 'ifcopenshell/api/sequence/unassign_sequence.py'
adding 'ifcopenshell/api/spatial/__init__.py'
adding 'ifcopenshell/api/spatial/assign_container.py'
adding 'ifcopenshell/api/spatial/dereference_structure.py'
adding 'ifcopenshell/api/spatial/reference_structure.py'
adding 'ifcopenshell/api/spatial/unassign_container.py'
adding 'ifcopenshell/api/structural/__init__.py'
adding 'ifcopenshell/api/structural/add_structural_activity.py'
adding 'ifcopenshell/api/structural/add_structural_analysis_model.py'
adding 'ifcopenshell/api/structural/add_structural_boundary_condition.py'
adding 'ifcopenshell/api/structural/add_structural_load.py'
adding 'ifcopenshell/api/structural/add_structural_load_case.py'
adding 'ifcopenshell/api/structural/add_structural_load_group.py'
adding 'ifcopenshell/api/structural/add_structural_member_connection.py'
adding 'ifcopenshell/api/structural/assign_structural_analysis_model.py'
adding 'ifcopenshell/api/structural/edit_structural_analysis_model.py'
adding 'ifcopenshell/api/structural/edit_structural_boundary_condition.py'
adding 'ifcopenshell/api/structural/edit_structural_connection_cs.py'
adding 'ifcopenshell/api/structural/edit_structural_item_axis.py'
adding 'ifcopenshell/api/structural/edit_structural_load.py'
adding 'ifcopenshell/api/structural/edit_structural_load_case.py'
adding 'ifcopenshell/api/structural/remove_structural_analysis_model.py'
adding 'ifcopenshell/api/structural/remove_structural_boundary_condition.py'
adding 'ifcopenshell/api/structural/remove_structural_connection_condition.py'
adding 'ifcopenshell/api/structural/remove_structural_load.py'
adding 'ifcopenshell/api/structural/remove_structural_load_case.py'
adding 'ifcopenshell/api/structural/remove_structural_load_group.py'
adding 'ifcopenshell/api/structural/unassign_structural_analysis_model.py'
adding 'ifcopenshell/api/style/__init__.py'
adding 'ifcopenshell/api/style/add_style.py'
adding 'ifcopenshell/api/style/add_surface_style.py'
adding 'ifcopenshell/api/style/add_surface_textures.py'
adding 'ifcopenshell/api/style/assign_item_style.py'
adding 'ifcopenshell/api/style/assign_material_style.py'
adding 'ifcopenshell/api/style/assign_representation_styles.py'
adding 'ifcopenshell/api/style/edit_presentation_style.py'
adding 'ifcopenshell/api/style/edit_surface_style.py'
adding 'ifcopenshell/api/style/remove_style.py'
adding 'ifcopenshell/api/style/remove_styled_representation.py'
adding 'ifcopenshell/api/style/remove_surface_style.py'
adding 'ifcopenshell/api/style/unassign_material_style.py'
adding 'ifcopenshell/api/style/unassign_representation_styles.py'
adding 'ifcopenshell/api/system/__init__.py'
adding 'ifcopenshell/api/system/add_port.py'
adding 'ifcopenshell/api/system/add_system.py'
adding 'ifcopenshell/api/system/assign_flow_control.py'
adding 'ifcopenshell/api/system/assign_port.py'
adding 'ifcopenshell/api/system/assign_system.py'
adding 'ifcopenshell/api/system/connect_port.py'
adding 'ifcopenshell/api/system/disconnect_port.py'
adding 'ifcopenshell/api/system/edit_system.py'
adding 'ifcopenshell/api/system/remove_system.py'
adding 'ifcopenshell/api/system/unassign_flow_control.py'
adding 'ifcopenshell/api/system/unassign_port.py'
adding 'ifcopenshell/api/system/unassign_system.py'
adding 'ifcopenshell/api/type/__init__.py'
adding 'ifcopenshell/api/type/assign_type.py'
adding 'ifcopenshell/api/type/map_type_representations.py'
adding 'ifcopenshell/api/type/unassign_type.py'
adding 'ifcopenshell/api/unit/__init__.py'
adding 'ifcopenshell/api/unit/add_context_dependent_unit.py'
adding 'ifcopenshell/api/unit/add_conversion_based_unit.py'
adding 'ifcopenshell/api/unit/add_derived_unit.py'
adding 'ifcopenshell/api/unit/add_monetary_unit.py'
adding 'ifcopenshell/api/unit/add_si_unit.py'
adding 'ifcopenshell/api/unit/assign_unit.py'
adding 'ifcopenshell/api/unit/edit_derived_unit.py'
adding 'ifcopenshell/api/unit/edit_monetary_unit.py'
adding 'ifcopenshell/api/unit/edit_named_unit.py'
adding 'ifcopenshell/api/unit/remove_unit.py'
adding 'ifcopenshell/api/unit/unassign_unit.py'
adding 'ifcopenshell/express/DocAttribute.csv'
adding 'ifcopenshell/express/DocDefined.csv'
adding 'ifcopenshell/express/DocEntity.csv'
adding 'ifcopenshell/express/DocEntityAttributes.csv'
adding 'ifcopenshell/express/DocEnumeration.csv'
adding 'ifcopenshell/express/DocSelect.csv'
adding 'ifcopenshell/express/README.md'
adding 'ifcopenshell/express/__init__.py'
adding 'ifcopenshell/express/bootstrap.py'
adding 'ifcopenshell/express/cat.py'
adding 'ifcopenshell/express/codegen.py'
adding 'ifcopenshell/express/definitions.py'
adding 'ifcopenshell/express/documentation.py'
adding 'ifcopenshell/express/express.bnf'
adding 'ifcopenshell/express/express_parser.py'
adding 'ifcopenshell/express/header.py'
adding 'ifcopenshell/express/header_schema.exp'
adding 'ifcopenshell/express/implementation.py'
adding 'ifcopenshell/express/mapping.py'
adding 'ifcopenshell/express/nodes.py'
adding 'ifcopenshell/express/rule_compiler.py'
adding 'ifcopenshell/express/rule_executor.py'
adding 'ifcopenshell/express/run.bat'
adding 'ifcopenshell/express/schema.py'
adding 'ifcopenshell/express/schema_class.py'
adding 'ifcopenshell/express/templates.py'
adding 'ifcopenshell/express/rules/IFC2X3.py'
adding 'ifcopenshell/express/rules/IFC4.py'
adding 'ifcopenshell/express/rules/IFC4X1.py'
adding 'ifcopenshell/express/rules/IFC4X2.py'
adding 'ifcopenshell/express/rules/IFC4X3.py'
adding 'ifcopenshell/express/rules/IFC4X3_ADD1.py'
adding 'ifcopenshell/express/rules/IFC4X3_ADD2.py'
adding 'ifcopenshell/express/rules/IFC4X3_RC1.py'
adding 'ifcopenshell/express/rules/IFC4X3_RC2.py'
adding 'ifcopenshell/express/rules/IFC4X3_RC3.py'
adding 'ifcopenshell/express/rules/IFC4X3_RC4.py'
adding 'ifcopenshell/express/rules/IFC4X3_TC1.py'
adding 'ifcopenshell/express/rules/__init__.py'
adding 'ifcopenshell/express/txt/endif.txt'
adding 'ifcopenshell/express/txt/header_ifc2x3.txt'
adding 'ifcopenshell/express/txt/header_ifc4.txt'
adding 'ifcopenshell/express/txt/header_ifc4x1.txt'
adding 'ifcopenshell/express/txt/header_ifc4x2.txt'
adding 'ifcopenshell/express/txt/header_ifc4x3_add1.txt'
adding 'ifcopenshell/express/txt/header_ifc4x3_add2.txt'
adding 'ifcopenshell/express/txt/header_ifc4x3_rc1.txt'
adding 'ifcopenshell/express/txt/header_ifc4x3_rc2.txt'
adding 'ifcopenshell/express/txt/header_ifc4x3_tc1.txt'
adding 'ifcopenshell/express/txt/ifdef_ifc4.txt'
adding 'ifcopenshell/express/txt/ifdef_ifc4x1.txt'
adding 'ifcopenshell/express/txt/ifndef_ifc4.txt'
adding 'ifcopenshell/express/txt/ifndef_ifc4x1 - Copy.txt'
adding 'ifcopenshell/express/txt/ifndef_ifc4x1.txt'
adding 'ifcopenshell/geom/__init__.py'
adding 'ifcopenshell/geom/app.py'
adding 'ifcopenshell/geom/code_editor_pane.py'
adding 'ifcopenshell/geom/main.py'
adding 'ifcopenshell/geom/occ_utils.py'
adding 'ifcopenshell/geom/stats.py'
adding 'ifcopenshell/mvd/.gitignore'
adding 'ifcopenshell/mvd/LICENSE'
adding 'ifcopenshell/mvd/README.md'
adding 'ifcopenshell/mvd/__init__.py'
adding 'ifcopenshell/mvd/__main__.py'
adding 'ifcopenshell/mvd/mvd.py'
adding 'ifcopenshell/mvd/mvdxml_expression.py'
adding 'ifcopenshell/mvd/sparql.py'
adding 'ifcopenshell/mvd/mvd_examples/Example-CV100.mvdxml'
adding 'ifcopenshell/mvd/mvd_examples/Example-CV104.mvdxml'
adding 'ifcopenshell/mvd/mvd_examples/Example-CV106.mvdxml'
adding 'ifcopenshell/mvd/mvd_examples/building.mvdxml'
adding 'ifcopenshell/mvd/mvd_examples/wall_extraction.mvdxml'
adding 'ifcopenshell/mvd/mvd_examples/xset.mvdxml'
adding 'ifcopenshell/mvd/mvd_examples/officials/ReferenceView_V1-2.mvdxml'
adding 'ifcopenshell/native-notices/BOOST_LICENSE_1_0.txt'
adding 'ifcopenshell/native-notices/EIGEN_COPYING.MPL2'
adding 'ifcopenshell/native-notices/IFCOPENSHELL_COPYING'
adding 'ifcopenshell/native-notices/IFCOPENSHELL_COPYING.LESSER'
adding 'ifcopenshell/native-notices/OCCT_LGPL_EXCEPTION.txt'
adding 'ifcopenshell/native-notices/OCCT_LICENSE_LGPL_21.txt'
adding 'ifcopenshell/simple_spf/.gitignore'
adding 'ifcopenshell/simple_spf/LICENSE'
adding 'ifcopenshell/simple_spf/README.md'
adding 'ifcopenshell/simple_spf/__init__.py'
adding 'ifcopenshell/simple_spf/__main__.py'
adding 'ifcopenshell/simple_spf/ifcgraph.py'
adding 'ifcopenshell/simple_spf/requirements.in'
adding 'ifcopenshell/simple_spf/test_parser.py'
adding 'ifcopenshell/simple_spf/.github/workflows/ci.yaml'
adding 'ifcopenshell/simple_spf/fixtures/extended_mvd.ifc'
adding 'ifcopenshell/simple_spf/fixtures/fail_double_comma.ifc'
adding 'ifcopenshell/simple_spf/fixtures/fail_double_semi.ifc'
adding 'ifcopenshell/simple_spf/fixtures/fail_duplicate_id.ifc'
adding 'ifcopenshell/simple_spf/fixtures/fail_invalid_header_entity.ifc'
adding 'ifcopenshell/simple_spf/fixtures/fail_multiple_duplicate_ids.ifc'
adding 'ifcopenshell/simple_spf/fixtures/fail_multiple_wrong_header_fields.ifc'
adding 'ifcopenshell/simple_spf/fixtures/fail_no_header.ifc'
adding 'ifcopenshell/simple_spf/fixtures/fail_reverse_string.ifc'
adding 'ifcopenshell/simple_spf/fixtures/fail_too_many_header_entity_fields.ifc'
adding 'ifcopenshell/simple_spf/fixtures/fail_utf_encoding.ifc'
adding 'ifcopenshell/simple_spf/fixtures/pass_1.ifc'
adding 'ifcopenshell/simple_spf/fixtures/pass_double_reverse.ifc'
adding 'ifcopenshell/simple_spf/fixtures/pass_page_encoding.ifc'
adding 'ifcopenshell/simple_spf/fixtures/pass_reverse_comment.ifc'
adding 'ifcopenshell/simple_spf/fixtures/passing_header.ifc'
adding 'ifcopenshell/simple_spf/parser/__init__.py'
adding 'ifcopenshell/simple_spf/parser/errors.py'
adding 'ifcopenshell/simple_spf/parser/file.py'
adding 'ifcopenshell/simple_spf/parser/grammar.py'
adding 'ifcopenshell/simple_spf/parser/mvd_info.py'
adding 'ifcopenshell/simple_spf/parser/parse.py'
adding 'ifcopenshell/simple_spf/parser/transformer.py'
adding 'ifcopenshell/util/__init__.py'
adding 'ifcopenshell/util/alignment.py'
adding 'ifcopenshell/util/attribute.py'
adding 'ifcopenshell/util/attribute_4_to_2x3.json'
adding 'ifcopenshell/util/attribute_4x3_to_4.json'
adding 'ifcopenshell/util/brick.py'
adding 'ifcopenshell/util/class_2x3_to_4.json'
adding 'ifcopenshell/util/class_4_to_2x3.json'
adding 'ifcopenshell/util/classification.py'
adding 'ifcopenshell/util/constraint.py'
adding 'ifcopenshell/util/cost.py'
adding 'ifcopenshell/util/data.py'
adding 'ifcopenshell/util/date.py'
adding 'ifcopenshell/util/doc.py'
adding 'ifcopenshell/util/element.py'
adding 'ifcopenshell/util/entity_to_type_map_2x3.json'
adding 'ifcopenshell/util/entity_to_type_map_4.json'
adding 'ifcopenshell/util/entity_to_type_map_4x3.json'
adding 'ifcopenshell/util/file.py'
adding 'ifcopenshell/util/fm.py'
adding 'ifcopenshell/util/generate_pset_templates.py'
adding 'ifcopenshell/util/geolocation.py'
adding 'ifcopenshell/util/ifc4_to_brick.json'
adding 'ifcopenshell/util/ifc4x3dev_scrape_data_for_docs.py'
adding 'ifcopenshell/util/mvd_info.py'
adding 'ifcopenshell/util/placement.py'
adding 'ifcopenshell/util/profiler.py'
adding 'ifcopenshell/util/pset.py'
adding 'ifcopenshell/util/representation.py'
adding 'ifcopenshell/util/resource.py'
adding 'ifcopenshell/util/schema.py'
adding 'ifcopenshell/util/selector.py'
adding 'ifcopenshell/util/sequence.py'
adding 'ifcopenshell/util/shape.py'
adding 'ifcopenshell/util/shape_builder.py'
adding 'ifcopenshell/util/system.py'
adding 'ifcopenshell/util/type.py'
adding 'ifcopenshell/util/unit.py'
adding 'ifcopenshell/util/schema/Pset_IFC2X3.ifc'
adding 'ifcopenshell/util/schema/Pset_IFC4X3.ifc'
adding 'ifcopenshell/util/schema/Pset_IFC4_ADD2.ifc'
adding 'ifcopenshell/util/schema/ifc2x3_entities.json'
adding 'ifcopenshell/util/schema/ifc2x3_properties.json'
adding 'ifcopenshell/util/schema/ifc2x3_property_sets_site_domains.json'
adding 'ifcopenshell/util/schema/ifc2x3_types.json'
adding 'ifcopenshell/util/schema/ifc4_entities.json'
adding 'ifcopenshell/util/schema/ifc4_properties.json'
adding 'ifcopenshell/util/schema/ifc4_property_sets_site_domains.json'
adding 'ifcopenshell/util/schema/ifc4_types.json'
adding 'ifcopenshell/util/schema/ifc4x3_entities.json'
adding 'ifcopenshell/util/schema/ifc4x3_properties.json'
adding 'ifcopenshell/util/schema/ifc4x3_types.json'
adding 'ifcopenshell/util/schema/ifc_classes_suggestions.json'
adding 'ifcopenshell/util/scripts/validate_stub.py'
adding 'ifcopenshell-0.8.5+oma.nocgal.1c5b825.b398b43db6952d07645d4fbea2c23c73cb83696369871e22880b85a8c35bfd875.dist-info/METADATA'
adding 'ifcopenshell-0.8.5+oma.nocgal.1c5b825.b398b43db6952d07645d4fbea2c23c73cb83696369871e22880b85a8c35bfd875.dist-info/WHEEL'
adding 'ifcopenshell-0.8.5+oma.nocgal.1c5b825.b398b43db6952d07645d4fbea2c23c73cb83696369871e22880b85a8c35bfd875.dist-info/top_level.txt'
adding 'ifcopenshell-0.8.5+oma.nocgal.1c5b825.b398b43db6952d07645d4fbea2c23c73cb83696369871e22880b85a8c35bfd875.dist-info/RECORD'
removing build\bdist.win-amd64\wheel
