-- Install configuration: "Release"
-- Installing: C:/Users/Davi/Downloads/oma/.release/native-build/sdk/occt/LICENSE_LGPL_21.txt
-- Installing: C:/Users/Davi/Downloads/oma/.release/native-build/sdk/occt/OCCT_LGPL_EXCEPTION.txt
-- Installing: C:/Users/Davi/Downloads/oma/.release/native-build/sdk/occt/inc/FSD_BStream.hxx
-- Installing: C:/Users/Davi/Downloads/oma/.release/native-build/sdk/occt/inc/FSD_Base64.hxx
-- Installing: C:/Users/Davi/Downloads/oma/.release/native-build/sdk/occt/inc/FSD_BinaryFile.hxx
-- Installing: C:/Users/Davi/Downloads/oma/.release/native-build/sdk/occt/inc/FSD_CmpFile.hxx
-- Installing: C:/Users/Davi/Downloads/oma/.release/native-build/sdk/occt/inc/FSD_FStream.hxx
-- Installing: C:/Users/Davi/Downloads/oma/.release/native-build/sdk/occt/inc/FSD_File.hxx
-- Installing: C:/Users/Davi/Downloads/oma/.release/native-build/sdk/occt/inc/FSD_FileHeader.hxx
-- Installing: C:/Users/Davi/Downloads/oma/.release/native-build/sdk/occt/inc/OSD.hxx
-- Installing: C:/Users/Davi/Downloads/oma/.release/native-build/sdk/occt/inc/OSD_CachedFileSystem.hxx
-- Installing: C:/Users/Davi/Downloads/oma/.release/native-build/sdk/occt/inc/OSD_Chronometer.hxx
-- Installing: C:/Users/Davi/Downloads/oma/.release/native-build/sdk/occt/inc/OSD_Directory.hxx
-- Installing: C:/Users/Davi/Downloads/oma/.release/native-build/sdk/occt/inc/OSD_DirectoryIterator.hxx
-- Installing: C:/Users/Davi/Downloads/oma/.release/native-build/sdk/occt/inc/OSD_Disk.hxx
-- Installing: C:/Users/Davi/Downloads/oma/.release/native-build/sdk/occt/inc/OSD_Environment.hxx
-- Installing: C:/Users/Davi/Downloads/oma/.release/native-build/sdk/occt/inc/OSD_Error.hxx
-- Installing: C:/Users/Davi/Downloads/oma/.release/native-build/sdk/occt/inc/OSD_ErrorList.hxx
-- Installing: C:/Users/Davi/Downloads/oma/.release/native-build/sdk/occt/inc/OSD_Exception.hxx
-- Installing: C:/Users/Davi/Downloads/oma/.release/native-build/sdk/occt/inc/OSD_Exception_ACCESS_VIOLATION.hxx
-- Installing: C:/Users/Davi/Downloads/oma/.release/native-build/sdk/occt/inc/OSD_Exception_ARRAY_BOUNDS_EXCEEDED.hxx
-- Installing: C:/Users/Davi/Downloads/oma/.release/native-build/sdk/occt/inc/OSD_Exception_CTRL_BREAK.hxx
-- Installing: C:/Users/Davi/Downloads/oma/.release/native-build/sdk/occt/inc/OSD_Exception_ILLEGAL_INSTRUCTION.hxx
-- Installing: C:/Users/Davi/Downloads/oma/.release/native-build/sdk/occt/inc/OSD_Exception_INT_OVERFLOW.hxx
-- Installing: C:/Users/Davi/Downloads/oma/.release/native-build/sdk/occt/inc/OSD_Exception_INVALID_DISPOSITION.hxx
-- Installing: C:/Users/Davi/Downloads/oma/.release/native-build/sdk/occt/inc/OSD_Exception_IN_PAGE_ERROR.hxx
-- Installing: C:/Users/Davi/Downloads/oma/.release/native-build/sdk/occt/inc/OSD_Exception_NONCONTINUABLE_EXCEPTION.hxx
-- Installing: C:/Users/Davi/Downloads/oma/.release/native-build/sdk/occt/inc/OSD_Exception_PRIV_INSTRUCTION.hxx
-- Installing: C:/Users/Davi/Downloads/oma/.release/native-build/sdk/occt/inc/OSD_Exception_STACK_OVERFLOW.hxx
-- Installing: C:/Users/Davi/Downloads/oma/.release/native-build/sdk/occt/inc/OSD_Exception_STATUS_NO_MEMORY.hxx
-- Installing: C:/Users/Davi/Downloads/oma/.release/native-build/sdk/occt/inc/OSD_File.hxx
-- Installing: C:/Users/Davi/Downloads/oma/.release/native-build/sdk/occt/inc/OSD_FileIterator.hxx
-- Installing: C:/Users/Davi/Downloads/oma/.release/native-build/sdk/occt/inc/OSD_FileNode.hxx
-- Installing: C:/Users/Davi/Downloads/oma/.release/native-build/sdk/occt/inc/OSD_FileSystem.hxx
-- Installing: C:/Users/Davi/Downloads/oma/.release/native-build/sdk/occt/inc/OSD_FileSystemSelector.hxx
-- Installing: C:/Users/Davi/Downloads/oma/.release/native-build/sdk/occt/inc/OSD_FromWhere.hxx
-- Installing: C:/Users/Davi/Downloads/oma/.release/native-build/sdk/occt/inc/OSD_Function.hxx
-- Installing: C:/Users/Davi/Downloads/oma/.release/native-build/sdk/occt/inc/OSD_Host.hxx
-- Installing: C:/Users/Davi/Downloads/oma/.release/native-build/sdk/occt/inc/OSD_KindFile.hxx
-- Installing: C:/Users/Davi/Downloads/oma/.release/native-build/sdk/occt/inc/OSD_LoadMode.hxx
-- Installing: C:/Users/Davi/Downloads/oma/.release/native-build/sdk/occt/inc/OSD_LocalFileSystem.hxx
-- Installing: C:/Users/Davi/Downloads/oma/.release/native-build/sdk/occt/inc/OSD_LockType.hxx
-- Installing: C:/Users/Davi/Downloads/oma/.release/native-build/sdk/occt/inc/OSD_MAllocHook.hxx
-- Installing: C:/Users/Davi/Downloads/oma/.release/native-build/sdk/occt/inc/OSD_MemInfo.hxx
-- Installing: C:/Users/Davi/Downloads/oma/.release/native-build/sdk/occt/inc/OSD_OEMType.hxx
-- Installing: C:/Users/Davi/Downloads/oma/.release/native-build/sdk/occt/inc/OSD_OSDError.hxx
-- Installing: C:/Users/Davi/Downloads/oma/.release/native-build/sdk/occt/inc/OSD_OpenFile.hxx
-- Installing: C:/Users/Davi/Downloads/oma/.release/native-build/sdk/occt/inc/OSD_OpenMode.hxx
-- Installing: C:/Users/Davi/Downloads/oma/.release/native-build/sdk/occt/inc/OSD_PThread.hxx
-- Installing: C:/Users/Davi/Downloads/oma/.release/native-build/sdk/occt/inc/OSD_Parallel.hxx
-- Installing: C:/Users/Davi/Downloads/oma/.release/native-build/sdk/occt/inc/OSD_Path.hxx
-- Installing: C:/Users/Davi/Downloads/oma/.release/native-build/sdk/occt/inc/OSD_PerfMeter.h
-- Installing: C:/Users/Davi/Downloads/oma/.release/native-build/sdk/occt/inc/OSD_PerfMeter.hxx
-- Installing: C:/Users/Davi/Downloads/oma/.release/native-build/sdk/occt/inc/OSD_Process.hxx
-- Installing: C:/Users/Davi/Downloads/oma/.release/native-build/sdk/occt/inc/OSD_Protection.hxx
-- Installing: C:/Users/Davi/Downloads/oma/.release/native-build/sdk/occt/inc/OSD_SIGBUS.hxx
-- Installing: C:/Users/Davi/Downloads/oma/.release/native-build/sdk/occt/inc/OSD_SIGHUP.hxx
-- Installing: C:/Users/Davi/Downloads/oma/.release/native-build/sdk/occt/inc/OSD_SIGILL.hxx
-- Installing: C:/Users/Davi/Downloads/oma/.release/native-build/sdk/occt/inc/OSD_SIGINT.hxx
-- Installing: C:/Users/Davi/Downloads/oma/.release/native-build/sdk/occt/inc/OSD_SIGKILL.hxx
-- Installing: C:/Users/Davi/Downloads/oma/.release/native-build/sdk/occt/inc/OSD_SIGQUIT.hxx
-- Installing: C:/Users/Davi/Downloads/oma/.release/native-build/sdk/occt/inc/OSD_SIGSEGV.hxx
-- Installing: C:/Users/Davi/Downloads/oma/.release/native-build/sdk/occt/inc/OSD_SIGSYS.hxx
-- Installing: C:/Users/Davi/Downloads/oma/.release/native-build/sdk/occt/inc/OSD_SharedLibrary.hxx
-- Installing: C:/Users/Davi/Downloads/oma/.release/native-build/sdk/occt/inc/OSD_Signal.hxx
-- Installing: C:/Users/Davi/Downloads/oma/.release/native-build/sdk/occt/inc/OSD_SignalMode.hxx
-- Installing: C:/Users/Davi/Downloads/oma/.release/native-build/sdk/occt/inc/OSD_SingleProtection.hxx
-- Installing: C:/Users/Davi/Downloads/oma/.release/native-build/sdk/occt/inc/OSD_StreamBuffer.hxx
-- Installing: C:/Users/Davi/Downloads/oma/.release/native-build/sdk/occt/inc/OSD_SysType.hxx
-- Installing: C:/Users/Davi/Downloads/oma/.release/native-build/sdk/occt/inc/OSD_Thread.hxx
-- Installing: C:/Users/Davi/Downloads/oma/.release/native-build/sdk/occt/inc/OSD_ThreadFunction.hxx
-- Installing: C:/Users/Davi/Downloads/oma/.release/native-build/sdk/occt/inc/OSD_ThreadPool.hxx
-- Installing: C:/Users/Davi/Downloads/oma/.release/native-build/sdk/occt/inc/OSD_Timer.hxx
-- Installing: C:/Users/Davi/Downloads/oma/.release/native-build/sdk/occt/inc/OSD_WNT.hxx
-- Installing: C:/Users/Davi/Downloads/oma/.release/native-build/sdk/occt/inc/OSD_WhoAmI.hxx
-- Installing: C:/Users/Davi/Downloads/oma/.release/native-build/sdk/occt/inc/Plugin.hxx
-- Installing: C:/Users/Davi/Downloads/oma/.release/native-build/sdk/occt/inc/Plugin_DataMapIteratorOfMapOfFunctions.hxx
-- Installing: C:/Users/Davi/Downloads/oma/.release/native-build/sdk/occt/inc/Plugin_Failure.hxx
-- Installing: C:/Users/Davi/Downloads/oma/.release/native-build/sdk/occt/inc/Plugin_Macro.hxx
-- Installing: C:/Users/Davi/Downloads/oma/.release/native-build/sdk/occt/inc/Plugin_MapOfFunctions.hxx
-- Installing: C:/Users/Davi/Downloads/oma/.release/native-build/sdk/occt/inc/Quantity_Array1OfColor.hxx
-- Installing: C:/Users/Davi/Downloads/oma/.release/native-build/sdk/occt/inc/Quantity_Color.hxx
-- Installing: C:/Users/Davi/Downloads/oma/.release/native-build/sdk/occt/inc/Quantity_ColorRGBA.hxx
-- Installing: C:/Users/Davi/Downloads/oma/.release/native-build/sdk/occt/inc/Quantity_Date.hxx
-- Installing: C:/Users/Davi/Downloads/oma/.release/native-build/sdk/occt/inc/Quantity_DateDefinitionError.hxx
-- Installing: C:/Users/Davi/Downloads/oma/.release/native-build/sdk/occt/inc/Quantity_HArray1OfColor.hxx
-- Installing: C:/Users/Davi/Downloads/oma/.release/native-build/sdk/occt/inc/Quantity_NameOfColor.hxx
-- Installing: C:/Users/Davi/Downloads/oma/.release/native-build/sdk/occt/inc/Quantity_Period.hxx
-- Installing: C:/Users/Davi/Downloads/oma/.release/native-build/sdk/occt/inc/Quantity_PeriodDefinitionError.hxx
-- Installing: C:/Users/Davi/Downloads/oma/.release/native-build/sdk/occt/inc/Quantity_TypeOfColor.hxx
-- Installing: C:/Users/Davi/Downloads/oma/.release/native-build/sdk/occt/inc/Resource_ConvertUnicode.hxx
-- Installing: C:/Users/Davi/Downloads/oma/.release/native-build/sdk/occt/inc/Resource_DataMapOfAsciiStringAsciiString.hxx
-- Installing: C:/Users/Davi/Downloads/oma/.release/native-build/sdk/occt/inc/Resource_DataMapOfAsciiStringExtendedString.hxx
-- Installing: C:/Users/Davi/Downloads/oma/.release/native-build/sdk/occt/inc/Resource_FormatType.hxx
-- Installing: C:/Users/Davi/Downloads/oma/.release/native-build/sdk/occt/inc/Resource_LexicalCompare.hxx
-- Installing: C:/Users/Davi/Downloads/oma/.release/native-build/sdk/occt/inc/Resource_Manager.hxx
-- Installing: C:/Users/Davi/Downloads/oma/.release/native-build/sdk/occt/inc/Resource_NoSuchResource.hxx
-- Installing: C:/Users/Davi/Downloads/oma/.release/native-build/sdk/occt/inc/Resource_Unicode.hxx
-- Installing: C:/Users/Davi/Downloads/oma/.release/native-build/sdk/occt/inc/Standard.hxx
-- Installing: C:/Users/Davi/Downloads/oma/.release/native-build/sdk/occt/inc/Standard_AbortiveTransaction.hxx
-- Installing: C:/Users/Davi/Downloads/oma/.release/native-build/sdk/occt/inc/Standard_ArrayStreamBuffer.hxx
-- Installing: C:/Users/Davi/Downloads/oma/.release/native-build/sdk/occt/inc/Standard_Assert.hxx
-- Installing: C:/Users/Davi/Downloads/oma/.release/native-build/sdk/occt/inc/Standard_Atomic.hxx
-- Installing: C:/Users/Davi/Downloads/oma/.release/native-build/sdk/occt/inc/Standard_Boolean.hxx
-- Installing: C:/Users/Davi/Downloads/oma/.release/native-build/sdk/occt/inc/Standard_Byte.hxx
-- Installing: C:/Users/Davi/Downloads/oma/.release/native-build/sdk/occt/inc/Standard_CLocaleSentry.hxx
-- Installing: C:/Users/Davi/Downloads/oma/.release/native-build/sdk/occt/inc/Standard_CString.hxx
-- Installing: C:/Users/Davi/Downloads/oma/.release/native-build/sdk/occt/inc/Standard_CStringHasher.hxx
-- Installing: C:/Users/Davi/Downloads/oma/.release/native-build/sdk/occt/inc/Standard_Character.hxx
-- Installing: C:/Users/Davi/Downloads/oma/.release/native-build/sdk/occt/inc/Standard_Condition.hxx
-- Installing: C:/Users/Davi/Downloads/oma/.release/native-build/sdk/occt/inc/Standard_ConstructionError.hxx
-- Installing: C:/Users/Davi/Downloads/oma/.release/native-build/sdk/occt/inc/Standard_DefineAlloc.hxx
-- Installing: C:/Users/Davi/Downloads/oma/.release/native-build/sdk/occt/inc/Standard_DefineException.hxx
-- Installing: C:/Users/Davi/Downloads/oma/.release/native-build/sdk/occt/inc/Standard_DefineHandle.hxx
-- Installing: C:/Users/Davi/Downloads/oma/.release/native-build/sdk/occt/inc/Standard_DimensionError.hxx
-- Installing: C:/Users/Davi/Downloads/oma/.release/native-build/sdk/occt/inc/Standard_DimensionMismatch.hxx
-- Installing: C:/Users/Davi/Downloads/oma/.release/native-build/sdk/occt/inc/Standard_DivideByZero.hxx
-- Installing: C:/Users/Davi/Downloads/oma/.release/native-build/sdk/occt/inc/Standard_DomainError.hxx
-- Installing: C:/Users/Davi/Downloads/oma/.release/native-build/sdk/occt/inc/Standard_Dump.hxx
-- Installing: C:/Users/Davi/Downloads/oma/.release/native-build/sdk/occt/inc/Standard_ErrorHandler.hxx
-- Installing: C:/Users/Davi/Downloads/oma/.release/native-build/sdk/occt/inc/Standard_ExtCharacter.hxx
-- Installing: C:/Users/Davi/Downloads/oma/.release/native-build/sdk/occt/inc/Standard_Failure.hxx
-- Installing: C:/Users/Davi/Downloads/oma/.release/native-build/sdk/occt/inc/Standard_GUID.hxx
-- Installing: C:/Users/Davi/Downloads/oma/.release/native-build/sdk/occt/inc/Standard_Handle.hxx
-- Installing: C:/Users/Davi/Downloads/oma/.release/native-build/sdk/occt/inc/Standard_HandlerStatus.hxx
-- Installing: C:/Users/Davi/Downloads/oma/.release/native-build/sdk/occt/inc/Standard_HashUtils.hxx
-- Installing: C:/Users/Davi/Downloads/oma/.release/native-build/sdk/occt/inc/Standard_HashUtils.lxx
-- Installing: C:/Users/Davi/Downloads/oma/.release/native-build/sdk/occt/inc/Standard_IStream.hxx
-- Installing: C:/Users/Davi/Downloads/oma/.release/native-build/sdk/occt/inc/Standard_ImmutableObject.hxx
-- Installing: C:/Users/Davi/Downloads/oma/.release/native-build/sdk/occt/inc/Standard_Integer.hxx
-- Installing: C:/Users/Davi/Downloads/oma/.release/native-build/sdk/occt/inc/Standard_JmpBuf.hxx
-- Installing: C:/Users/Davi/Downloads/oma/.release/native-build/sdk/occt/inc/Standard_LicenseError.hxx
-- Installing: C:/Users/Davi/Downloads/oma/.release/native-build/sdk/occt/inc/Standard_LicenseNotFound.hxx
-- Installing: C:/Users/Davi/Downloads/oma/.release/native-build/sdk/occt/inc/Standard_MMgrOpt.hxx
-- Installing: C:/Users/Davi/Downloads/oma/.release/native-build/sdk/occt/inc/Standard_MMgrRoot.hxx
-- Installing: C:/Users/Davi/Downloads/oma/.release/native-build/sdk/occt/inc/Standard_Macro.hxx
-- Installing: C:/Users/Davi/Downloads/oma/.release/native-build/sdk/occt/inc/Standard_MemoryUtils.hxx
-- Installing: C:/Users/Davi/Downloads/oma/.release/native-build/sdk/occt/inc/Standard_MultiplyDefined.hxx
-- Installing: C:/Users/Davi/Downloads/oma/.release/native-build/sdk/occt/inc/Standard_Mutex.hxx
-- Installing: C:/Users/Davi/Downloads/oma/.release/native-build/sdk/occt/inc/Standard_NegativeValue.hxx
-- Installing: C:/Users/Davi/Downloads/oma/.release/native-build/sdk/occt/inc/Standard_NoMoreObject.hxx
-- Installing: C:/Users/Davi/Downloads/oma/.release/native-build/sdk/occt/inc/Standard_NoSuchObject.hxx
-- Installing: C:/Users/Davi/Downloads/oma/.release/native-build/sdk/occt/inc/Standard_NotImplemented.hxx
-- Installing: C:/Users/Davi/Downloads/oma/.release/native-build/sdk/occt/inc/Standard_NullObject.hxx
-- Installing: C:/Users/Davi/Downloads/oma/.release/native-build/sdk/occt/inc/Standard_NullValue.hxx
-- Installing: C:/Users/Davi/Downloads/oma/.release/native-build/sdk/occt/inc/Standard_NumericError.hxx
-- Installing: C:/Users/Davi/Downloads/oma/.release/native-build/sdk/occt/inc/Standard_OStream.hxx
-- Installing: C:/Users/Davi/Downloads/oma/.release/native-build/sdk/occt/inc/Standard_OutOfMemory.hxx
-- Installing: C:/Users/Davi/Downloads/oma/.release/native-build/sdk/occt/inc/Standard_OutOfRange.hxx
-- Installing: C:/Users/Davi/Downloads/oma/.release/native-build/sdk/occt/inc/Standard_Overflow.hxx
-- Installing: C:/Users/Davi/Downloads/oma/.release/native-build/sdk/occt/inc/Standard_PByte.hxx
-- Installing: C:/Users/Davi/Downloads/oma/.release/native-build/sdk/occt/inc/Standard_PCharacter.hxx
-- Installing: C:/Users/Davi/Downloads/oma/.release/native-build/sdk/occt/inc/Standard_PErrorHandler.hxx
-- Installing: C:/Users/Davi/Downloads/oma/.release/native-build/sdk/occt/inc/Standard_PExtCharacter.hxx
-- Installing: C:/Users/Davi/Downloads/oma/.release/native-build/sdk/occt/inc/Standard_Persistent.hxx
-- Installing: C:/Users/Davi/Downloads/oma/.release/native-build/sdk/occt/inc/Standard_PrimitiveTypes.hxx
-- Installing: C:/Users/Davi/Downloads/oma/.release/native-build/sdk/occt/inc/Standard_ProgramError.hxx
-- Installing: C:/Users/Davi/Downloads/oma/.release/native-build/sdk/occt/inc/Standard_RangeError.hxx
-- Installing: C:/Users/Davi/Downloads/oma/.release/native-build/sdk/occt/inc/Standard_ReadBuffer.hxx
-- Installing: C:/Users/Davi/Downloads/oma/.release/native-build/sdk/occt/inc/Standard_ReadLineBuffer.hxx
-- Installing: C:/Users/Davi/Downloads/oma/.release/native-build/sdk/occt/inc/Standard_Real.hxx
-- Installing: C:/Users/Davi/Downloads/oma/.release/native-build/sdk/occt/inc/Standard_SStream.hxx
-- Installing: C:/Users/Davi/Downloads/oma/.release/native-build/sdk/occt/inc/Standard_ShortReal.hxx
-- Installing: C:/Users/Davi/Downloads/oma/.release/native-build/sdk/occt/inc/Standard_Std.hxx
-- Installing: C:/Users/Davi/Downloads/oma/.release/native-build/sdk/occt/inc/Standard_Stream.hxx
-- Installing: C:/Users/Davi/Downloads/oma/.release/native-build/sdk/occt/inc/Standard_ThreadId.hxx
-- Installing: C:/Users/Davi/Downloads/oma/.release/native-build/sdk/occt/inc/Standard_Time.hxx
-- Installing: C:/Users/Davi/Downloads/oma/.release/native-build/sdk/occt/inc/Standard_Transient.hxx
-- Installing: C:/Users/Davi/Downloads/oma/.release/native-build/sdk/occt/inc/Standard_Type.hxx
-- Installing: C:/Users/Davi/Downloads/oma/.release/native-build/sdk/occt/inc/Standard_TypeDef.hxx
-- Installing: C:/Users/Davi/Downloads/oma/.release/native-build/sdk/occt/inc/Standard_TypeMismatch.hxx
-- Installing: C:/Users/Davi/Downloads/oma/.release/native-build/sdk/occt/inc/Standard_UUID.hxx
-- Installing: C:/Users/Davi/Downloads/oma/.release/native-build/sdk/occt/inc/Standard_Underflow.hxx
-- Installing: C:/Users/Davi/Downloads/oma/.release/native-build/sdk/occt/inc/Standard_Version.hxx
-- Installing: C:/Users/Davi/Downloads/oma/.release/native-build/sdk/occt/inc/Standard_WarningDisableFunctionCast.hxx
-- Installing: C:/Users/Davi/Downloads/oma/.release/native-build/sdk/occt/inc/Standard_WarningsDisable.hxx
-- Installing: C:/Users/Davi/Downloads/oma/.release/native-build/sdk/occt/inc/Standard_WarningsRestore.hxx
-- Installing: C:/Users/Davi/Downloads/oma/.release/native-build/sdk/occt/inc/StdFail_InfiniteSolutions.hxx
-- Installing: C:/Users/Davi/Downloads/oma/.release/native-build/sdk/occt/inc/StdFail_NotDone.hxx
-- Installing: C:/Users/Davi/Downloads/oma/.release/native-build/sdk/occt/inc/StdFail_Undefined.hxx
-- Installing: C:/Users/Davi/Downloads/oma/.release/native-build/sdk/occt/inc/StdFail_UndefinedDerivative.hxx
-- Installing: C:/Users/Davi/Downloads/oma/.release/native-build/sdk/occt/inc/StdFail_UndefinedValue.hxx
-- Installing: C:/Users/Davi/Downloads/oma/.release/native-build/sdk/occt/inc/Storage.hxx
-- Installing: C:/Users/Davi/Downloads/oma/.release/native-build/sdk/occt/inc/Storage_ArrayOfCallBack.hxx
-- Installing: C:/Users/Davi/Downloads/oma/.release/native-build/sdk/occt/inc/Storage_ArrayOfSchema.hxx
-- Installing: C:/Users/Davi/Downloads/oma/.release/native-build/sdk/occt/inc/Storage_BaseDriver.hxx
-- Installing: C:/Users/Davi/Downloads/oma/.release/native-build/sdk/occt/inc/Storage_BucketOfPersistent.hxx
-- Installing: C:/Users/Davi/Downloads/oma/.release/native-build/sdk/occt/inc/Storage_CallBack.hxx
-- Installing: C:/Users/Davi/Downloads/oma/.release/native-build/sdk/occt/inc/Storage_Data.hxx
-- Installing: C:/Users/Davi/Downloads/oma/.release/native-build/sdk/occt/inc/Storage_DataMapIteratorOfMapOfCallBack.hxx
-- Installing: C:/Users/Davi/Downloads/oma/.release/native-build/sdk/occt/inc/Storage_DataMapIteratorOfMapOfPers.hxx
-- Installing: C:/Users/Davi/Downloads/oma/.release/native-build/sdk/occt/inc/Storage_DefaultCallBack.hxx
-- Installing: C:/Users/Davi/Downloads/oma/.release/native-build/sdk/occt/inc/Storage_Error.hxx
-- Installing: C:/Users/Davi/Downloads/oma/.release/native-build/sdk/occt/inc/Storage_HArrayOfCallBack.hxx
-- Installing: C:/Users/Davi/Downloads/oma/.release/native-build/sdk/occt/inc/Storage_HArrayOfSchema.hxx
-- Installing: C:/Users/Davi/Downloads/oma/.release/native-build/sdk/occt/inc/Storage_HPArray.hxx
-- Installing: C:/Users/Davi/Downloads/oma/.release/native-build/sdk/occt/inc/Storage_HSeqOfRoot.hxx
-- Installing: C:/Users/Davi/Downloads/oma/.release/native-build/sdk/occt/inc/Storage_HeaderData.hxx
-- Installing: C:/Users/Davi/Downloads/oma/.release/native-build/sdk/occt/inc/Storage_InternalData.hxx
-- Installing: C:/Users/Davi/Downloads/oma/.release/native-build/sdk/occt/inc/Storage_Macros.hxx
-- Installing: C:/Users/Davi/Downloads/oma/.release/native-build/sdk/occt/inc/Storage_MapOfCallBack.hxx
-- Installing: C:/Users/Davi/Downloads/oma/.release/native-build/sdk/occt/inc/Storage_MapOfPers.hxx
-- Installing: C:/Users/Davi/Downloads/oma/.release/native-build/sdk/occt/inc/Storage_OpenMode.hxx
-- Installing: C:/Users/Davi/Downloads/oma/.release/native-build/sdk/occt/inc/Storage_PArray.hxx
-- Installing: C:/Users/Davi/Downloads/oma/.release/native-build/sdk/occt/inc/Storage_PType.hxx
-- Installing: C:/Users/Davi/Downloads/oma/.release/native-build/sdk/occt/inc/Storage_Position.hxx
-- Installing: C:/Users/Davi/Downloads/oma/.release/native-build/sdk/occt/inc/Storage_Root.hxx
-- Installing: C:/Users/Davi/Downloads/oma/.release/native-build/sdk/occt/inc/Storage_RootData.hxx
-- Installing: C:/Users/Davi/Downloads/oma/.release/native-build/sdk/occt/inc/Storage_Schema.hxx
-- Installing: C:/Users/Davi/Downloads/oma/.release/native-build/sdk/occt/inc/Storage_SeqOfRoot.hxx
-- Installing: C:/Users/Davi/Downloads/oma/.release/native-build/sdk/occt/inc/Storage_SolveMode.hxx
-- Installing: C:/Users/Davi/Downloads/oma/.release/native-build/sdk/occt/inc/Storage_StreamExtCharParityError.hxx
-- Installing: C:/Users/Davi/Downloads/oma/.release/native-build/sdk/occt/inc/Storage_StreamFormatError.hxx
-- Installing: C:/Users/Davi/Downloads/oma/.release/native-build/sdk/occt/inc/Storage_StreamModeError.hxx
-- Installing: C:/Users/Davi/Downloads/oma/.release/native-build/sdk/occt/inc/Storage_StreamReadError.hxx
-- Installing: C:/Users/Davi/Downloads/oma/.release/native-build/sdk/occt/inc/Storage_StreamTypeMismatchError.hxx
-- Installing: C:/Users/Davi/Downloads/oma/.release/native-build/sdk/occt/inc/Storage_StreamUnknownTypeError.hxx
-- Installing: C:/Users/Davi/Downloads/oma/.release/native-build/sdk/occt/inc/Storage_StreamWriteError.hxx
-- Installing: C:/Users/Davi/Downloads/oma/.release/native-build/sdk/occt/inc/Storage_TypeData.hxx
-- Installing: C:/Users/Davi/Downloads/oma/.release/native-build/sdk/occt/inc/Storage_TypedCallBack.hxx
-- Installing: C:/Users/Davi/Downloads/oma/.release/native-build/sdk/occt/inc/TColStd_Array1OfAsciiString.hxx
-- Installing: C:/Users/Davi/Downloads/oma/.release/native-build/sdk/occt/inc/TColStd_Array1OfBoolean.hxx
-- Installing: C:/Users/Davi/Downloads/oma/.release/native-build/sdk/occt/inc/TColStd_Array1OfByte.hxx
-- Installing: C:/Users/Davi/Downloads/oma/.release/native-build/sdk/occt/inc/TColStd_Array1OfCharacter.hxx
-- Installing: C:/Users/Davi/Downloads/oma/.release/native-build/sdk/occt/inc/TColStd_Array1OfExtendedString.hxx
-- Installing: C:/Users/Davi/Downloads/oma/.release/native-build/sdk/occt/inc/TColStd_Array1OfInteger.hxx
-- Installing: C:/Users/Davi/Downloads/oma/.release/native-build/sdk/occt/inc/TColStd_Array1OfListOfInteger.hxx
-- Installing: C:/Users/Davi/Downloads/oma/.release/native-build/sdk/occt/inc/TColStd_Array1OfReal.hxx
-- Installing: C:/Users/Davi/Downloads/oma/.release/native-build/sdk/occt/inc/TColStd_Array1OfTransient.hxx
-- Installing: C:/Users/Davi/Downloads/oma/.release/native-build/sdk/occt/inc/TColStd_Array2OfBoolean.hxx
-- Installing: C:/Users/Davi/Downloads/oma/.release/native-build/sdk/occt/inc/TColStd_Array2OfCharacter.hxx
-- Installing: C:/Users/Davi/Downloads/oma/.release/native-build/sdk/occt/inc/TColStd_Array2OfInteger.hxx
-- Installing: C:/Users/Davi/Downloads/oma/.release/native-build/sdk/occt/inc/TColStd_Array2OfReal.hxx
-- Installing: C:/Users/Davi/Downloads/oma/.release/native-build/sdk/occt/inc/TColStd_Array2OfTransient.hxx
-- Installing: C:/Users/Davi/Downloads/oma/.release/native-build/sdk/occt/inc/TColStd_DataMapIteratorOfDataMapOfAsciiStringInteger.hxx
-- Installing: C:/Users/Davi/Downloads/oma/.release/native-build/sdk/occt/inc/TColStd_DataMapIteratorOfDataMapOfIntegerInteger.hxx
-- Installing: C:/Users/Davi/Downloads/oma/.release/native-build/sdk/occt/inc/TColStd_DataMapIteratorOfDataMapOfIntegerListOfInteger.hxx
-- Installing: C:/Users/Davi/Downloads/oma/.release/native-build/sdk/occt/inc/TColStd_DataMapIteratorOfDataMapOfIntegerReal.hxx
-- Installing: C:/Users/Davi/Downloads/oma/.release/native-build/sdk/occt/inc/TColStd_DataMapIteratorOfDataMapOfIntegerTransient.hxx
-- Installing: C:/Users/Davi/Downloads/oma/.release/native-build/sdk/occt/inc/TColStd_DataMapIteratorOfDataMapOfStringInteger.hxx
-- Installing: C:/Users/Davi/Downloads/oma/.release/native-build/sdk/occt/inc/TColStd_DataMapIteratorOfDataMapOfTransientTransient.hxx
-- Installing: C:/Users/Davi/Downloads/oma/.release/native-build/sdk/occt/inc/TColStd_DataMapOfAsciiStringInteger.hxx
-- Installing: C:/Users/Davi/Downloads/oma/.release/native-build/sdk/occt/inc/TColStd_DataMapOfIntegerInteger.hxx
-- Installing: C:/Users/Davi/Downloads/oma/.release/native-build/sdk/occt/inc/TColStd_DataMapOfIntegerListOfInteger.hxx
-- Installing: C:/Users/Davi/Downloads/oma/.release/native-build/sdk/occt/inc/TColStd_DataMapOfIntegerReal.hxx
-- Installing: C:/Users/Davi/Downloads/oma/.release/native-build/sdk/occt/inc/TColStd_DataMapOfIntegerTransient.hxx
-- Installing: C:/Users/Davi/Downloads/oma/.release/native-build/sdk/occt/inc/TColStd_DataMapOfStringInteger.hxx
-- Installing: C:/Users/Davi/Downloads/oma/.release/native-build/sdk/occt/inc/TColStd_DataMapOfTransientTransient.hxx
-- Installing: C:/Users/Davi/Downloads/oma/.release/native-build/sdk/occt/inc/TColStd_HArray1OfAsciiString.hxx
-- Installing: C:/Users/Davi/Downloads/oma/.release/native-build/sdk/occt/inc/TColStd_HArray1OfBoolean.hxx
-- Installing: C:/Users/Davi/Downloads/oma/.release/native-build/sdk/occt/inc/TColStd_HArray1OfByte.hxx
-- Installing: C:/Users/Davi/Downloads/oma/.release/native-build/sdk/occt/inc/TColStd_HArray1OfCharacter.hxx
-- Installing: C:/Users/Davi/Downloads/oma/.release/native-build/sdk/occt/inc/TColStd_HArray1OfExtendedString.hxx
-- Installing: C:/Users/Davi/Downloads/oma/.release/native-build/sdk/occt/inc/TColStd_HArray1OfInteger.hxx
-- Installing: C:/Users/Davi/Downloads/oma/.release/native-build/sdk/occt/inc/TColStd_HArray1OfListOfInteger.hxx
-- Installing: C:/Users/Davi/Downloads/oma/.release/native-build/sdk/occt/inc/TColStd_HArray1OfReal.hxx
-- Installing: C:/Users/Davi/Downloads/oma/.release/native-build/sdk/occt/inc/TColStd_HArray1OfTransient.hxx
-- Installing: C:/Users/Davi/Downloads/oma/.release/native-build/sdk/occt/inc/TColStd_HArray2OfBoolean.hxx
-- Installing: C:/Users/Davi/Downloads/oma/.release/native-build/sdk/occt/inc/TColStd_HArray2OfCharacter.hxx
-- Installing: C:/Users/Davi/Downloads/oma/.release/native-build/sdk/occt/inc/TColStd_HArray2OfInteger.hxx
-- Installing: C:/Users/Davi/Downloads/oma/.release/native-build/sdk/occt/inc/TColStd_HArray2OfReal.hxx
-- Installing: C:/Users/Davi/Downloads/oma/.release/native-build/sdk/occt/inc/TColStd_HArray2OfTransient.hxx
-- Installing: C:/Users/Davi/Downloads/oma/.release/native-build/sdk/occt/inc/TColStd_HPackedMapOfInteger.hxx
-- Installing: C:/Users/Davi/Downloads/oma/.release/native-build/sdk/occt/inc/TColStd_HPackedMapOfInteger.lxx
-- Installing: C:/Users/Davi/Downloads/oma/.release/native-build/sdk/occt/inc/TColStd_HSequenceOfAsciiString.hxx
-- Installing: C:/Users/Davi/Downloads/oma/.release/native-build/sdk/occt/inc/TColStd_HSequenceOfExtendedString.hxx
-- Installing: C:/Users/Davi/Downloads/oma/.release/native-build/sdk/occt/inc/TColStd_HSequenceOfHAsciiString.hxx
-- Installing: C:/Users/Davi/Downloads/oma/.release/native-build/sdk/occt/inc/TColStd_HSequenceOfHExtendedString.hxx
-- Installing: C:/Users/Davi/Downloads/oma/.release/native-build/sdk/occt/inc/TColStd_HSequenceOfInteger.hxx
-- Installing: C:/Users/Davi/Downloads/oma/.release/native-build/sdk/occt/inc/TColStd_HSequenceOfReal.hxx
-- Installing: C:/Users/Davi/Downloads/oma/.release/native-build/sdk/occt/inc/TColStd_HSequenceOfTransient.hxx
-- Installing: C:/Users/Davi/Downloads/oma/.release/native-build/sdk/occt/inc/TColStd_IndexedDataMapOfStringString.hxx
-- Installing: C:/Users/Davi/Downloads/oma/.release/native-build/sdk/occt/inc/TColStd_IndexedDataMapOfTransientTransient.hxx
-- Installing: C:/Users/Davi/Downloads/oma/.release/native-build/sdk/occt/inc/TColStd_IndexedMapOfInteger.hxx
-- Installing: C:/Users/Davi/Downloads/oma/.release/native-build/sdk/occt/inc/TColStd_IndexedMapOfReal.hxx
-- Installing: C:/Users/Davi/Downloads/oma/.release/native-build/sdk/occt/inc/TColStd_IndexedMapOfTransient.hxx
-- Installing: C:/Users/Davi/Downloads/oma/.release/native-build/sdk/occt/inc/TColStd_ListIteratorOfListOfAsciiString.hxx
-- Installing: C:/Users/Davi/Downloads/oma/.release/native-build/sdk/occt/inc/TColStd_ListIteratorOfListOfInteger.hxx
-- Installing: C:/Users/Davi/Downloads/oma/.release/native-build/sdk/occt/inc/TColStd_ListIteratorOfListOfReal.hxx
-- Installing: C:/Users/Davi/Downloads/oma/.release/native-build/sdk/occt/inc/TColStd_ListIteratorOfListOfTransient.hxx
-- Installing: C:/Users/Davi/Downloads/oma/.release/native-build/sdk/occt/inc/TColStd_ListOfAsciiString.hxx
-- Installing: C:/Users/Davi/Downloads/oma/.release/native-build/sdk/occt/inc/TColStd_ListOfInteger.hxx
-- Installing: C:/Users/Davi/Downloads/oma/.release/native-build/sdk/occt/inc/TColStd_ListOfReal.hxx
-- Installing: C:/Users/Davi/Downloads/oma/.release/native-build/sdk/occt/inc/TColStd_ListOfTransient.hxx
-- Installing: C:/Users/Davi/Downloads/oma/.release/native-build/sdk/occt/inc/TColStd_MapIteratorOfMapOfAsciiString.hxx
-- Installing: C:/Users/Davi/Downloads/oma/.release/native-build/sdk/occt/inc/TColStd_MapIteratorOfMapOfInteger.hxx
-- Installing: C:/Users/Davi/Downloads/oma/.release/native-build/sdk/occt/inc/TColStd_MapIteratorOfMapOfReal.hxx
-- Installing: C:/Users/Davi/Downloads/oma/.release/native-build/sdk/occt/inc/TColStd_MapIteratorOfMapOfTransient.hxx
-- Installing: C:/Users/Davi/Downloads/oma/.release/native-build/sdk/occt/inc/TColStd_MapIteratorOfPackedMapOfInteger.hxx
-- Installing: C:/Users/Davi/Downloads/oma/.release/native-build/sdk/occt/inc/TColStd_MapOfAsciiString.hxx
-- Installing: C:/Users/Davi/Downloads/oma/.release/native-build/sdk/occt/inc/TColStd_MapOfInteger.hxx
-- Installing: C:/Users/Davi/Downloads/oma/.release/native-build/sdk/occt/inc/TColStd_MapOfReal.hxx
-- Installing: C:/Users/Davi/Downloads/oma/.release/native-build/sdk/occt/inc/TColStd_MapOfTransient.hxx
-- Installing: C:/Users/Davi/Downloads/oma/.release/native-build/sdk/occt/inc/TColStd_PackedMapOfInteger.hxx
-- Installing: C:/Users/Davi/Downloads/oma/.release/native-build/sdk/occt/inc/TColStd_SequenceOfAddress.hxx
-- Installing: C:/Users/Davi/Downloads/oma/.release/native-build/sdk/occt/inc/TColStd_SequenceOfAsciiString.hxx
-- Installing: C:/Users/Davi/Downloads/oma/.release/native-build/sdk/occt/inc/TColStd_SequenceOfBoolean.hxx
-- Installing: C:/Users/Davi/Downloads/oma/.release/native-build/sdk/occt/inc/TColStd_SequenceOfExtendedString.hxx
-- Installing: C:/Users/Davi/Downloads/oma/.release/native-build/sdk/occt/inc/TColStd_SequenceOfHAsciiString.hxx
-- Installing: C:/Users/Davi/Downloads/oma/.release/native-build/sdk/occt/inc/TColStd_SequenceOfHExtendedString.hxx
-- Installing: C:/Users/Davi/Downloads/oma/.release/native-build/sdk/occt/inc/TColStd_SequenceOfInteger.hxx
-- Installing: C:/Users/Davi/Downloads/oma/.release/native-build/sdk/occt/inc/TColStd_SequenceOfReal.hxx
-- Installing: C:/Users/Davi/Downloads/oma/.release/native-build/sdk/occt/inc/TColStd_SequenceOfTransient.hxx
-- Installing: C:/Users/Davi/Downloads/oma/.release/native-build/sdk/occt/inc/TCollection.hxx
-- Installing: C:/Users/Davi/Downloads/oma/.release/native-build/sdk/occt/inc/TCollection_AsciiString.hxx
-- Installing: C:/Users/Davi/Downloads/oma/.release/native-build/sdk/occt/inc/TCollection_AsciiString.lxx
-- Installing: C:/Users/Davi/Downloads/oma/.release/native-build/sdk/occt/inc/TCollection_ExtendedString.hxx
-- Installing: C:/Users/Davi/Downloads/oma/.release/native-build/sdk/occt/inc/TCollection_HAsciiString.hxx
-- Installing: C:/Users/Davi/Downloads/oma/.release/native-build/sdk/occt/inc/TCollection_HAsciiString.lxx
-- Installing: C:/Users/Davi/Downloads/oma/.release/native-build/sdk/occt/inc/TCollection_HExtendedString.hxx
-- Installing: C:/Users/Davi/Downloads/oma/.release/native-build/sdk/occt/inc/TShort_Array1OfShortReal.hxx
-- Installing: C:/Users/Davi/Downloads/oma/.release/native-build/sdk/occt/inc/TShort_Array2OfShortReal.hxx
-- Installing: C:/Users/Davi/Downloads/oma/.release/native-build/sdk/occt/inc/TShort_HArray1OfShortReal.hxx
-- Installing: C:/Users/Davi/Downloads/oma/.release/native-build/sdk/occt/inc/TShort_HArray2OfShortReal.hxx
-- Installing: C:/Users/Davi/Downloads/oma/.release/native-build/sdk/occt/inc/TShort_HSequenceOfShortReal.hxx
-- Installing: C:/Users/Davi/Downloads/oma/.release/native-build/sdk/occt/inc/TShort_SequenceOfShortReal.hxx
-- Installing: C:/Users/Davi/Downloads/oma/.release/native-build/sdk/occt/inc/Units.hxx
-- Installing: C:/Users/Davi/Downloads/oma/.release/native-build/sdk/occt/inc/Units_Dimensions.hxx
-- Installing: C:/Users/Davi/Downloads/oma/.release/native-build/sdk/occt/inc/Units_Dimensions.lxx
-- Installing: C:/Users/Davi/Downloads/oma/.release/native-build/sdk/occt/inc/Units_Explorer.hxx
-- Installing: C:/Users/Davi/Downloads/oma/.release/native-build/sdk/occt/inc/Units_Lexicon.hxx
-- Installing: C:/Users/Davi/Downloads/oma/.release/native-build/sdk/occt/inc/Units_Lexicon.lxx
-- Installing: C:/Users/Davi/Downloads/oma/.release/native-build/sdk/occt/inc/Units_MathSentence.hxx
-- Installing: C:/Users/Davi/Downloads/oma/.release/native-build/sdk/occt/inc/Units_Measurement.hxx
-- Installing: C:/Users/Davi/Downloads/oma/.release/native-build/sdk/occt/inc/Units_NoSuchType.hxx
-- Installing: C:/Users/Davi/Downloads/oma/.release/native-build/sdk/occt/inc/Units_NoSuchUnit.hxx
-- Installing: C:/Users/Davi/Downloads/oma/.release/native-build/sdk/occt/inc/Units_Operators.hxx
-- Installing: C:/Users/Davi/Downloads/oma/.release/native-build/sdk/occt/inc/Units_QtsSequence.hxx
-- Installing: C:/Users/Davi/Downloads/oma/.release/native-build/sdk/occt/inc/Units_QuantitiesSequence.hxx
-- Installing: C:/Users/Davi/Downloads/oma/.release/native-build/sdk/occt/inc/Units_Quantity.hxx
-- Installing: C:/Users/Davi/Downloads/oma/.release/native-build/sdk/occt/inc/Units_Quantity.lxx
-- Installing: C:/Users/Davi/Downloads/oma/.release/native-build/sdk/occt/inc/Units_Sentence.hxx
-- Installing: C:/Users/Davi/Downloads/oma/.release/native-build/sdk/occt/inc/Units_Sentence.lxx
-- Installing: C:/Users/Davi/Downloads/oma/.release/native-build/sdk/occt/inc/Units_ShiftedToken.hxx
-- Installing: C:/Users/Davi/Downloads/oma/.release/native-build/sdk/occt/inc/Units_ShiftedUnit.hxx
-- Installing: C:/Users/Davi/Downloads/oma/.release/native-build/sdk/occt/inc/Units_TksSequence.hxx
-- Installing: C:/Users/Davi/Downloads/oma/.release/native-build/sdk/occt/inc/Units_Token.hxx
-- Installing: C:/Users/Davi/Downloads/oma/.release/native-build/sdk/occt/inc/Units_Token.lxx
-- Installing: C:/Users/Davi/Downloads/oma/.release/native-build/sdk/occt/inc/Units_TokensSequence.hxx
-- Installing: C:/Users/Davi/Downloads/oma/.release/native-build/sdk/occt/inc/Units_Unit.hxx
-- Installing: C:/Users/Davi/Downloads/oma/.release/native-build/sdk/occt/inc/Units_Unit.lxx
-- Installing: C:/Users/Davi/Downloads/oma/.release/native-build/sdk/occt/inc/Units_UnitSentence.hxx
-- Installing: C:/Users/Davi/Downloads/oma/.release/native-build/sdk/occt/inc/Units_UnitsDictionary.hxx
-- Installing: C:/Users/Davi/Downloads/oma/.release/native-build/sdk/occt/inc/Units_UnitsDictionary.lxx
-- Installing: C:/Users/Davi/Downloads/oma/.release/native-build/sdk/occt/inc/Units_UnitsLexicon.hxx
-- Installing: C:/Users/Davi/Downloads/oma/.release/native-build/sdk/occt/inc/Units_UnitsLexicon.lxx
-- Installing: C:/Users/Davi/Downloads/oma/.release/native-build/sdk/occt/inc/Units_UnitsSequence.hxx
-- Installing: C:/Users/Davi/Downloads/oma/.release/native-build/sdk/occt/inc/Units_UnitsSystem.hxx
-- Installing: C:/Users/Davi/Downloads/oma/.release/native-build/sdk/occt/inc/Units_UtsSequence.hxx
-- Installing: C:/Users/Davi/Downloads/oma/.release/native-build/sdk/occt/inc/UnitsAPI.hxx
-- Installing: C:/Users/Davi/Downloads/oma/.release/native-build/sdk/occt/inc/UnitsAPI_SystemUnits.hxx
-- Installing: C:/Users/Davi/Downloads/oma/.release/native-build/sdk/occt/inc/UnitsMethods.hxx
-- Installing: C:/Users/Davi/Downloads/oma/.release/native-build/sdk/occt/inc/UnitsMethods_LengthUnit.hxx
-- Installing: C:/Users/Davi/Downloads/oma/.release/native-build/sdk/occt/inc/NCollection_AccAllocator.hxx
-- Installing: C:/Users/Davi/Downloads/oma/.release/native-build/sdk/occt/inc/NCollection_AliasedArray.hxx
-- Installing: C:/Users/Davi/Downloads/oma/.release/native-build/sdk/occt/inc/NCollection_AlignedAllocator.hxx
-- Installing: C:/Users/Davi/Downloads/oma/.release/native-build/sdk/occt/inc/NCollection_Allocator.hxx
-- Installing: C:/Users/Davi/Downloads/oma/.release/native-build/sdk/occt/inc/NCollection_Array1.hxx
-- Installing: C:/Users/Davi/Downloads/oma/.release/native-build/sdk/occt/inc/NCollection_Array2.hxx
-- Installing: C:/Users/Davi/Downloads/oma/.release/native-build/sdk/occt/inc/NCollection_BaseAllocator.hxx
-- Installing: C:/Users/Davi/Downloads/oma/.release/native-build/sdk/occt/inc/NCollection_BaseList.hxx
-- Installing: C:/Users/Davi/Downloads/oma/.release/native-build/sdk/occt/inc/NCollection_BaseMap.hxx
-- Installing: C:/Users/Davi/Downloads/oma/.release/native-build/sdk/occt/inc/NCollection_BasePointerVector.hxx
-- Installing: C:/Users/Davi/Downloads/oma/.release/native-build/sdk/occt/inc/NCollection_BaseSequence.hxx
-- Installing: C:/Users/Davi/Downloads/oma/.release/native-build/sdk/occt/inc/NCollection_Buffer.hxx
-- Installing: C:/Users/Davi/Downloads/oma/.release/native-build/sdk/occt/inc/NCollection_CellFilter.hxx
-- Installing: C:/Users/Davi/Downloads/oma/.release/native-build/sdk/occt/inc/NCollection_DataMap.hxx
-- Installing: C:/Users/Davi/Downloads/oma/.release/native-build/sdk/occt/inc/NCollection_DefaultHasher.hxx
-- Installing: C:/Users/Davi/Downloads/oma/.release/native-build/sdk/occt/inc/NCollection_DefineAlloc.hxx
-- Installing: C:/Users/Davi/Downloads/oma/.release/native-build/sdk/occt/inc/NCollection_DefineHArray1.hxx
-- Installing: C:/Users/Davi/Downloads/oma/.release/native-build/sdk/occt/inc/NCollection_DefineHArray2.hxx
-- Installing: C:/Users/Davi/Downloads/oma/.release/native-build/sdk/occt/inc/NCollection_DefineHSequence.hxx
-- Installing: C:/Users/Davi/Downloads/oma/.release/native-build/sdk/occt/inc/NCollection_DefineHasher.hxx
-- Installing: C:/Users/Davi/Downloads/oma/.release/native-build/sdk/occt/inc/NCollection_DoubleMap.hxx
-- Installing: C:/Users/Davi/Downloads/oma/.release/native-build/sdk/occt/inc/NCollection_DynamicArray.hxx
-- Installing: C:/Users/Davi/Downloads/oma/.release/native-build/sdk/occt/inc/NCollection_EBTree.hxx
-- Installing: C:/Users/Davi/Downloads/oma/.release/native-build/sdk/occt/inc/NCollection_HArray1.hxx
-- Installing: C:/Users/Davi/Downloads/oma/.release/native-build/sdk/occt/inc/NCollection_HArray2.hxx
-- Installing: C:/Users/Davi/Downloads/oma/.release/native-build/sdk/occt/inc/NCollection_HSequence.hxx
-- Installing: C:/Users/Davi/Downloads/oma/.release/native-build/sdk/occt/inc/NCollection_Haft.h
-- Installing: C:/Users/Davi/Downloads/oma/.release/native-build/sdk/occt/inc/NCollection_Handle.hxx
-- Installing: C:/Users/Davi/Downloads/oma/.release/native-build/sdk/occt/inc/NCollection_HeapAllocator.hxx
-- Installing: C:/Users/Davi/Downloads/oma/.release/native-build/sdk/occt/inc/NCollection_IncAllocator.hxx
-- Installing: C:/Users/Davi/Downloads/oma/.release/native-build/sdk/occt/inc/NCollection_IndexedDataMap.hxx
-- Installing: C:/Users/Davi/Downloads/oma/.release/native-build/sdk/occt/inc/NCollection_IndexedIterator.hxx
-- Installing: C:/Users/Davi/Downloads/oma/.release/native-build/sdk/occt/inc/NCollection_IndexedMap.hxx
-- Installing: C:/Users/Davi/Downloads/oma/.release/native-build/sdk/occt/inc/NCollection_Iterator.hxx
-- Installing: C:/Users/Davi/Downloads/oma/.release/native-build/sdk/occt/inc/NCollection_Lerp.hxx
-- Installing: C:/Users/Davi/Downloads/oma/.release/native-build/sdk/occt/inc/NCollection_List.hxx
-- Installing: C:/Users/Davi/Downloads/oma/.release/native-build/sdk/occt/inc/NCollection_ListNode.hxx
-- Installing: C:/Users/Davi/Downloads/oma/.release/native-build/sdk/occt/inc/NCollection_LocalArray.hxx
-- Installing: C:/Users/Davi/Downloads/oma/.release/native-build/sdk/occt/inc/NCollection_Map.hxx
-- Installing: C:/Users/Davi/Downloads/oma/.release/native-build/sdk/occt/inc/NCollection_Mat3.hxx
-- Installing: C:/Users/Davi/Downloads/oma/.release/native-build/sdk/occt/inc/NCollection_Mat4.hxx
-- Installing: C:/Users/Davi/Downloads/oma/.release/native-build/sdk/occt/inc/NCollection_OccAllocator.hxx
-- Installing: C:/Users/Davi/Downloads/oma/.release/native-build/sdk/occt/inc/NCollection_Sequence.hxx
-- Installing: C:/Users/Davi/Downloads/oma/.release/native-build/sdk/occt/inc/NCollection_Shared.hxx
-- Installing: C:/Users/Davi/Downloads/oma/.release/native-build/sdk/occt/inc/NCollection_SparseArray.hxx
-- Installing: C:/Users/Davi/Downloads/oma/.release/native-build/sdk/occt/inc/NCollection_SparseArrayBase.hxx
-- Installing: C:/Users/Davi/Downloads/oma/.release/native-build/sdk/occt/inc/NCollection_StlIterator.hxx
-- Installing: C:/Users/Davi/Downloads/oma/.release/native-build/sdk/occt/inc/NCollection_String.hxx
-- Installing: C:/Users/Davi/Downloads/oma/.release/native-build/sdk/occt/inc/NCollection_TListIterator.hxx
-- Installing: C:/Users/Davi/Downloads/oma/.release/native-build/sdk/occt/inc/NCollection_TListNode.hxx
-- Installing: C:/Users/Davi/Downloads/oma/.release/native-build/sdk/occt/inc/NCollection_TypeDef.hxx
-- Installing: C:/Users/Davi/Downloads/oma/.release/native-build/sdk/occt/inc/NCollection_UBTree.hxx
-- Installing: C:/Users/Davi/Downloads/oma/.release/native-build/sdk/occt/inc/NCollection_UBTreeFiller.hxx
-- Installing: C:/Users/Davi/Downloads/oma/.release/native-build/sdk/occt/inc/NCollection_UtfIterator.hxx
-- Installing: C:/Users/Davi/Downloads/oma/.release/native-build/sdk/occt/inc/NCollection_UtfIterator.lxx
-- Installing: C:/Users/Davi/Downloads/oma/.release/native-build/sdk/occt/inc/NCollection_UtfString.hxx
-- Installing: C:/Users/Davi/Downloads/oma/.release/native-build/sdk/occt/inc/NCollection_UtfString.lxx
-- Installing: C:/Users/Davi/Downloads/oma/.release/native-build/sdk/occt/inc/NCollection_Vec2.hxx
-- Installing: C:/Users/Davi/Downloads/oma/.release/native-build/sdk/occt/inc/NCollection_Vec3.hxx
-- Installing: C:/Users/Davi/Downloads/oma/.release/native-build/sdk/occt/inc/NCollection_Vec4.hxx
-- Installing: C:/Users/Davi/Downloads/oma/.release/native-build/sdk/occt/inc/NCollection_Vector.hxx
-- Installing: C:/Users/Davi/Downloads/oma/.release/native-build/sdk/occt/inc/NCollection_WinHeapAllocator.hxx
-- Installing: C:/Users/Davi/Downloads/oma/.release/native-build/sdk/occt/inc/Message.hxx
-- Installing: C:/Users/Davi/Downloads/oma/.release/native-build/sdk/occt/inc/Message_Alert.hxx
-- Installing: C:/Users/Davi/Downloads/oma/.release/native-build/sdk/occt/inc/Message_AlertExtended.hxx
-- Installing: C:/Users/Davi/Downloads/oma/.release/native-build/sdk/occt/inc/Message_Algorithm.hxx
-- Installing: C:/Users/Davi/Downloads/oma/.release/native-build/sdk/occt/inc/Message_Algorithm.lxx
-- Installing: C:/Users/Davi/Downloads/oma/.release/native-build/sdk/occt/inc/Message_Attribute.hxx
-- Installing: C:/Users/Davi/Downloads/oma/.release/native-build/sdk/occt/inc/Message_AttributeMeter.hxx
-- Installing: C:/Users/Davi/Downloads/oma/.release/native-build/sdk/occt/inc/Message_AttributeObject.hxx
-- Installing: C:/Users/Davi/Downloads/oma/.release/native-build/sdk/occt/inc/Message_AttributeStream.hxx
-- Installing: C:/Users/Davi/Downloads/oma/.release/native-build/sdk/occt/inc/Message_CompositeAlerts.hxx
-- Installing: C:/Users/Davi/Downloads/oma/.release/native-build/sdk/occt/inc/Message_ConsoleColor.hxx
-- Installing: C:/Users/Davi/Downloads/oma/.release/native-build/sdk/occt/inc/Message_ExecStatus.hxx
-- Installing: C:/Users/Davi/Downloads/oma/.release/native-build/sdk/occt/inc/Message_Gravity.hxx
-- Installing: C:/Users/Davi/Downloads/oma/.release/native-build/sdk/occt/inc/Message_HArrayOfMsg.hxx
-- Installing: C:/Users/Davi/Downloads/oma/.release/native-build/sdk/occt/inc/Message_LazyProgressScope.hxx
-- Installing: C:/Users/Davi/Downloads/oma/.release/native-build/sdk/occt/inc/Message_Level.hxx
-- Installing: C:/Users/Davi/Downloads/oma/.release/native-build/sdk/occt/inc/Message_ListIteratorOfListOfMsg.hxx
-- Installing: C:/Users/Davi/Downloads/oma/.release/native-build/sdk/occt/inc/Message_ListOfAlert.hxx
-- Installing: C:/Users/Davi/Downloads/oma/.release/native-build/sdk/occt/inc/Message_ListOfMsg.hxx
-- Installing: C:/Users/Davi/Downloads/oma/.release/native-build/sdk/occt/inc/Message_Messenger.hxx
-- Installing: C:/Users/Davi/Downloads/oma/.release/native-build/sdk/occt/inc/Message_MetricType.hxx
-- Installing: C:/Users/Davi/Downloads/oma/.release/native-build/sdk/occt/inc/Message_Msg.hxx
-- Installing: C:/Users/Davi/Downloads/oma/.release/native-build/sdk/occt/inc/Message_Msg.lxx
-- Installing: C:/Users/Davi/Downloads/oma/.release/native-build/sdk/occt/inc/Message_MsgFile.hxx
-- Installing: C:/Users/Davi/Downloads/oma/.release/native-build/sdk/occt/inc/Message_Printer.hxx
-- Installing: C:/Users/Davi/Downloads/oma/.release/native-build/sdk/occt/inc/Message_PrinterOStream.hxx
-- Installing: C:/Users/Davi/Downloads/oma/.release/native-build/sdk/occt/inc/Message_PrinterSystemLog.hxx
-- Installing: C:/Users/Davi/Downloads/oma/.release/native-build/sdk/occt/inc/Message_PrinterToReport.hxx
-- Installing: C:/Users/Davi/Downloads/oma/.release/native-build/sdk/occt/inc/Message_ProgressIndicator.hxx
-- Installing: C:/Users/Davi/Downloads/oma/.release/native-build/sdk/occt/inc/Message_ProgressRange.hxx
-- Installing: C:/Users/Davi/Downloads/oma/.release/native-build/sdk/occt/inc/Message_ProgressScope.hxx
-- Installing: C:/Users/Davi/Downloads/oma/.release/native-build/sdk/occt/inc/Message_ProgressSentry.hxx
-- Installing: C:/Users/Davi/Downloads/oma/.release/native-build/sdk/occt/inc/Message_Report.hxx
-- Installing: C:/Users/Davi/Downloads/oma/.release/native-build/sdk/occt/inc/Message_SequenceOfPrinters.hxx
-- Installing: C:/Users/Davi/Downloads/oma/.release/native-build/sdk/occt/inc/Message_Status.hxx
-- Installing: C:/Users/Davi/Downloads/oma/.release/native-build/sdk/occt/inc/Message_StatusType.hxx
-- Installing: C:/Users/Davi/Downloads/oma/.release/native-build/sdk/occt/inc/FlexLexer.h
-- Installing: C:/Users/Davi/Downloads/oma/.release/native-build/sdk/occt/inc/math.hxx
-- Installing: C:/Users/Davi/Downloads/oma/.release/native-build/sdk/occt/inc/math_Array1OfValueAndWeight.hxx
-- Installing: C:/Users/Davi/Downloads/oma/.release/native-build/sdk/occt/inc/math_BFGS.hxx
-- Installing: C:/Users/Davi/Downloads/oma/.release/native-build/sdk/occt/inc/math_BFGS.lxx
-- Installing: C:/Users/Davi/Downloads/oma/.release/native-build/sdk/occt/inc/math_BissecNewton.hxx
-- Installing: C:/Users/Davi/Downloads/oma/.release/native-build/sdk/occt/inc/math_BissecNewton.lxx
-- Installing: C:/Users/Davi/Downloads/oma/.release/native-build/sdk/occt/inc/math_BracketMinimum.hxx
-- Installing: C:/Users/Davi/Downloads/oma/.release/native-build/sdk/occt/inc/math_BracketMinimum.lxx
-- Installing: C:/Users/Davi/Downloads/oma/.release/native-build/sdk/occt/inc/math_BracketedRoot.hxx
-- Installing: C:/Users/Davi/Downloads/oma/.release/native-build/sdk/occt/inc/math_BracketedRoot.lxx
-- Installing: C:/Users/Davi/Downloads/oma/.release/native-build/sdk/occt/inc/math_BrentMinimum.hxx
-- Installing: C:/Users/Davi/Downloads/oma/.release/native-build/sdk/occt/inc/math_BrentMinimum.lxx
-- Installing: C:/Users/Davi/Downloads/oma/.release/native-build/sdk/occt/inc/math_BullardGenerator.hxx
-- Installing: C:/Users/Davi/Downloads/oma/.release/native-build/sdk/occt/inc/math_ComputeGaussPointsAndWeights.hxx
-- Installing: C:/Users/Davi/Downloads/oma/.release/native-build/sdk/occt/inc/math_ComputeKronrodPointsAndWeights.hxx
-- Installing: C:/Users/Davi/Downloads/oma/.release/native-build/sdk/occt/inc/math_Crout.hxx
-- Installing: C:/Users/Davi/Downloads/oma/.release/native-build/sdk/occt/inc/math_Crout.lxx
-- Installing: C:/Users/Davi/Downloads/oma/.release/native-build/sdk/occt/inc/math_DirectPolynomialRoots.hxx
-- Installing: C:/Users/Davi/Downloads/oma/.release/native-build/sdk/occt/inc/math_DirectPolynomialRoots.lxx
-- Installing: C:/Users/Davi/Downloads/oma/.release/native-build/sdk/occt/inc/math_DoubleTab.hxx
-- Installing: C:/Users/Davi/Downloads/oma/.release/native-build/sdk/occt/inc/math_DoubleTab.lxx
-- Installing: C:/Users/Davi/Downloads/oma/.release/native-build/sdk/occt/inc/math_EigenValuesSearcher.hxx
-- Installing: C:/Users/Davi/Downloads/oma/.release/native-build/sdk/occt/inc/math_FRPR.hxx
-- Installing: C:/Users/Davi/Downloads/oma/.release/native-build/sdk/occt/inc/math_FRPR.lxx
-- Installing: C:/Users/Davi/Downloads/oma/.release/native-build/sdk/occt/inc/math_Function.hxx
-- Installing: C:/Users/Davi/Downloads/oma/.release/native-build/sdk/occt/inc/math_FunctionAllRoots.hxx
-- Installing: C:/Users/Davi/Downloads/oma/.release/native-build/sdk/occt/inc/math_FunctionAllRoots.lxx
-- Installing: C:/Users/Davi/Downloads/oma/.release/native-build/sdk/occt/inc/math_FunctionRoot.hxx
-- Installing: C:/Users/Davi/Downloads/oma/.release/native-build/sdk/occt/inc/math_FunctionRoot.lxx
-- Installing: C:/Users/Davi/Downloads/oma/.release/native-build/sdk/occt/inc/math_FunctionRoots.hxx
-- Installing: C:/Users/Davi/Downloads/oma/.release/native-build/sdk/occt/inc/math_FunctionRoots.lxx
-- Installing: C:/Users/Davi/Downloads/oma/.release/native-build/sdk/occt/inc/math_FunctionSample.hxx
-- Installing: C:/Users/Davi/Downloads/oma/.release/native-build/sdk/occt/inc/math_FunctionSet.hxx
-- Installing: C:/Users/Davi/Downloads/oma/.release/native-build/sdk/occt/inc/math_FunctionSetRoot.hxx
-- Installing: C:/Users/Davi/Downloads/oma/.release/native-build/sdk/occt/inc/math_FunctionSetWithDerivatives.hxx
-- Installing: C:/Users/Davi/Downloads/oma/.release/native-build/sdk/occt/inc/math_FunctionWithDerivative.hxx
-- Installing: C:/Users/Davi/Downloads/oma/.release/native-build/sdk/occt/inc/math_Gauss.hxx
-- Installing: C:/Users/Davi/Downloads/oma/.release/native-build/sdk/occt/inc/math_GaussLeastSquare.hxx
-- Installing: C:/Users/Davi/Downloads/oma/.release/native-build/sdk/occt/inc/math_GaussLeastSquare.lxx
-- Installing: C:/Users/Davi/Downloads/oma/.release/native-build/sdk/occt/inc/math_GaussMultipleIntegration.hxx
-- Installing: C:/Users/Davi/Downloads/oma/.release/native-build/sdk/occt/inc/math_GaussMultipleIntegration.lxx
-- Installing: C:/Users/Davi/Downloads/oma/.release/native-build/sdk/occt/inc/math_GaussSetIntegration.hxx
-- Installing: C:/Users/Davi/Downloads/oma/.release/native-build/sdk/occt/inc/math_GaussSetIntegration.lxx
-- Installing: C:/Users/Davi/Downloads/oma/.release/native-build/sdk/occt/inc/math_GaussSingleIntegration.hxx
-- Installing: C:/Users/Davi/Downloads/oma/.release/native-build/sdk/occt/inc/math_GaussSingleIntegration.lxx
-- Installing: C:/Users/Davi/Downloads/oma/.release/native-build/sdk/occt/inc/math_GlobOptMin.hxx
-- Installing: C:/Users/Davi/Downloads/oma/.release/native-build/sdk/occt/inc/math_Householder.hxx
-- Installing: C:/Users/Davi/Downloads/oma/.release/native-build/sdk/occt/inc/math_Householder.lxx
-- Installing: C:/Users/Davi/Downloads/oma/.release/native-build/sdk/occt/inc/math_IntegerVector.hxx
-- Installing: C:/Users/Davi/Downloads/oma/.release/native-build/sdk/occt/inc/math_Jacobi.hxx
-- Installing: C:/Users/Davi/Downloads/oma/.release/native-build/sdk/occt/inc/math_Jacobi.lxx
-- Installing: C:/Users/Davi/Downloads/oma/.release/native-build/sdk/occt/inc/math_KronrodSingleIntegration.hxx
-- Installing: C:/Users/Davi/Downloads/oma/.release/native-build/sdk/occt/inc/math_KronrodSingleIntegration.lxx
-- Installing: C:/Users/Davi/Downloads/oma/.release/native-build/sdk/occt/inc/math_Matrix.hxx
-- Installing: C:/Users/Davi/Downloads/oma/.release/native-build/sdk/occt/inc/math_Matrix.lxx
-- Installing: C:/Users/Davi/Downloads/oma/.release/native-build/sdk/occt/inc/math_MultipleVarFunction.hxx
-- Installing: C:/Users/Davi/Downloads/oma/.release/native-build/sdk/occt/inc/math_MultipleVarFunctionWithGradient.hxx
-- Installing: C:/Users/Davi/Downloads/oma/.release/native-build/sdk/occt/inc/math_MultipleVarFunctionWithHessian.hxx
-- Installing: C:/Users/Davi/Downloads/oma/.release/native-build/sdk/occt/inc/math_NewtonFunctionRoot.hxx
-- Installing: C:/Users/Davi/Downloads/oma/.release/native-build/sdk/occt/inc/math_NewtonFunctionRoot.lxx
-- Installing: C:/Users/Davi/Downloads/oma/.release/native-build/sdk/occt/inc/math_NewtonFunctionSetRoot.hxx
-- Installing: C:/Users/Davi/Downloads/oma/.release/native-build/sdk/occt/inc/math_NewtonFunctionSetRoot.lxx
-- Installing: C:/Users/Davi/Downloads/oma/.release/native-build/sdk/occt/inc/math_NewtonMinimum.hxx
-- Installing: C:/Users/Davi/Downloads/oma/.release/native-build/sdk/occt/inc/math_NewtonMinimum.lxx
-- Installing: C:/Users/Davi/Downloads/oma/.release/native-build/sdk/occt/inc/math_NotSquare.hxx
-- Installing: C:/Users/Davi/Downloads/oma/.release/native-build/sdk/occt/inc/math_PSO.hxx
-- Installing: C:/Users/Davi/Downloads/oma/.release/native-build/sdk/occt/inc/math_PSOParticlesPool.hxx
-- Installing: C:/Users/Davi/Downloads/oma/.release/native-build/sdk/occt/inc/math_Powell.hxx
-- Installing: C:/Users/Davi/Downloads/oma/.release/native-build/sdk/occt/inc/math_Powell.lxx
-- Installing: C:/Users/Davi/Downloads/oma/.release/native-build/sdk/occt/inc/math_Recipes.hxx
-- Installing: C:/Users/Davi/Downloads/oma/.release/native-build/sdk/occt/inc/math_SVD.hxx
-- Installing: C:/Users/Davi/Downloads/oma/.release/native-build/sdk/occt/inc/math_SVD.lxx
-- Installing: C:/Users/Davi/Downloads/oma/.release/native-build/sdk/occt/inc/math_SingularMatrix.hxx
-- Installing: C:/Users/Davi/Downloads/oma/.release/native-build/sdk/occt/inc/math_Status.hxx
-- Installing: C:/Users/Davi/Downloads/oma/.release/native-build/sdk/occt/inc/math_TrigonometricEquationFunction.hxx
-- Installing: C:/Users/Davi/Downloads/oma/.release/native-build/sdk/occt/inc/math_TrigonometricFunctionRoots.hxx
-- Installing: C:/Users/Davi/Downloads/oma/.release/native-build/sdk/occt/inc/math_TrigonometricFunctionRoots.lxx
-- Installing: C:/Users/Davi/Downloads/oma/.release/native-build/sdk/occt/inc/math_Uzawa.hxx
-- Installing: C:/Users/Davi/Downloads/oma/.release/native-build/sdk/occt/inc/math_Uzawa.lxx
-- Installing: C:/Users/Davi/Downloads/oma/.release/native-build/sdk/occt/inc/math_ValueAndWeight.hxx
-- Installing: C:/Users/Davi/Downloads/oma/.release/native-build/sdk/occt/inc/math_Vector.hxx
-- Installing: C:/Users/Davi/Downloads/oma/.release/native-build/sdk/occt/inc/math_VectorBase.hxx
-- Installing: C:/Users/Davi/Downloads/oma/.release/native-build/sdk/occt/inc/math_VectorBase.lxx
-- Installing: C:/Users/Davi/Downloads/oma/.release/native-build/sdk/occt/inc/ElCLib.hxx
-- Installing: C:/Users/Davi/Downloads/oma/.release/native-build/sdk/occt/inc/ElCLib.lxx
-- Installing: C:/Users/Davi/Downloads/oma/.release/native-build/sdk/occt/inc/ElSLib.hxx
-- Installing: C:/Users/Davi/Downloads/oma/.release/native-build/sdk/occt/inc/ElSLib.lxx
-- Installing: C:/Users/Davi/Downloads/oma/.release/native-build/sdk/occt/inc/BSplCLib.hxx
-- Installing: C:/Users/Davi/Downloads/oma/.release/native-build/sdk/occt/inc/BSplCLib.lxx
-- Installing: C:/Users/Davi/Downloads/oma/.release/native-build/sdk/occt/inc/BSplCLib_Cache.hxx
-- Installing: C:/Users/Davi/Downloads/oma/.release/native-build/sdk/occt/inc/BSplCLib_CacheParams.hxx
-- Installing: C:/Users/Davi/Downloads/oma/.release/native-build/sdk/occt/inc/BSplCLib_CurveComputation.gxx
-- Installing: C:/Users/Davi/Downloads/oma/.release/native-build/sdk/occt/inc/BSplCLib_EvaluatorFunction.hxx
-- Installing: C:/Users/Davi/Downloads/oma/.release/native-build/sdk/occt/inc/BSplCLib_KnotDistribution.hxx
-- Installing: C:/Users/Davi/Downloads/oma/.release/native-build/sdk/occt/inc/BSplCLib_MultDistribution.hxx
-- Installing: C:/Users/Davi/Downloads/oma/.release/native-build/sdk/occt/inc/BSplSLib.hxx
-- Installing: C:/Users/Davi/Downloads/oma/.release/native-build/sdk/occt/inc/BSplSLib.lxx
-- Installing: C:/Users/Davi/Downloads/oma/.release/native-build/sdk/occt/inc/BSplSLib_Cache.hxx
-- Installing: C:/Users/Davi/Downloads/oma/.release/native-build/sdk/occt/inc/BSplSLib_EvaluatorFunction.hxx
-- Installing: C:/Users/Davi/Downloads/oma/.release/native-build/sdk/occt/inc/PLib.hxx
-- Installing: C:/Users/Davi/Downloads/oma/.release/native-build/sdk/occt/inc/PLib_Base.hxx
-- Installing: C:/Users/Davi/Downloads/oma/.release/native-build/sdk/occt/inc/PLib_DoubleJacobiPolynomial.hxx
-- Installing: C:/Users/Davi/Downloads/oma/.release/native-build/sdk/occt/inc/PLib_DoubleJacobiPolynomial.lxx
-- Installing: C:/Users/Davi/Downloads/oma/.release/native-build/sdk/occt/inc/PLib_HermitJacobi.hxx
-- Installing: C:/Users/Davi/Downloads/oma/.release/native-build/sdk/occt/inc/PLib_HermitJacobi.lxx
-- Installing: C:/Users/Davi/Downloads/oma/.release/native-build/sdk/occt/inc/PLib_JacobiPolynomial.hxx
-- Installing: C:/Users/Davi/Downloads/oma/.release/native-build/sdk/occt/inc/PLib_JacobiPolynomial.lxx
-- Installing: C:/Users/Davi/Downloads/oma/.release/native-build/sdk/occt/inc/Precision.hxx
-- Installing: C:/Users/Davi/Downloads/oma/.release/native-build/sdk/occt/inc/GeomAbs_BSplKnotDistribution.hxx
-- Installing: C:/Users/Davi/Downloads/oma/.release/native-build/sdk/occt/inc/GeomAbs_CurveType.hxx
-- Installing: C:/Users/Davi/Downloads/oma/.release/native-build/sdk/occt/inc/GeomAbs_IsoType.hxx
-- Installing: C:/Users/Davi/Downloads/oma/.release/native-build/sdk/occt/inc/GeomAbs_JoinType.hxx
-- Installing: C:/Users/Davi/Downloads/oma/.release/native-build/sdk/occt/inc/GeomAbs_Shape.hxx
-- Installing: C:/Users/Davi/Downloads/oma/.release/native-build/sdk/occt/inc/GeomAbs_SurfaceType.hxx
-- Installing: C:/Users/Davi/Downloads/oma/.release/native-build/sdk/occt/inc/Poly.hxx
-- Installing: C:/Users/Davi/Downloads/oma/.release/native-build/sdk/occt/inc/Poly_Array1OfTriangle.hxx
-- Installing: C:/Users/Davi/Downloads/oma/.release/native-build/sdk/occt/inc/Poly_ArrayOfNodes.hxx
-- Installing: C:/Users/Davi/Downloads/oma/.release/native-build/sdk/occt/inc/Poly_ArrayOfUVNodes.hxx
-- Installing: C:/Users/Davi/Downloads/oma/.release/native-build/sdk/occt/inc/Poly_CoherentLink.hxx
-- Installing: C:/Users/Davi/Downloads/oma/.release/native-build/sdk/occt/inc/Poly_CoherentNode.hxx
-- Installing: C:/Users/Davi/Downloads/oma/.release/native-build/sdk/occt/inc/Poly_CoherentTriPtr.hxx
-- Installing: C:/Users/Davi/Downloads/oma/.release/native-build/sdk/occt/inc/Poly_CoherentTriangle.hxx
-- Installing: C:/Users/Davi/Downloads/oma/.release/native-build/sdk/occt/inc/Poly_CoherentTriangulation.hxx
-- Installing: C:/Users/Davi/Downloads/oma/.release/native-build/sdk/occt/inc/Poly_Connect.hxx
-- Installing: C:/Users/Davi/Downloads/oma/.release/native-build/sdk/occt/inc/Poly_HArray1OfTriangle.hxx
-- Installing: C:/Users/Davi/Downloads/oma/.release/native-build/sdk/occt/inc/Poly_ListOfTriangulation.hxx
-- Installing: C:/Users/Davi/Downloads/oma/.release/native-build/sdk/occt/inc/Poly_MakeLoops.hxx
-- Installing: C:/Users/Davi/Downloads/oma/.release/native-build/sdk/occt/inc/Poly_MergeNodesTool.hxx
-- Installing: C:/Users/Davi/Downloads/oma/.release/native-build/sdk/occt/inc/Poly_MeshPurpose.hxx
-- Installing: C:/Users/Davi/Downloads/oma/.release/native-build/sdk/occt/inc/Poly_Polygon2D.hxx
-- Installing: C:/Users/Davi/Downloads/oma/.release/native-build/sdk/occt/inc/Poly_Polygon3D.hxx
-- Installing: C:/Users/Davi/Downloads/oma/.release/native-build/sdk/occt/inc/Poly_PolygonOnTriangulation.hxx
-- Installing: C:/Users/Davi/Downloads/oma/.release/native-build/sdk/occt/inc/Poly_Triangle.hxx
-- Installing: C:/Users/Davi/Downloads/oma/.release/native-build/sdk/occt/inc/Poly_Triangulation.hxx
-- Installing: C:/Users/Davi/Downloads/oma/.release/native-build/sdk/occt/inc/Poly_TriangulationParameters.hxx
-- Installing: C:/Users/Davi/Downloads/oma/.release/native-build/sdk/occt/inc/CSLib.hxx
-- Installing: C:/Users/Davi/Downloads/oma/.release/native-build/sdk/occt/inc/CSLib_Class2d.hxx
-- Installing: C:/Users/Davi/Downloads/oma/.release/native-build/sdk/occt/inc/CSLib_DerivativeStatus.hxx
-- Installing: C:/Users/Davi/Downloads/oma/.release/native-build/sdk/occt/inc/CSLib_NormalPolyDef.hxx
-- Installing: C:/Users/Davi/Downloads/oma/.release/native-build/sdk/occt/inc/CSLib_NormalStatus.hxx
-- Installing: C:/Users/Davi/Downloads/oma/.release/native-build/sdk/occt/inc/Convert_CircleToBSplineCurve.hxx
-- Installing: C:/Users/Davi/Downloads/oma/.release/native-build/sdk/occt/inc/Convert_CompBezierCurves2dToBSplineCurve2d.hxx
-- Installing: C:/Users/Davi/Downloads/oma/.release/native-build/sdk/occt/inc/Convert_CompBezierCurvesToBSplineCurve.hxx
-- Installing: C:/Users/Davi/Downloads/oma/.release/native-build/sdk/occt/inc/Convert_CompPolynomialToPoles.hxx
-- Installing: C:/Users/Davi/Downloads/oma/.release/native-build/sdk/occt/inc/Convert_ConeToBSplineSurface.hxx
-- Installing: C:/Users/Davi/Downloads/oma/.release/native-build/sdk/occt/inc/Convert_ConicToBSplineCurve.hxx
-- Installing: C:/Users/Davi/Downloads/oma/.release/native-build/sdk/occt/inc/Convert_CosAndSinEvalFunction.hxx
-- Installing: C:/Users/Davi/Downloads/oma/.release/native-build/sdk/occt/inc/Convert_CylinderToBSplineSurface.hxx
-- Installing: C:/Users/Davi/Downloads/oma/.release/native-build/sdk/occt/inc/Convert_ElementarySurfaceToBSplineSurface.hxx
-- Installing: C:/Users/Davi/Downloads/oma/.release/native-build/sdk/occt/inc/Convert_EllipseToBSplineCurve.hxx
-- Installing: C:/Users/Davi/Downloads/oma/.release/native-build/sdk/occt/inc/Convert_GridPolynomialToPoles.hxx
-- Installing: C:/Users/Davi/Downloads/oma/.release/native-build/sdk/occt/inc/Convert_HyperbolaToBSplineCurve.hxx
-- Installing: C:/Users/Davi/Downloads/oma/.release/native-build/sdk/occt/inc/Convert_ParabolaToBSplineCurve.hxx
-- Installing: C:/Users/Davi/Downloads/oma/.release/native-build/sdk/occt/inc/Convert_ParameterisationType.hxx
-- Installing: C:/Users/Davi/Downloads/oma/.release/native-build/sdk/occt/inc/Convert_PolynomialCosAndSin.hxx
-- Installing: C:/Users/Davi/Downloads/oma/.release/native-build/sdk/occt/inc/Convert_SequenceOfArray1OfPoles.hxx
-- Installing: C:/Users/Davi/Downloads/oma/.release/native-build/sdk/occt/inc/Convert_SequenceOfArray1OfPoles2d.hxx
-- Installing: C:/Users/Davi/Downloads/oma/.release/native-build/sdk/occt/inc/Convert_SphereToBSplineSurface.hxx
-- Installing: C:/Users/Davi/Downloads/oma/.release/native-build/sdk/occt/inc/Convert_TorusToBSplineSurface.hxx
-- Installing: C:/Users/Davi/Downloads/oma/.release/native-build/sdk/occt/inc/Bnd_Array1OfBox.hxx
-- Installing: C:/Users/Davi/Downloads/oma/.release/native-build/sdk/occt/inc/Bnd_Array1OfBox2d.hxx
-- Installing: C:/Users/Davi/Downloads/oma/.release/native-build/sdk/occt/inc/Bnd_Array1OfSphere.hxx
-- Installing: C:/Users/Davi/Downloads/oma/.release/native-build/sdk/occt/inc/Bnd_B2d.hxx
-- Installing: C:/Users/Davi/Downloads/oma/.release/native-build/sdk/occt/inc/Bnd_B2f.hxx
-- Installing: C:/Users/Davi/Downloads/oma/.release/native-build/sdk/occt/inc/Bnd_B2x.gxx
-- Installing: C:/Users/Davi/Downloads/oma/.release/native-build/sdk/occt/inc/Bnd_B2x.lxx
-- Installing: C:/Users/Davi/Downloads/oma/.release/native-build/sdk/occt/inc/Bnd_B3d.hxx
-- Installing: C:/Users/Davi/Downloads/oma/.release/native-build/sdk/occt/inc/Bnd_B3f.hxx
-- Installing: C:/Users/Davi/Downloads/oma/.release/native-build/sdk/occt/inc/Bnd_B3x.gxx
-- Installing: C:/Users/Davi/Downloads/oma/.release/native-build/sdk/occt/inc/Bnd_B3x.lxx
-- Installing: C:/Users/Davi/Downloads/oma/.release/native-build/sdk/occt/inc/Bnd_BoundSortBox.hxx
-- Installing: C:/Users/Davi/Downloads/oma/.release/native-build/sdk/occt/inc/Bnd_Box.hxx
-- Installing: C:/Users/Davi/Downloads/oma/.release/native-build/sdk/occt/inc/Bnd_Box2d.hxx
-- Installing: C:/Users/Davi/Downloads/oma/.release/native-build/sdk/occt/inc/Bnd_HArray1OfBox.hxx
-- Installing: C:/Users/Davi/Downloads/oma/.release/native-build/sdk/occt/inc/Bnd_HArray1OfBox2d.hxx
-- Installing: C:/Users/Davi/Downloads/oma/.release/native-build/sdk/occt/inc/Bnd_HArray1OfSphere.hxx
-- Installing: C:/Users/Davi/Downloads/oma/.release/native-build/sdk/occt/inc/Bnd_OBB.hxx
-- Installing: C:/Users/Davi/Downloads/oma/.release/native-build/sdk/occt/inc/Bnd_Range.hxx
-- Installing: C:/Users/Davi/Downloads/oma/.release/native-build/sdk/occt/inc/Bnd_Sphere.hxx
-- Installing: C:/Users/Davi/Downloads/oma/.release/native-build/sdk/occt/inc/Bnd_Sphere.lxx
-- Installing: C:/Users/Davi/Downloads/oma/.release/native-build/sdk/occt/inc/Bnd_Tools.hxx
-- Installing: C:/Users/Davi/Downloads/oma/.release/native-build/sdk/occt/inc/BVH_BinaryTree.hxx
-- Installing: C:/Users/Davi/Downloads/oma/.release/native-build/sdk/occt/inc/BVH_BinnedBuilder.hxx
-- Installing: C:/Users/Davi/Downloads/oma/.release/native-build/sdk/occt/inc/BVH_Box.hxx
-- Installing: C:/Users/Davi/Downloads/oma/.release/native-build/sdk/occt/inc/BVH_BoxSet.hxx
-- Installing: C:/Users/Davi/Downloads/oma/.release/native-build/sdk/occt/inc/BVH_BuildQueue.hxx
-- Installing: C:/Users/Davi/Downloads/oma/.release/native-build/sdk/occt/inc/BVH_BuildThread.hxx
-- Installing: C:/Users/Davi/Downloads/oma/.release/native-build/sdk/occt/inc/BVH_Builder.hxx
-- Installing: C:/Users/Davi/Downloads/oma/.release/native-build/sdk/occt/inc/BVH_Constants.hxx
-- Installing: C:/Users/Davi/Downloads/oma/.release/native-build/sdk/occt/inc/BVH_Distance.hxx
-- Installing: C:/Users/Davi/Downloads/oma/.release/native-build/sdk/occt/inc/BVH_DistanceField.hxx
-- Installing: C:/Users/Davi/Downloads/oma/.release/native-build/sdk/occt/inc/BVH_DistanceField.lxx
-- Installing: C:/Users/Davi/Downloads/oma/.release/native-build/sdk/occt/inc/BVH_Geometry.hxx
-- Installing: C:/Users/Davi/Downloads/oma/.release/native-build/sdk/occt/inc/BVH_IndexedBoxSet.hxx
-- Installing: C:/Users/Davi/Downloads/oma/.release/native-build/sdk/occt/inc/BVH_LinearBuilder.hxx
-- Installing: C:/Users/Davi/Downloads/oma/.release/native-build/sdk/occt/inc/BVH_Object.hxx
-- Installing: C:/Users/Davi/Downloads/oma/.release/native-build/sdk/occt/inc/BVH_ObjectSet.hxx
-- Installing: C:/Users/Davi/Downloads/oma/.release/native-build/sdk/occt/inc/BVH_PairDistance.hxx
-- Installing: C:/Users/Davi/Downloads/oma/.release/native-build/sdk/occt/inc/BVH_PrimitiveSet.hxx
-- Installing: C:/Users/Davi/Downloads/oma/.release/native-build/sdk/occt/inc/BVH_PrimitiveSet3d.hxx
-- Installing: C:/Users/Davi/Downloads/oma/.release/native-build/sdk/occt/inc/BVH_Properties.hxx
-- Installing: C:/Users/Davi/Downloads/oma/.release/native-build/sdk/occt/inc/BVH_QuadTree.hxx
-- Installing: C:/Users/Davi/Downloads/oma/.release/native-build/sdk/occt/inc/BVH_QueueBuilder.hxx
-- Installing: C:/Users/Davi/Downloads/oma/.release/native-build/sdk/occt/inc/BVH_QuickSorter.hxx
-- Installing: C:/Users/Davi/Downloads/oma/.release/native-build/sdk/occt/inc/BVH_RadixSorter.hxx
-- Installing: C:/Users/Davi/Downloads/oma/.release/native-build/sdk/occt/inc/BVH_Ray.hxx
-- Installing: C:/Users/Davi/Downloads/oma/.release/native-build/sdk/occt/inc/BVH_Set.hxx
-- Installing: C:/Users/Davi/Downloads/oma/.release/native-build/sdk/occt/inc/BVH_Sorter.hxx
-- Installing: C:/Users/Davi/Downloads/oma/.release/native-build/sdk/occt/inc/BVH_SpatialMedianBuilder.hxx
-- Installing: C:/Users/Davi/Downloads/oma/.release/native-build/sdk/occt/inc/BVH_SweepPlaneBuilder.hxx
-- Installing: C:/Users/Davi/Downloads/oma/.release/native-build/sdk/occt/inc/BVH_Tools.hxx
-- Installing: C:/Users/Davi/Downloads/oma/.release/native-build/sdk/occt/inc/BVH_Traverse.hxx
-- Installing: C:/Users/Davi/Downloads/oma/.release/native-build/sdk/occt/inc/BVH_Traverse.lxx
-- Installing: C:/Users/Davi/Downloads/oma/.release/native-build/sdk/occt/inc/BVH_Tree.hxx
-- Installing: C:/Users/Davi/Downloads/oma/.release/native-build/sdk/occt/inc/BVH_Triangulation.hxx
-- Installing: C:/Users/Davi/Downloads/oma/.release/native-build/sdk/occt/inc/BVH_Types.hxx
-- Installing: C:/Users/Davi/Downloads/oma/.release/native-build/sdk/occt/inc/gp.hxx
-- Installing: C:/Users/Davi/Downloads/oma/.release/native-build/sdk/occt/inc/gp_Ax1.hxx
-- Installing: C:/Users/Davi/Downloads/oma/.release/native-build/sdk/occt/inc/gp_Ax2.hxx
-- Installing: C:/Users/Davi/Downloads/oma/.release/native-build/sdk/occt/inc/gp_Ax22d.hxx
-- Installing: C:/Users/Davi/Downloads/oma/.release/native-build/sdk/occt/inc/gp_Ax2d.hxx
-- Installing: C:/Users/Davi/Downloads/oma/.release/native-build/sdk/occt/inc/gp_Ax3.hxx
-- Installing: C:/Users/Davi/Downloads/oma/.release/native-build/sdk/occt/inc/gp_Circ.hxx
-- Installing: C:/Users/Davi/Downloads/oma/.release/native-build/sdk/occt/inc/gp_Circ2d.hxx
-- Installing: C:/Users/Davi/Downloads/oma/.release/native-build/sdk/occt/inc/gp_Cone.hxx
-- Installing: C:/Users/Davi/Downloads/oma/.release/native-build/sdk/occt/inc/gp_Cylinder.hxx
-- Installing: C:/Users/Davi/Downloads/oma/.release/native-build/sdk/occt/inc/gp_Dir.hxx
-- Installing: C:/Users/Davi/Downloads/oma/.release/native-build/sdk/occt/inc/gp_Dir2d.hxx
-- Installing: C:/Users/Davi/Downloads/oma/.release/native-build/sdk/occt/inc/gp_Elips.hxx
-- Installing: C:/Users/Davi/Downloads/oma/.release/native-build/sdk/occt/inc/gp_Elips2d.hxx
-- Installing: C:/Users/Davi/Downloads/oma/.release/native-build/sdk/occt/inc/gp_EulerSequence.hxx
-- Installing: C:/Users/Davi/Downloads/oma/.release/native-build/sdk/occt/inc/gp_GTrsf.hxx
-- Installing: C:/Users/Davi/Downloads/oma/.release/native-build/sdk/occt/inc/gp_GTrsf2d.hxx
-- Installing: C:/Users/Davi/Downloads/oma/.release/native-build/sdk/occt/inc/gp_Hypr.hxx
-- Installing: C:/Users/Davi/Downloads/oma/.release/native-build/sdk/occt/inc/gp_Hypr2d.hxx
-- Installing: C:/Users/Davi/Downloads/oma/.release/native-build/sdk/occt/inc/gp_Lin.hxx
-- Installing: C:/Users/Davi/Downloads/oma/.release/native-build/sdk/occt/inc/gp_Lin2d.hxx
-- Installing: C:/Users/Davi/Downloads/oma/.release/native-build/sdk/occt/inc/gp_Mat.hxx
-- Installing: C:/Users/Davi/Downloads/oma/.release/native-build/sdk/occt/inc/gp_Mat2d.hxx
-- Installing: C:/Users/Davi/Downloads/oma/.release/native-build/sdk/occt/inc/gp_Parab.hxx
-- Installing: C:/Users/Davi/Downloads/oma/.release/native-build/sdk/occt/inc/gp_Parab2d.hxx
-- Installing: C:/Users/Davi/Downloads/oma/.release/native-build/sdk/occt/inc/gp_Pln.hxx
-- Installing: C:/Users/Davi/Downloads/oma/.release/native-build/sdk/occt/inc/gp_Pnt.hxx
-- Installing: C:/Users/Davi/Downloads/oma/.release/native-build/sdk/occt/inc/gp_Pnt2d.hxx
-- Installing: C:/Users/Davi/Downloads/oma/.release/native-build/sdk/occt/inc/gp_Quaternion.hxx
-- Installing: C:/Users/Davi/Downloads/oma/.release/native-build/sdk/occt/inc/gp_QuaternionNLerp.hxx
-- Installing: C:/Users/Davi/Downloads/oma/.release/native-build/sdk/occt/inc/gp_QuaternionSLerp.hxx
-- Installing: C:/Users/Davi/Downloads/oma/.release/native-build/sdk/occt/inc/gp_Sphere.hxx
-- Installing: C:/Users/Davi/Downloads/oma/.release/native-build/sdk/occt/inc/gp_Torus.hxx
-- Installing: C:/Users/Davi/Downloads/oma/.release/native-build/sdk/occt/inc/gp_Trsf.hxx
-- Installing: C:/Users/Davi/Downloads/oma/.release/native-build/sdk/occt/inc/gp_Trsf2d.hxx
-- Installing: C:/Users/Davi/Downloads/oma/.release/native-build/sdk/occt/inc/gp_TrsfForm.hxx
-- Installing: C:/Users/Davi/Downloads/oma/.release/native-build/sdk/occt/inc/gp_TrsfNLerp.hxx
-- Installing: C:/Users/Davi/Downloads/oma/.release/native-build/sdk/occt/inc/gp_Vec.hxx
-- Installing: C:/Users/Davi/Downloads/oma/.release/native-build/sdk/occt/inc/gp_Vec2d.hxx
-- Installing: C:/Users/Davi/Downloads/oma/.release/native-build/sdk/occt/inc/gp_Vec2f.hxx
-- Installing: C:/Users/Davi/Downloads/oma/.release/native-build/sdk/occt/inc/gp_Vec3f.hxx
-- Installing: C:/Users/Davi/Downloads/oma/.release/native-build/sdk/occt/inc/gp_VectorWithNullMagnitude.hxx
-- Installing: C:/Users/Davi/Downloads/oma/.release/native-build/sdk/occt/inc/gp_XY.hxx
-- Installing: C:/Users/Davi/Downloads/oma/.release/native-build/sdk/occt/inc/gp_XYZ.hxx
-- Installing: C:/Users/Davi/Downloads/oma/.release/native-build/sdk/occt/inc/TColgp_Array1OfCirc2d.hxx
-- Installing: C:/Users/Davi/Downloads/oma/.release/native-build/sdk/occt/inc/TColgp_Array1OfDir.hxx
-- Installing: C:/Users/Davi/Downloads/oma/.release/native-build/sdk/occt/inc/TColgp_Array1OfDir2d.hxx
-- Installing: C:/Users/Davi/Downloads/oma/.release/native-build/sdk/occt/inc/TColgp_Array1OfLin2d.hxx
-- Installing: C:/Users/Davi/Downloads/oma/.release/native-build/sdk/occt/inc/TColgp_Array1OfPnt.hxx
-- Installing: C:/Users/Davi/Downloads/oma/.release/native-build/sdk/occt/inc/TColgp_Array1OfPnt2d.hxx
-- Installing: C:/Users/Davi/Downloads/oma/.release/native-build/sdk/occt/inc/TColgp_Array1OfVec.hxx
-- Installing: C:/Users/Davi/Downloads/oma/.release/native-build/sdk/occt/inc/TColgp_Array1OfVec2d.hxx
-- Installing: C:/Users/Davi/Downloads/oma/.release/native-build/sdk/occt/inc/TColgp_Array1OfXY.hxx
-- Installing: C:/Users/Davi/Downloads/oma/.release/native-build/sdk/occt/inc/TColgp_Array1OfXYZ.hxx
-- Installing: C:/Users/Davi/Downloads/oma/.release/native-build/sdk/occt/inc/TColgp_Array2OfCirc2d.hxx
-- Installing: C:/Users/Davi/Downloads/oma/.release/native-build/sdk/occt/inc/TColgp_Array2OfDir.hxx
-- Installing: C:/Users/Davi/Downloads/oma/.release/native-build/sdk/occt/inc/TColgp_Array2OfDir2d.hxx
-- Installing: C:/Users/Davi/Downloads/oma/.release/native-build/sdk/occt/inc/TColgp_Array2OfLin2d.hxx
-- Installing: C:/Users/Davi/Downloads/oma/.release/native-build/sdk/occt/inc/TColgp_Array2OfPnt.hxx
-- Installing: C:/Users/Davi/Downloads/oma/.release/native-build/sdk/occt/inc/TColgp_Array2OfPnt2d.hxx
-- Installing: C:/Users/Davi/Downloads/oma/.release/native-build/sdk/occt/inc/TColgp_Array2OfVec.hxx
-- Installing: C:/Users/Davi/Downloads/oma/.release/native-build/sdk/occt/inc/TColgp_Array2OfVec2d.hxx
-- Installing: C:/Users/Davi/Downloads/oma/.release/native-build/sdk/occt/inc/TColgp_Array2OfXY.hxx
-- Installing: C:/Users/Davi/Downloads/oma/.release/native-build/sdk/occt/inc/TColgp_Array2OfXYZ.hxx
-- Installing: C:/Users/Davi/Downloads/oma/.release/native-build/sdk/occt/inc/TColgp_HArray1OfCirc2d.hxx
-- Installing: C:/Users/Davi/Downloads/oma/.release/native-build/sdk/occt/inc/TColgp_HArray1OfDir.hxx
-- Installing: C:/Users/Davi/Downloads/oma/.release/native-build/sdk/occt/inc/TColgp_HArray1OfDir2d.hxx
-- Installing: C:/Users/Davi/Downloads/oma/.release/native-build/sdk/occt/inc/TColgp_HArray1OfLin2d.hxx
-- Installing: C:/Users/Davi/Downloads/oma/.release/native-build/sdk/occt/inc/TColgp_HArray1OfPnt.hxx
-- Installing: C:/Users/Davi/Downloads/oma/.release/native-build/sdk/occt/inc/TColgp_HArray1OfPnt2d.hxx
-- Installing: C:/Users/Davi/Downloads/oma/.release/native-build/sdk/occt/inc/TColgp_HArray1OfVec.hxx
-- Installing: C:/Users/Davi/Downloads/oma/.release/native-build/sdk/occt/inc/TColgp_HArray1OfVec2d.hxx
-- Installing: C:/Users/Davi/Downloads/oma/.release/native-build/sdk/occt/inc/TColgp_HArray1OfXY.hxx
-- Installing: C:/Users/Davi/Downloads/oma/.release/native-build/sdk/occt/inc/TColgp_HArray1OfXYZ.hxx
-- Installing: C:/Users/Davi/Downloads/oma/.release/native-build/sdk/occt/inc/TColgp_HArray2OfCirc2d.hxx
-- Installing: C:/Users/Davi/Downloads/oma/.release/native-build/sdk/occt/inc/TColgp_HArray2OfDir.hxx
-- Installing: C:/Users/Davi/Downloads/oma/.release/native-build/sdk/occt/inc/TColgp_HArray2OfDir2d.hxx
-- Installing: C:/Users/Davi/Downloads/oma/.release/native-build/sdk/occt/inc/TColgp_HArray2OfLin2d.hxx
-- Installing: C:/Users/Davi/Downloads/oma/.release/native-build/sdk/occt/inc/TColgp_HArray2OfPnt.hxx
-- Installing: C:/Users/Davi/Downloads/oma/.release/native-build/sdk/occt/inc/TColgp_HArray2OfPnt2d.hxx
-- Installing: C:/Users/Davi/Downloads/oma/.release/native-build/sdk/occt/inc/TColgp_HArray2OfVec.hxx
-- Installing: C:/Users/Davi/Downloads/oma/.release/native-build/sdk/occt/inc/TColgp_HArray2OfVec2d.hxx
-- Installing: C:/Users/Davi/Downloads/oma/.release/native-build/sdk/occt/inc/TColgp_HArray2OfXY.hxx
-- Installing: C:/Users/Davi/Downloads/oma/.release/native-build/sdk/occt/inc/TColgp_HArray2OfXYZ.hxx
-- Installing: C:/Users/Davi/Downloads/oma/.release/native-build/sdk/occt/inc/TColgp_HSequenceOfDir.hxx
-- Installing: C:/Users/Davi/Downloads/oma/.release/native-build/sdk/occt/inc/TColgp_HSequenceOfDir2d.hxx
-- Installing: C:/Users/Davi/Downloads/oma/.release/native-build/sdk/occt/inc/TColgp_HSequenceOfPnt.hxx
-- Installing: C:/Users/Davi/Downloads/oma/.release/native-build/sdk/occt/inc/TColgp_HSequenceOfPnt2d.hxx
-- Installing: C:/Users/Davi/Downloads/oma/.release/native-build/sdk/occt/inc/TColgp_HSequenceOfVec.hxx
-- Installing: C:/Users/Davi/Downloads/oma/.release/native-build/sdk/occt/inc/TColgp_HSequenceOfVec2d.hxx
-- Installing: C:/Users/Davi/Downloads/oma/.release/native-build/sdk/occt/inc/TColgp_HSequenceOfXY.hxx
-- Installing: C:/Users/Davi/Downloads/oma/.release/native-build/sdk/occt/inc/TColgp_HSequenceOfXYZ.hxx
-- Installing: C:/Users/Davi/Downloads/oma/.release/native-build/sdk/occt/inc/TColgp_SequenceOfArray1OfPnt2d.hxx
-- Installing: C:/Users/Davi/Downloads/oma/.release/native-build/sdk/occt/inc/TColgp_SequenceOfAx1.hxx
-- Installing: C:/Users/Davi/Downloads/oma/.release/native-build/sdk/occt/inc/TColgp_SequenceOfDir.hxx
-- Installing: C:/Users/Davi/Downloads/oma/.release/native-build/sdk/occt/inc/TColgp_SequenceOfDir2d.hxx
-- Installing: C:/Users/Davi/Downloads/oma/.release/native-build/sdk/occt/inc/TColgp_SequenceOfPnt.hxx
-- Installing: C:/Users/Davi/Downloads/oma/.release/native-build/sdk/occt/inc/TColgp_SequenceOfPnt2d.hxx
-- Installing: C:/Users/Davi/Downloads/oma/.release/native-build/sdk/occt/inc/TColgp_SequenceOfVec.hxx
-- Installing: C:/Users/Davi/Downloads/oma/.release/native-build/sdk/occt/inc/TColgp_SequenceOfVec2d.hxx
-- Installing: C:/Users/Davi/Downloads/oma/.release/native-build/sdk/occt/inc/TColgp_SequenceOfXY.hxx
-- Installing: C:/Users/Davi/Downloads/oma/.release/native-build/sdk/occt/inc/TColgp_SequenceOfXYZ.hxx
-- Installing: C:/Users/Davi/Downloads/oma/.release/native-build/sdk/occt/inc/TopLoc_Datum3D.hxx
-- Installing: C:/Users/Davi/Downloads/oma/.release/native-build/sdk/occt/inc/TopLoc_IndexedMapOfLocation.hxx
-- Installing: C:/Users/Davi/Downloads/oma/.release/native-build/sdk/occt/inc/TopLoc_ItemLocation.hxx
-- Installing: C:/Users/Davi/Downloads/oma/.release/native-build/sdk/occt/inc/TopLoc_Location.hxx
-- Installing: C:/Users/Davi/Downloads/oma/.release/native-build/sdk/occt/inc/TopLoc_Location.lxx
-- Installing: C:/Users/Davi/Downloads/oma/.release/native-build/sdk/occt/inc/TopLoc_MapIteratorOfMapOfLocation.hxx
-- Installing: C:/Users/Davi/Downloads/oma/.release/native-build/sdk/occt/inc/TopLoc_MapOfLocation.hxx
-- Installing: C:/Users/Davi/Downloads/oma/.release/native-build/sdk/occt/inc/TopLoc_SListNodeOfItemLocation.hxx
-- Installing: C:/Users/Davi/Downloads/oma/.release/native-build/sdk/occt/inc/TopLoc_SListNodeOfItemLocation.lxx
-- Installing: C:/Users/Davi/Downloads/oma/.release/native-build/sdk/occt/inc/TopLoc_SListOfItemLocation.hxx
-- Installing: C:/Users/Davi/Downloads/oma/.release/native-build/sdk/occt/inc/Expr.hxx
-- Installing: C:/Users/Davi/Downloads/oma/.release/native-build/sdk/occt/inc/Expr_Absolute.hxx
-- Installing: C:/Users/Davi/Downloads/oma/.release/native-build/sdk/occt/inc/Expr_ArcCosine.hxx
-- Installing: C:/Users/Davi/Downloads/oma/.release/native-build/sdk/occt/inc/Expr_ArcSine.hxx
-- Installing: C:/Users/Davi/Downloads/oma/.release/native-build/sdk/occt/inc/Expr_ArcTangent.hxx
-- Installing: C:/Users/Davi/Downloads/oma/.release/native-build/sdk/occt/inc/Expr_ArgCosh.hxx
-- Installing: C:/Users/Davi/Downloads/oma/.release/native-build/sdk/occt/inc/Expr_ArgSinh.hxx
-- Installing: C:/Users/Davi/Downloads/oma/.release/native-build/sdk/occt/inc/Expr_ArgTanh.hxx
-- Installing: C:/Users/Davi/Downloads/oma/.release/native-build/sdk/occt/inc/Expr_Array1OfGeneralExpression.hxx
-- Installing: C:/Users/Davi/Downloads/oma/.release/native-build/sdk/occt/inc/Expr_Array1OfNamedUnknown.hxx
-- Installing: C:/Users/Davi/Downloads/oma/.release/native-build/sdk/occt/inc/Expr_Array1OfSingleRelation.hxx
-- Installing: C:/Users/Davi/Downloads/oma/.release/native-build/sdk/occt/inc/Expr_BinaryExpression.hxx
-- Installing: C:/Users/Davi/Downloads/oma/.release/native-build/sdk/occt/inc/Expr_BinaryExpression.lxx
-- Installing: C:/Users/Davi/Downloads/oma/.release/native-build/sdk/occt/inc/Expr_BinaryFunction.hxx
-- Installing: C:/Users/Davi/Downloads/oma/.release/native-build/sdk/occt/inc/Expr_Cosh.hxx
-- Installing: C:/Users/Davi/Downloads/oma/.release/native-build/sdk/occt/inc/Expr_Cosine.hxx
-- Installing: C:/Users/Davi/Downloads/oma/.release/native-build/sdk/occt/inc/Expr_Difference.hxx
-- Installing: C:/Users/Davi/Downloads/oma/.release/native-build/sdk/occt/inc/Expr_Different.hxx
-- Installing: C:/Users/Davi/Downloads/oma/.release/native-build/sdk/occt/inc/Expr_Division.hxx
-- Installing: C:/Users/Davi/Downloads/oma/.release/native-build/sdk/occt/inc/Expr_Equal.hxx
-- Installing: C:/Users/Davi/Downloads/oma/.release/native-build/sdk/occt/inc/Expr_Exponential.hxx
-- Installing: C:/Users/Davi/Downloads/oma/.release/native-build/sdk/occt/inc/Expr_Exponentiate.hxx
-- Installing: C:/Users/Davi/Downloads/oma/.release/native-build/sdk/occt/inc/Expr_ExprFailure.hxx
-- Installing: C:/Users/Davi/Downloads/oma/.release/native-build/sdk/occt/inc/Expr_FunctionDerivative.hxx
-- Installing: C:/Users/Davi/Downloads/oma/.release/native-build/sdk/occt/inc/Expr_GeneralExpression.hxx
-- Installing: C:/Users/Davi/Downloads/oma/.release/native-build/sdk/occt/inc/Expr_GeneralFunction.hxx
-- Installing: C:/Users/Davi/Downloads/oma/.release/native-build/sdk/occt/inc/Expr_GeneralRelation.hxx
-- Installing: C:/Users/Davi/Downloads/oma/.release/native-build/sdk/occt/inc/Expr_GreaterThan.hxx
-- Installing: C:/Users/Davi/Downloads/oma/.release/native-build/sdk/occt/inc/Expr_GreaterThanOrEqual.hxx
-- Installing: C:/Users/Davi/Downloads/oma/.release/native-build/sdk/occt/inc/Expr_InvalidAssignment.hxx
-- Installing: C:/Users/Davi/Downloads/oma/.release/native-build/sdk/occt/inc/Expr_InvalidFunction.hxx
-- Installing: C:/Users/Davi/Downloads/oma/.release/native-build/sdk/occt/inc/Expr_InvalidOperand.hxx
-- Installing: C:/Users/Davi/Downloads/oma/.release/native-build/sdk/occt/inc/Expr_LessThan.hxx
-- Installing: C:/Users/Davi/Downloads/oma/.release/native-build/sdk/occt/inc/Expr_LessThanOrEqual.hxx
-- Installing: C:/Users/Davi/Downloads/oma/.release/native-build/sdk/occt/inc/Expr_LogOf10.hxx
-- Installing: C:/Users/Davi/Downloads/oma/.release/native-build/sdk/occt/inc/Expr_LogOfe.hxx
-- Installing: C:/Users/Davi/Downloads/oma/.release/native-build/sdk/occt/inc/Expr_MapOfNamedUnknown.hxx
-- Installing: C:/Users/Davi/Downloads/oma/.release/native-build/sdk/occt/inc/Expr_NamedConstant.hxx
-- Installing: C:/Users/Davi/Downloads/oma/.release/native-build/sdk/occt/inc/Expr_NamedConstant.lxx
-- Installing: C:/Users/Davi/Downloads/oma/.release/native-build/sdk/occt/inc/Expr_NamedExpression.hxx
-- Installing: C:/Users/Davi/Downloads/oma/.release/native-build/sdk/occt/inc/Expr_NamedFunction.hxx
-- Installing: C:/Users/Davi/Downloads/oma/.release/native-build/sdk/occt/inc/Expr_NamedUnknown.hxx
-- Installing: C:/Users/Davi/Downloads/oma/.release/native-build/sdk/occt/inc/Expr_NamedUnknown.lxx
-- Installing: C:/Users/Davi/Downloads/oma/.release/native-build/sdk/occt/inc/Expr_NotAssigned.hxx
-- Installing: C:/Users/Davi/Downloads/oma/.release/native-build/sdk/occt/inc/Expr_NotEvaluable.hxx
-- Installing: C:/Users/Davi/Downloads/oma/.release/native-build/sdk/occt/inc/Expr_NumericValue.hxx
-- Installing: C:/Users/Davi/Downloads/oma/.release/native-build/sdk/occt/inc/Expr_Operators.hxx
-- Installing: C:/Users/Davi/Downloads/oma/.release/native-build/sdk/occt/inc/Expr_PolyExpression.hxx
-- Installing: C:/Users/Davi/Downloads/oma/.release/native-build/sdk/occt/inc/Expr_PolyExpression.lxx
-- Installing: C:/Users/Davi/Downloads/oma/.release/native-build/sdk/occt/inc/Expr_PolyFunction.hxx
-- Installing: C:/Users/Davi/Downloads/oma/.release/native-build/sdk/occt/inc/Expr_Product.hxx
-- Installing: C:/Users/Davi/Downloads/oma/.release/native-build/sdk/occt/inc/Expr_RUIterator.hxx
-- Installing: C:/Users/Davi/Downloads/oma/.release/native-build/sdk/occt/inc/Expr_RelationIterator.hxx
-- Installing: C:/Users/Davi/Downloads/oma/.release/native-build/sdk/occt/inc/Expr_SequenceOfGeneralExpression.hxx
-- Installing: C:/Users/Davi/Downloads/oma/.release/native-build/sdk/occt/inc/Expr_SequenceOfGeneralRelation.hxx
-- Installing: C:/Users/Davi/Downloads/oma/.release/native-build/sdk/occt/inc/Expr_Sign.hxx
-- Installing: C:/Users/Davi/Downloads/oma/.release/native-build/sdk/occt/inc/Expr_Sine.hxx
-- Installing: C:/Users/Davi/Downloads/oma/.release/native-build/sdk/occt/inc/Expr_SingleRelation.hxx
-- Installing: C:/Users/Davi/Downloads/oma/.release/native-build/sdk/occt/inc/Expr_Sinh.hxx
-- Installing: C:/Users/Davi/Downloads/oma/.release/native-build/sdk/occt/inc/Expr_Square.hxx
-- Installing: C:/Users/Davi/Downloads/oma/.release/native-build/sdk/occt/inc/Expr_SquareRoot.hxx
-- Installing: C:/Users/Davi/Downloads/oma/.release/native-build/sdk/occt/inc/Expr_Sum.hxx
-- Installing: C:/Users/Davi/Downloads/oma/.release/native-build/sdk/occt/inc/Expr_SystemRelation.hxx
-- Installing: C:/Users/Davi/Downloads/oma/.release/native-build/sdk/occt/inc/Expr_Tangent.hxx
-- Installing: C:/Users/Davi/Downloads/oma/.release/native-build/sdk/occt/inc/Expr_Tanh.hxx
-- Installing: C:/Users/Davi/Downloads/oma/.release/native-build/sdk/occt/inc/Expr_UnaryExpression.hxx
-- Installing: C:/Users/Davi/Downloads/oma/.release/native-build/sdk/occt/inc/Expr_UnaryExpression.lxx
-- Installing: C:/Users/Davi/Downloads/oma/.release/native-build/sdk/occt/inc/Expr_UnaryFunction.hxx
-- Installing: C:/Users/Davi/Downloads/oma/.release/native-build/sdk/occt/inc/Expr_UnaryMinus.hxx
-- Installing: C:/Users/Davi/Downloads/oma/.release/native-build/sdk/occt/inc/Expr_UnknownIterator.hxx
-- Installing: C:/Users/Davi/Downloads/oma/.release/native-build/sdk/occt/inc/ExprIntrp.hxx
-- Installing: C:/Users/Davi/Downloads/oma/.release/native-build/sdk/occt/inc/ExprIntrp.tab.h
-- Installing: C:/Users/Davi/Downloads/oma/.release/native-build/sdk/occt/inc/ExprIntrp_Analysis.hxx
-- Installing: C:/Users/Davi/Downloads/oma/.release/native-build/sdk/occt/inc/ExprIntrp_GenExp.hxx
-- Installing: C:/Users/Davi/Downloads/oma/.release/native-build/sdk/occt/inc/ExprIntrp_GenFct.hxx
-- Installing: C:/Users/Davi/Downloads/oma/.release/native-build/sdk/occt/inc/ExprIntrp_GenRel.hxx
-- Installing: C:/Users/Davi/Downloads/oma/.release/native-build/sdk/occt/inc/ExprIntrp_Generator.hxx
-- Installing: C:/Users/Davi/Downloads/oma/.release/native-build/sdk/occt/inc/ExprIntrp_ListIteratorOfStackOfGeneralExpression.hxx
-- Installing: C:/Users/Davi/Downloads/oma/.release/native-build/sdk/occt/inc/ExprIntrp_ListIteratorOfStackOfGeneralFunction.hxx
-- Installing: C:/Users/Davi/Downloads/oma/.release/native-build/sdk/occt/inc/ExprIntrp_ListIteratorOfStackOfGeneralRelation.hxx
-- Installing: C:/Users/Davi/Downloads/oma/.release/native-build/sdk/occt/inc/ExprIntrp_SequenceOfNamedExpression.hxx
-- Installing: C:/Users/Davi/Downloads/oma/.release/native-build/sdk/occt/inc/ExprIntrp_SequenceOfNamedFunction.hxx
-- Installing: C:/Users/Davi/Downloads/oma/.release/native-build/sdk/occt/inc/ExprIntrp_StackOfGeneralExpression.hxx
-- Installing: C:/Users/Davi/Downloads/oma/.release/native-build/sdk/occt/inc/ExprIntrp_StackOfGeneralFunction.hxx
-- Installing: C:/Users/Davi/Downloads/oma/.release/native-build/sdk/occt/inc/ExprIntrp_StackOfGeneralRelation.hxx
-- Installing: C:/Users/Davi/Downloads/oma/.release/native-build/sdk/occt/inc/ExprIntrp_SyntaxError.hxx
-- Installing: C:/Users/Davi/Downloads/oma/.release/native-build/sdk/occt/inc/ExprIntrp_yaccanal.hxx
-- Installing: C:/Users/Davi/Downloads/oma/.release/native-build/sdk/occt/inc/ExprIntrp_yaccintrf.hxx
-- Installing: C:/Users/Davi/Downloads/oma/.release/native-build/sdk/occt/inc/Geom2d_AxisPlacement.hxx
-- Installing: C:/Users/Davi/Downloads/oma/.release/native-build/sdk/occt/inc/Geom2d_BSplineCurve.hxx
-- Installing: C:/Users/Davi/Downloads/oma/.release/native-build/sdk/occt/inc/Geom2d_BezierCurve.hxx
-- Installing: C:/Users/Davi/Downloads/oma/.release/native-build/sdk/occt/inc/Geom2d_BoundedCurve.hxx
-- Installing: C:/Users/Davi/Downloads/oma/.release/native-build/sdk/occt/inc/Geom2d_CartesianPoint.hxx
-- Installing: C:/Users/Davi/Downloads/oma/.release/native-build/sdk/occt/inc/Geom2d_Circle.hxx
-- Installing: C:/Users/Davi/Downloads/oma/.release/native-build/sdk/occt/inc/Geom2d_Conic.hxx
-- Installing: C:/Users/Davi/Downloads/oma/.release/native-build/sdk/occt/inc/Geom2d_Curve.hxx
-- Installing: C:/Users/Davi/Downloads/oma/.release/native-build/sdk/occt/inc/Geom2d_Direction.hxx
-- Installing: C:/Users/Davi/Downloads/oma/.release/native-build/sdk/occt/inc/Geom2d_Ellipse.hxx
-- Installing: C:/Users/Davi/Downloads/oma/.release/native-build/sdk/occt/inc/Geom2d_Geometry.hxx
-- Installing: C:/Users/Davi/Downloads/oma/.release/native-build/sdk/occt/inc/Geom2d_Hyperbola.hxx
-- Installing: C:/Users/Davi/Downloads/oma/.release/native-build/sdk/occt/inc/Geom2d_Line.hxx
-- Installing: C:/Users/Davi/Downloads/oma/.release/native-build/sdk/occt/inc/Geom2d_OffsetCurve.hxx
-- Installing: C:/Users/Davi/Downloads/oma/.release/native-build/sdk/occt/inc/Geom2d_Parabola.hxx
-- Installing: C:/Users/Davi/Downloads/oma/.release/native-build/sdk/occt/inc/Geom2d_Point.hxx
-- Installing: C:/Users/Davi/Downloads/oma/.release/native-build/sdk/occt/inc/Geom2d_Transformation.hxx
-- Installing: C:/Users/Davi/Downloads/oma/.release/native-build/sdk/occt/inc/Geom2d_TrimmedCurve.hxx
-- Installing: C:/Users/Davi/Downloads/oma/.release/native-build/sdk/occt/inc/Geom2d_UndefinedDerivative.hxx
-- Installing: C:/Users/Davi/Downloads/oma/.release/native-build/sdk/occt/inc/Geom2d_UndefinedValue.hxx
-- Installing: C:/Users/Davi/Downloads/oma/.release/native-build/sdk/occt/inc/Geom2d_Vector.hxx
-- Installing: C:/Users/Davi/Downloads/oma/.release/native-build/sdk/occt/inc/Geom2d_VectorWithMagnitude.hxx
-- Installing: C:/Users/Davi/Downloads/oma/.release/native-build/sdk/occt/inc/LProp_AnalyticCurInf.hxx
-- Installing: C:/Users/Davi/Downloads/oma/.release/native-build/sdk/occt/inc/LProp_BadContinuity.hxx
-- Installing: C:/Users/Davi/Downloads/oma/.release/native-build/sdk/occt/inc/LProp_CIType.hxx
-- Installing: C:/Users/Davi/Downloads/oma/.release/native-build/sdk/occt/inc/LProp_CLProps.gxx
-- Installing: C:/Users/Davi/Downloads/oma/.release/native-build/sdk/occt/inc/LProp_CurAndInf.hxx
-- Installing: C:/Users/Davi/Downloads/oma/.release/native-build/sdk/occt/inc/LProp_NotDefined.hxx
-- Installing: C:/Users/Davi/Downloads/oma/.release/native-build/sdk/occt/inc/LProp_SLProps.gxx
-- Installing: C:/Users/Davi/Downloads/oma/.release/native-build/sdk/occt/inc/LProp_SequenceOfCIType.hxx
-- Installing: C:/Users/Davi/Downloads/oma/.release/native-build/sdk/occt/inc/LProp_Status.hxx
-- Installing: C:/Users/Davi/Downloads/oma/.release/native-build/sdk/occt/inc/TColGeom2d_Array1OfBSplineCurve.hxx
-- Installing: C:/Users/Davi/Downloads/oma/.release/native-build/sdk/occt/inc/TColGeom2d_Array1OfBezierCurve.hxx
-- Installing: C:/Users/Davi/Downloads/oma/.release/native-build/sdk/occt/inc/TColGeom2d_Array1OfCurve.hxx
-- Installing: C:/Users/Davi/Downloads/oma/.release/native-build/sdk/occt/inc/TColGeom2d_HArray1OfBSplineCurve.hxx
-- Installing: C:/Users/Davi/Downloads/oma/.release/native-build/sdk/occt/inc/TColGeom2d_HArray1OfBezierCurve.hxx
-- Installing: C:/Users/Davi/Downloads/oma/.release/native-build/sdk/occt/inc/TColGeom2d_HArray1OfCurve.hxx
-- Installing: C:/Users/Davi/Downloads/oma/.release/native-build/sdk/occt/inc/TColGeom2d_HSequenceOfBoundedCurve.hxx
-- Installing: C:/Users/Davi/Downloads/oma/.release/native-build/sdk/occt/inc/TColGeom2d_HSequenceOfCurve.hxx
-- Installing: C:/Users/Davi/Downloads/oma/.release/native-build/sdk/occt/inc/TColGeom2d_SequenceOfBoundedCurve.hxx
-- Installing: C:/Users/Davi/Downloads/oma/.release/native-build/sdk/occt/inc/TColGeom2d_SequenceOfCurve.hxx
-- Installing: C:/Users/Davi/Downloads/oma/.release/native-build/sdk/occt/inc/TColGeom2d_SequenceOfGeometry.hxx
-- Installing: C:/Users/Davi/Downloads/oma/.release/native-build/sdk/occt/inc/Adaptor2d_Curve2d.hxx
-- Installing: C:/Users/Davi/Downloads/oma/.release/native-build/sdk/occt/inc/Adaptor2d_Line2d.hxx
-- Installing: C:/Users/Davi/Downloads/oma/.release/native-build/sdk/occt/inc/Adaptor2d_OffsetCurve.hxx
-- Installing: C:/Users/Davi/Downloads/oma/.release/native-build/sdk/occt/inc/Geom2dLProp_CLProps2d.hxx
-- Installing: C:/Users/Davi/Downloads/oma/.release/native-build/sdk/occt/inc/Geom2dLProp_CurAndInf2d.hxx
-- Installing: C:/Users/Davi/Downloads/oma/.release/native-build/sdk/occt/inc/Geom2dLProp_Curve2dTool.hxx
-- Installing: C:/Users/Davi/Downloads/oma/.release/native-build/sdk/occt/inc/Geom2dLProp_FuncCurExt.hxx
-- Installing: C:/Users/Davi/Downloads/oma/.release/native-build/sdk/occt/inc/Geom2dLProp_FuncCurNul.hxx
-- Installing: C:/Users/Davi/Downloads/oma/.release/native-build/sdk/occt/inc/Geom2dLProp_NumericCurInf2d.hxx
-- Installing: C:/Users/Davi/Downloads/oma/.release/native-build/sdk/occt/inc/Geom2dAdaptor.hxx
-- Installing: C:/Users/Davi/Downloads/oma/.release/native-build/sdk/occt/inc/Geom2dAdaptor_Curve.hxx
-- Installing: C:/Users/Davi/Downloads/oma/.release/native-build/sdk/occt/inc/Geom2dEvaluator.hxx
-- Installing: C:/Users/Davi/Downloads/oma/.release/native-build/sdk/occt/inc/Geom2dEvaluator_Curve.hxx
-- Installing: C:/Users/Davi/Downloads/oma/.release/native-build/sdk/occt/inc/Geom2dEvaluator_OffsetCurve.hxx
-- Installing: C:/Users/Davi/Downloads/oma/.release/native-build/sdk/occt/inc/Geom_Axis1Placement.hxx
-- Installing: C:/Users/Davi/Downloads/oma/.release/native-build/sdk/occt/inc/Geom_Axis2Placement.hxx
-- Installing: C:/Users/Davi/Downloads/oma/.release/native-build/sdk/occt/inc/Geom_AxisPlacement.hxx
-- Installing: C:/Users/Davi/Downloads/oma/.release/native-build/sdk/occt/inc/Geom_BSplineCurve.hxx
-- Installing: C:/Users/Davi/Downloads/oma/.release/native-build/sdk/occt/inc/Geom_BSplineSurface.hxx
-- Installing: C:/Users/Davi/Downloads/oma/.release/native-build/sdk/occt/inc/Geom_BezierCurve.hxx
-- Installing: C:/Users/Davi/Downloads/oma/.release/native-build/sdk/occt/inc/Geom_BezierSurface.hxx
-- Installing: C:/Users/Davi/Downloads/oma/.release/native-build/sdk/occt/inc/Geom_BoundedCurve.hxx
-- Installing: C:/Users/Davi/Downloads/oma/.release/native-build/sdk/occt/inc/Geom_BoundedSurface.hxx
-- Installing: C:/Users/Davi/Downloads/oma/.release/native-build/sdk/occt/inc/Geom_CartesianPoint.hxx
-- Installing: C:/Users/Davi/Downloads/oma/.release/native-build/sdk/occt/inc/Geom_Circle.hxx
-- Installing: C:/Users/Davi/Downloads/oma/.release/native-build/sdk/occt/inc/Geom_Conic.hxx
-- Installing: C:/Users/Davi/Downloads/oma/.release/native-build/sdk/occt/inc/Geom_ConicalSurface.hxx
-- Installing: C:/Users/Davi/Downloads/oma/.release/native-build/sdk/occt/inc/Geom_Curve.hxx
-- Installing: C:/Users/Davi/Downloads/oma/.release/native-build/sdk/occt/inc/Geom_CylindricalSurface.hxx
-- Installing: C:/Users/Davi/Downloads/oma/.release/native-build/sdk/occt/inc/Geom_Direction.hxx
-- Installing: C:/Users/Davi/Downloads/oma/.release/native-build/sdk/occt/inc/Geom_ElementarySurface.hxx
-- Installing: C:/Users/Davi/Downloads/oma/.release/native-build/sdk/occt/inc/Geom_Ellipse.hxx
-- Installing: C:/Users/Davi/Downloads/oma/.release/native-build/sdk/occt/inc/Geom_Geometry.hxx
-- Installing: C:/Users/Davi/Downloads/oma/.release/native-build/sdk/occt/inc/Geom_HSequenceOfBSplineSurface.hxx
-- Installing: C:/Users/Davi/Downloads/oma/.release/native-build/sdk/occt/inc/Geom_Hyperbola.hxx
-- Installing: C:/Users/Davi/Downloads/oma/.release/native-build/sdk/occt/inc/Geom_Line.hxx
-- Installing: C:/Users/Davi/Downloads/oma/.release/native-build/sdk/occt/inc/Geom_OffsetCurve.hxx
-- Installing: C:/Users/Davi/Downloads/oma/.release/native-build/sdk/occt/inc/Geom_OffsetSurface.hxx
-- Installing: C:/Users/Davi/Downloads/oma/.release/native-build/sdk/occt/inc/Geom_OsculatingSurface.hxx
-- Installing: C:/Users/Davi/Downloads/oma/.release/native-build/sdk/occt/inc/Geom_Parabola.hxx
-- Installing: C:/Users/Davi/Downloads/oma/.release/native-build/sdk/occt/inc/Geom_Plane.hxx
-- Installing: C:/Users/Davi/Downloads/oma/.release/native-build/sdk/occt/inc/Geom_Point.hxx
-- Installing: C:/Users/Davi/Downloads/oma/.release/native-build/sdk/occt/inc/Geom_RectangularTrimmedSurface.hxx
-- Installing: C:/Users/Davi/Downloads/oma/.release/native-build/sdk/occt/inc/Geom_SequenceOfBSplineSurface.hxx
-- Installing: C:/Users/Davi/Downloads/oma/.release/native-build/sdk/occt/inc/Geom_SphericalSurface.hxx
-- Installing: C:/Users/Davi/Downloads/oma/.release/native-build/sdk/occt/inc/Geom_Surface.hxx
-- Installing: C:/Users/Davi/Downloads/oma/.release/native-build/sdk/occt/inc/Geom_SurfaceOfLinearExtrusion.hxx
-- Installing: C:/Users/Davi/Downloads/oma/.release/native-build/sdk/occt/inc/Geom_SurfaceOfRevolution.hxx
-- Installing: C:/Users/Davi/Downloads/oma/.release/native-build/sdk/occt/inc/Geom_SweptSurface.hxx
-- Installing: C:/Users/Davi/Downloads/oma/.release/native-build/sdk/occt/inc/Geom_ToroidalSurface.hxx
-- Installing: C:/Users/Davi/Downloads/oma/.release/native-build/sdk/occt/inc/Geom_Transformation.hxx
-- Installing: C:/Users/Davi/Downloads/oma/.release/native-build/sdk/occt/inc/Geom_TrimmedCurve.hxx
-- Installing: C:/Users/Davi/Downloads/oma/.release/native-build/sdk/occt/inc/Geom_UndefinedDerivative.hxx
-- Installing: C:/Users/Davi/Downloads/oma/.release/native-build/sdk/occt/inc/Geom_UndefinedValue.hxx
-- Installing: C:/Users/Davi/Downloads/oma/.release/native-build/sdk/occt/inc/Geom_Vector.hxx
-- Installing: C:/Users/Davi/Downloads/oma/.release/native-build/sdk/occt/inc/Geom_VectorWithMagnitude.hxx
-- Installing: C:/Users/Davi/Downloads/oma/.release/native-build/sdk/occt/inc/TColGeom_Array1OfBSplineCurve.hxx
-- Installing: C:/Users/Davi/Downloads/oma/.release/native-build/sdk/occt/inc/TColGeom_Array1OfBezierCurve.hxx
-- Installing: C:/Users/Davi/Downloads/oma/.release/native-build/sdk/occt/inc/TColGeom_Array1OfCurve.hxx
-- Installing: C:/Users/Davi/Downloads/oma/.release/native-build/sdk/occt/inc/TColGeom_Array1OfSurface.hxx
-- Installing: C:/Users/Davi/Downloads/oma/.release/native-build/sdk/occt/inc/TColGeom_Array2OfBezierSurface.hxx
-- Installing: C:/Users/Davi/Downloads/oma/.release/native-build/sdk/occt/inc/TColGeom_Array2OfSurface.hxx
-- Installing: C:/Users/Davi/Downloads/oma/.release/native-build/sdk/occt/inc/TColGeom_HArray1OfBSplineCurve.hxx
-- Installing: C:/Users/Davi/Downloads/oma/.release/native-build/sdk/occt/inc/TColGeom_HArray1OfBezierCurve.hxx
-- Installing: C:/Users/Davi/Downloads/oma/.release/native-build/sdk/occt/inc/TColGeom_HArray1OfCurve.hxx
-- Installing: C:/Users/Davi/Downloads/oma/.release/native-build/sdk/occt/inc/TColGeom_HArray1OfSurface.hxx
-- Installing: C:/Users/Davi/Downloads/oma/.release/native-build/sdk/occt/inc/TColGeom_HArray2OfSurface.hxx
-- Installing: C:/Users/Davi/Downloads/oma/.release/native-build/sdk/occt/inc/TColGeom_HSequenceOfBoundedCurve.hxx
-- Installing: C:/Users/Davi/Downloads/oma/.release/native-build/sdk/occt/inc/TColGeom_HSequenceOfCurve.hxx
-- Installing: C:/Users/Davi/Downloads/oma/.release/native-build/sdk/occt/inc/TColGeom_SequenceOfBoundedCurve.hxx
-- Installing: C:/Users/Davi/Downloads/oma/.release/native-build/sdk/occt/inc/TColGeom_SequenceOfCurve.hxx
-- Installing: C:/Users/Davi/Downloads/oma/.release/native-build/sdk/occt/inc/TColGeom_SequenceOfSurface.hxx
-- Installing: C:/Users/Davi/Downloads/oma/.release/native-build/sdk/occt/inc/GeomAdaptor.hxx
-- Installing: C:/Users/Davi/Downloads/oma/.release/native-build/sdk/occt/inc/GeomAdaptor_Curve.hxx
-- Installing: C:/Users/Davi/Downloads/oma/.release/native-build/sdk/occt/inc/GeomAdaptor_Surface.hxx
-- Installing: C:/Users/Davi/Downloads/oma/.release/native-build/sdk/occt/inc/GeomAdaptor_SurfaceOfLinearExtrusion.hxx
-- Installing: C:/Users/Davi/Downloads/oma/.release/native-build/sdk/occt/inc/GeomAdaptor_SurfaceOfRevolution.hxx
-- Installing: C:/Users/Davi/Downloads/oma/.release/native-build/sdk/occt/inc/AdvApprox_ApproxAFunction.hxx
-- Installing: C:/Users/Davi/Downloads/oma/.release/native-build/sdk/occt/inc/AdvApprox_ApproxAFunction.lxx
-- Installing: C:/Users/Davi/Downloads/oma/.release/native-build/sdk/occt/inc/AdvApprox_Cutting.hxx
-- Installing: C:/Users/Davi/Downloads/oma/.release/native-build/sdk/occt/inc/AdvApprox_DichoCutting.hxx
-- Installing: C:/Users/Davi/Downloads/oma/.release/native-build/sdk/occt/inc/AdvApprox_EvaluatorFunction.hxx
-- Installing: C:/Users/Davi/Downloads/oma/.release/native-build/sdk/occt/inc/AdvApprox_PrefAndRec.hxx
-- Installing: C:/Users/Davi/Downloads/oma/.release/native-build/sdk/occt/inc/AdvApprox_PrefCutting.hxx
-- Installing: C:/Users/Davi/Downloads/oma/.release/native-build/sdk/occt/inc/AdvApprox_SimpleApprox.hxx
-- Installing: C:/Users/Davi/Downloads/oma/.release/native-build/sdk/occt/inc/GeomLProp.hxx
-- Installing: C:/Users/Davi/Downloads/oma/.release/native-build/sdk/occt/inc/GeomLProp_CLProps.hxx
-- Installing: C:/Users/Davi/Downloads/oma/.release/native-build/sdk/occt/inc/GeomLProp_CurveTool.hxx
-- Installing: C:/Users/Davi/Downloads/oma/.release/native-build/sdk/occt/inc/GeomLProp_SLProps.hxx
-- Installing: C:/Users/Davi/Downloads/oma/.release/native-build/sdk/occt/inc/GeomLProp_SurfaceTool.hxx
-- Installing: C:/Users/Davi/Downloads/oma/.release/native-build/sdk/occt/inc/Adaptor3d_Curve.hxx
-- Installing: C:/Users/Davi/Downloads/oma/.release/native-build/sdk/occt/inc/Adaptor3d_CurveOnSurface.hxx
-- Installing: C:/Users/Davi/Downloads/oma/.release/native-build/sdk/occt/inc/Adaptor3d_HSurfaceTool.hxx
-- Installing: C:/Users/Davi/Downloads/oma/.release/native-build/sdk/occt/inc/Adaptor3d_HVertex.hxx
-- Installing: C:/Users/Davi/Downloads/oma/.release/native-build/sdk/occt/inc/Adaptor3d_InterFunc.hxx
-- Installing: C:/Users/Davi/Downloads/oma/.release/native-build/sdk/occt/inc/Adaptor3d_IsoCurve.hxx
-- Installing: C:/Users/Davi/Downloads/oma/.release/native-build/sdk/occt/inc/Adaptor3d_Surface.hxx
-- Installing: C:/Users/Davi/Downloads/oma/.release/native-build/sdk/occt/inc/Adaptor3d_TopolTool.hxx
-- Installing: C:/Users/Davi/Downloads/oma/.release/native-build/sdk/occt/inc/LProp3d_CLProps.hxx
-- Installing: C:/Users/Davi/Downloads/oma/.release/native-build/sdk/occt/inc/LProp3d_CurveTool.hxx
-- Installing: C:/Users/Davi/Downloads/oma/.release/native-build/sdk/occt/inc/LProp3d_SLProps.hxx
-- Installing: C:/Users/Davi/Downloads/oma/.release/native-build/sdk/occt/inc/LProp3d_SurfaceTool.hxx
-- Installing: C:/Users/Davi/Downloads/oma/.release/native-build/sdk/occt/inc/TopAbs.hxx
-- Installing: C:/Users/Davi/Downloads/oma/.release/native-build/sdk/occt/inc/TopAbs_Orientation.hxx
-- Installing: C:/Users/Davi/Downloads/oma/.release/native-build/sdk/occt/inc/TopAbs_ShapeEnum.hxx
-- Installing: C:/Users/Davi/Downloads/oma/.release/native-build/sdk/occt/inc/TopAbs_State.hxx
-- Installing: C:/Users/Davi/Downloads/oma/.release/native-build/sdk/occt/inc/GeomEvaluator_Curve.hxx
-- Installing: C:/Users/Davi/Downloads/oma/.release/native-build/sdk/occt/inc/GeomEvaluator_OffsetCurve.hxx
-- Installing: C:/Users/Davi/Downloads/oma/.release/native-build/sdk/occt/inc/GeomEvaluator_OffsetSurface.hxx
-- Installing: C:/Users/Davi/Downloads/oma/.release/native-build/sdk/occt/inc/GeomEvaluator_Surface.hxx
-- Installing: C:/Users/Davi/Downloads/oma/.release/native-build/sdk/occt/inc/GeomEvaluator_SurfaceOfExtrusion.hxx
-- Installing: C:/Users/Davi/Downloads/oma/.release/native-build/sdk/occt/inc/GeomEvaluator_SurfaceOfRevolution.hxx
-- Installing: C:/Users/Davi/Downloads/oma/.release/native-build/sdk/occt/inc/GProp.hxx
-- Installing: C:/Users/Davi/Downloads/oma/.release/native-build/sdk/occt/inc/GProp_CelGProps.hxx
-- Installing: C:/Users/Davi/Downloads/oma/.release/native-build/sdk/occt/inc/GProp_EquaType.hxx
-- Installing: C:/Users/Davi/Downloads/oma/.release/native-build/sdk/occt/inc/GProp_GProps.hxx
-- Installing: C:/Users/Davi/Downloads/oma/.release/native-build/sdk/occt/inc/GProp_PEquation.hxx
-- Installing: C:/Users/Davi/Downloads/oma/.release/native-build/sdk/occt/inc/GProp_PGProps.hxx
-- Installing: C:/Users/Davi/Downloads/oma/.release/native-build/sdk/occt/inc/GProp_PrincipalProps.hxx
-- Installing: C:/Users/Davi/Downloads/oma/.release/native-build/sdk/occt/inc/GProp_SelGProps.hxx
-- Installing: C:/Users/Davi/Downloads/oma/.release/native-build/sdk/occt/inc/GProp_UndefinedAxis.hxx
-- Installing: C:/Users/Davi/Downloads/oma/.release/native-build/sdk/occt/inc/GProp_ValueType.hxx
-- Installing: C:/Users/Davi/Downloads/oma/.release/native-build/sdk/occt/inc/GProp_VelGProps.hxx
-- Installing: C:/Users/Davi/Downloads/oma/.release/native-build/sdk/occt/inc/ProjLib.hxx
-- Installing: C:/Users/Davi/Downloads/oma/.release/native-build/sdk/occt/inc/ProjLib_CompProjectedCurve.hxx
-- Installing: C:/Users/Davi/Downloads/oma/.release/native-build/sdk/occt/inc/ProjLib_ComputeApprox.hxx
-- Installing: C:/Users/Davi/Downloads/oma/.release/native-build/sdk/occt/inc/ProjLib_ComputeApproxOnPolarSurface.hxx
-- Installing: C:/Users/Davi/Downloads/oma/.release/native-build/sdk/occt/inc/ProjLib_Cone.hxx
-- Installing: C:/Users/Davi/Downloads/oma/.release/native-build/sdk/occt/inc/ProjLib_Cylinder.hxx
-- Installing: C:/Users/Davi/Downloads/oma/.release/native-build/sdk/occt/inc/ProjLib_HCompProjectedCurve.hxx
-- Installing: C:/Users/Davi/Downloads/oma/.release/native-build/sdk/occt/inc/ProjLib_HProjectedCurve.hxx
-- Installing: C:/Users/Davi/Downloads/oma/.release/native-build/sdk/occt/inc/ProjLib_HSequenceOfHSequenceOfPnt.hxx
-- Installing: C:/Users/Davi/Downloads/oma/.release/native-build/sdk/occt/inc/ProjLib_Plane.hxx
-- Installing: C:/Users/Davi/Downloads/oma/.release/native-build/sdk/occt/inc/ProjLib_PrjFunc.hxx
-- Installing: C:/Users/Davi/Downloads/oma/.release/native-build/sdk/occt/inc/ProjLib_PrjResolve.hxx
-- Installing: C:/Users/Davi/Downloads/oma/.release/native-build/sdk/occt/inc/ProjLib_ProjectOnPlane.hxx
-- Installing: C:/Users/Davi/Downloads/oma/.release/native-build/sdk/occt/inc/ProjLib_ProjectOnSurface.hxx
-- Installing: C:/Users/Davi/Downloads/oma/.release/native-build/sdk/occt/inc/ProjLib_ProjectedCurve.hxx
-- Installing: C:/Users/Davi/Downloads/oma/.release/native-build/sdk/occt/inc/ProjLib_Projector.hxx
-- Installing: C:/Users/Davi/Downloads/oma/.release/native-build/sdk/occt/inc/ProjLib_SequenceOfHSequenceOfPnt.hxx
-- Installing: C:/Users/Davi/Downloads/oma/.release/native-build/sdk/occt/inc/ProjLib_Sphere.hxx
-- Installing: C:/Users/Davi/Downloads/oma/.release/native-build/sdk/occt/inc/ProjLib_Torus.hxx
-- Installing: C:/Users/Davi/Downloads/oma/.release/native-build/sdk/occt/inc/GeomProjLib.hxx
-- Installing: C:/Users/Davi/Downloads/oma/.release/native-build/sdk/occt/inc/GCPnts_AbscissaPoint.hxx
-- Installing: C:/Users/Davi/Downloads/oma/.release/native-build/sdk/occt/inc/GCPnts_AbscissaType.hxx
-- Installing: C:/Users/Davi/Downloads/oma/.release/native-build/sdk/occt/inc/GCPnts_DeflectionType.hxx
-- Installing: C:/Users/Davi/Downloads/oma/.release/native-build/sdk/occt/inc/GCPnts_DistFunction.hxx
-- Installing: C:/Users/Davi/Downloads/oma/.release/native-build/sdk/occt/inc/GCPnts_DistFunction2d.hxx
-- Installing: C:/Users/Davi/Downloads/oma/.release/native-build/sdk/occt/inc/GCPnts_QuasiUniformAbscissa.hxx
-- Installing: C:/Users/Davi/Downloads/oma/.release/native-build/sdk/occt/inc/GCPnts_QuasiUniformDeflection.hxx
-- Installing: C:/Users/Davi/Downloads/oma/.release/native-build/sdk/occt/inc/GCPnts_TCurveTypes.hxx
-- Installing: C:/Users/Davi/Downloads/oma/.release/native-build/sdk/occt/inc/GCPnts_TangentialDeflection.hxx
-- Installing: C:/Users/Davi/Downloads/oma/.release/native-build/sdk/occt/inc/GCPnts_UniformAbscissa.hxx
-- Installing: C:/Users/Davi/Downloads/oma/.release/native-build/sdk/occt/inc/GCPnts_UniformDeflection.hxx
-- Installing: C:/Users/Davi/Downloads/oma/.release/native-build/sdk/occt/inc/CPnts_AbscissaPoint.hxx
-- Installing: C:/Users/Davi/Downloads/oma/.release/native-build/sdk/occt/inc/CPnts_AbscissaPoint.lxx
-- Installing: C:/Users/Davi/Downloads/oma/.release/native-build/sdk/occt/inc/CPnts_MyGaussFunction.hxx
-- Installing: C:/Users/Davi/Downloads/oma/.release/native-build/sdk/occt/inc/CPnts_MyGaussFunction.lxx
-- Installing: C:/Users/Davi/Downloads/oma/.release/native-build/sdk/occt/inc/CPnts_MyRootFunction.hxx
-- Installing: C:/Users/Davi/Downloads/oma/.release/native-build/sdk/occt/inc/CPnts_MyRootFunction.lxx
-- Installing: C:/Users/Davi/Downloads/oma/.release/native-build/sdk/occt/inc/CPnts_RealFunction.hxx
-- Installing: C:/Users/Davi/Downloads/oma/.release/native-build/sdk/occt/inc/CPnts_UniformDeflection.hxx
-- Installing: C:/Users/Davi/Downloads/oma/.release/native-build/sdk/occt/inc/CPnts_UniformDeflection.lxx
-- Installing: C:/Users/Davi/Downloads/oma/.release/native-build/sdk/occt/inc/Approx_Array1OfAdHSurface.hxx
-- Installing: C:/Users/Davi/Downloads/oma/.release/native-build/sdk/occt/inc/Approx_Array1OfGTrsf2d.hxx
-- Installing: C:/Users/Davi/Downloads/oma/.release/native-build/sdk/occt/inc/Approx_BSplComputeLine.gxx
-- Installing: C:/Users/Davi/Downloads/oma/.release/native-build/sdk/occt/inc/Approx_ComputeCLine.gxx
-- Installing: C:/Users/Davi/Downloads/oma/.release/native-build/sdk/occt/inc/Approx_ComputeLine.gxx
-- Installing: C:/Users/Davi/Downloads/oma/.release/native-build/sdk/occt/inc/Approx_Curve2d.hxx
-- Installing: C:/Users/Davi/Downloads/oma/.release/native-build/sdk/occt/inc/Approx_Curve3d.hxx
-- Installing: C:/Users/Davi/Downloads/oma/.release/native-build/sdk/occt/inc/Approx_CurveOnSurface.hxx
-- Installing: C:/Users/Davi/Downloads/oma/.release/native-build/sdk/occt/inc/Approx_CurvilinearParameter.hxx
-- Installing: C:/Users/Davi/Downloads/oma/.release/native-build/sdk/occt/inc/Approx_CurvlinFunc.hxx
-- Installing: C:/Users/Davi/Downloads/oma/.release/native-build/sdk/occt/inc/Approx_FitAndDivide.hxx
-- Installing: C:/Users/Davi/Downloads/oma/.release/native-build/sdk/occt/inc/Approx_FitAndDivide2d.hxx
-- Installing: C:/Users/Davi/Downloads/oma/.release/native-build/sdk/occt/inc/Approx_HArray1OfAdHSurface.hxx
-- Installing: C:/Users/Davi/Downloads/oma/.release/native-build/sdk/occt/inc/Approx_HArray1OfGTrsf2d.hxx
-- Installing: C:/Users/Davi/Downloads/oma/.release/native-build/sdk/occt/inc/Approx_MCurvesToBSpCurve.hxx
-- Installing: C:/Users/Davi/Downloads/oma/.release/native-build/sdk/occt/inc/Approx_ParametrizationType.hxx
-- Installing: C:/Users/Davi/Downloads/oma/.release/native-build/sdk/occt/inc/Approx_SameParameter.hxx
-- Installing: C:/Users/Davi/Downloads/oma/.release/native-build/sdk/occt/inc/Approx_SequenceOfHArray1OfReal.hxx
-- Installing: C:/Users/Davi/Downloads/oma/.release/native-build/sdk/occt/inc/Approx_Status.hxx
-- Installing: C:/Users/Davi/Downloads/oma/.release/native-build/sdk/occt/inc/Approx_SweepApproximation.hxx
-- Installing: C:/Users/Davi/Downloads/oma/.release/native-build/sdk/occt/inc/Approx_SweepApproximation.lxx
-- Installing: C:/Users/Davi/Downloads/oma/.release/native-build/sdk/occt/inc/Approx_SweepFunction.hxx
-- Installing: C:/Users/Davi/Downloads/oma/.release/native-build/sdk/occt/inc/AppParCurves.hxx
-- Installing: C:/Users/Davi/Downloads/oma/.release/native-build/sdk/occt/inc/AppParCurves_Array1OfConstraintCouple.hxx
-- Installing: C:/Users/Davi/Downloads/oma/.release/native-build/sdk/occt/inc/AppParCurves_Array1OfMultiBSpCurve.hxx
-- Installing: C:/Users/Davi/Downloads/oma/.release/native-build/sdk/occt/inc/AppParCurves_Array1OfMultiCurve.hxx
-- Installing: C:/Users/Davi/Downloads/oma/.release/native-build/sdk/occt/inc/AppParCurves_Array1OfMultiPoint.hxx
-- Installing: C:/Users/Davi/Downloads/oma/.release/native-build/sdk/occt/inc/AppParCurves_BSpFunction.gxx
-- Installing: C:/Users/Davi/Downloads/oma/.release/native-build/sdk/occt/inc/AppParCurves_BSpGradient.gxx
-- Installing: C:/Users/Davi/Downloads/oma/.release/native-build/sdk/occt/inc/AppParCurves_BSpGradient_BFGS.gxx
-- Installing: C:/Users/Davi/Downloads/oma/.release/native-build/sdk/occt/inc/AppParCurves_Constraint.hxx
-- Installing: C:/Users/Davi/Downloads/oma/.release/native-build/sdk/occt/inc/AppParCurves_ConstraintCouple.hxx
-- Installing: C:/Users/Davi/Downloads/oma/.release/native-build/sdk/occt/inc/AppParCurves_Function.gxx
-- Installing: C:/Users/Davi/Downloads/oma/.release/native-build/sdk/occt/inc/AppParCurves_Gradient.gxx
-- Installing: C:/Users/Davi/Downloads/oma/.release/native-build/sdk/occt/inc/AppParCurves_Gradient_BFGS.gxx
-- Installing: C:/Users/Davi/Downloads/oma/.release/native-build/sdk/occt/inc/AppParCurves_HArray1OfConstraintCouple.hxx
-- Installing: C:/Users/Davi/Downloads/oma/.release/native-build/sdk/occt/inc/AppParCurves_HArray1OfMultiBSpCurve.hxx
-- Installing: C:/Users/Davi/Downloads/oma/.release/native-build/sdk/occt/inc/AppParCurves_HArray1OfMultiCurve.hxx
-- Installing: C:/Users/Davi/Downloads/oma/.release/native-build/sdk/occt/inc/AppParCurves_HArray1OfMultiPoint.hxx
-- Installing: C:/Users/Davi/Downloads/oma/.release/native-build/sdk/occt/inc/AppParCurves_LeastSquare.gxx
-- Installing: C:/Users/Davi/Downloads/oma/.release/native-build/sdk/occt/inc/AppParCurves_MultiBSpCurve.hxx
-- Installing: C:/Users/Davi/Downloads/oma/.release/native-build/sdk/occt/inc/AppParCurves_MultiCurve.hxx
-- Installing: C:/Users/Davi/Downloads/oma/.release/native-build/sdk/occt/inc/AppParCurves_MultiPoint.hxx
-- Installing: C:/Users/Davi/Downloads/oma/.release/native-build/sdk/occt/inc/AppParCurves_MultiPoint.lxx
-- Installing: C:/Users/Davi/Downloads/oma/.release/native-build/sdk/occt/inc/AppParCurves_ResolConstraint.gxx
-- Installing: C:/Users/Davi/Downloads/oma/.release/native-build/sdk/occt/inc/AppParCurves_SequenceOfMultiBSpCurve.hxx
-- Installing: C:/Users/Davi/Downloads/oma/.release/native-build/sdk/occt/inc/AppParCurves_SequenceOfMultiCurve.hxx
-- Installing: C:/Users/Davi/Downloads/oma/.release/native-build/sdk/occt/inc/FEmTool_Assembly.hxx
-- Installing: C:/Users/Davi/Downloads/oma/.release/native-build/sdk/occt/inc/FEmTool_AssemblyTable.hxx
-- Installing: C:/Users/Davi/Downloads/oma/.release/native-build/sdk/occt/inc/FEmTool_Curve.hxx
-- Installing: C:/Users/Davi/Downloads/oma/.release/native-build/sdk/occt/inc/FEmTool_ElementaryCriterion.hxx
-- Installing: C:/Users/Davi/Downloads/oma/.release/native-build/sdk/occt/inc/FEmTool_ElementsOfRefMatrix.hxx
-- Installing: C:/Users/Davi/Downloads/oma/.release/native-build/sdk/occt/inc/FEmTool_HAssemblyTable.hxx
-- Installing: C:/Users/Davi/Downloads/oma/.release/native-build/sdk/occt/inc/FEmTool_LinearFlexion.hxx
-- Installing: C:/Users/Davi/Downloads/oma/.release/native-build/sdk/occt/inc/FEmTool_LinearJerk.hxx
-- Installing: C:/Users/Davi/Downloads/oma/.release/native-build/sdk/occt/inc/FEmTool_LinearTension.hxx
-- Installing: C:/Users/Davi/Downloads/oma/.release/native-build/sdk/occt/inc/FEmTool_ListIteratorOfListOfVectors.hxx
-- Installing: C:/Users/Davi/Downloads/oma/.release/native-build/sdk/occt/inc/FEmTool_ListOfVectors.hxx
-- Installing: C:/Users/Davi/Downloads/oma/.release/native-build/sdk/occt/inc/FEmTool_ProfileMatrix.hxx
-- Installing: C:/Users/Davi/Downloads/oma/.release/native-build/sdk/occt/inc/FEmTool_SeqOfLinConstr.hxx
-- Installing: C:/Users/Davi/Downloads/oma/.release/native-build/sdk/occt/inc/FEmTool_SparseMatrix.hxx
-- Installing: C:/Users/Davi/Downloads/oma/.release/native-build/sdk/occt/inc/AppCont_ContMatrices.hxx
-- Installing: C:/Users/Davi/Downloads/oma/.release/native-build/sdk/occt/inc/AppCont_Function.hxx
-- Installing: C:/Users/Davi/Downloads/oma/.release/native-build/sdk/occt/inc/AppCont_LeastSquare.hxx
-- Installing: C:/Users/Davi/Downloads/oma/.release/native-build/sdk/occt/inc/Extrema_Array1OfPOnCurv.hxx
-- Installing: C:/Users/Davi/Downloads/oma/.release/native-build/sdk/occt/inc/Extrema_Array1OfPOnCurv2d.hxx
-- Installing: C:/Users/Davi/Downloads/oma/.release/native-build/sdk/occt/inc/Extrema_Array1OfPOnSurf.hxx
-- Installing: C:/Users/Davi/Downloads/oma/.release/native-build/sdk/occt/inc/Extrema_Array2OfPOnCurv.hxx
-- Installing: C:/Users/Davi/Downloads/oma/.release/native-build/sdk/occt/inc/Extrema_Array2OfPOnCurv2d.hxx
-- Installing: C:/Users/Davi/Downloads/oma/.release/native-build/sdk/occt/inc/Extrema_Array2OfPOnSurf.hxx
-- Installing: C:/Users/Davi/Downloads/oma/.release/native-build/sdk/occt/inc/Extrema_Array2OfPOnSurfParams.hxx
-- Installing: C:/Users/Davi/Downloads/oma/.release/native-build/sdk/occt/inc/Extrema_CCLocFOfLocECC.hxx
-- Installing: C:/Users/Davi/Downloads/oma/.release/native-build/sdk/occt/inc/Extrema_CCLocFOfLocECC2d.hxx
-- Installing: C:/Users/Davi/Downloads/oma/.release/native-build/sdk/occt/inc/Extrema_Curve2dTool.hxx
-- Installing: C:/Users/Davi/Downloads/oma/.release/native-build/sdk/occt/inc/Extrema_Curve2dTool.lxx
-- Installing: C:/Users/Davi/Downloads/oma/.release/native-build/sdk/occt/inc/Extrema_CurveLocator.gxx
-- Installing: C:/Users/Davi/Downloads/oma/.release/native-build/sdk/occt/inc/Extrema_CurveTool.hxx
-- Installing: C:/Users/Davi/Downloads/oma/.release/native-build/sdk/occt/inc/Extrema_CurveTool.lxx
-- Installing: C:/Users/Davi/Downloads/oma/.release/native-build/sdk/occt/inc/Extrema_ECC.hxx
-- Installing: C:/Users/Davi/Downloads/oma/.release/native-build/sdk/occt/inc/Extrema_ECC2d.hxx
-- Installing: C:/Users/Davi/Downloads/oma/.release/native-build/sdk/occt/inc/Extrema_ELPCOfLocateExtPC.hxx
-- Installing: C:/Users/Davi/Downloads/oma/.release/native-build/sdk/occt/inc/Extrema_ELPCOfLocateExtPC2d.hxx
-- Installing: C:/Users/Davi/Downloads/oma/.release/native-build/sdk/occt/inc/Extrema_EPCOfELPCOfLocateExtPC.hxx
-- Installing: C:/Users/Davi/Downloads/oma/.release/native-build/sdk/occt/inc/Extrema_EPCOfELPCOfLocateExtPC2d.hxx
-- Installing: C:/Users/Davi/Downloads/oma/.release/native-build/sdk/occt/inc/Extrema_EPCOfExtPC.hxx
-- Installing: C:/Users/Davi/Downloads/oma/.release/native-build/sdk/occt/inc/Extrema_EPCOfExtPC2d.hxx
-- Installing: C:/Users/Davi/Downloads/oma/.release/native-build/sdk/occt/inc/Extrema_ElementType.hxx
-- Installing: C:/Users/Davi/Downloads/oma/.release/native-build/sdk/occt/inc/Extrema_ExtAlgo.hxx
-- Installing: C:/Users/Davi/Downloads/oma/.release/native-build/sdk/occt/inc/Extrema_ExtCC.hxx
-- Installing: C:/Users/Davi/Downloads/oma/.release/native-build/sdk/occt/inc/Extrema_ExtCC2d.hxx
-- Installing: C:/Users/Davi/Downloads/oma/.release/native-build/sdk/occt/inc/Extrema_ExtCS.hxx
-- Installing: C:/Users/Davi/Downloads/oma/.release/native-build/sdk/occt/inc/Extrema_ExtElC.hxx
-- Installing: C:/Users/Davi/Downloads/oma/.release/native-build/sdk/occt/inc/Extrema_ExtElC2d.hxx
-- Installing: C:/Users/Davi/Downloads/oma/.release/native-build/sdk/occt/inc/Extrema_ExtElCS.hxx
-- Installing: C:/Users/Davi/Downloads/oma/.release/native-build/sdk/occt/inc/Extrema_ExtElSS.hxx
-- Installing: C:/Users/Davi/Downloads/oma/.release/native-build/sdk/occt/inc/Extrema_ExtFlag.hxx
-- Installing: C:/Users/Davi/Downloads/oma/.release/native-build/sdk/occt/inc/Extrema_ExtPC.hxx
-- Installing: C:/Users/Davi/Downloads/oma/.release/native-build/sdk/occt/inc/Extrema_ExtPC2d.hxx
-- Installing: C:/Users/Davi/Downloads/oma/.release/native-build/sdk/occt/inc/Extrema_ExtPElC.hxx
-- Installing: C:/Users/Davi/Downloads/oma/.release/native-build/sdk/occt/inc/Extrema_ExtPElC2d.hxx
-- Installing: C:/Users/Davi/Downloads/oma/.release/native-build/sdk/occt/inc/Extrema_ExtPElS.hxx
-- Installing: C:/Users/Davi/Downloads/oma/.release/native-build/sdk/occt/inc/Extrema_ExtPExtS.hxx
-- Installing: C:/Users/Davi/Downloads/oma/.release/native-build/sdk/occt/inc/Extrema_ExtPRevS.hxx
-- Installing: C:/Users/Davi/Downloads/oma/.release/native-build/sdk/occt/inc/Extrema_ExtPS.hxx
-- Installing: C:/Users/Davi/Downloads/oma/.release/native-build/sdk/occt/inc/Extrema_ExtSS.hxx
-- Installing: C:/Users/Davi/Downloads/oma/.release/native-build/sdk/occt/inc/Extrema_FuncExtCC.gxx
-- Installing: C:/Users/Davi/Downloads/oma/.release/native-build/sdk/occt/inc/Extrema_FuncExtCC.lxx
-- Installing: C:/Users/Davi/Downloads/oma/.release/native-build/sdk/occt/inc/Extrema_FuncExtCS.hxx
-- Installing: C:/Users/Davi/Downloads/oma/.release/native-build/sdk/occt/inc/Extrema_FuncExtPC.gxx
-- Installing: C:/Users/Davi/Downloads/oma/.release/native-build/sdk/occt/inc/Extrema_FuncExtSS.hxx
-- Installing: C:/Users/Davi/Downloads/oma/.release/native-build/sdk/occt/inc/Extrema_FuncPSDist.hxx
-- Installing: C:/Users/Davi/Downloads/oma/.release/native-build/sdk/occt/inc/Extrema_FuncPSNorm.hxx
-- Installing: C:/Users/Davi/Downloads/oma/.release/native-build/sdk/occt/inc/Extrema_GExtPC.gxx
-- Installing: C:/Users/Davi/Downloads/oma/.release/native-build/sdk/occt/inc/Extrema_GLocateExtPC.gxx
-- Installing: C:/Users/Davi/Downloads/oma/.release/native-build/sdk/occt/inc/Extrema_GenExtCC.gxx
-- Installing: C:/Users/Davi/Downloads/oma/.release/native-build/sdk/occt/inc/Extrema_GenExtCS.hxx
-- Installing: C:/Users/Davi/Downloads/oma/.release/native-build/sdk/occt/inc/Extrema_GenExtPC.gxx
-- Installing: C:/Users/Davi/Downloads/oma/.release/native-build/sdk/occt/inc/Extrema_GenExtPS.hxx
-- Installing: C:/Users/Davi/Downloads/oma/.release/native-build/sdk/occt/inc/Extrema_GenExtSS.hxx
-- Installing: C:/Users/Davi/Downloads/oma/.release/native-build/sdk/occt/inc/Extrema_GenLocateExtCC.gxx
-- Installing: C:/Users/Davi/Downloads/oma/.release/native-build/sdk/occt/inc/Extrema_GenLocateExtCS.hxx
-- Installing: C:/Users/Davi/Downloads/oma/.release/native-build/sdk/occt/inc/Extrema_GenLocateExtPC.gxx
-- Installing: C:/Users/Davi/Downloads/oma/.release/native-build/sdk/occt/inc/Extrema_GenLocateExtPS.hxx
-- Installing: C:/Users/Davi/Downloads/oma/.release/native-build/sdk/occt/inc/Extrema_GenLocateExtSS.hxx
-- Installing: C:/Users/Davi/Downloads/oma/.release/native-build/sdk/occt/inc/Extrema_GlobOptFuncCC.hxx
-- Installing: C:/Users/Davi/Downloads/oma/.release/native-build/sdk/occt/inc/Extrema_GlobOptFuncCQuadric.hxx
-- Installing: C:/Users/Davi/Downloads/oma/.release/native-build/sdk/occt/inc/Extrema_GlobOptFuncCS.hxx
-- Installing: C:/Users/Davi/Downloads/oma/.release/native-build/sdk/occt/inc/Extrema_GlobOptFuncConicS.hxx
-- Installing: C:/Users/Davi/Downloads/oma/.release/native-build/sdk/occt/inc/Extrema_HArray1OfPOnCurv.hxx
-- Installing: C:/Users/Davi/Downloads/oma/.release/native-build/sdk/occt/inc/Extrema_HArray1OfPOnCurv2d.hxx
-- Installing: C:/Users/Davi/Downloads/oma/.release/native-build/sdk/occt/inc/Extrema_HArray1OfPOnSurf.hxx
-- Installing: C:/Users/Davi/Downloads/oma/.release/native-build/sdk/occt/inc/Extrema_HArray2OfPOnCurv.hxx
-- Installing: C:/Users/Davi/Downloads/oma/.release/native-build/sdk/occt/inc/Extrema_HArray2OfPOnCurv2d.hxx
-- Installing: C:/Users/Davi/Downloads/oma/.release/native-build/sdk/occt/inc/Extrema_HArray2OfPOnSurf.hxx
-- Installing: C:/Users/Davi/Downloads/oma/.release/native-build/sdk/occt/inc/Extrema_HUBTreeOfSphere.hxx
-- Installing: C:/Users/Davi/Downloads/oma/.release/native-build/sdk/occt/inc/Extrema_LocECC.hxx
-- Installing: C:/Users/Davi/Downloads/oma/.release/native-build/sdk/occt/inc/Extrema_LocECC2d.hxx
-- Installing: C:/Users/Davi/Downloads/oma/.release/native-build/sdk/occt/inc/Extrema_LocEPCOfLocateExtPC.hxx
-- Installing: C:/Users/Davi/Downloads/oma/.release/native-build/sdk/occt/inc/Extrema_LocEPCOfLocateExtPC2d.hxx
-- Installing: C:/Users/Davi/Downloads/oma/.release/native-build/sdk/occt/inc/Extrema_LocateExtCC.hxx
-- Installing: C:/Users/Davi/Downloads/oma/.release/native-build/sdk/occt/inc/Extrema_LocateExtCC2d.hxx
-- Installing: C:/Users/Davi/Downloads/oma/.release/native-build/sdk/occt/inc/Extrema_LocateExtPC.hxx
-- Installing: C:/Users/Davi/Downloads/oma/.release/native-build/sdk/occt/inc/Extrema_LocateExtPC2d.hxx
-- Installing: C:/Users/Davi/Downloads/oma/.release/native-build/sdk/occt/inc/Extrema_PCFOfEPCOfELPCOfLocateExtPC.hxx
-- Installing: C:/Users/Davi/Downloads/oma/.release/native-build/sdk/occt/inc/Extrema_PCFOfEPCOfELPCOfLocateExtPC2d.hxx
-- Installing: C:/Users/Davi/Downloads/oma/.release/native-build/sdk/occt/inc/Extrema_PCFOfEPCOfExtPC.hxx
-- Installing: C:/Users/Davi/Downloads/oma/.release/native-build/sdk/occt/inc/Extrema_PCFOfEPCOfExtPC2d.hxx
-- Installing: C:/Users/Davi/Downloads/oma/.release/native-build/sdk/occt/inc/Extrema_PCLocFOfLocEPCOfLocateExtPC.hxx
-- Installing: C:/Users/Davi/Downloads/oma/.release/native-build/sdk/occt/inc/Extrema_PCLocFOfLocEPCOfLocateExtPC2d.hxx
-- Installing: C:/Users/Davi/Downloads/oma/.release/native-build/sdk/occt/inc/Extrema_POnCurv.hxx
-- Installing: C:/Users/Davi/Downloads/oma/.release/native-build/sdk/occt/inc/Extrema_POnCurv2d.hxx
-- Installing: C:/Users/Davi/Downloads/oma/.release/native-build/sdk/occt/inc/Extrema_POnSurf.hxx
-- Installing: C:/Users/Davi/Downloads/oma/.release/native-build/sdk/occt/inc/Extrema_POnSurf.lxx
-- Installing: C:/Users/Davi/Downloads/oma/.release/native-build/sdk/occt/inc/Extrema_POnSurfParams.hxx
-- Installing: C:/Users/Davi/Downloads/oma/.release/native-build/sdk/occt/inc/Extrema_POnSurfParams.lxx
-- Installing: C:/Users/Davi/Downloads/oma/.release/native-build/sdk/occt/inc/Extrema_Point.gxx
-- Installing: C:/Users/Davi/Downloads/oma/.release/native-build/sdk/occt/inc/Extrema_Point.lxx
-- Installing: C:/Users/Davi/Downloads/oma/.release/native-build/sdk/occt/inc/Extrema_SequenceOfPOnCurv.hxx
-- Installing: C:/Users/Davi/Downloads/oma/.release/native-build/sdk/occt/inc/Extrema_SequenceOfPOnCurv2d.hxx
-- Installing: C:/Users/Davi/Downloads/oma/.release/native-build/sdk/occt/inc/Extrema_SequenceOfPOnSurf.hxx
-- Installing: C:/Users/Davi/Downloads/oma/.release/native-build/sdk/occt/inc/IntAna_Curve.hxx
-- Installing: C:/Users/Davi/Downloads/oma/.release/native-build/sdk/occt/inc/IntAna_Int3Pln.hxx
-- Installing: C:/Users/Davi/Downloads/oma/.release/native-build/sdk/occt/inc/IntAna_Int3Pln.lxx
-- Installing: C:/Users/Davi/Downloads/oma/.release/native-build/sdk/occt/inc/IntAna_IntConicQuad.hxx
-- Installing: C:/Users/Davi/Downloads/oma/.release/native-build/sdk/occt/inc/IntAna_IntConicQuad.lxx
-- Installing: C:/Users/Davi/Downloads/oma/.release/native-build/sdk/occt/inc/IntAna_IntLinTorus.hxx
-- Installing: C:/Users/Davi/Downloads/oma/.release/native-build/sdk/occt/inc/IntAna_IntLinTorus.lxx
-- Installing: C:/Users/Davi/Downloads/oma/.release/native-build/sdk/occt/inc/IntAna_IntQuadQuad.hxx
-- Installing: C:/Users/Davi/Downloads/oma/.release/native-build/sdk/occt/inc/IntAna_IntQuadQuad.lxx
-- Installing: C:/Users/Davi/Downloads/oma/.release/native-build/sdk/occt/inc/IntAna_ListIteratorOfListOfCurve.hxx
-- Installing: C:/Users/Davi/Downloads/oma/.release/native-build/sdk/occt/inc/IntAna_ListOfCurve.hxx
-- Installing: C:/Users/Davi/Downloads/oma/.release/native-build/sdk/occt/inc/IntAna_QuadQuadGeo.hxx
-- Installing: C:/Users/Davi/Downloads/oma/.release/native-build/sdk/occt/inc/IntAna_QuadQuadGeo.lxx
-- Installing: C:/Users/Davi/Downloads/oma/.release/native-build/sdk/occt/inc/IntAna_Quadric.hxx
-- Installing: C:/Users/Davi/Downloads/oma/.release/native-build/sdk/occt/inc/IntAna_ResultType.hxx
-- Installing: C:/Users/Davi/Downloads/oma/.release/native-build/sdk/occt/inc/IntAna2d_AnaIntersection.hxx
-- Installing: C:/Users/Davi/Downloads/oma/.release/native-build/sdk/occt/inc/IntAna2d_AnaIntersection.lxx
-- Installing: C:/Users/Davi/Downloads/oma/.release/native-build/sdk/occt/inc/IntAna2d_Conic.hxx
-- Installing: C:/Users/Davi/Downloads/oma/.release/native-build/sdk/occt/inc/IntAna2d_IntPoint.hxx
-- Installing: C:/Users/Davi/Downloads/oma/.release/native-build/sdk/occt/inc/IntAna2d_IntPoint.lxx
-- Installing: C:/Users/Davi/Downloads/oma/.release/native-build/sdk/occt/inc/IntAna2d_Outils.hxx
-- Installing: C:/Users/Davi/Downloads/oma/.release/native-build/sdk/occt/inc/GeomConvert.hxx
-- Installing: C:/Users/Davi/Downloads/oma/.release/native-build/sdk/occt/inc/GeomConvert_ApproxCurve.hxx
-- Installing: C:/Users/Davi/Downloads/oma/.release/native-build/sdk/occt/inc/GeomConvert_ApproxSurface.hxx
-- Installing: C:/Users/Davi/Downloads/oma/.release/native-build/sdk/occt/inc/GeomConvert_BSplineCurveKnotSplitting.hxx
-- Installing: C:/Users/Davi/Downloads/oma/.release/native-build/sdk/occt/inc/GeomConvert_BSplineCurveToBezierCurve.hxx
-- Installing: C:/Users/Davi/Downloads/oma/.release/native-build/sdk/occt/inc/GeomConvert_BSplineSurfaceKnotSplitting.hxx
-- Installing: C:/Users/Davi/Downloads/oma/.release/native-build/sdk/occt/inc/GeomConvert_BSplineSurfaceToBezierSurface.hxx
-- Installing: C:/Users/Davi/Downloads/oma/.release/native-build/sdk/occt/inc/GeomConvert_CompBezierSurfacesToBSplineSurface.hxx
-- Installing: C:/Users/Davi/Downloads/oma/.release/native-build/sdk/occt/inc/GeomConvert_CompBezierSurfacesToBSplineSurface.lxx
-- Installing: C:/Users/Davi/Downloads/oma/.release/native-build/sdk/occt/inc/GeomConvert_CompCurveToBSplineCurve.hxx
-- Installing: C:/Users/Davi/Downloads/oma/.release/native-build/sdk/occt/inc/GeomConvert_ConvType.hxx
-- Installing: C:/Users/Davi/Downloads/oma/.release/native-build/sdk/occt/inc/GeomConvert_CurveToAnaCurve.hxx
-- Installing: C:/Users/Davi/Downloads/oma/.release/native-build/sdk/occt/inc/GeomConvert_FuncConeLSDist.hxx
-- Installing: C:/Users/Davi/Downloads/oma/.release/native-build/sdk/occt/inc/GeomConvert_FuncCylinderLSDist.hxx
-- Installing: C:/Users/Davi/Downloads/oma/.release/native-build/sdk/occt/inc/GeomConvert_FuncSphereLSDist.hxx
-- Installing: C:/Users/Davi/Downloads/oma/.release/native-build/sdk/occt/inc/GeomConvert_SurfToAnaSurf.hxx
-- Installing: C:/Users/Davi/Downloads/oma/.release/native-build/sdk/occt/inc/GeomConvert_Units.hxx
-- Installing: C:/Users/Davi/Downloads/oma/.release/native-build/sdk/occt/inc/AdvApp2Var_ApproxAFunc2Var.hxx
-- Installing: C:/Users/Davi/Downloads/oma/.release/native-build/sdk/occt/inc/AdvApp2Var_ApproxAFunc2Var.lxx
-- Installing: C:/Users/Davi/Downloads/oma/.release/native-build/sdk/occt/inc/AdvApp2Var_ApproxF2var.hxx
-- Installing: C:/Users/Davi/Downloads/oma/.release/native-build/sdk/occt/inc/AdvApp2Var_Context.hxx
-- Installing: C:/Users/Davi/Downloads/oma/.release/native-build/sdk/occt/inc/AdvApp2Var_Criterion.hxx
-- Installing: C:/Users/Davi/Downloads/oma/.release/native-build/sdk/occt/inc/AdvApp2Var_CriterionRepartition.hxx
-- Installing: C:/Users/Davi/Downloads/oma/.release/native-build/sdk/occt/inc/AdvApp2Var_CriterionType.hxx
-- Installing: C:/Users/Davi/Downloads/oma/.release/native-build/sdk/occt/inc/AdvApp2Var_Data.hxx
-- Installing: C:/Users/Davi/Downloads/oma/.release/native-build/sdk/occt/inc/AdvApp2Var_Data_f2c.hxx
-- Installing: C:/Users/Davi/Downloads/oma/.release/native-build/sdk/occt/inc/AdvApp2Var_EvaluatorFunc2Var.hxx
-- Installing: C:/Users/Davi/Downloads/oma/.release/native-build/sdk/occt/inc/AdvApp2Var_Framework.hxx
-- Installing: C:/Users/Davi/Downloads/oma/.release/native-build/sdk/occt/inc/AdvApp2Var_Iso.hxx
-- Installing: C:/Users/Davi/Downloads/oma/.release/native-build/sdk/occt/inc/AdvApp2Var_MathBase.hxx
-- Installing: C:/Users/Davi/Downloads/oma/.release/native-build/sdk/occt/inc/AdvApp2Var_Network.hxx
-- Installing: C:/Users/Davi/Downloads/oma/.release/native-build/sdk/occt/inc/AdvApp2Var_Node.hxx
-- Installing: C:/Users/Davi/Downloads/oma/.release/native-build/sdk/occt/inc/AdvApp2Var_Patch.hxx
-- Installing: C:/Users/Davi/Downloads/oma/.release/native-build/sdk/occt/inc/AdvApp2Var_SequenceOfNode.hxx
-- Installing: C:/Users/Davi/Downloads/oma/.release/native-build/sdk/occt/inc/AdvApp2Var_SequenceOfPatch.hxx
-- Installing: C:/Users/Davi/Downloads/oma/.release/native-build/sdk/occt/inc/AdvApp2Var_SequenceOfStrip.hxx
-- Installing: C:/Users/Davi/Downloads/oma/.release/native-build/sdk/occt/inc/AdvApp2Var_Strip.hxx
-- Installing: C:/Users/Davi/Downloads/oma/.release/native-build/sdk/occt/inc/AdvApp2Var_SysBase.hxx
-- Installing: C:/Users/Davi/Downloads/oma/.release/native-build/sdk/occt/inc/GeomLib.hxx
-- Installing: C:/Users/Davi/Downloads/oma/.release/native-build/sdk/occt/inc/GeomLib_Array1OfMat.hxx
-- Installing: C:/Users/Davi/Downloads/oma/.release/native-build/sdk/occt/inc/GeomLib_Check2dBSplineCurve.hxx
-- Installing: C:/Users/Davi/Downloads/oma/.release/native-build/sdk/occt/inc/GeomLib_Check2dBSplineCurve.lxx
-- Installing: C:/Users/Davi/Downloads/oma/.release/native-build/sdk/occt/inc/GeomLib_CheckBSplineCurve.hxx
-- Installing: C:/Users/Davi/Downloads/oma/.release/native-build/sdk/occt/inc/GeomLib_CheckBSplineCurve.lxx
-- Installing: C:/Users/Davi/Downloads/oma/.release/native-build/sdk/occt/inc/GeomLib_CheckCurveOnSurface.hxx
-- Installing: C:/Users/Davi/Downloads/oma/.release/native-build/sdk/occt/inc/GeomLib_DenominatorMultiplier.hxx
-- Installing: C:/Users/Davi/Downloads/oma/.release/native-build/sdk/occt/inc/GeomLib_DenominatorMultiplierPtr.hxx
-- Installing: C:/Users/Davi/Downloads/oma/.release/native-build/sdk/occt/inc/GeomLib_Interpolate.hxx
-- Installing: C:/Users/Davi/Downloads/oma/.release/native-build/sdk/occt/inc/GeomLib_Interpolate.lxx
-- Installing: C:/Users/Davi/Downloads/oma/.release/native-build/sdk/occt/inc/GeomLib_InterpolationErrors.hxx
-- Installing: C:/Users/Davi/Downloads/oma/.release/native-build/sdk/occt/inc/GeomLib_IsPlanarSurface.hxx
-- Installing: C:/Users/Davi/Downloads/oma/.release/native-build/sdk/occt/inc/GeomLib_LogSample.hxx
-- Installing: C:/Users/Davi/Downloads/oma/.release/native-build/sdk/occt/inc/GeomLib_MakeCurvefromApprox.hxx
-- Installing: C:/Users/Davi/Downloads/oma/.release/native-build/sdk/occt/inc/GeomLib_MakeCurvefromApprox.lxx
-- Installing: C:/Users/Davi/Downloads/oma/.release/native-build/sdk/occt/inc/GeomLib_PolyFunc.hxx
-- Installing: C:/Users/Davi/Downloads/oma/.release/native-build/sdk/occt/inc/GeomLib_Tool.hxx
-- Installing: C:/Users/Davi/Downloads/oma/.release/native-build/sdk/occt/inc/Geom2dConvert.hxx
-- Installing: C:/Users/Davi/Downloads/oma/.release/native-build/sdk/occt/inc/Geom2dConvert_ApproxArcsSegments.hxx
-- Installing: C:/Users/Davi/Downloads/oma/.release/native-build/sdk/occt/inc/Geom2dConvert_ApproxCurve.hxx
-- Installing: C:/Users/Davi/Downloads/oma/.release/native-build/sdk/occt/inc/Geom2dConvert_BSplineCurveKnotSplitting.hxx
-- Installing: C:/Users/Davi/Downloads/oma/.release/native-build/sdk/occt/inc/Geom2dConvert_BSplineCurveToBezierCurve.hxx
-- Installing: C:/Users/Davi/Downloads/oma/.release/native-build/sdk/occt/inc/Geom2dConvert_CompCurveToBSplineCurve.hxx
-- Installing: C:/Users/Davi/Downloads/oma/.release/native-build/sdk/occt/inc/Geom2dConvert_PPoint.hxx
-- Installing: C:/Users/Davi/Downloads/oma/.release/native-build/sdk/occt/inc/Geom2dConvert_SequenceOfPPoint.hxx
-- Installing: C:/Users/Davi/Downloads/oma/.release/native-build/sdk/occt/inc/Hermit.hxx
-- Installing: C:/Users/Davi/Downloads/oma/.release/native-build/sdk/occt/inc/BndLib.hxx
-- Installing: C:/Users/Davi/Downloads/oma/.release/native-build/sdk/occt/inc/BndLib_Add2dCurve.hxx
-- Installing: C:/Users/Davi/Downloads/oma/.release/native-build/sdk/occt/inc/BndLib_Add3dCurve.hxx
-- Installing: C:/Users/Davi/Downloads/oma/.release/native-build/sdk/occt/inc/BndLib_AddSurface.hxx
-- Installing: C:/Users/Davi/Downloads/oma/.release/native-build/sdk/occt/inc/AppDef_Array1OfMultiPointConstraint.hxx
-- Installing: C:/Users/Davi/Downloads/oma/.release/native-build/sdk/occt/inc/AppDef_BSpGradient_BFGSOfMyBSplGradientOfBSplineCompute.hxx
-- Installing: C:/Users/Davi/Downloads/oma/.release/native-build/sdk/occt/inc/AppDef_BSpParFunctionOfMyBSplGradientOfBSplineCompute.hxx
-- Installing: C:/Users/Davi/Downloads/oma/.release/native-build/sdk/occt/inc/AppDef_BSpParLeastSquareOfMyBSplGradientOfBSplineCompute.hxx
-- Installing: C:/Users/Davi/Downloads/oma/.release/native-build/sdk/occt/inc/AppDef_BSplineCompute.hxx
-- Installing: C:/Users/Davi/Downloads/oma/.release/native-build/sdk/occt/inc/AppDef_Compute.hxx
-- Installing: C:/Users/Davi/Downloads/oma/.release/native-build/sdk/occt/inc/AppDef_Gradient_BFGSOfMyGradientOfCompute.hxx
-- Installing: C:/Users/Davi/Downloads/oma/.release/native-build/sdk/occt/inc/AppDef_Gradient_BFGSOfMyGradientbisOfBSplineCompute.hxx
-- Installing: C:/Users/Davi/Downloads/oma/.release/native-build/sdk/occt/inc/AppDef_Gradient_BFGSOfTheGradient.hxx
-- Installing: C:/Users/Davi/Downloads/oma/.release/native-build/sdk/occt/inc/AppDef_HArray1OfMultiPointConstraint.hxx
-- Installing: C:/Users/Davi/Downloads/oma/.release/native-build/sdk/occt/inc/AppDef_LinearCriteria.hxx
-- Installing: C:/Users/Davi/Downloads/oma/.release/native-build/sdk/occt/inc/AppDef_MultiLine.hxx
-- Installing: C:/Users/Davi/Downloads/oma/.release/native-build/sdk/occt/inc/AppDef_MultiPointConstraint.hxx
-- Installing: C:/Users/Davi/Downloads/oma/.release/native-build/sdk/occt/inc/AppDef_MyBSplGradientOfBSplineCompute.hxx
-- Installing: C:/Users/Davi/Downloads/oma/.release/native-build/sdk/occt/inc/AppDef_MyGradientOfCompute.hxx
-- Installing: C:/Users/Davi/Downloads/oma/.release/native-build/sdk/occt/inc/AppDef_MyGradientbisOfBSplineCompute.hxx
-- Installing: C:/Users/Davi/Downloads/oma/.release/native-build/sdk/occt/inc/AppDef_MyLineTool.hxx
-- Installing: C:/Users/Davi/Downloads/oma/.release/native-build/sdk/occt/inc/AppDef_ParFunctionOfMyGradientOfCompute.hxx
-- Installing: C:/Users/Davi/Downloads/oma/.release/native-build/sdk/occt/inc/AppDef_ParFunctionOfMyGradientbisOfBSplineCompute.hxx
-- Installing: C:/Users/Davi/Downloads/oma/.release/native-build/sdk/occt/inc/AppDef_ParFunctionOfTheGradient.hxx
-- Installing: C:/Users/Davi/Downloads/oma/.release/native-build/sdk/occt/inc/AppDef_ParLeastSquareOfMyGradientOfCompute.hxx
-- Installing: C:/Users/Davi/Downloads/oma/.release/native-build/sdk/occt/inc/AppDef_ParLeastSquareOfMyGradientbisOfBSplineCompute.hxx
-- Installing: C:/Users/Davi/Downloads/oma/.release/native-build/sdk/occt/inc/AppDef_ParLeastSquareOfTheGradient.hxx
-- Installing: C:/Users/Davi/Downloads/oma/.release/native-build/sdk/occt/inc/AppDef_ResConstraintOfMyGradientOfCompute.hxx
-- Installing: C:/Users/Davi/Downloads/oma/.release/native-build/sdk/occt/inc/AppDef_ResConstraintOfMyGradientbisOfBSplineCompute.hxx
-- Installing: C:/Users/Davi/Downloads/oma/.release/native-build/sdk/occt/inc/AppDef_ResConstraintOfTheGradient.hxx
-- Installing: C:/Users/Davi/Downloads/oma/.release/native-build/sdk/occt/inc/AppDef_SmoothCriterion.hxx
-- Installing: C:/Users/Davi/Downloads/oma/.release/native-build/sdk/occt/inc/AppDef_TheFunction.hxx
-- Installing: C:/Users/Davi/Downloads/oma/.release/native-build/sdk/occt/inc/AppDef_TheGradient.hxx
-- Installing: C:/Users/Davi/Downloads/oma/.release/native-build/sdk/occt/inc/AppDef_TheLeastSquares.hxx
-- Installing: C:/Users/Davi/Downloads/oma/.release/native-build/sdk/occt/inc/AppDef_TheResol.hxx
-- Installing: C:/Users/Davi/Downloads/oma/.release/native-build/sdk/occt/inc/AppDef_Variational.hxx
-- Installing: C:/Users/Davi/Downloads/oma/.release/native-build/sdk/occt/inc/GeomTools.hxx
-- Installing: C:/Users/Davi/Downloads/oma/.release/native-build/sdk/occt/inc/GeomTools_Curve2dSet.hxx
-- Installing: C:/Users/Davi/Downloads/oma/.release/native-build/sdk/occt/inc/GeomTools_CurveSet.hxx
-- Installing: C:/Users/Davi/Downloads/oma/.release/native-build/sdk/occt/inc/GeomTools_SurfaceSet.hxx
-- Installing: C:/Users/Davi/Downloads/oma/.release/native-build/sdk/occt/inc/GeomTools_UndefinedTypeHandler.hxx
-- Installing: C:/Users/Davi/Downloads/oma/.release/native-build/sdk/occt/inc/GC_MakeArcOfCircle.hxx
-- Installing: C:/Users/Davi/Downloads/oma/.release/native-build/sdk/occt/inc/GC_MakeArcOfEllipse.hxx
-- Installing: C:/Users/Davi/Downloads/oma/.release/native-build/sdk/occt/inc/GC_MakeArcOfHyperbola.hxx
-- Installing: C:/Users/Davi/Downloads/oma/.release/native-build/sdk/occt/inc/GC_MakeArcOfParabola.hxx
-- Installing: C:/Users/Davi/Downloads/oma/.release/native-build/sdk/occt/inc/GC_MakeCircle.hxx
-- Installing: C:/Users/Davi/Downloads/oma/.release/native-build/sdk/occt/inc/GC_MakeConicalSurface.hxx
-- Installing: C:/Users/Davi/Downloads/oma/.release/native-build/sdk/occt/inc/GC_MakeCylindricalSurface.hxx
-- Installing: C:/Users/Davi/Downloads/oma/.release/native-build/sdk/occt/inc/GC_MakeEllipse.hxx
-- Installing: C:/Users/Davi/Downloads/oma/.release/native-build/sdk/occt/inc/GC_MakeHyperbola.hxx
-- Installing: C:/Users/Davi/Downloads/oma/.release/native-build/sdk/occt/inc/GC_MakeLine.hxx
-- Installing: C:/Users/Davi/Downloads/oma/.release/native-build/sdk/occt/inc/GC_MakeMirror.hxx
-- Installing: C:/Users/Davi/Downloads/oma/.release/native-build/sdk/occt/inc/GC_MakePlane.hxx
-- Installing: C:/Users/Davi/Downloads/oma/.release/native-build/sdk/occt/inc/GC_MakeRotation.hxx
-- Installing: C:/Users/Davi/Downloads/oma/.release/native-build/sdk/occt/inc/GC_MakeScale.hxx
-- Installing: C:/Users/Davi/Downloads/oma/.release/native-build/sdk/occt/inc/GC_MakeSegment.hxx
-- Installing: C:/Users/Davi/Downloads/oma/.release/native-build/sdk/occt/inc/GC_MakeTranslation.hxx
-- Installing: C:/Users/Davi/Downloads/oma/.release/native-build/sdk/occt/inc/GC_MakeTrimmedCone.hxx
-- Installing: C:/Users/Davi/Downloads/oma/.release/native-build/sdk/occt/inc/GC_MakeTrimmedCylinder.hxx
-- Installing: C:/Users/Davi/Downloads/oma/.release/native-build/sdk/occt/inc/GC_Root.hxx
-- Installing: C:/Users/Davi/Downloads/oma/.release/native-build/sdk/occt/inc/GC_Root.lxx
-- Installing: C:/Users/Davi/Downloads/oma/.release/native-build/sdk/occt/inc/GCE2d_MakeArcOfCircle.hxx
-- Installing: C:/Users/Davi/Downloads/oma/.release/native-build/sdk/occt/inc/GCE2d_MakeArcOfEllipse.hxx
-- Installing: C:/Users/Davi/Downloads/oma/.release/native-build/sdk/occt/inc/GCE2d_MakeArcOfHyperbola.hxx
-- Installing: C:/Users/Davi/Downloads/oma/.release/native-build/sdk/occt/inc/GCE2d_MakeArcOfParabola.hxx
-- Installing: C:/Users/Davi/Downloads/oma/.release/native-build/sdk/occt/inc/GCE2d_MakeCircle.hxx
-- Installing: C:/Users/Davi/Downloads/oma/.release/native-build/sdk/occt/inc/GCE2d_MakeEllipse.hxx
-- Installing: C:/Users/Davi/Downloads/oma/.release/native-build/sdk/occt/inc/GCE2d_MakeHyperbola.hxx
-- Installing: C:/Users/Davi/Downloads/oma/.release/native-build/sdk/occt/inc/GCE2d_MakeLine.hxx
-- Installing: C:/Users/Davi/Downloads/oma/.release/native-build/sdk/occt/inc/GCE2d_MakeMirror.hxx
-- Installing: C:/Users/Davi/Downloads/oma/.release/native-build/sdk/occt/inc/GCE2d_MakeParabola.hxx
-- Installing: C:/Users/Davi/Downloads/oma/.release/native-build/sdk/occt/inc/GCE2d_MakeRotation.hxx
-- Installing: C:/Users/Davi/Downloads/oma/.release/native-build/sdk/occt/inc/GCE2d_MakeScale.hxx
-- Installing: C:/Users/Davi/Downloads/oma/.release/native-build/sdk/occt/inc/GCE2d_MakeSegment.hxx
-- Installing: C:/Users/Davi/Downloads/oma/.release/native-build/sdk/occt/inc/GCE2d_MakeTranslation.hxx
-- Installing: C:/Users/Davi/Downloads/oma/.release/native-build/sdk/occt/inc/GCE2d_Root.hxx
-- Installing: C:/Users/Davi/Downloads/oma/.release/native-build/sdk/occt/inc/GCE2d_Root.lxx
-- Installing: C:/Users/Davi/Downloads/oma/.release/native-build/sdk/occt/inc/gce_ErrorType.hxx
-- Installing: C:/Users/Davi/Downloads/oma/.release/native-build/sdk/occt/inc/gce_MakeCirc.hxx
-- Installing: C:/Users/Davi/Downloads/oma/.release/native-build/sdk/occt/inc/gce_MakeCirc2d.hxx
-- Installing: C:/Users/Davi/Downloads/oma/.release/native-build/sdk/occt/inc/gce_MakeCone.hxx
-- Installing: C:/Users/Davi/Downloads/oma/.release/native-build/sdk/occt/inc/gce_MakeCylinder.hxx
-- Installing: C:/Users/Davi/Downloads/oma/.release/native-build/sdk/occt/inc/gce_MakeDir.hxx
-- Installing: C:/Users/Davi/Downloads/oma/.release/native-build/sdk/occt/inc/gce_MakeDir2d.hxx
-- Installing: C:/Users/Davi/Downloads/oma/.release/native-build/sdk/occt/inc/gce_MakeElips.hxx
-- Installing: C:/Users/Davi/Downloads/oma/.release/native-build/sdk/occt/inc/gce_MakeElips2d.hxx
-- Installing: C:/Users/Davi/Downloads/oma/.release/native-build/sdk/occt/inc/gce_MakeHypr.hxx
-- Installing: C:/Users/Davi/Downloads/oma/.release/native-build/sdk/occt/inc/gce_MakeHypr2d.hxx
-- Installing: C:/Users/Davi/Downloads/oma/.release/native-build/sdk/occt/inc/gce_MakeLin.hxx
-- Installing: C:/Users/Davi/Downloads/oma/.release/native-build/sdk/occt/inc/gce_MakeLin2d.hxx
-- Installing: C:/Users/Davi/Downloads/oma/.release/native-build/sdk/occt/inc/gce_MakeMirror.hxx
-- Installing: C:/Users/Davi/Downloads/oma/.release/native-build/sdk/occt/inc/gce_MakeMirror2d.hxx
-- Installing: C:/Users/Davi/Downloads/oma/.release/native-build/sdk/occt/inc/gce_MakeParab.hxx
-- Installing: C:/Users/Davi/Downloads/oma/.release/native-build/sdk/occt/inc/gce_MakeParab2d.hxx
-- Installing: C:/Users/Davi/Downloads/oma/.release/native-build/sdk/occt/inc/gce_MakePln.hxx
-- Installing: C:/Users/Davi/Downloads/oma/.release/native-build/sdk/occt/inc/gce_MakeRotation.hxx
-- Installing: C:/Users/Davi/Downloads/oma/.release/native-build/sdk/occt/inc/gce_MakeRotation2d.hxx
-- Installing: C:/Users/Davi/Downloads/oma/.release/native-build/sdk/occt/inc/gce_MakeScale.hxx
-- Installing: C:/Users/Davi/Downloads/oma/.release/native-build/sdk/occt/inc/gce_MakeScale2d.hxx
-- Installing: C:/Users/Davi/Downloads/oma/.release/native-build/sdk/occt/inc/gce_MakeTranslation.hxx
-- Installing: C:/Users/Davi/Downloads/oma/.release/native-build/sdk/occt/inc/gce_MakeTranslation2d.hxx
-- Installing: C:/Users/Davi/Downloads/oma/.release/native-build/sdk/occt/inc/gce_Root.hxx
-- Installing: C:/Users/Davi/Downloads/oma/.release/native-build/sdk/occt/inc/gce_Root.lxx
-- Installing: C:/Users/Davi/Downloads/oma/.release/native-build/sdk/occt/inc/TopoDS.hxx
-- Installing: C:/Users/Davi/Downloads/oma/.release/native-build/sdk/occt/inc/TopoDS.lxx
-- Installing: C:/Users/Davi/Downloads/oma/.release/native-build/sdk/occt/inc/TopoDS_AlertAttribute.hxx
-- Installing: C:/Users/Davi/Downloads/oma/.release/native-build/sdk/occt/inc/TopoDS_AlertWithShape.hxx
-- Installing: C:/Users/Davi/Downloads/oma/.release/native-build/sdk/occt/inc/TopoDS_Builder.hxx
-- Installing: C:/Users/Davi/Downloads/oma/.release/native-build/sdk/occt/inc/TopoDS_Builder.lxx
-- Installing: C:/Users/Davi/Downloads/oma/.release/native-build/sdk/occt/inc/TopoDS_CompSolid.hxx
-- Installing: C:/Users/Davi/Downloads/oma/.release/native-build/sdk/occt/inc/TopoDS_Compound.hxx
-- Installing: C:/Users/Davi/Downloads/oma/.release/native-build/sdk/occt/inc/TopoDS_Edge.hxx
-- Installing: C:/Users/Davi/Downloads/oma/.release/native-build/sdk/occt/inc/TopoDS_Face.hxx
-- Installing: C:/Users/Davi/Downloads/oma/.release/native-build/sdk/occt/inc/TopoDS_FrozenShape.hxx
-- Installing: C:/Users/Davi/Downloads/oma/.release/native-build/sdk/occt/inc/TopoDS_HShape.hxx
-- Installing: C:/Users/Davi/Downloads/oma/.release/native-build/sdk/occt/inc/TopoDS_HShape.lxx
-- Installing: C:/Users/Davi/Downloads/oma/.release/native-build/sdk/occt/inc/TopoDS_Iterator.hxx
-- Installing: C:/Users/Davi/Downloads/oma/.release/native-build/sdk/occt/inc/TopoDS_ListIteratorOfListOfShape.hxx
-- Installing: C:/Users/Davi/Downloads/oma/.release/native-build/sdk/occt/inc/TopoDS_ListOfShape.hxx
-- Installing: C:/Users/Davi/Downloads/oma/.release/native-build/sdk/occt/inc/TopoDS_LockedShape.hxx
-- Installing: C:/Users/Davi/Downloads/oma/.release/native-build/sdk/occt/inc/TopoDS_Shape.hxx
-- Installing: C:/Users/Davi/Downloads/oma/.release/native-build/sdk/occt/inc/TopoDS_Shell.hxx
-- Installing: C:/Users/Davi/Downloads/oma/.release/native-build/sdk/occt/inc/TopoDS_Solid.hxx
-- Installing: C:/Users/Davi/Downloads/oma/.release/native-build/sdk/occt/inc/TopoDS_TCompSolid.hxx
-- Installing: C:/Users/Davi/Downloads/oma/.release/native-build/sdk/occt/inc/TopoDS_TCompSolid.lxx
-- Installing: C:/Users/Davi/Downloads/oma/.release/native-build/sdk/occt/inc/TopoDS_TCompound.hxx
-- Installing: C:/Users/Davi/Downloads/oma/.release/native-build/sdk/occt/inc/TopoDS_TCompound.lxx
-- Installing: C:/Users/Davi/Downloads/oma/.release/native-build/sdk/occt/inc/TopoDS_TEdge.hxx
-- Installing: C:/Users/Davi/Downloads/oma/.release/native-build/sdk/occt/inc/TopoDS_TEdge.lxx
-- Installing: C:/Users/Davi/Downloads/oma/.release/native-build/sdk/occt/inc/TopoDS_TFace.hxx
-- Installing: C:/Users/Davi/Downloads/oma/.release/native-build/sdk/occt/inc/TopoDS_TFace.lxx
-- Installing: C:/Users/Davi/Downloads/oma/.release/native-build/sdk/occt/inc/TopoDS_TShape.hxx
-- Installing: C:/Users/Davi/Downloads/oma/.release/native-build/sdk/occt/inc/TopoDS_TShell.hxx
-- Installing: C:/Users/Davi/Downloads/oma/.release/native-build/sdk/occt/inc/TopoDS_TShell.lxx
-- Installing: C:/Users/Davi/Downloads/oma/.release/native-build/sdk/occt/inc/TopoDS_TSolid.hxx
-- Installing: C:/Users/Davi/Downloads/oma/.release/native-build/sdk/occt/inc/TopoDS_TSolid.lxx
-- Installing: C:/Users/Davi/Downloads/oma/.release/native-build/sdk/occt/inc/TopoDS_TVertex.hxx
-- Installing: C:/Users/Davi/Downloads/oma/.release/native-build/sdk/occt/inc/TopoDS_TVertex.lxx
-- Installing: C:/Users/Davi/Downloads/oma/.release/native-build/sdk/occt/inc/TopoDS_TWire.hxx
-- Installing: C:/Users/Davi/Downloads/oma/.release/native-build/sdk/occt/inc/TopoDS_TWire.lxx
-- Installing: C:/Users/Davi/Downloads/oma/.release/native-build/sdk/occt/inc/TopoDS_UnCompatibleShapes.hxx
-- Installing: C:/Users/Davi/Downloads/oma/.release/native-build/sdk/occt/inc/TopoDS_Vertex.hxx
-- Installing: C:/Users/Davi/Downloads/oma/.release/native-build/sdk/occt/inc/TopoDS_Wire.hxx
-- Installing: C:/Users/Davi/Downloads/oma/.release/native-build/sdk/occt/inc/TopExp.hxx
-- Installing: C:/Users/Davi/Downloads/oma/.release/native-build/sdk/occt/inc/TopExp_Explorer.hxx
-- Installing: C:/Users/Davi/Downloads/oma/.release/native-build/sdk/occt/inc/TopExp_Stack.hxx
-- Installing: C:/Users/Davi/Downloads/oma/.release/native-build/sdk/occt/inc/TopTools.hxx
-- Installing: C:/Users/Davi/Downloads/oma/.release/native-build/sdk/occt/inc/TopTools_Array1OfListOfShape.hxx
-- Installing: C:/Users/Davi/Downloads/oma/.release/native-build/sdk/occt/inc/TopTools_Array1OfShape.hxx
-- Installing: C:/Users/Davi/Downloads/oma/.release/native-build/sdk/occt/inc/TopTools_Array2OfShape.hxx
-- Installing: C:/Users/Davi/Downloads/oma/.release/native-build/sdk/occt/inc/TopTools_DataMapIteratorOfDataMapOfIntegerListOfShape.hxx
-- Installing: C:/Users/Davi/Downloads/oma/.release/native-build/sdk/occt/inc/TopTools_DataMapIteratorOfDataMapOfIntegerShape.hxx
-- Installing: C:/Users/Davi/Downloads/oma/.release/native-build/sdk/occt/inc/TopTools_DataMapIteratorOfDataMapOfOrientedShapeInteger.hxx
-- Installing: C:/Users/Davi/Downloads/oma/.release/native-build/sdk/occt/inc/TopTools_DataMapIteratorOfDataMapOfOrientedShapeShape.hxx
-- Installing: C:/Users/Davi/Downloads/oma/.release/native-build/sdk/occt/inc/TopTools_DataMapIteratorOfDataMapOfShapeInteger.hxx
-- Installing: C:/Users/Davi/Downloads/oma/.release/native-build/sdk/occt/inc/TopTools_DataMapIteratorOfDataMapOfShapeListOfInteger.hxx
-- Installing: C:/Users/Davi/Downloads/oma/.release/native-build/sdk/occt/inc/TopTools_DataMapIteratorOfDataMapOfShapeListOfShape.hxx
-- Installing: C:/Users/Davi/Downloads/oma/.release/native-build/sdk/occt/inc/TopTools_DataMapIteratorOfDataMapOfShapeReal.hxx
-- Installing: C:/Users/Davi/Downloads/oma/.release/native-build/sdk/occt/inc/TopTools_DataMapIteratorOfDataMapOfShapeSequenceOfShape.hxx
-- Installing: C:/Users/Davi/Downloads/oma/.release/native-build/sdk/occt/inc/TopTools_DataMapIteratorOfDataMapOfShapeShape.hxx
-- Installing: C:/Users/Davi/Downloads/oma/.release/native-build/sdk/occt/inc/TopTools_DataMapOfIntegerListOfShape.hxx
-- Installing: C:/Users/Davi/Downloads/oma/.release/native-build/sdk/occt/inc/TopTools_DataMapOfIntegerShape.hxx
-- Installing: C:/Users/Davi/Downloads/oma/.release/native-build/sdk/occt/inc/TopTools_DataMapOfOrientedShapeInteger.hxx
-- Installing: C:/Users/Davi/Downloads/oma/.release/native-build/sdk/occt/inc/TopTools_DataMapOfOrientedShapeShape.hxx
-- Installing: C:/Users/Davi/Downloads/oma/.release/native-build/sdk/occt/inc/TopTools_DataMapOfShapeBox.hxx
-- Installing: C:/Users/Davi/Downloads/oma/.release/native-build/sdk/occt/inc/TopTools_DataMapOfShapeInteger.hxx
-- Installing: C:/Users/Davi/Downloads/oma/.release/native-build/sdk/occt/inc/TopTools_DataMapOfShapeListOfInteger.hxx
-- Installing: C:/Users/Davi/Downloads/oma/.release/native-build/sdk/occt/inc/TopTools_DataMapOfShapeListOfShape.hxx
-- Installing: C:/Users/Davi/Downloads/oma/.release/native-build/sdk/occt/inc/TopTools_DataMapOfShapeReal.hxx
-- Installing: C:/Users/Davi/Downloads/oma/.release/native-build/sdk/occt/inc/TopTools_DataMapOfShapeSequenceOfShape.hxx
-- Installing: C:/Users/Davi/Downloads/oma/.release/native-build/sdk/occt/inc/TopTools_DataMapOfShapeShape.hxx
-- Installing: C:/Users/Davi/Downloads/oma/.release/native-build/sdk/occt/inc/TopTools_FormatVersion.hxx
-- Installing: C:/Users/Davi/Downloads/oma/.release/native-build/sdk/occt/inc/TopTools_HArray1OfListOfShape.hxx
-- Installing: C:/Users/Davi/Downloads/oma/.release/native-build/sdk/occt/inc/TopTools_HArray1OfShape.hxx
-- Installing: C:/Users/Davi/Downloads/oma/.release/native-build/sdk/occt/inc/TopTools_HArray2OfShape.hxx
-- Installing: C:/Users/Davi/Downloads/oma/.release/native-build/sdk/occt/inc/TopTools_HSequenceOfShape.hxx
-- Installing: C:/Users/Davi/Downloads/oma/.release/native-build/sdk/occt/inc/TopTools_IndexedDataMapOfShapeAddress.hxx
-- Installing: C:/Users/Davi/Downloads/oma/.release/native-build/sdk/occt/inc/TopTools_IndexedDataMapOfShapeListOfShape.hxx
-- Installing: C:/Users/Davi/Downloads/oma/.release/native-build/sdk/occt/inc/TopTools_IndexedDataMapOfShapeReal.hxx
-- Installing: C:/Users/Davi/Downloads/oma/.release/native-build/sdk/occt/inc/TopTools_IndexedDataMapOfShapeShape.hxx
-- Installing: C:/Users/Davi/Downloads/oma/.release/native-build/sdk/occt/inc/TopTools_IndexedMapOfOrientedShape.hxx
-- Installing: C:/Users/Davi/Downloads/oma/.release/native-build/sdk/occt/inc/TopTools_IndexedMapOfShape.hxx
-- Installing: C:/Users/Davi/Downloads/oma/.release/native-build/sdk/occt/inc/TopTools_ListIteratorOfListOfShape.hxx
-- Installing: C:/Users/Davi/Downloads/oma/.release/native-build/sdk/occt/inc/TopTools_ListOfListOfShape.hxx
-- Installing: C:/Users/Davi/Downloads/oma/.release/native-build/sdk/occt/inc/TopTools_ListOfShape.hxx
-- Installing: C:/Users/Davi/Downloads/oma/.release/native-build/sdk/occt/inc/TopTools_LocationSet.hxx
-- Installing: C:/Users/Davi/Downloads/oma/.release/native-build/sdk/occt/inc/TopTools_LocationSetPtr.hxx
-- Installing: C:/Users/Davi/Downloads/oma/.release/native-build/sdk/occt/inc/TopTools_MapIteratorOfMapOfOrientedShape.hxx
-- Installing: C:/Users/Davi/Downloads/oma/.release/native-build/sdk/occt/inc/TopTools_MapIteratorOfMapOfShape.hxx
-- Installing: C:/Users/Davi/Downloads/oma/.release/native-build/sdk/occt/inc/TopTools_MapOfOrientedShape.hxx
-- Installing: C:/Users/Davi/Downloads/oma/.release/native-build/sdk/occt/inc/TopTools_MapOfShape.hxx
-- Installing: C:/Users/Davi/Downloads/oma/.release/native-build/sdk/occt/inc/TopTools_MutexForShapeProvider.hxx
-- Installing: C:/Users/Davi/Downloads/oma/.release/native-build/sdk/occt/inc/TopTools_SequenceOfShape.hxx
-- Installing: C:/Users/Davi/Downloads/oma/.release/native-build/sdk/occt/inc/TopTools_ShapeMapHasher.hxx
-- Installing: C:/Users/Davi/Downloads/oma/.release/native-build/sdk/occt/inc/TopTools_ShapeSet.hxx
-- Installing: C:/Users/Davi/Downloads/oma/.release/native-build/sdk/occt/inc/BRep_Builder.hxx
-- Installing: C:/Users/Davi/Downloads/oma/.release/native-build/sdk/occt/inc/BRep_Builder.lxx
-- Installing: C:/Users/Davi/Downloads/oma/.release/native-build/sdk/occt/inc/BRep_Curve3D.hxx
-- Installing: C:/Users/Davi/Downloads/oma/.release/native-build/sdk/occt/inc/BRep_CurveOn2Surfaces.hxx
-- Installing: C:/Users/Davi/Downloads/oma/.release/native-build/sdk/occt/inc/BRep_CurveOnClosedSurface.hxx
-- Installing: C:/Users/Davi/Downloads/oma/.release/native-build/sdk/occt/inc/BRep_CurveOnClosedSurface.lxx
-- Installing: C:/Users/Davi/Downloads/oma/.release/native-build/sdk/occt/inc/BRep_CurveOnSurface.hxx
-- Installing: C:/Users/Davi/Downloads/oma/.release/native-build/sdk/occt/inc/BRep_CurveOnSurface.lxx
-- Installing: C:/Users/Davi/Downloads/oma/.release/native-build/sdk/occt/inc/BRep_CurveRepresentation.hxx
-- Installing: C:/Users/Davi/Downloads/oma/.release/native-build/sdk/occt/inc/BRep_CurveRepresentation.lxx
-- Installing: C:/Users/Davi/Downloads/oma/.release/native-build/sdk/occt/inc/BRep_GCurve.hxx
-- Installing: C:/Users/Davi/Downloads/oma/.release/native-build/sdk/occt/inc/BRep_GCurve.lxx
-- Installing: C:/Users/Davi/Downloads/oma/.release/native-build/sdk/occt/inc/BRep_ListIteratorOfListOfCurveRepresentation.hxx
-- Installing: C:/Users/Davi/Downloads/oma/.release/native-build/sdk/occt/inc/BRep_ListIteratorOfListOfPointRepresentation.hxx
-- Installing: C:/Users/Davi/Downloads/oma/.release/native-build/sdk/occt/inc/BRep_ListOfCurveRepresentation.hxx
-- Installing: C:/Users/Davi/Downloads/oma/.release/native-build/sdk/occt/inc/BRep_ListOfPointRepresentation.hxx
-- Installing: C:/Users/Davi/Downloads/oma/.release/native-build/sdk/occt/inc/BRep_PointOnCurve.hxx
-- Installing: C:/Users/Davi/Downloads/oma/.release/native-build/sdk/occt/inc/BRep_PointOnCurveOnSurface.hxx
-- Installing: C:/Users/Davi/Downloads/oma/.release/native-build/sdk/occt/inc/BRep_PointOnSurface.hxx
-- Installing: C:/Users/Davi/Downloads/oma/.release/native-build/sdk/occt/inc/BRep_PointRepresentation.hxx
-- Installing: C:/Users/Davi/Downloads/oma/.release/native-build/sdk/occt/inc/BRep_PointRepresentation.lxx
-- Installing: C:/Users/Davi/Downloads/oma/.release/native-build/sdk/occt/inc/BRep_PointsOnSurface.hxx
-- Installing: C:/Users/Davi/Downloads/oma/.release/native-build/sdk/occt/inc/BRep_Polygon3D.hxx
-- Installing: C:/Users/Davi/Downloads/oma/.release/native-build/sdk/occt/inc/BRep_PolygonOnClosedSurface.hxx
-- Installing: C:/Users/Davi/Downloads/oma/.release/native-build/sdk/occt/inc/BRep_PolygonOnClosedTriangulation.hxx
-- Installing: C:/Users/Davi/Downloads/oma/.release/native-build/sdk/occt/inc/BRep_PolygonOnSurface.hxx
-- Installing: C:/Users/Davi/Downloads/oma/.release/native-build/sdk/occt/inc/BRep_PolygonOnTriangulation.hxx
-- Installing: C:/Users/Davi/Downloads/oma/.release/native-build/sdk/occt/inc/BRep_TEdge.hxx
-- Installing: C:/Users/Davi/Downloads/oma/.release/native-build/sdk/occt/inc/BRep_TEdge.lxx
-- Installing: C:/Users/Davi/Downloads/oma/.release/native-build/sdk/occt/inc/BRep_TFace.hxx
-- Installing: C:/Users/Davi/Downloads/oma/.release/native-build/sdk/occt/inc/BRep_TVertex.hxx
-- Installing: C:/Users/Davi/Downloads/oma/.release/native-build/sdk/occt/inc/BRep_TVertex.lxx
-- Installing: C:/Users/Davi/Downloads/oma/.release/native-build/sdk/occt/inc/BRep_Tool.hxx
-- Installing: C:/Users/Davi/Downloads/oma/.release/native-build/sdk/occt/inc/BRepLProp.hxx
-- Installing: C:/Users/Davi/Downloads/oma/.release/native-build/sdk/occt/inc/BRepLProp_CLProps.hxx
-- Installing: C:/Users/Davi/Downloads/oma/.release/native-build/sdk/occt/inc/BRepLProp_CurveTool.hxx
-- Installing: C:/Users/Davi/Downloads/oma/.release/native-build/sdk/occt/inc/BRepLProp_SLProps.hxx
-- Installing: C:/Users/Davi/Downloads/oma/.release/native-build/sdk/occt/inc/BRepLProp_SurfaceTool.hxx
-- Installing: C:/Users/Davi/Downloads/oma/.release/native-build/sdk/occt/inc/BRepAdaptor_Array1OfCurve.hxx
-- Installing: C:/Users/Davi/Downloads/oma/.release/native-build/sdk/occt/inc/BRepAdaptor_CompCurve.hxx
-- Installing: C:/Users/Davi/Downloads/oma/.release/native-build/sdk/occt/inc/BRepAdaptor_Curve.hxx
-- Installing: C:/Users/Davi/Downloads/oma/.release/native-build/sdk/occt/inc/BRepAdaptor_Curve2d.hxx
-- Installing: C:/Users/Davi/Downloads/oma/.release/native-build/sdk/occt/inc/BRepAdaptor_HArray1OfCurve.hxx
-- Installing: C:/Users/Davi/Downloads/oma/.release/native-build/sdk/occt/inc/BRepAdaptor_Surface.hxx
-- Installing: C:/Users/Davi/Downloads/oma/.release/native-build/sdk/occt/inc/BRepTools.hxx
-- Installing: C:/Users/Davi/Downloads/oma/.release/native-build/sdk/occt/inc/BRepTools_CopyModification.hxx
-- Installing: C:/Users/Davi/Downloads/oma/.release/native-build/sdk/occt/inc/BRepTools_DataMapIteratorOfMapOfVertexPnt2d.hxx
-- Installing: C:/Users/Davi/Downloads/oma/.release/native-build/sdk/occt/inc/BRepTools_GTrsfModification.hxx
-- Installing: C:/Users/Davi/Downloads/oma/.release/native-build/sdk/occt/inc/BRepTools_History.hxx
-- Installing: C:/Users/Davi/Downloads/oma/.release/native-build/sdk/occt/inc/BRepTools_MapOfVertexPnt2d.hxx
-- Installing: C:/Users/Davi/Downloads/oma/.release/native-build/sdk/occt/inc/BRepTools_Modification.hxx
-- Installing: C:/Users/Davi/Downloads/oma/.release/native-build/sdk/occt/inc/BRepTools_Modifier.hxx
-- Installing: C:/Users/Davi/Downloads/oma/.release/native-build/sdk/occt/inc/BRepTools_Modifier.lxx
-- Installing: C:/Users/Davi/Downloads/oma/.release/native-build/sdk/occt/inc/BRepTools_NurbsConvertModification.hxx
-- Installing: C:/Users/Davi/Downloads/oma/.release/native-build/sdk/occt/inc/BRepTools_PurgeLocations.hxx
-- Installing: C:/Users/Davi/Downloads/oma/.release/native-build/sdk/occt/inc/BRepTools_Quilt.hxx
-- Installing: C:/Users/Davi/Downloads/oma/.release/native-build/sdk/occt/inc/BRepTools_ReShape.hxx
-- Installing: C:/Users/Davi/Downloads/oma/.release/native-build/sdk/occt/inc/BRepTools_ShapeSet.hxx
-- Installing: C:/Users/Davi/Downloads/oma/.release/native-build/sdk/occt/inc/BRepTools_Substitution.hxx
-- Installing: C:/Users/Davi/Downloads/oma/.release/native-build/sdk/occt/inc/BRepTools_TrsfModification.hxx
-- Installing: C:/Users/Davi/Downloads/oma/.release/native-build/sdk/occt/inc/BRepTools_WireExplorer.hxx
-- Installing: C:/Users/Davi/Downloads/oma/.release/native-build/sdk/occt/inc/BinTools.hxx
-- Installing: C:/Users/Davi/Downloads/oma/.release/native-build/sdk/occt/inc/BinTools_Curve2dSet.hxx
-- Installing: C:/Users/Davi/Downloads/oma/.release/native-build/sdk/occt/inc/BinTools_CurveSet.hxx
-- Installing: C:/Users/Davi/Downloads/oma/.release/native-build/sdk/occt/inc/BinTools_FormatVersion.hxx
-- Installing: C:/Users/Davi/Downloads/oma/.release/native-build/sdk/occt/inc/BinTools_IStream.hxx
-- Installing: C:/Users/Davi/Downloads/oma/.release/native-build/sdk/occt/inc/BinTools_LocationSet.hxx
-- Installing: C:/Users/Davi/Downloads/oma/.release/native-build/sdk/occt/inc/BinTools_LocationSetPtr.hxx
-- Installing: C:/Users/Davi/Downloads/oma/.release/native-build/sdk/occt/inc/BinTools_OStream.hxx
-- Installing: C:/Users/Davi/Downloads/oma/.release/native-build/sdk/occt/inc/BinTools_ObjectType.hxx
-- Installing: C:/Users/Davi/Downloads/oma/.release/native-build/sdk/occt/inc/BinTools_ShapeReader.hxx
-- Installing: C:/Users/Davi/Downloads/oma/.release/native-build/sdk/occt/inc/BinTools_ShapeSet.hxx
-- Installing: C:/Users/Davi/Downloads/oma/.release/native-build/sdk/occt/inc/BinTools_ShapeSetBase.hxx
-- Installing: C:/Users/Davi/Downloads/oma/.release/native-build/sdk/occt/inc/BinTools_ShapeWriter.hxx
-- Installing: C:/Users/Davi/Downloads/oma/.release/native-build/sdk/occt/inc/BinTools_SurfaceSet.hxx
-- Installing: C:/Users/Davi/Downloads/oma/.release/native-build/sdk/occt/inc/Hatch_Hatcher.hxx
-- Installing: C:/Users/Davi/Downloads/oma/.release/native-build/sdk/occt/inc/Hatch_Hatcher.lxx
-- Installing: C:/Users/Davi/Downloads/oma/.release/native-build/sdk/occt/inc/Hatch_Line.hxx
-- Installing: C:/Users/Davi/Downloads/oma/.release/native-build/sdk/occt/inc/Hatch_LineForm.hxx
-- Installing: C:/Users/Davi/Downloads/oma/.release/native-build/sdk/occt/inc/Hatch_Parameter.hxx
-- Installing: C:/Users/Davi/Downloads/oma/.release/native-build/sdk/occt/inc/Hatch_SequenceOfLine.hxx
-- Installing: C:/Users/Davi/Downloads/oma/.release/native-build/sdk/occt/inc/Hatch_SequenceOfParameter.hxx
-- Installing: C:/Users/Davi/Downloads/oma/.release/native-build/sdk/occt/inc/GeomInt.hxx
-- Installing: C:/Users/Davi/Downloads/oma/.release/native-build/sdk/occt/inc/GeomInt_BSpGradient_BFGSOfMyBSplGradientOfTheComputeLineOfWLApprox.hxx
-- Installing: C:/Users/Davi/Downloads/oma/.release/native-build/sdk/occt/inc/GeomInt_BSpParFunctionOfMyBSplGradientOfTheComputeLineOfWLApprox.hxx
-- Installing: C:/Users/Davi/Downloads/oma/.release/native-build/sdk/occt/inc/GeomInt_BSpParLeastSquareOfMyBSplGradientOfTheComputeLineOfWLApprox.hxx
-- Installing: C:/Users/Davi/Downloads/oma/.release/native-build/sdk/occt/inc/GeomInt_Gradient_BFGSOfMyGradientOfTheComputeLineBezierOfWLApprox.hxx
-- Installing: C:/Users/Davi/Downloads/oma/.release/native-build/sdk/occt/inc/GeomInt_Gradient_BFGSOfMyGradientbisOfTheComputeLineOfWLApprox.hxx
-- Installing: C:/Users/Davi/Downloads/oma/.release/native-build/sdk/occt/inc/GeomInt_IntSS.hxx
-- Installing: C:/Users/Davi/Downloads/oma/.release/native-build/sdk/occt/inc/GeomInt_IntSS.lxx
-- Installing: C:/Users/Davi/Downloads/oma/.release/native-build/sdk/occt/inc/GeomInt_LineConstructor.hxx
-- Installing: C:/Users/Davi/Downloads/oma/.release/native-build/sdk/occt/inc/GeomInt_LineConstructor.lxx
-- Installing: C:/Users/Davi/Downloads/oma/.release/native-build/sdk/occt/inc/GeomInt_LineTool.hxx
-- Installing: C:/Users/Davi/Downloads/oma/.release/native-build/sdk/occt/inc/GeomInt_MyBSplGradientOfTheComputeLineOfWLApprox.hxx
-- Installing: C:/Users/Davi/Downloads/oma/.release/native-build/sdk/occt/inc/GeomInt_MyGradientOfTheComputeLineBezierOfWLApprox.hxx
-- Installing: C:/Users/Davi/Downloads/oma/.release/native-build/sdk/occt/inc/GeomInt_MyGradientbisOfTheComputeLineOfWLApprox.hxx
-- Installing: C:/Users/Davi/Downloads/oma/.release/native-build/sdk/occt/inc/GeomInt_ParFunctionOfMyGradientOfTheComputeLineBezierOfWLApprox.hxx
-- Installing: C:/Users/Davi/Downloads/oma/.release/native-build/sdk/occt/inc/GeomInt_ParFunctionOfMyGradientbisOfTheComputeLineOfWLApprox.hxx
-- Installing: C:/Users/Davi/Downloads/oma/.release/native-build/sdk/occt/inc/GeomInt_ParLeastSquareOfMyGradientOfTheComputeLineBezierOfWLApprox.hxx
-- Installing: C:/Users/Davi/Downloads/oma/.release/native-build/sdk/occt/inc/GeomInt_ParLeastSquareOfMyGradientbisOfTheComputeLineOfWLApprox.hxx
-- Installing: C:/Users/Davi/Downloads/oma/.release/native-build/sdk/occt/inc/GeomInt_ParameterAndOrientation.hxx
-- Installing: C:/Users/Davi/Downloads/oma/.release/native-build/sdk/occt/inc/GeomInt_ResConstraintOfMyGradientOfTheComputeLineBezierOfWLApprox.hxx
-- Installing: C:/Users/Davi/Downloads/oma/.release/native-build/sdk/occt/inc/GeomInt_ResConstraintOfMyGradientbisOfTheComputeLineOfWLApprox.hxx
-- Installing: C:/Users/Davi/Downloads/oma/.release/native-build/sdk/occt/inc/GeomInt_SequenceOfParameterAndOrientation.hxx
-- Installing: C:/Users/Davi/Downloads/oma/.release/native-build/sdk/occt/inc/GeomInt_TheComputeLineBezierOfWLApprox.hxx
-- Installing: C:/Users/Davi/Downloads/oma/.release/native-build/sdk/occt/inc/GeomInt_TheComputeLineOfWLApprox.hxx
-- Installing: C:/Users/Davi/Downloads/oma/.release/native-build/sdk/occt/inc/GeomInt_TheFunctionOfTheInt2SOfThePrmPrmSvSurfacesOfWLApprox.hxx
-- Installing: C:/Users/Davi/Downloads/oma/.release/native-build/sdk/occt/inc/GeomInt_TheImpPrmSvSurfacesOfWLApprox.hxx
-- Installing: C:/Users/Davi/Downloads/oma/.release/native-build/sdk/occt/inc/GeomInt_TheInt2SOfThePrmPrmSvSurfacesOfWLApprox.hxx
-- Installing: C:/Users/Davi/Downloads/oma/.release/native-build/sdk/occt/inc/GeomInt_TheMultiLineOfWLApprox.hxx
-- Installing: C:/Users/Davi/Downloads/oma/.release/native-build/sdk/occt/inc/GeomInt_TheMultiLineToolOfWLApprox.hxx
-- Installing: C:/Users/Davi/Downloads/oma/.release/native-build/sdk/occt/inc/GeomInt_ThePrmPrmSvSurfacesOfWLApprox.hxx
-- Installing: C:/Users/Davi/Downloads/oma/.release/native-build/sdk/occt/inc/GeomInt_TheZerImpFuncOfTheImpPrmSvSurfacesOfWLApprox.hxx
-- Installing: C:/Users/Davi/Downloads/oma/.release/native-build/sdk/occt/inc/GeomInt_VectorOfReal.hxx
-- Installing: C:/Users/Davi/Downloads/oma/.release/native-build/sdk/occt/inc/GeomInt_WLApprox.hxx
-- Installing: C:/Users/Davi/Downloads/oma/.release/native-build/sdk/occt/inc/IntStart_PathPoint.gxx
-- Installing: C:/Users/Davi/Downloads/oma/.release/native-build/sdk/occt/inc/IntStart_PathPoint.lxx
-- Installing: C:/Users/Davi/Downloads/oma/.release/native-build/sdk/occt/inc/IntStart_SITopolTool.hxx
-- Installing: C:/Users/Davi/Downloads/oma/.release/native-build/sdk/occt/inc/IntStart_SearchInside.gxx
-- Installing: C:/Users/Davi/Downloads/oma/.release/native-build/sdk/occt/inc/IntStart_SearchInside.lxx
-- Installing: C:/Users/Davi/Downloads/oma/.release/native-build/sdk/occt/inc/IntStart_SearchOnBoundaries.gxx
-- Installing: C:/Users/Davi/Downloads/oma/.release/native-build/sdk/occt/inc/IntStart_SearchOnBoundaries.lxx
-- Installing: C:/Users/Davi/Downloads/oma/.release/native-build/sdk/occt/inc/IntStart_Segment.gxx
-- Installing: C:/Users/Davi/Downloads/oma/.release/native-build/sdk/occt/inc/IntStart_Segment.lxx
-- Installing: C:/Users/Davi/Downloads/oma/.release/native-build/sdk/occt/inc/IntWalk_IWLine.gxx
-- Installing: C:/Users/Davi/Downloads/oma/.release/native-build/sdk/occt/inc/IntWalk_IWLine.lxx
-- Installing: C:/Users/Davi/Downloads/oma/.release/native-build/sdk/occt/inc/IntWalk_IWalking.gxx
-- Installing: C:/Users/Davi/Downloads/oma/.release/native-build/sdk/occt/inc/IntWalk_IWalking.lxx
-- Installing: C:/Users/Davi/Downloads/oma/.release/native-build/sdk/occt/inc/IntWalk_IWalking_1.gxx
-- Installing: C:/Users/Davi/Downloads/oma/.release/native-build/sdk/occt/inc/IntWalk_IWalking_2.gxx
-- Installing: C:/Users/Davi/Downloads/oma/.release/native-build/sdk/occt/inc/IntWalk_IWalking_3.gxx
-- Installing: C:/Users/Davi/Downloads/oma/.release/native-build/sdk/occt/inc/IntWalk_IWalking_4.gxx
-- Installing: C:/Users/Davi/Downloads/oma/.release/native-build/sdk/occt/inc/IntWalk_IWalking_5.gxx
-- Installing: C:/Users/Davi/Downloads/oma/.release/native-build/sdk/occt/inc/IntWalk_IWalking_6.gxx
-- Installing: C:/Users/Davi/Downloads/oma/.release/native-build/sdk/occt/inc/IntWalk_PWalking.hxx
-- Installing: C:/Users/Davi/Downloads/oma/.release/native-build/sdk/occt/inc/IntWalk_PWalking.lxx
-- Installing: C:/Users/Davi/Downloads/oma/.release/native-build/sdk/occt/inc/IntWalk_StatusDeflection.hxx
-- Installing: C:/Users/Davi/Downloads/oma/.release/native-build/sdk/occt/inc/IntWalk_TheFunctionOfTheInt2S.hxx
-- Installing: C:/Users/Davi/Downloads/oma/.release/native-build/sdk/occt/inc/IntWalk_TheInt2S.hxx
-- Installing: C:/Users/Davi/Downloads/oma/.release/native-build/sdk/occt/inc/IntWalk_VectorOfInteger.hxx
-- Installing: C:/Users/Davi/Downloads/oma/.release/native-build/sdk/occt/inc/IntWalk_VectorOfWalkingData.hxx
-- Installing: C:/Users/Davi/Downloads/oma/.release/native-build/sdk/occt/inc/IntImp_ComputeTangence.hxx
-- Installing: C:/Users/Davi/Downloads/oma/.release/native-build/sdk/occt/inc/IntImp_ConstIsoparametric.hxx
-- Installing: C:/Users/Davi/Downloads/oma/.release/native-build/sdk/occt/inc/IntImp_Int2S.gxx
-- Installing: C:/Users/Davi/Downloads/oma/.release/native-build/sdk/occt/inc/IntImp_Int2S.lxx
-- Installing: C:/Users/Davi/Downloads/oma/.release/native-build/sdk/occt/inc/IntImp_IntCS.gxx
-- Installing: C:/Users/Davi/Downloads/oma/.release/native-build/sdk/occt/inc/IntImp_ZerCSParFunc.gxx
-- Installing: C:/Users/Davi/Downloads/oma/.release/native-build/sdk/occt/inc/IntImp_ZerImpFunc.gxx
-- Installing: C:/Users/Davi/Downloads/oma/.release/native-build/sdk/occt/inc/IntImp_ZerImpFunc.lxx
-- Installing: C:/Users/Davi/Downloads/oma/.release/native-build/sdk/occt/inc/IntImp_ZerParFunc.gxx
-- Installing: C:/Users/Davi/Downloads/oma/.release/native-build/sdk/occt/inc/IntImp_ZerParFunc.lxx
-- Installing: C:/Users/Davi/Downloads/oma/.release/native-build/sdk/occt/inc/IntCurveSurface_HCurveTool.gxx
-- Installing: C:/Users/Davi/Downloads/oma/.release/native-build/sdk/occt/inc/IntCurveSurface_HCurveTool.lxx
-- Installing: C:/Users/Davi/Downloads/oma/.release/native-build/sdk/occt/inc/IntCurveSurface_HInter.hxx
-- Installing: C:/Users/Davi/Downloads/oma/.release/native-build/sdk/occt/inc/IntCurveSurface_Inter.gxx
-- Installing: C:/Users/Davi/Downloads/oma/.release/native-build/sdk/occt/inc/IntCurveSurface_Intersection.hxx
-- Installing: C:/Users/Davi/Downloads/oma/.release/native-build/sdk/occt/inc/IntCurveSurface_IntersectionPoint.hxx
-- Installing: C:/Users/Davi/Downloads/oma/.release/native-build/sdk/occt/inc/IntCurveSurface_IntersectionPoint.lxx
-- Installing: C:/Users/Davi/Downloads/oma/.release/native-build/sdk/occt/inc/IntCurveSurface_IntersectionSegment.hxx
-- Installing: C:/Users/Davi/Downloads/oma/.release/native-build/sdk/occt/inc/IntCurveSurface_Polygon.gxx
-- Installing: C:/Users/Davi/Downloads/oma/.release/native-build/sdk/occt/inc/IntCurveSurface_PolygonTool.gxx
-- Installing: C:/Users/Davi/Downloads/oma/.release/native-build/sdk/occt/inc/IntCurveSurface_PolygonTool.lxx
-- Installing: C:/Users/Davi/Downloads/oma/.release/native-build/sdk/occt/inc/IntCurveSurface_Polyhedron.gxx
-- Installing: C:/Users/Davi/Downloads/oma/.release/native-build/sdk/occt/inc/IntCurveSurface_Polyhedron.lxx
-- Installing: C:/Users/Davi/Downloads/oma/.release/native-build/sdk/occt/inc/IntCurveSurface_PolyhedronTool.gxx
-- Installing: C:/Users/Davi/Downloads/oma/.release/native-build/sdk/occt/inc/IntCurveSurface_PolyhedronTool.lxx
-- Installing: C:/Users/Davi/Downloads/oma/.release/native-build/sdk/occt/inc/IntCurveSurface_QuadricCurveExactInter.gxx
-- Installing: C:/Users/Davi/Downloads/oma/.release/native-build/sdk/occt/inc/IntCurveSurface_QuadricCurveFunc.gxx
-- Installing: C:/Users/Davi/Downloads/oma/.release/native-build/sdk/occt/inc/IntCurveSurface_SequenceOfPnt.hxx
-- Installing: C:/Users/Davi/Downloads/oma/.release/native-build/sdk/occt/inc/IntCurveSurface_SequenceOfSeg.hxx
-- Installing: C:/Users/Davi/Downloads/oma/.release/native-build/sdk/occt/inc/IntCurveSurface_TheCSFunctionOfHInter.hxx
-- Installing: C:/Users/Davi/Downloads/oma/.release/native-build/sdk/occt/inc/IntCurveSurface_TheExactHInter.hxx
-- Installing: C:/Users/Davi/Downloads/oma/.release/native-build/sdk/occt/inc/IntCurveSurface_TheHCurveTool.hxx
-- Installing: C:/Users/Davi/Downloads/oma/.release/native-build/sdk/occt/inc/IntCurveSurface_TheInterferenceOfHInter.hxx
-- Installing: C:/Users/Davi/Downloads/oma/.release/native-build/sdk/occt/inc/IntCurveSurface_ThePolygonOfHInter.hxx
-- Installing: C:/Users/Davi/Downloads/oma/.release/native-build/sdk/occt/inc/IntCurveSurface_ThePolygonToolOfHInter.hxx
-- Installing: C:/Users/Davi/Downloads/oma/.release/native-build/sdk/occt/inc/IntCurveSurface_ThePolyhedronOfHInter.hxx
-- Installing: C:/Users/Davi/Downloads/oma/.release/native-build/sdk/occt/inc/IntCurveSurface_ThePolyhedronToolOfHInter.hxx
-- Installing: C:/Users/Davi/Downloads/oma/.release/native-build/sdk/occt/inc/IntCurveSurface_TheQuadCurvExactHInter.hxx
-- Installing: C:/Users/Davi/Downloads/oma/.release/native-build/sdk/occt/inc/IntCurveSurface_TheQuadCurvFuncOfTheQuadCurvExactHInter.hxx
-- Installing: C:/Users/Davi/Downloads/oma/.release/native-build/sdk/occt/inc/IntCurveSurface_TransitionOnCurve.hxx
-- Installing: C:/Users/Davi/Downloads/oma/.release/native-build/sdk/occt/inc/IntSurf.hxx
-- Installing: C:/Users/Davi/Downloads/oma/.release/native-build/sdk/occt/inc/IntSurf_Allocator.hxx
-- Installing: C:/Users/Davi/Downloads/oma/.release/native-build/sdk/occt/inc/IntSurf_Couple.hxx
-- Installing: C:/Users/Davi/Downloads/oma/.release/native-build/sdk/occt/inc/IntSurf_Couple.lxx
-- Installing: C:/Users/Davi/Downloads/oma/.release/native-build/sdk/occt/inc/IntSurf_InteriorPoint.hxx
-- Installing: C:/Users/Davi/Downloads/oma/.release/native-build/sdk/occt/inc/IntSurf_InteriorPoint.lxx
-- Installing: C:/Users/Davi/Downloads/oma/.release/native-build/sdk/occt/inc/IntSurf_InteriorPointTool.hxx
-- Installing: C:/Users/Davi/Downloads/oma/.release/native-build/sdk/occt/inc/IntSurf_InteriorPointTool.lxx
-- Installing: C:/Users/Davi/Downloads/oma/.release/native-build/sdk/occt/inc/IntSurf_LineOn2S.hxx
-- Installing: C:/Users/Davi/Downloads/oma/.release/native-build/sdk/occt/inc/IntSurf_LineOn2S.lxx
-- Installing: C:/Users/Davi/Downloads/oma/.release/native-build/sdk/occt/inc/IntSurf_ListIteratorOfListOfPntOn2S.hxx
-- Installing: C:/Users/Davi/Downloads/oma/.release/native-build/sdk/occt/inc/IntSurf_ListOfPntOn2S.hxx
-- Installing: C:/Users/Davi/Downloads/oma/.release/native-build/sdk/occt/inc/IntSurf_PathPoint.hxx
-- Installing: C:/Users/Davi/Downloads/oma/.release/native-build/sdk/occt/inc/IntSurf_PathPoint.lxx
-- Installing: C:/Users/Davi/Downloads/oma/.release/native-build/sdk/occt/inc/IntSurf_PathPointTool.hxx
-- Installing: C:/Users/Davi/Downloads/oma/.release/native-build/sdk/occt/inc/IntSurf_PathPointTool.lxx
-- Installing: C:/Users/Davi/Downloads/oma/.release/native-build/sdk/occt/inc/IntSurf_PntOn2S.hxx
-- Installing: C:/Users/Davi/Downloads/oma/.release/native-build/sdk/occt/inc/IntSurf_PntOn2S.lxx
-- Installing: C:/Users/Davi/Downloads/oma/.release/native-build/sdk/occt/inc/IntSurf_Quadric.hxx
-- Installing: C:/Users/Davi/Downloads/oma/.release/native-build/sdk/occt/inc/IntSurf_Quadric.lxx
-- Installing: C:/Users/Davi/Downloads/oma/.release/native-build/sdk/occt/inc/IntSurf_QuadricTool.hxx
-- Installing: C:/Users/Davi/Downloads/oma/.release/native-build/sdk/occt/inc/IntSurf_QuadricTool.lxx
-- Installing: C:/Users/Davi/Downloads/oma/.release/native-build/sdk/occt/inc/IntSurf_SequenceOfCouple.hxx
-- Installing: C:/Users/Davi/Downloads/oma/.release/native-build/sdk/occt/inc/IntSurf_SequenceOfInteriorPoint.hxx
-- Installing: C:/Users/Davi/Downloads/oma/.release/native-build/sdk/occt/inc/IntSurf_SequenceOfPathPoint.hxx
-- Installing: C:/Users/Davi/Downloads/oma/.release/native-build/sdk/occt/inc/IntSurf_SequenceOfPntOn2S.hxx
-- Installing: C:/Users/Davi/Downloads/oma/.release/native-build/sdk/occt/inc/IntSurf_Situation.hxx
-- Installing: C:/Users/Davi/Downloads/oma/.release/native-build/sdk/occt/inc/IntSurf_Transition.hxx
-- Installing: C:/Users/Davi/Downloads/oma/.release/native-build/sdk/occt/inc/IntSurf_Transition.lxx
-- Installing: C:/Users/Davi/Downloads/oma/.release/native-build/sdk/occt/inc/IntSurf_TypeTrans.hxx
-- Installing: C:/Users/Davi/Downloads/oma/.release/native-build/sdk/occt/inc/IntPatch_ALine.hxx
-- Installing: C:/Users/Davi/Downloads/oma/.release/native-build/sdk/occt/inc/IntPatch_ALine.lxx
-- Installing: C:/Users/Davi/Downloads/oma/.release/native-build/sdk/occt/inc/IntPatch_ALineToWLine.hxx
-- Installing: C:/Users/Davi/Downloads/oma/.release/native-build/sdk/occt/inc/IntPatch_ArcFunction.hxx
-- Installing: C:/Users/Davi/Downloads/oma/.release/native-build/sdk/occt/inc/IntPatch_ArcFunction.lxx
-- Installing: C:/Users/Davi/Downloads/oma/.release/native-build/sdk/occt/inc/IntPatch_CSFunction.hxx
-- Installing: C:/Users/Davi/Downloads/oma/.release/native-build/sdk/occt/inc/IntPatch_CurvIntSurf.hxx
-- Installing: C:/Users/Davi/Downloads/oma/.release/native-build/sdk/occt/inc/IntPatch_GLine.hxx
-- Installing: C:/Users/Davi/Downloads/oma/.release/native-build/sdk/occt/inc/IntPatch_GLine.lxx
-- Installing: C:/Users/Davi/Downloads/oma/.release/native-build/sdk/occt/inc/IntPatch_HCurve2dTool.hxx
-- Installing: C:/Users/Davi/Downloads/oma/.release/native-build/sdk/occt/inc/IntPatch_HCurve2dTool.lxx
-- Installing: C:/Users/Davi/Downloads/oma/.release/native-build/sdk/occt/inc/IntPatch_HInterTool.hxx
-- Installing: C:/Users/Davi/Downloads/oma/.release/native-build/sdk/occt/inc/IntPatch_HInterTool.lxx
-- Installing: C:/Users/Davi/Downloads/oma/.release/native-build/sdk/occt/inc/IntPatch_IType.hxx
-- Installing: C:/Users/Davi/Downloads/oma/.release/native-build/sdk/occt/inc/IntPatch_ImpImpIntersection.hxx
-- Installing: C:/Users/Davi/Downloads/oma/.release/native-build/sdk/occt/inc/IntPatch_ImpImpIntersection.lxx
-- Installing: C:/Users/Davi/Downloads/oma/.release/native-build/sdk/occt/inc/IntPatch_ImpImpIntersection_0.gxx
-- Installing: C:/Users/Davi/Downloads/oma/.release/native-build/sdk/occt/inc/IntPatch_ImpImpIntersection_1.gxx
-- Installing: C:/Users/Davi/Downloads/oma/.release/native-build/sdk/occt/inc/IntPatch_ImpImpIntersection_2.gxx
-- Installing: C:/Users/Davi/Downloads/oma/.release/native-build/sdk/occt/inc/IntPatch_ImpImpIntersection_3.gxx
-- Installing: C:/Users/Davi/Downloads/oma/.release/native-build/sdk/occt/inc/IntPatch_ImpImpIntersection_4.gxx
-- Installing: C:/Users/Davi/Downloads/oma/.release/native-build/sdk/occt/inc/IntPatch_ImpImpIntersection_5.gxx
-- Installing: C:/Users/Davi/Downloads/oma/.release/native-build/sdk/occt/inc/IntPatch_ImpImpIntersection_6.gxx
-- Installing: C:/Users/Davi/Downloads/oma/.release/native-build/sdk/occt/inc/IntPatch_ImpPrmIntersection.hxx
-- Installing: C:/Users/Davi/Downloads/oma/.release/native-build/sdk/occt/inc/IntPatch_ImpPrmIntersection.lxx
-- Installing: C:/Users/Davi/Downloads/oma/.release/native-build/sdk/occt/inc/IntPatch_InterferencePolyhedron.hxx
-- Installing: C:/Users/Davi/Downloads/oma/.release/native-build/sdk/occt/inc/IntPatch_Intersection.hxx
-- Installing: C:/Users/Davi/Downloads/oma/.release/native-build/sdk/occt/inc/IntPatch_Intersection.lxx
-- Installing: C:/Users/Davi/Downloads/oma/.release/native-build/sdk/occt/inc/IntPatch_Line.hxx
-- Installing: C:/Users/Davi/Downloads/oma/.release/native-build/sdk/occt/inc/IntPatch_Line.lxx
-- Installing: C:/Users/Davi/Downloads/oma/.release/native-build/sdk/occt/inc/IntPatch_LineConstructor.hxx
-- Installing: C:/Users/Davi/Downloads/oma/.release/native-build/sdk/occt/inc/IntPatch_Point.hxx
-- Installing: C:/Users/Davi/Downloads/oma/.release/native-build/sdk/occt/inc/IntPatch_Point.lxx
-- Installing: C:/Users/Davi/Downloads/oma/.release/native-build/sdk/occt/inc/IntPatch_PointLine.hxx
-- Installing: C:/Users/Davi/Downloads/oma/.release/native-build/sdk/occt/inc/IntPatch_PolyArc.hxx
-- Installing: C:/Users/Davi/Downloads/oma/.release/native-build/sdk/occt/inc/IntPatch_PolyLine.hxx
-- Installing: C:/Users/Davi/Downloads/oma/.release/native-build/sdk/occt/inc/IntPatch_Polygo.hxx
-- Installing: C:/Users/Davi/Downloads/oma/.release/native-build/sdk/occt/inc/IntPatch_Polygo.lxx
-- Installing: C:/Users/Davi/Downloads/oma/.release/native-build/sdk/occt/inc/IntPatch_Polyhedron.hxx
-- Installing: C:/Users/Davi/Downloads/oma/.release/native-build/sdk/occt/inc/IntPatch_PolyhedronTool.hxx
-- Installing: C:/Users/Davi/Downloads/oma/.release/native-build/sdk/occt/inc/IntPatch_PolyhedronTool.lxx
-- Installing: C:/Users/Davi/Downloads/oma/.release/native-build/sdk/occt/inc/IntPatch_PrmPrmIntersection.hxx
-- Installing: C:/Users/Davi/Downloads/oma/.release/native-build/sdk/occt/inc/IntPatch_PrmPrmIntersection.lxx
-- Installing: C:/Users/Davi/Downloads/oma/.release/native-build/sdk/occt/inc/IntPatch_PrmPrmIntersection_T3Bits.hxx
-- Installing: C:/Users/Davi/Downloads/oma/.release/native-build/sdk/occt/inc/IntPatch_RLine.hxx
-- Installing: C:/Users/Davi/Downloads/oma/.release/native-build/sdk/occt/inc/IntPatch_RLine.lxx
-- Installing: C:/Users/Davi/Downloads/oma/.release/native-build/sdk/occt/inc/IntPatch_RstInt.hxx
-- Installing: C:/Users/Davi/Downloads/oma/.release/native-build/sdk/occt/inc/IntPatch_SearchPnt.hxx
-- Installing: C:/Users/Davi/Downloads/oma/.release/native-build/sdk/occt/inc/IntPatch_SequenceOfIWLineOfTheIWalking.hxx
-- Installing: C:/Users/Davi/Downloads/oma/.release/native-build/sdk/occt/inc/IntPatch_SequenceOfLine.hxx
-- Installing: C:/Users/Davi/Downloads/oma/.release/native-build/sdk/occt/inc/IntPatch_SequenceOfPathPointOfTheSOnBounds.hxx
-- Installing: C:/Users/Davi/Downloads/oma/.release/native-build/sdk/occt/inc/IntPatch_SequenceOfPoint.hxx
-- Installing: C:/Users/Davi/Downloads/oma/.release/native-build/sdk/occt/inc/IntPatch_SequenceOfSegmentOfTheSOnBounds.hxx
-- Installing: C:/Users/Davi/Downloads/oma/.release/native-build/sdk/occt/inc/IntPatch_SpecPntType.hxx
-- Installing: C:/Users/Davi/Downloads/oma/.release/native-build/sdk/occt/inc/IntPatch_SpecialPoints.hxx
-- Installing: C:/Users/Davi/Downloads/oma/.release/native-build/sdk/occt/inc/IntPatch_TheIWLineOfTheIWalking.hxx
-- Installing: C:/Users/Davi/Downloads/oma/.release/native-build/sdk/occt/inc/IntPatch_TheIWalking.hxx
-- Installing: C:/Users/Davi/Downloads/oma/.release/native-build/sdk/occt/inc/IntPatch_ThePathPointOfTheSOnBounds.hxx
-- Installing: C:/Users/Davi/Downloads/oma/.release/native-build/sdk/occt/inc/IntPatch_TheSOnBounds.hxx
-- Installing: C:/Users/Davi/Downloads/oma/.release/native-build/sdk/occt/inc/IntPatch_TheSearchInside.hxx
-- Installing: C:/Users/Davi/Downloads/oma/.release/native-build/sdk/occt/inc/IntPatch_TheSegmentOfTheSOnBounds.hxx
-- Installing: C:/Users/Davi/Downloads/oma/.release/native-build/sdk/occt/inc/IntPatch_TheSurfFunction.hxx
-- Installing: C:/Users/Davi/Downloads/oma/.release/native-build/sdk/occt/inc/IntPatch_WLine.hxx
-- Installing: C:/Users/Davi/Downloads/oma/.release/native-build/sdk/occt/inc/IntPatch_WLine.lxx
-- Installing: C:/Users/Davi/Downloads/oma/.release/native-build/sdk/occt/inc/IntPatch_WLineTool.hxx
-- Installing: C:/Users/Davi/Downloads/oma/.release/native-build/sdk/occt/inc/Geom2dInt_ExactIntersectionPointOfTheIntPCurvePCurveOfGInter.hxx
-- Installing: C:/Users/Davi/Downloads/oma/.release/native-build/sdk/occt/inc/Geom2dInt_GInter.hxx
-- Installing: C:/Users/Davi/Downloads/oma/.release/native-build/sdk/occt/inc/Geom2dInt_Geom2dCurveTool.hxx
-- Installing: C:/Users/Davi/Downloads/oma/.release/native-build/sdk/occt/inc/Geom2dInt_Geom2dCurveTool.lxx
-- Installing: C:/Users/Davi/Downloads/oma/.release/native-build/sdk/occt/inc/Geom2dInt_IntConicCurveOfGInter.hxx
-- Installing: C:/Users/Davi/Downloads/oma/.release/native-build/sdk/occt/inc/Geom2dInt_MyImpParToolOfTheIntersectorOfTheIntConicCurveOfGInter.hxx
-- Installing: C:/Users/Davi/Downloads/oma/.release/native-build/sdk/occt/inc/Geom2dInt_PCLocFOfTheLocateExtPCOfTheProjPCurOfGInter.hxx
-- Installing: C:/Users/Davi/Downloads/oma/.release/native-build/sdk/occt/inc/Geom2dInt_TheCurveLocatorOfTheProjPCurOfGInter.hxx
-- Installing: C:/Users/Davi/Downloads/oma/.release/native-build/sdk/occt/inc/Geom2dInt_TheDistBetweenPCurvesOfTheIntPCurvePCurveOfGInter.hxx
-- Installing: C:/Users/Davi/Downloads/oma/.release/native-build/sdk/occt/inc/Geom2dInt_TheIntConicCurveOfGInter.hxx
-- Installing: C:/Users/Davi/Downloads/oma/.release/native-build/sdk/occt/inc/Geom2dInt_TheIntPCurvePCurveOfGInter.hxx
-- Installing: C:/Users/Davi/Downloads/oma/.release/native-build/sdk/occt/inc/Geom2dInt_TheIntersectorOfTheIntConicCurveOfGInter.hxx
-- Installing: C:/Users/Davi/Downloads/oma/.release/native-build/sdk/occt/inc/Geom2dInt_TheLocateExtPCOfTheProjPCurOfGInter.hxx
-- Installing: C:/Users/Davi/Downloads/oma/.release/native-build/sdk/occt/inc/Geom2dInt_ThePolygon2dOfTheIntPCurvePCurveOfGInter.hxx
-- Installing: C:/Users/Davi/Downloads/oma/.release/native-build/sdk/occt/inc/Geom2dInt_TheProjPCurOfGInter.hxx
-- Installing: C:/Users/Davi/Downloads/oma/.release/native-build/sdk/occt/inc/IntImpParGen.hxx
-- Installing: C:/Users/Davi/Downloads/oma/.release/native-build/sdk/occt/inc/IntImpParGen_ImpParTool.gxx
-- Installing: C:/Users/Davi/Downloads/oma/.release/native-build/sdk/occt/inc/IntImpParGen_ImpTool.hxx
-- Installing: C:/Users/Davi/Downloads/oma/.release/native-build/sdk/occt/inc/IntImpParGen_Intersector.gxx
-- Installing: C:/Users/Davi/Downloads/oma/.release/native-build/sdk/occt/inc/IntImpParGen_Tool.hxx
-- Installing: C:/Users/Davi/Downloads/oma/.release/native-build/sdk/occt/inc/IntRes2d_Domain.hxx
-- Installing: C:/Users/Davi/Downloads/oma/.release/native-build/sdk/occt/inc/IntRes2d_Domain.lxx
-- Installing: C:/Users/Davi/Downloads/oma/.release/native-build/sdk/occt/inc/IntRes2d_Intersection.hxx
-- Installing: C:/Users/Davi/Downloads/oma/.release/native-build/sdk/occt/inc/IntRes2d_Intersection.lxx
-- Installing: C:/Users/Davi/Downloads/oma/.release/native-build/sdk/occt/inc/IntRes2d_IntersectionPoint.hxx
-- Installing: C:/Users/Davi/Downloads/oma/.release/native-build/sdk/occt/inc/IntRes2d_IntersectionPoint.lxx
-- Installing: C:/Users/Davi/Downloads/oma/.release/native-build/sdk/occt/inc/IntRes2d_IntersectionSegment.hxx
-- Installing: C:/Users/Davi/Downloads/oma/.release/native-build/sdk/occt/inc/IntRes2d_IntersectionSegment.lxx
-- Installing: C:/Users/Davi/Downloads/oma/.release/native-build/sdk/occt/inc/IntRes2d_Position.hxx
-- Installing: C:/Users/Davi/Downloads/oma/.release/native-build/sdk/occt/inc/IntRes2d_SequenceOfIntersectionPoint.hxx
-- Installing: C:/Users/Davi/Downloads/oma/.release/native-build/sdk/occt/inc/IntRes2d_SequenceOfIntersectionSegment.hxx
-- Installing: C:/Users/Davi/Downloads/oma/.release/native-build/sdk/occt/inc/IntRes2d_Situation.hxx
-- Installing: C:/Users/Davi/Downloads/oma/.release/native-build/sdk/occt/inc/IntRes2d_Transition.hxx
-- Installing: C:/Users/Davi/Downloads/oma/.release/native-build/sdk/occt/inc/IntRes2d_Transition.lxx
-- Installing: C:/Users/Davi/Downloads/oma/.release/native-build/sdk/occt/inc/IntRes2d_TypeTrans.hxx
-- Installing: C:/Users/Davi/Downloads/oma/.release/native-build/sdk/occt/inc/IntCurve_DistBetweenPCurvesGen.gxx
-- Installing: C:/Users/Davi/Downloads/oma/.release/native-build/sdk/occt/inc/IntCurve_ExactIntersectionPoint.gxx
-- Installing: C:/Users/Davi/Downloads/oma/.release/native-build/sdk/occt/inc/IntCurve_IConicTool.hxx
-- Installing: C:/Users/Davi/Downloads/oma/.release/native-build/sdk/occt/inc/IntCurve_IntConicConic.hxx
-- Installing: C:/Users/Davi/Downloads/oma/.release/native-build/sdk/occt/inc/IntCurve_IntConicConic.lxx
-- Installing: C:/Users/Davi/Downloads/oma/.release/native-build/sdk/occt/inc/IntCurve_IntConicConic_Tool.hxx
-- Installing: C:/Users/Davi/Downloads/oma/.release/native-build/sdk/occt/inc/IntCurve_IntConicCurveGen.gxx
-- Installing: C:/Users/Davi/Downloads/oma/.release/native-build/sdk/occt/inc/IntCurve_IntConicCurveGen.lxx
-- Installing: C:/Users/Davi/Downloads/oma/.release/native-build/sdk/occt/inc/IntCurve_IntCurveCurveGen.gxx
-- Installing: C:/Users/Davi/Downloads/oma/.release/native-build/sdk/occt/inc/IntCurve_IntCurveCurveGen.lxx
-- Installing: C:/Users/Davi/Downloads/oma/.release/native-build/sdk/occt/inc/IntCurve_IntImpConicParConic.hxx
-- Installing: C:/Users/Davi/Downloads/oma/.release/native-build/sdk/occt/inc/IntCurve_IntPolyPolyGen.gxx
-- Installing: C:/Users/Davi/Downloads/oma/.release/native-build/sdk/occt/inc/IntCurve_MyImpParToolOfIntImpConicParConic.hxx
-- Installing: C:/Users/Davi/Downloads/oma/.release/native-build/sdk/occt/inc/IntCurve_PConic.hxx
-- Installing: C:/Users/Davi/Downloads/oma/.release/native-build/sdk/occt/inc/IntCurve_PConic.lxx
-- Installing: C:/Users/Davi/Downloads/oma/.release/native-build/sdk/occt/inc/IntCurve_PConicTool.hxx
-- Installing: C:/Users/Davi/Downloads/oma/.release/native-build/sdk/occt/inc/IntCurve_Polygon2dGen.gxx
-- Installing: C:/Users/Davi/Downloads/oma/.release/native-build/sdk/occt/inc/IntCurve_Polygon2dGen.lxx
-- Installing: C:/Users/Davi/Downloads/oma/.release/native-build/sdk/occt/inc/IntCurve_ProjPCurGen.gxx
-- Installing: C:/Users/Davi/Downloads/oma/.release/native-build/sdk/occt/inc/IntCurve_ProjectOnPConicTool.hxx
-- Installing: C:/Users/Davi/Downloads/oma/.release/native-build/sdk/occt/inc/IntCurve_UserIntConicCurveGen.gxx
-- Installing: C:/Users/Davi/Downloads/oma/.release/native-build/sdk/occt/inc/TopTrans_Array2OfOrientation.hxx
-- Installing: C:/Users/Davi/Downloads/oma/.release/native-build/sdk/occt/inc/TopTrans_CurveTransition.hxx
-- Installing: C:/Users/Davi/Downloads/oma/.release/native-build/sdk/occt/inc/TopTrans_SurfaceTransition.hxx
-- Installing: C:/Users/Davi/Downloads/oma/.release/native-build/sdk/occt/inc/Intf.hxx
-- Installing: C:/Users/Davi/Downloads/oma/.release/native-build/sdk/occt/inc/Intf_Array1OfLin.hxx
-- Installing: C:/Users/Davi/Downloads/oma/.release/native-build/sdk/occt/inc/Intf_Interference.hxx
-- Installing: C:/Users/Davi/Downloads/oma/.release/native-build/sdk/occt/inc/Intf_Interference.lxx
-- Installing: C:/Users/Davi/Downloads/oma/.release/native-build/sdk/occt/inc/Intf_InterferencePolygon2d.hxx
-- Installing: C:/Users/Davi/Downloads/oma/.release/native-build/sdk/occt/inc/Intf_InterferencePolygonPolyhedron.gxx
-- Installing: C:/Users/Davi/Downloads/oma/.release/native-build/sdk/occt/inc/Intf_PIType.hxx
-- Installing: C:/Users/Davi/Downloads/oma/.release/native-build/sdk/occt/inc/Intf_Polygon2d.hxx
-- Installing: C:/Users/Davi/Downloads/oma/.release/native-build/sdk/occt/inc/Intf_Polygon2d.lxx
-- Installing: C:/Users/Davi/Downloads/oma/.release/native-build/sdk/occt/inc/Intf_SectionLine.hxx
-- Installing: C:/Users/Davi/Downloads/oma/.release/native-build/sdk/occt/inc/Intf_SectionLine.lxx
-- Installing: C:/Users/Davi/Downloads/oma/.release/native-build/sdk/occt/inc/Intf_SectionPoint.hxx
-- Installing: C:/Users/Davi/Downloads/oma/.release/native-build/sdk/occt/inc/Intf_SectionPoint.lxx
-- Installing: C:/Users/Davi/Downloads/oma/.release/native-build/sdk/occt/inc/Intf_SeqOfSectionLine.hxx
-- Installing: C:/Users/Davi/Downloads/oma/.release/native-build/sdk/occt/inc/Intf_SeqOfSectionPoint.hxx
-- Installing: C:/Users/Davi/Downloads/oma/.release/native-build/sdk/occt/inc/Intf_SeqOfTangentZone.hxx
-- Installing: C:/Users/Davi/Downloads/oma/.release/native-build/sdk/occt/inc/Intf_TangentZone.hxx
-- Installing: C:/Users/Davi/Downloads/oma/.release/native-build/sdk/occt/inc/Intf_TangentZone.lxx
-- Installing: C:/Users/Davi/Downloads/oma/.release/native-build/sdk/occt/inc/Intf_Tool.hxx
-- Installing: C:/Users/Davi/Downloads/oma/.release/native-build/sdk/occt/inc/ApproxInt_Approx.gxx
-- Installing: C:/Users/Davi/Downloads/oma/.release/native-build/sdk/occt/inc/ApproxInt_ImpPrmSvSurfaces.gxx
-- Installing: C:/Users/Davi/Downloads/oma/.release/native-build/sdk/occt/inc/ApproxInt_KnotTools.hxx
-- Installing: C:/Users/Davi/Downloads/oma/.release/native-build/sdk/occt/inc/ApproxInt_MultiLine.gxx
-- Installing: C:/Users/Davi/Downloads/oma/.release/native-build/sdk/occt/inc/ApproxInt_MultiLineTool.lxx
-- Installing: C:/Users/Davi/Downloads/oma/.release/native-build/sdk/occt/inc/ApproxInt_PrmPrmSvSurfaces.gxx
-- Installing: C:/Users/Davi/Downloads/oma/.release/native-build/sdk/occt/inc/ApproxInt_SvSurfaces.hxx
-- Installing: C:/Users/Davi/Downloads/oma/.release/native-build/sdk/occt/inc/GccAna_Circ2d2TanOn.hxx
-- Installing: C:/Users/Davi/Downloads/oma/.release/native-build/sdk/occt/inc/GccAna_Circ2d2TanRad.hxx
-- Installing: C:/Users/Davi/Downloads/oma/.release/native-build/sdk/occt/inc/GccAna_Circ2d3Tan.hxx
-- Installing: C:/Users/Davi/Downloads/oma/.release/native-build/sdk/occt/inc/GccAna_Circ2dBisec.hxx
-- Installing: C:/Users/Davi/Downloads/oma/.release/native-build/sdk/occt/inc/GccAna_Circ2dTanCen.hxx
-- Installing: C:/Users/Davi/Downloads/oma/.release/native-build/sdk/occt/inc/GccAna_Circ2dTanOnRad.hxx
-- Installing: C:/Users/Davi/Downloads/oma/.release/native-build/sdk/occt/inc/GccAna_CircLin2dBisec.hxx
-- Installing: C:/Users/Davi/Downloads/oma/.release/native-build/sdk/occt/inc/GccAna_CircPnt2dBisec.hxx
-- Installing: C:/Users/Davi/Downloads/oma/.release/native-build/sdk/occt/inc/GccAna_Lin2d2Tan.hxx
-- Installing: C:/Users/Davi/Downloads/oma/.release/native-build/sdk/occt/inc/GccAna_Lin2dBisec.hxx
-- Installing: C:/Users/Davi/Downloads/oma/.release/native-build/sdk/occt/inc/GccAna_Lin2dTanObl.hxx
-- Installing: C:/Users/Davi/Downloads/oma/.release/native-build/sdk/occt/inc/GccAna_Lin2dTanPar.hxx
-- Installing: C:/Users/Davi/Downloads/oma/.release/native-build/sdk/occt/inc/GccAna_Lin2dTanPer.hxx
-- Installing: C:/Users/Davi/Downloads/oma/.release/native-build/sdk/occt/inc/GccAna_LinPnt2dBisec.hxx
-- Installing: C:/Users/Davi/Downloads/oma/.release/native-build/sdk/occt/inc/GccAna_NoSolution.hxx
-- Installing: C:/Users/Davi/Downloads/oma/.release/native-build/sdk/occt/inc/GccAna_Pnt2dBisec.hxx
-- Installing: C:/Users/Davi/Downloads/oma/.release/native-build/sdk/occt/inc/GccEnt.hxx
-- Installing: C:/Users/Davi/Downloads/oma/.release/native-build/sdk/occt/inc/GccEnt_Array1OfPosition.hxx
-- Installing: C:/Users/Davi/Downloads/oma/.release/native-build/sdk/occt/inc/GccEnt_BadQualifier.hxx
-- Installing: C:/Users/Davi/Downloads/oma/.release/native-build/sdk/occt/inc/GccEnt_Position.hxx
-- Installing: C:/Users/Davi/Downloads/oma/.release/native-build/sdk/occt/inc/GccEnt_QualifiedCirc.hxx
-- Installing: C:/Users/Davi/Downloads/oma/.release/native-build/sdk/occt/inc/GccEnt_QualifiedLin.hxx
-- Installing: C:/Users/Davi/Downloads/oma/.release/native-build/sdk/occt/inc/GccInt_BCirc.hxx
-- Installing: C:/Users/Davi/Downloads/oma/.release/native-build/sdk/occt/inc/GccInt_BElips.hxx
-- Installing: C:/Users/Davi/Downloads/oma/.release/native-build/sdk/occt/inc/GccInt_BHyper.hxx
-- Installing: C:/Users/Davi/Downloads/oma/.release/native-build/sdk/occt/inc/GccInt_BLine.hxx
-- Installing: C:/Users/Davi/Downloads/oma/.release/native-build/sdk/occt/inc/GccInt_BParab.hxx
-- Installing: C:/Users/Davi/Downloads/oma/.release/native-build/sdk/occt/inc/GccInt_BPoint.hxx
-- Installing: C:/Users/Davi/Downloads/oma/.release/native-build/sdk/occt/inc/GccInt_Bisec.hxx
-- Installing: C:/Users/Davi/Downloads/oma/.release/native-build/sdk/occt/inc/GccInt_IType.hxx
-- Installing: C:/Users/Davi/Downloads/oma/.release/native-build/sdk/occt/inc/HatchGen_Domain.hxx
-- Installing: C:/Users/Davi/Downloads/oma/.release/native-build/sdk/occt/inc/HatchGen_Domain.lxx
-- Installing: C:/Users/Davi/Downloads/oma/.release/native-build/sdk/occt/inc/HatchGen_Domains.hxx
-- Installing: C:/Users/Davi/Downloads/oma/.release/native-build/sdk/occt/inc/HatchGen_ErrorStatus.hxx
-- Installing: C:/Users/Davi/Downloads/oma/.release/native-build/sdk/occt/inc/HatchGen_IntersectionPoint.hxx
-- Installing: C:/Users/Davi/Downloads/oma/.release/native-build/sdk/occt/inc/HatchGen_IntersectionType.hxx
-- Installing: C:/Users/Davi/Downloads/oma/.release/native-build/sdk/occt/inc/HatchGen_PointOnElement.hxx
-- Installing: C:/Users/Davi/Downloads/oma/.release/native-build/sdk/occt/inc/HatchGen_PointOnElement.lxx
-- Installing: C:/Users/Davi/Downloads/oma/.release/native-build/sdk/occt/inc/HatchGen_PointOnHatching.hxx
-- Installing: C:/Users/Davi/Downloads/oma/.release/native-build/sdk/occt/inc/HatchGen_PointsOnElement.hxx
-- Installing: C:/Users/Davi/Downloads/oma/.release/native-build/sdk/occt/inc/HatchGen_PointsOnHatching.hxx
-- Installing: C:/Users/Davi/Downloads/oma/.release/native-build/sdk/occt/inc/Geom2dHatch_Classifier.hxx
-- Installing: C:/Users/Davi/Downloads/oma/.release/native-build/sdk/occt/inc/Geom2dHatch_DataMapIteratorOfHatchings.hxx
-- Installing: C:/Users/Davi/Downloads/oma/.release/native-build/sdk/occt/inc/Geom2dHatch_DataMapIteratorOfMapOfElements.hxx
-- Installing: C:/Users/Davi/Downloads/oma/.release/native-build/sdk/occt/inc/Geom2dHatch_Element.hxx
-- Installing: C:/Users/Davi/Downloads/oma/.release/native-build/sdk/occt/inc/Geom2dHatch_Elements.hxx
-- Installing: C:/Users/Davi/Downloads/oma/.release/native-build/sdk/occt/inc/Geom2dHatch_FClass2dOfClassifier.hxx
-- Installing: C:/Users/Davi/Downloads/oma/.release/native-build/sdk/occt/inc/Geom2dHatch_Hatcher.hxx
-- Installing: C:/Users/Davi/Downloads/oma/.release/native-build/sdk/occt/inc/Geom2dHatch_Hatcher.lxx
-- Installing: C:/Users/Davi/Downloads/oma/.release/native-build/sdk/occt/inc/Geom2dHatch_Hatching.hxx
-- Installing: C:/Users/Davi/Downloads/oma/.release/native-build/sdk/occt/inc/Geom2dHatch_Hatchings.hxx
-- Installing: C:/Users/Davi/Downloads/oma/.release/native-build/sdk/occt/inc/Geom2dHatch_Intersector.hxx
-- Installing: C:/Users/Davi/Downloads/oma/.release/native-build/sdk/occt/inc/Geom2dHatch_Intersector.lxx
-- Installing: C:/Users/Davi/Downloads/oma/.release/native-build/sdk/occt/inc/Geom2dHatch_MapOfElements.hxx
-- Installing: C:/Users/Davi/Downloads/oma/.release/native-build/sdk/occt/inc/Law.hxx
-- Installing: C:/Users/Davi/Downloads/oma/.release/native-build/sdk/occt/inc/Law_BSpFunc.hxx
-- Installing: C:/Users/Davi/Downloads/oma/.release/native-build/sdk/occt/inc/Law_BSpline.hxx
-- Installing: C:/Users/Davi/Downloads/oma/.release/native-build/sdk/occt/inc/Law_BSplineKnotSplitting.hxx
-- Installing: C:/Users/Davi/Downloads/oma/.release/native-build/sdk/occt/inc/Law_Composite.hxx
-- Installing: C:/Users/Davi/Downloads/oma/.release/native-build/sdk/occt/inc/Law_Constant.hxx
-- Installing: C:/Users/Davi/Downloads/oma/.release/native-build/sdk/occt/inc/Law_Function.hxx
-- Installing: C:/Users/Davi/Downloads/oma/.release/native-build/sdk/occt/inc/Law_Interpol.hxx
-- Installing: C:/Users/Davi/Downloads/oma/.release/native-build/sdk/occt/inc/Law_Interpolate.hxx
-- Installing: C:/Users/Davi/Downloads/oma/.release/native-build/sdk/occt/inc/Law_Laws.hxx
-- Installing: C:/Users/Davi/Downloads/oma/.release/native-build/sdk/occt/inc/Law_Linear.hxx
-- Installing: C:/Users/Davi/Downloads/oma/.release/native-build/sdk/occt/inc/Law_ListIteratorOfLaws.hxx
-- Installing: C:/Users/Davi/Downloads/oma/.release/native-build/sdk/occt/inc/Law_S.hxx
-- Installing: C:/Users/Davi/Downloads/oma/.release/native-build/sdk/occt/inc/AppBlend_AppSurf.gxx
-- Installing: C:/Users/Davi/Downloads/oma/.release/native-build/sdk/occt/inc/AppBlend_AppSurf.lxx
-- Installing: C:/Users/Davi/Downloads/oma/.release/native-build/sdk/occt/inc/AppBlend_Approx.hxx
-- Installing: C:/Users/Davi/Downloads/oma/.release/native-build/sdk/occt/inc/Plate_Array1OfPinpointConstraint.hxx
-- Installing: C:/Users/Davi/Downloads/oma/.release/native-build/sdk/occt/inc/Plate_D1.hxx
-- Installing: C:/Users/Davi/Downloads/oma/.release/native-build/sdk/occt/inc/Plate_D1.lxx
-- Installing: C:/Users/Davi/Downloads/oma/.release/native-build/sdk/occt/inc/Plate_D2.hxx
-- Installing: C:/Users/Davi/Downloads/oma/.release/native-build/sdk/occt/inc/Plate_D3.hxx
-- Installing: C:/Users/Davi/Downloads/oma/.release/native-build/sdk/occt/inc/Plate_FreeGtoCConstraint.hxx
-- Installing: C:/Users/Davi/Downloads/oma/.release/native-build/sdk/occt/inc/Plate_FreeGtoCConstraint.lxx
-- Installing: C:/Users/Davi/Downloads/oma/.release/native-build/sdk/occt/inc/Plate_GlobalTranslationConstraint.hxx
-- Installing: C:/Users/Davi/Downloads/oma/.release/native-build/sdk/occt/inc/Plate_GlobalTranslationConstraint.lxx
-- Installing: C:/Users/Davi/Downloads/oma/.release/native-build/sdk/occt/inc/Plate_GtoCConstraint.hxx
-- Installing: C:/Users/Davi/Downloads/oma/.release/native-build/sdk/occt/inc/Plate_GtoCConstraint.lxx
-- Installing: C:/Users/Davi/Downloads/oma/.release/native-build/sdk/occt/inc/Plate_HArray1OfPinpointConstraint.hxx
-- Installing: C:/Users/Davi/Downloads/oma/.release/native-build/sdk/occt/inc/Plate_LineConstraint.hxx
-- Installing: C:/Users/Davi/Downloads/oma/.release/native-build/sdk/occt/inc/Plate_LineConstraint.lxx
-- Installing: C:/Users/Davi/Downloads/oma/.release/native-build/sdk/occt/inc/Plate_LinearScalarConstraint.hxx
-- Installing: C:/Users/Davi/Downloads/oma/.release/native-build/sdk/occt/inc/Plate_LinearScalarConstraint.lxx
-- Installing: C:/Users/Davi/Downloads/oma/.release/native-build/sdk/occt/inc/Plate_LinearXYZConstraint.hxx
-- Installing: C:/Users/Davi/Downloads/oma/.release/native-build/sdk/occt/inc/Plate_LinearXYZConstraint.lxx
-- Installing: C:/Users/Davi/Downloads/oma/.release/native-build/sdk/occt/inc/Plate_PinpointConstraint.hxx
-- Installing: C:/Users/Davi/Downloads/oma/.release/native-build/sdk/occt/inc/Plate_PinpointConstraint.lxx
-- Installing: C:/Users/Davi/Downloads/oma/.release/native-build/sdk/occt/inc/Plate_PlaneConstraint.hxx
-- Installing: C:/Users/Davi/Downloads/oma/.release/native-build/sdk/occt/inc/Plate_PlaneConstraint.lxx
-- Installing: C:/Users/Davi/Downloads/oma/.release/native-build/sdk/occt/inc/Plate_Plate.hxx
-- Installing: C:/Users/Davi/Downloads/oma/.release/native-build/sdk/occt/inc/Plate_Plate.lxx
-- Installing: C:/Users/Davi/Downloads/oma/.release/native-build/sdk/occt/inc/Plate_SampledCurveConstraint.hxx
-- Installing: C:/Users/Davi/Downloads/oma/.release/native-build/sdk/occt/inc/Plate_SampledCurveConstraint.lxx
-- Installing: C:/Users/Davi/Downloads/oma/.release/native-build/sdk/occt/inc/Plate_SequenceOfLinearScalarConstraint.hxx
-- Installing: C:/Users/Davi/Downloads/oma/.release/native-build/sdk/occt/inc/Plate_SequenceOfLinearXYZConstraint.hxx
-- Installing: C:/Users/Davi/Downloads/oma/.release/native-build/sdk/occt/inc/Plate_SequenceOfPinpointConstraint.hxx
-- Installing: C:/Users/Davi/Downloads/oma/.release/native-build/sdk/occt/inc/GeomPlate_Aij.hxx
-- Installing: C:/Users/Davi/Downloads/oma/.release/native-build/sdk/occt/inc/GeomPlate_Array1OfHCurve.hxx
-- Installing: C:/Users/Davi/Downloads/oma/.release/native-build/sdk/occt/inc/GeomPlate_Array1OfSequenceOfReal.hxx
-- Installing: C:/Users/Davi/Downloads/oma/.release/native-build/sdk/occt/inc/GeomPlate_BuildAveragePlane.hxx
-- Installing: C:/Users/Davi/Downloads/oma/.release/native-build/sdk/occt/inc/GeomPlate_BuildPlateSurface.hxx
-- Installing: C:/Users/Davi/Downloads/oma/.release/native-build/sdk/occt/inc/GeomPlate_CurveConstraint.hxx
-- Installing: C:/Users/Davi/Downloads/oma/.release/native-build/sdk/occt/inc/GeomPlate_HArray1OfHCurve.hxx
-- Installing: C:/Users/Davi/Downloads/oma/.release/native-build/sdk/occt/inc/GeomPlate_HArray1OfSequenceOfReal.hxx
-- Installing: C:/Users/Davi/Downloads/oma/.release/native-build/sdk/occt/inc/GeomPlate_HSequenceOfCurveConstraint.hxx
-- Installing: C:/Users/Davi/Downloads/oma/.release/native-build/sdk/occt/inc/GeomPlate_HSequenceOfPointConstraint.hxx
-- Installing: C:/Users/Davi/Downloads/oma/.release/native-build/sdk/occt/inc/GeomPlate_MakeApprox.hxx
-- Installing: C:/Users/Davi/Downloads/oma/.release/native-build/sdk/occt/inc/GeomPlate_PlateG0Criterion.hxx
-- Installing: C:/Users/Davi/Downloads/oma/.release/native-build/sdk/occt/inc/GeomPlate_PlateG1Criterion.hxx
-- Installing: C:/Users/Davi/Downloads/oma/.release/native-build/sdk/occt/inc/GeomPlate_PointConstraint.hxx
-- Installing: C:/Users/Davi/Downloads/oma/.release/native-build/sdk/occt/inc/GeomPlate_SequenceOfAij.hxx
-- Installing: C:/Users/Davi/Downloads/oma/.release/native-build/sdk/occt/inc/GeomPlate_SequenceOfCurveConstraint.hxx
-- Installing: C:/Users/Davi/Downloads/oma/.release/native-build/sdk/occt/inc/GeomPlate_SequenceOfPointConstraint.hxx
-- Installing: C:/Users/Davi/Downloads/oma/.release/native-build/sdk/occt/inc/GeomPlate_Surface.hxx
-- Installing: C:/Users/Davi/Downloads/oma/.release/native-build/sdk/occt/inc/LocalAnalysis.hxx
-- Installing: C:/Users/Davi/Downloads/oma/.release/native-build/sdk/occt/inc/LocalAnalysis_CurveContinuity.hxx
-- Installing: C:/Users/Davi/Downloads/oma/.release/native-build/sdk/occt/inc/LocalAnalysis_StatusErrorType.hxx
-- Installing: C:/Users/Davi/Downloads/oma/.release/native-build/sdk/occt/inc/LocalAnalysis_SurfaceContinuity.hxx
-- Installing: C:/Users/Davi/Downloads/oma/.release/native-build/sdk/occt/inc/GeomAPI.hxx
-- Installing: C:/Users/Davi/Downloads/oma/.release/native-build/sdk/occt/inc/GeomAPI_ExtremaCurveCurve.hxx
-- Installing: C:/Users/Davi/Downloads/oma/.release/native-build/sdk/occt/inc/GeomAPI_ExtremaCurveCurve.lxx
-- Installing: C:/Users/Davi/Downloads/oma/.release/native-build/sdk/occt/inc/GeomAPI_ExtremaCurveSurface.hxx
-- Installing: C:/Users/Davi/Downloads/oma/.release/native-build/sdk/occt/inc/GeomAPI_ExtremaCurveSurface.lxx
-- Installing: C:/Users/Davi/Downloads/oma/.release/native-build/sdk/occt/inc/GeomAPI_ExtremaSurfaceSurface.hxx
-- Installing: C:/Users/Davi/Downloads/oma/.release/native-build/sdk/occt/inc/GeomAPI_ExtremaSurfaceSurface.lxx
-- Installing: C:/Users/Davi/Downloads/oma/.release/native-build/sdk/occt/inc/GeomAPI_IntCS.hxx
-- Installing: C:/Users/Davi/Downloads/oma/.release/native-build/sdk/occt/inc/GeomAPI_IntSS.hxx
-- Installing: C:/Users/Davi/Downloads/oma/.release/native-build/sdk/occt/inc/GeomAPI_IntSS.lxx
-- Installing: C:/Users/Davi/Downloads/oma/.release/native-build/sdk/occt/inc/GeomAPI_Interpolate.hxx
-- Installing: C:/Users/Davi/Downloads/oma/.release/native-build/sdk/occt/inc/GeomAPI_PointsToBSpline.hxx
-- Installing: C:/Users/Davi/Downloads/oma/.release/native-build/sdk/occt/inc/GeomAPI_PointsToBSplineSurface.hxx
-- Installing: C:/Users/Davi/Downloads/oma/.release/native-build/sdk/occt/inc/GeomAPI_ProjectPointOnCurve.hxx
-- Installing: C:/Users/Davi/Downloads/oma/.release/native-build/sdk/occt/inc/GeomAPI_ProjectPointOnCurve.lxx
-- Installing: C:/Users/Davi/Downloads/oma/.release/native-build/sdk/occt/inc/GeomAPI_ProjectPointOnSurf.hxx
-- Installing: C:/Users/Davi/Downloads/oma/.release/native-build/sdk/occt/inc/GeomAPI_ProjectPointOnSurf.lxx
-- Installing: C:/Users/Davi/Downloads/oma/.release/native-build/sdk/occt/inc/GeomFill.hxx
-- Installing: C:/Users/Davi/Downloads/oma/.release/native-build/sdk/occt/inc/GeomFill_AppSurf.hxx
-- Installing: C:/Users/Davi/Downloads/oma/.release/native-build/sdk/occt/inc/GeomFill_AppSweep.hxx
-- Installing: C:/Users/Davi/Downloads/oma/.release/native-build/sdk/occt/inc/GeomFill_ApproxStyle.hxx
-- Installing: C:/Users/Davi/Downloads/oma/.release/native-build/sdk/occt/inc/GeomFill_Array1OfLocationLaw.hxx
-- Installing: C:/Users/Davi/Downloads/oma/.release/native-build/sdk/occt/inc/GeomFill_Array1OfSectionLaw.hxx
-- Installing: C:/Users/Davi/Downloads/oma/.release/native-build/sdk/occt/inc/GeomFill_BSplineCurves.hxx
-- Installing: C:/Users/Davi/Downloads/oma/.release/native-build/sdk/occt/inc/GeomFill_BSplineCurves.lxx
-- Installing: C:/Users/Davi/Downloads/oma/.release/native-build/sdk/occt/inc/GeomFill_BezierCurves.hxx
-- Installing: C:/Users/Davi/Downloads/oma/.release/native-build/sdk/occt/inc/GeomFill_BezierCurves.lxx
-- Installing: C:/Users/Davi/Downloads/oma/.release/native-build/sdk/occt/inc/GeomFill_BoundWithSurf.hxx
-- Installing: C:/Users/Davi/Downloads/oma/.release/native-build/sdk/occt/inc/GeomFill_Boundary.hxx
-- Installing: C:/Users/Davi/Downloads/oma/.release/native-build/sdk/occt/inc/GeomFill_CircularBlendFunc.hxx
-- Installing: C:/Users/Davi/Downloads/oma/.release/native-build/sdk/occt/inc/GeomFill_ConstantBiNormal.hxx
-- Installing: C:/Users/Davi/Downloads/oma/.release/native-build/sdk/occt/inc/GeomFill_ConstrainedFilling.hxx
-- Installing: C:/Users/Davi/Downloads/oma/.release/native-build/sdk/occt/inc/GeomFill_Coons.hxx
-- Installing: C:/Users/Davi/Downloads/oma/.release/native-build/sdk/occt/inc/GeomFill_CoonsAlgPatch.hxx
-- Installing: C:/Users/Davi/Downloads/oma/.release/native-build/sdk/occt/inc/GeomFill_CornerState.hxx
-- Installing: C:/Users/Davi/Downloads/oma/.release/native-build/sdk/occt/inc/GeomFill_CorrectedFrenet.hxx
-- Installing: C:/Users/Davi/Downloads/oma/.release/native-build/sdk/occt/inc/GeomFill_CurveAndTrihedron.hxx
-- Installing: C:/Users/Davi/Downloads/oma/.release/native-build/sdk/occt/inc/GeomFill_Curved.hxx
-- Installing: C:/Users/Davi/Downloads/oma/.release/native-build/sdk/occt/inc/GeomFill_Darboux.hxx
-- Installing: C:/Users/Davi/Downloads/oma/.release/native-build/sdk/occt/inc/GeomFill_DegeneratedBound.hxx
-- Installing: C:/Users/Davi/Downloads/oma/.release/native-build/sdk/occt/inc/GeomFill_DiscreteTrihedron.hxx
-- Installing: C:/Users/Davi/Downloads/oma/.release/native-build/sdk/occt/inc/GeomFill_DraftTrihedron.hxx
-- Installing: C:/Users/Davi/Downloads/oma/.release/native-build/sdk/occt/inc/GeomFill_EvolvedSection.hxx
-- Installing: C:/Users/Davi/Downloads/oma/.release/native-build/sdk/occt/inc/GeomFill_Filling.hxx
-- Installing: C:/Users/Davi/Downloads/oma/.release/native-build/sdk/occt/inc/GeomFill_FillingStyle.hxx
-- Installing: C:/Users/Davi/Downloads/oma/.release/native-build/sdk/occt/inc/GeomFill_Fixed.hxx
-- Installing: C:/Users/Davi/Downloads/oma/.release/native-build/sdk/occt/inc/GeomFill_Frenet.hxx
-- Installing: C:/Users/Davi/Downloads/oma/.release/native-build/sdk/occt/inc/GeomFill_FunctionDraft.hxx
-- Installing: C:/Users/Davi/Downloads/oma/.release/native-build/sdk/occt/inc/GeomFill_FunctionGuide.hxx
-- Installing: C:/Users/Davi/Downloads/oma/.release/native-build/sdk/occt/inc/GeomFill_Generator.hxx
-- Installing: C:/Users/Davi/Downloads/oma/.release/native-build/sdk/occt/inc/GeomFill_Generator.lxx
-- Installing: C:/Users/Davi/Downloads/oma/.release/native-build/sdk/occt/inc/GeomFill_GuideTrihedronAC.hxx
-- Installing: C:/Users/Davi/Downloads/oma/.release/native-build/sdk/occt/inc/GeomFill_GuideTrihedronPlan.hxx
-- Installing: C:/Users/Davi/Downloads/oma/.release/native-build/sdk/occt/inc/GeomFill_HArray1OfLocationLaw.hxx
-- Installing: C:/Users/Davi/Downloads/oma/.release/native-build/sdk/occt/inc/GeomFill_HArray1OfSectionLaw.hxx
-- Installing: C:/Users/Davi/Downloads/oma/.release/native-build/sdk/occt/inc/GeomFill_HSequenceOfAx2.hxx
-- Installing: C:/Users/Davi/Downloads/oma/.release/native-build/sdk/occt/inc/GeomFill_Line.hxx
-- Installing: C:/Users/Davi/Downloads/oma/.release/native-build/sdk/occt/inc/GeomFill_Line.lxx
-- Installing: C:/Users/Davi/Downloads/oma/.release/native-build/sdk/occt/inc/GeomFill_LocFunction.hxx
-- Installing: C:/Users/Davi/Downloads/oma/.release/native-build/sdk/occt/inc/GeomFill_LocationDraft.hxx
-- Installing: C:/Users/Davi/Downloads/oma/.release/native-build/sdk/occt/inc/GeomFill_LocationGuide.hxx
-- Installing: C:/Users/Davi/Downloads/oma/.release/native-build/sdk/occt/inc/GeomFill_LocationLaw.hxx
-- Installing: C:/Users/Davi/Downloads/oma/.release/native-build/sdk/occt/inc/GeomFill_NSections.hxx
-- Installing: C:/Users/Davi/Downloads/oma/.release/native-build/sdk/occt/inc/GeomFill_Pipe.hxx
-- Installing: C:/Users/Davi/Downloads/oma/.release/native-build/sdk/occt/inc/GeomFill_Pipe.lxx
-- Installing: C:/Users/Davi/Downloads/oma/.release/native-build/sdk/occt/inc/GeomFill_PipeError.hxx
-- Installing: C:/Users/Davi/Downloads/oma/.release/native-build/sdk/occt/inc/GeomFill_PlanFunc.hxx
-- Installing: C:/Users/Davi/Downloads/oma/.release/native-build/sdk/occt/inc/GeomFill_PolynomialConvertor.hxx
-- Installing: C:/Users/Davi/Downloads/oma/.release/native-build/sdk/occt/inc/GeomFill_Profiler.hxx
-- Installing: C:/Users/Davi/Downloads/oma/.release/native-build/sdk/occt/inc/GeomFill_Profiler.lxx
-- Installing: C:/Users/Davi/Downloads/oma/.release/native-build/sdk/occt/inc/GeomFill_QuasiAngularConvertor.hxx
-- Installing: C:/Users/Davi/Downloads/oma/.release/native-build/sdk/occt/inc/GeomFill_SectionGenerator.hxx
-- Installing: C:/Users/Davi/Downloads/oma/.release/native-build/sdk/occt/inc/GeomFill_SectionLaw.hxx
-- Installing: C:/Users/Davi/Downloads/oma/.release/native-build/sdk/occt/inc/GeomFill_SectionPlacement.hxx
-- Installing: C:/Users/Davi/Downloads/oma/.release/native-build/sdk/occt/inc/GeomFill_SequenceOfAx2.hxx
-- Installing: C:/Users/Davi/Downloads/oma/.release/native-build/sdk/occt/inc/GeomFill_SequenceOfTrsf.hxx
-- Installing: C:/Users/Davi/Downloads/oma/.release/native-build/sdk/occt/inc/GeomFill_SimpleBound.hxx
-- Installing: C:/Users/Davi/Downloads/oma/.release/native-build/sdk/occt/inc/GeomFill_SnglrFunc.hxx
-- Installing: C:/Users/Davi/Downloads/oma/.release/native-build/sdk/occt/inc/GeomFill_Stretch.hxx
-- Installing: C:/Users/Davi/Downloads/oma/.release/native-build/sdk/occt/inc/GeomFill_Sweep.hxx
-- Installing: C:/Users/Davi/Downloads/oma/.release/native-build/sdk/occt/inc/GeomFill_SweepFunction.hxx
-- Installing: C:/Users/Davi/Downloads/oma/.release/native-build/sdk/occt/inc/GeomFill_SweepSectionGenerator.hxx
-- Installing: C:/Users/Davi/Downloads/oma/.release/native-build/sdk/occt/inc/GeomFill_SweepSectionGenerator.lxx
-- Installing: C:/Users/Davi/Downloads/oma/.release/native-build/sdk/occt/inc/GeomFill_Tensor.hxx
-- Installing: C:/Users/Davi/Downloads/oma/.release/native-build/sdk/occt/inc/GeomFill_Tensor.lxx
-- Installing: C:/Users/Davi/Downloads/oma/.release/native-build/sdk/occt/inc/GeomFill_TgtField.hxx
-- Installing: C:/Users/Davi/Downloads/oma/.release/native-build/sdk/occt/inc/GeomFill_TgtOnCoons.hxx
-- Installing: C:/Users/Davi/Downloads/oma/.release/native-build/sdk/occt/inc/GeomFill_Trihedron.hxx
-- Installing: C:/Users/Davi/Downloads/oma/.release/native-build/sdk/occt/inc/GeomFill_TrihedronLaw.hxx
-- Installing: C:/Users/Davi/Downloads/oma/.release/native-build/sdk/occt/inc/GeomFill_TrihedronWithGuide.hxx
-- Installing: C:/Users/Davi/Downloads/oma/.release/native-build/sdk/occt/inc/GeomFill_UniformSection.hxx
-- Installing: C:/Users/Davi/Downloads/oma/.release/native-build/sdk/occt/inc/Geom2dAPI_ExtremaCurveCurve.hxx
-- Installing: C:/Users/Davi/Downloads/oma/.release/native-build/sdk/occt/inc/Geom2dAPI_ExtremaCurveCurve.lxx
-- Installing: C:/Users/Davi/Downloads/oma/.release/native-build/sdk/occt/inc/Geom2dAPI_InterCurveCurve.hxx
-- Installing: C:/Users/Davi/Downloads/oma/.release/native-build/sdk/occt/inc/Geom2dAPI_InterCurveCurve.lxx
-- Installing: C:/Users/Davi/Downloads/oma/.release/native-build/sdk/occt/inc/Geom2dAPI_Interpolate.hxx
-- Installing: C:/Users/Davi/Downloads/oma/.release/native-build/sdk/occt/inc/Geom2dAPI_PointsToBSpline.hxx
-- Installing: C:/Users/Davi/Downloads/oma/.release/native-build/sdk/occt/inc/Geom2dAPI_ProjectPointOnCurve.hxx
-- Installing: C:/Users/Davi/Downloads/oma/.release/native-build/sdk/occt/inc/Geom2dAPI_ProjectPointOnCurve.lxx
-- Installing: C:/Users/Davi/Downloads/oma/.release/native-build/sdk/occt/inc/Geom2dGcc.hxx
-- Installing: C:/Users/Davi/Downloads/oma/.release/native-build/sdk/occt/inc/Geom2dGcc_Circ2d2TanOn.hxx
-- Installing: C:/Users/Davi/Downloads/oma/.release/native-build/sdk/occt/inc/Geom2dGcc_Circ2d2TanOnGeo.hxx
-- Installing: C:/Users/Davi/Downloads/oma/.release/native-build/sdk/occt/inc/Geom2dGcc_Circ2d2TanOnIter.hxx
-- Installing: C:/Users/Davi/Downloads/oma/.release/native-build/sdk/occt/inc/Geom2dGcc_Circ2d2TanRad.hxx
-- Installing: C:/Users/Davi/Downloads/oma/.release/native-build/sdk/occt/inc/Geom2dGcc_Circ2d2TanRadGeo.hxx
-- Installing: C:/Users/Davi/Downloads/oma/.release/native-build/sdk/occt/inc/Geom2dGcc_Circ2d3Tan.hxx
-- Installing: C:/Users/Davi/Downloads/oma/.release/native-build/sdk/occt/inc/Geom2dGcc_Circ2d3TanIter.hxx
-- Installing: C:/Users/Davi/Downloads/oma/.release/native-build/sdk/occt/inc/Geom2dGcc_Circ2dTanCen.hxx
-- Installing: C:/Users/Davi/Downloads/oma/.release/native-build/sdk/occt/inc/Geom2dGcc_Circ2dTanCenGeo.hxx
-- Installing: C:/Users/Davi/Downloads/oma/.release/native-build/sdk/occt/inc/Geom2dGcc_Circ2dTanOnRad.hxx
-- Installing: C:/Users/Davi/Downloads/oma/.release/native-build/sdk/occt/inc/Geom2dGcc_Circ2dTanOnRadGeo.hxx
-- Installing: C:/Users/Davi/Downloads/oma/.release/native-build/sdk/occt/inc/Geom2dGcc_CurveTool.hxx
-- Installing: C:/Users/Davi/Downloads/oma/.release/native-build/sdk/occt/inc/Geom2dGcc_FunctionTanCirCu.hxx
-- Installing: C:/Users/Davi/Downloads/oma/.release/native-build/sdk/occt/inc/Geom2dGcc_FunctionTanCuCu.hxx
-- Installing: C:/Users/Davi/Downloads/oma/.release/native-build/sdk/occt/inc/Geom2dGcc_FunctionTanCuCuCu.hxx
-- Installing: C:/Users/Davi/Downloads/oma/.release/native-build/sdk/occt/inc/Geom2dGcc_FunctionTanCuCuOnCu.hxx
-- Installing: C:/Users/Davi/Downloads/oma/.release/native-build/sdk/occt/inc/Geom2dGcc_FunctionTanCuPnt.hxx
-- Installing: C:/Users/Davi/Downloads/oma/.release/native-build/sdk/occt/inc/Geom2dGcc_FunctionTanObl.hxx
-- Installing: C:/Users/Davi/Downloads/oma/.release/native-build/sdk/occt/inc/Geom2dGcc_IsParallel.hxx
-- Installing: C:/Users/Davi/Downloads/oma/.release/native-build/sdk/occt/inc/Geom2dGcc_Lin2d2Tan.hxx
-- Installing: C:/Users/Davi/Downloads/oma/.release/native-build/sdk/occt/inc/Geom2dGcc_Lin2d2TanIter.hxx
-- Installing: C:/Users/Davi/Downloads/oma/.release/native-build/sdk/occt/inc/Geom2dGcc_Lin2dTanObl.hxx
-- Installing: C:/Users/Davi/Downloads/oma/.release/native-build/sdk/occt/inc/Geom2dGcc_Lin2dTanOblIter.hxx
-- Installing: C:/Users/Davi/Downloads/oma/.release/native-build/sdk/occt/inc/Geom2dGcc_QCurve.hxx
-- Installing: C:/Users/Davi/Downloads/oma/.release/native-build/sdk/occt/inc/Geom2dGcc_QualifiedCurve.hxx
-- Installing: C:/Users/Davi/Downloads/oma/.release/native-build/sdk/occt/inc/Geom2dGcc_Type1.hxx
-- Installing: C:/Users/Davi/Downloads/oma/.release/native-build/sdk/occt/inc/Geom2dGcc_Type2.hxx
-- Installing: C:/Users/Davi/Downloads/oma/.release/native-build/sdk/occt/inc/Geom2dGcc_Type3.hxx
-- Installing: C:/Users/Davi/Downloads/oma/.release/native-build/sdk/occt/inc/FairCurve_AnalysisCode.hxx
-- Installing: C:/Users/Davi/Downloads/oma/.release/native-build/sdk/occt/inc/FairCurve_Batten.hxx
-- Installing: C:/Users/Davi/Downloads/oma/.release/native-build/sdk/occt/inc/FairCurve_Batten.lxx
-- Installing: C:/Users/Davi/Downloads/oma/.release/native-build/sdk/occt/inc/FairCurve_BattenLaw.hxx
-- Installing: C:/Users/Davi/Downloads/oma/.release/native-build/sdk/occt/inc/FairCurve_BattenLaw.lxx
-- Installing: C:/Users/Davi/Downloads/oma/.release/native-build/sdk/occt/inc/FairCurve_DistributionOfEnergy.hxx
-- Installing: C:/Users/Davi/Downloads/oma/.release/native-build/sdk/occt/inc/FairCurve_DistributionOfJerk.hxx
-- Installing: C:/Users/Davi/Downloads/oma/.release/native-build/sdk/occt/inc/FairCurve_DistributionOfSagging.hxx
-- Installing: C:/Users/Davi/Downloads/oma/.release/native-build/sdk/occt/inc/FairCurve_DistributionOfTension.hxx
-- Installing: C:/Users/Davi/Downloads/oma/.release/native-build/sdk/occt/inc/FairCurve_DistributionOfTension.lxx
-- Installing: C:/Users/Davi/Downloads/oma/.release/native-build/sdk/occt/inc/FairCurve_Energy.hxx
-- Installing: C:/Users/Davi/Downloads/oma/.release/native-build/sdk/occt/inc/FairCurve_Energy.lxx
-- Installing: C:/Users/Davi/Downloads/oma/.release/native-build/sdk/occt/inc/FairCurve_EnergyOfBatten.hxx
-- Installing: C:/Users/Davi/Downloads/oma/.release/native-build/sdk/occt/inc/FairCurve_EnergyOfBatten.lxx
-- Installing: C:/Users/Davi/Downloads/oma/.release/native-build/sdk/occt/inc/FairCurve_EnergyOfMVC.hxx
-- Installing: C:/Users/Davi/Downloads/oma/.release/native-build/sdk/occt/inc/FairCurve_EnergyOfMVC.lxx
-- Installing: C:/Users/Davi/Downloads/oma/.release/native-build/sdk/occt/inc/FairCurve_MinimalVariation.hxx
-- Installing: C:/Users/Davi/Downloads/oma/.release/native-build/sdk/occt/inc/FairCurve_MinimalVariation.lxx
-- Installing: C:/Users/Davi/Downloads/oma/.release/native-build/sdk/occt/inc/FairCurve_Newton.hxx
-- Installing: C:/Users/Davi/Downloads/oma/.release/native-build/sdk/occt/inc/NLPlate_HGPPConstraint.hxx
-- Installing: C:/Users/Davi/Downloads/oma/.release/native-build/sdk/occt/inc/NLPlate_HPG0Constraint.hxx
-- Installing: C:/Users/Davi/Downloads/oma/.release/native-build/sdk/occt/inc/NLPlate_HPG0G1Constraint.hxx
-- Installing: C:/Users/Davi/Downloads/oma/.release/native-build/sdk/occt/inc/NLPlate_HPG0G2Constraint.hxx
-- Installing: C:/Users/Davi/Downloads/oma/.release/native-build/sdk/occt/inc/NLPlate_HPG0G3Constraint.hxx
-- Installing: C:/Users/Davi/Downloads/oma/.release/native-build/sdk/occt/inc/NLPlate_HPG1Constraint.hxx
-- Installing: C:/Users/Davi/Downloads/oma/.release/native-build/sdk/occt/inc/NLPlate_HPG2Constraint.hxx
-- Installing: C:/Users/Davi/Downloads/oma/.release/native-build/sdk/occt/inc/NLPlate_HPG3Constraint.hxx
-- Installing: C:/Users/Davi/Downloads/oma/.release/native-build/sdk/occt/inc/NLPlate_ListIteratorOfStackOfPlate.hxx
-- Installing: C:/Users/Davi/Downloads/oma/.release/native-build/sdk/occt/inc/NLPlate_NLPlate.hxx
-- Installing: C:/Users/Davi/Downloads/oma/.release/native-build/sdk/occt/inc/NLPlate_SequenceOfHGPPConstraint.hxx
-- Installing: C:/Users/Davi/Downloads/oma/.release/native-build/sdk/occt/inc/NLPlate_StackOfPlate.hxx
-- Installing: C:/Users/Davi/Downloads/oma/.release/native-build/sdk/occt/inc/IntPolyh_Array.hxx
-- Installing: C:/Users/Davi/Downloads/oma/.release/native-build/sdk/occt/inc/IntPolyh_ArrayOfEdges.hxx
-- Installing: C:/Users/Davi/Downloads/oma/.release/native-build/sdk/occt/inc/IntPolyh_ArrayOfPointNormal.hxx
-- Installing: C:/Users/Davi/Downloads/oma/.release/native-build/sdk/occt/inc/IntPolyh_ArrayOfPoints.hxx
-- Installing: C:/Users/Davi/Downloads/oma/.release/native-build/sdk/occt/inc/IntPolyh_ArrayOfSectionLines.hxx
-- Installing: C:/Users/Davi/Downloads/oma/.release/native-build/sdk/occt/inc/IntPolyh_ArrayOfTangentZones.hxx
-- Installing: C:/Users/Davi/Downloads/oma/.release/native-build/sdk/occt/inc/IntPolyh_ArrayOfTriangles.hxx
-- Installing: C:/Users/Davi/Downloads/oma/.release/native-build/sdk/occt/inc/IntPolyh_Couple.hxx
-- Installing: C:/Users/Davi/Downloads/oma/.release/native-build/sdk/occt/inc/IntPolyh_Edge.hxx
-- Installing: C:/Users/Davi/Downloads/oma/.release/native-build/sdk/occt/inc/IntPolyh_Intersection.hxx
-- Installing: C:/Users/Davi/Downloads/oma/.release/native-build/sdk/occt/inc/IntPolyh_ListOfCouples.hxx
-- Installing: C:/Users/Davi/Downloads/oma/.release/native-build/sdk/occt/inc/IntPolyh_MaillageAffinage.hxx
-- Installing: C:/Users/Davi/Downloads/oma/.release/native-build/sdk/occt/inc/IntPolyh_PMaillageAffinage.hxx
-- Installing: C:/Users/Davi/Downloads/oma/.release/native-build/sdk/occt/inc/IntPolyh_Point.hxx
-- Installing: C:/Users/Davi/Downloads/oma/.release/native-build/sdk/occt/inc/IntPolyh_SectionLine.hxx
-- Installing: C:/Users/Davi/Downloads/oma/.release/native-build/sdk/occt/inc/IntPolyh_SeqOfStartPoints.hxx
-- Installing: C:/Users/Davi/Downloads/oma/.release/native-build/sdk/occt/inc/IntPolyh_StartPoint.hxx
-- Installing: C:/Users/Davi/Downloads/oma/.release/native-build/sdk/occt/inc/IntPolyh_Tools.hxx
-- Installing: C:/Users/Davi/Downloads/oma/.release/native-build/sdk/occt/inc/IntPolyh_Triangle.hxx
-- Installing: C:/Users/Davi/Downloads/oma/.release/native-build/sdk/occt/inc/TopClass_Classifier2d.gxx
-- Installing: C:/Users/Davi/Downloads/oma/.release/native-build/sdk/occt/inc/TopClass_Classifier2d.lxx
-- Installing: C:/Users/Davi/Downloads/oma/.release/native-build/sdk/occt/inc/TopClass_Classifier3d.gxx
-- Installing: C:/Users/Davi/Downloads/oma/.release/native-build/sdk/occt/inc/TopClass_Classifier3d.lxx
-- Installing: C:/Users/Davi/Downloads/oma/.release/native-build/sdk/occt/inc/TopClass_FaceClassifier.gxx
-- Installing: C:/Users/Davi/Downloads/oma/.release/native-build/sdk/occt/inc/TopClass_FaceClassifier.lxx
-- Installing: C:/Users/Davi/Downloads/oma/.release/native-build/sdk/occt/inc/TopClass_SolidClassifier.gxx
-- Installing: C:/Users/Davi/Downloads/oma/.release/native-build/sdk/occt/inc/TopClass_SolidExplorer.hxx
-- Installing: C:/Users/Davi/Downloads/oma/.release/native-build/sdk/occt/inc/IntCurvesFace_Intersector.hxx
-- Installing: C:/Users/Davi/Downloads/oma/.release/native-build/sdk/occt/inc/IntCurvesFace_Intersector.lxx
-- Installing: C:/Users/Davi/Downloads/oma/.release/native-build/sdk/occt/inc/IntCurvesFace_ShapeIntersector.hxx
-- Installing: C:/Users/Davi/Downloads/oma/.release/native-build/sdk/occt/inc/MAT_Arc.hxx
-- Installing: C:/Users/Davi/Downloads/oma/.release/native-build/sdk/occt/inc/MAT_BasicElt.hxx
-- Installing: C:/Users/Davi/Downloads/oma/.release/native-build/sdk/occt/inc/MAT_Bisector.hxx
-- Installing: C:/Users/Davi/Downloads/oma/.release/native-build/sdk/occt/inc/MAT_DataMapIteratorOfDataMapOfIntegerArc.hxx
-- Installing: C:/Users/Davi/Downloads/oma/.release/native-build/sdk/occt/inc/MAT_DataMapIteratorOfDataMapOfIntegerBasicElt.hxx
-- Installing: C:/Users/Davi/Downloads/oma/.release/native-build/sdk/occt/inc/MAT_DataMapIteratorOfDataMapOfIntegerBisector.hxx
-- Installing: C:/Users/Davi/Downloads/oma/.release/native-build/sdk/occt/inc/MAT_DataMapIteratorOfDataMapOfIntegerNode.hxx
-- Installing: C:/Users/Davi/Downloads/oma/.release/native-build/sdk/occt/inc/MAT_DataMapOfIntegerArc.hxx
-- Installing: C:/Users/Davi/Downloads/oma/.release/native-build/sdk/occt/inc/MAT_DataMapOfIntegerBasicElt.hxx
-- Installing: C:/Users/Davi/Downloads/oma/.release/native-build/sdk/occt/inc/MAT_DataMapOfIntegerBisector.hxx
-- Installing: C:/Users/Davi/Downloads/oma/.release/native-build/sdk/occt/inc/MAT_DataMapOfIntegerNode.hxx
-- Installing: C:/Users/Davi/Downloads/oma/.release/native-build/sdk/occt/inc/MAT_Edge.hxx
-- Installing: C:/Users/Davi/Downloads/oma/.release/native-build/sdk/occt/inc/MAT_Graph.hxx
-- Installing: C:/Users/Davi/Downloads/oma/.release/native-build/sdk/occt/inc/MAT_ListOfBisector.hxx
-- Installing: C:/Users/Davi/Downloads/oma/.release/native-build/sdk/occt/inc/MAT_ListOfEdge.hxx
-- Installing: C:/Users/Davi/Downloads/oma/.release/native-build/sdk/occt/inc/MAT_Node.hxx
-- Installing: C:/Users/Davi/Downloads/oma/.release/native-build/sdk/occt/inc/MAT_SequenceOfArc.hxx
-- Installing: C:/Users/Davi/Downloads/oma/.release/native-build/sdk/occt/inc/MAT_SequenceOfBasicElt.hxx
-- Installing: C:/Users/Davi/Downloads/oma/.release/native-build/sdk/occt/inc/MAT_Side.hxx
-- Installing: C:/Users/Davi/Downloads/oma/.release/native-build/sdk/occt/inc/MAT_TList.gxx
-- Installing: C:/Users/Davi/Downloads/oma/.release/native-build/sdk/occt/inc/MAT_TList.lxx
-- Installing: C:/Users/Davi/Downloads/oma/.release/native-build/sdk/occt/inc/MAT_TListNode.gxx
-- Installing: C:/Users/Davi/Downloads/oma/.release/native-build/sdk/occt/inc/MAT_TListNode.lxx
-- Installing: C:/Users/Davi/Downloads/oma/.release/native-build/sdk/occt/inc/MAT_TListNodeOfListOfBisector.hxx
-- Installing: C:/Users/Davi/Downloads/oma/.release/native-build/sdk/occt/inc/MAT_TListNodeOfListOfEdge.hxx
-- Installing: C:/Users/Davi/Downloads/oma/.release/native-build/sdk/occt/inc/MAT_Zone.hxx
-- Installing: C:/Users/Davi/Downloads/oma/.release/native-build/sdk/occt/inc/MAT2d_Array2OfConnexion.hxx
-- Installing: C:/Users/Davi/Downloads/oma/.release/native-build/sdk/occt/inc/MAT2d_BiInt.hxx
-- Installing: C:/Users/Davi/Downloads/oma/.release/native-build/sdk/occt/inc/MAT2d_Circuit.hxx
-- Installing: C:/Users/Davi/Downloads/oma/.release/native-build/sdk/occt/inc/MAT2d_Connexion.hxx
-- Installing: C:/Users/Davi/Downloads/oma/.release/native-build/sdk/occt/inc/MAT2d_CutCurve.hxx
-- Installing: C:/Users/Davi/Downloads/oma/.release/native-build/sdk/occt/inc/MAT2d_DataMapIteratorOfDataMapOfBiIntInteger.hxx
-- Installing: C:/Users/Davi/Downloads/oma/.release/native-build/sdk/occt/inc/MAT2d_DataMapIteratorOfDataMapOfBiIntSequenceOfInteger.hxx
-- Installing: C:/Users/Davi/Downloads/oma/.release/native-build/sdk/occt/inc/MAT2d_DataMapIteratorOfDataMapOfIntegerBisec.hxx
-- Installing: C:/Users/Davi/Downloads/oma/.release/native-build/sdk/occt/inc/MAT2d_DataMapIteratorOfDataMapOfIntegerConnexion.hxx
-- Installing: C:/Users/Davi/Downloads/oma/.release/native-build/sdk/occt/inc/MAT2d_DataMapIteratorOfDataMapOfIntegerPnt2d.hxx
-- Installing: C:/Users/Davi/Downloads/oma/.release/native-build/sdk/occt/inc/MAT2d_DataMapIteratorOfDataMapOfIntegerSequenceOfConnexion.hxx
-- Installing: C:/Users/Davi/Downloads/oma/.release/native-build/sdk/occt/inc/MAT2d_DataMapIteratorOfDataMapOfIntegerVec2d.hxx
-- Installing: C:/Users/Davi/Downloads/oma/.release/native-build/sdk/occt/inc/MAT2d_DataMapOfBiIntInteger.hxx
-- Installing: C:/Users/Davi/Downloads/oma/.release/native-build/sdk/occt/inc/MAT2d_DataMapOfBiIntSequenceOfInteger.hxx
-- Installing: C:/Users/Davi/Downloads/oma/.release/native-build/sdk/occt/inc/MAT2d_DataMapOfIntegerBisec.hxx
-- Installing: C:/Users/Davi/Downloads/oma/.release/native-build/sdk/occt/inc/MAT2d_DataMapOfIntegerConnexion.hxx
-- Installing: C:/Users/Davi/Downloads/oma/.release/native-build/sdk/occt/inc/MAT2d_DataMapOfIntegerPnt2d.hxx
-- Installing: C:/Users/Davi/Downloads/oma/.release/native-build/sdk/occt/inc/MAT2d_DataMapOfIntegerSequenceOfConnexion.hxx
-- Installing: C:/Users/Davi/Downloads/oma/.release/native-build/sdk/occt/inc/MAT2d_DataMapOfIntegerVec2d.hxx
-- Installing: C:/Users/Davi/Downloads/oma/.release/native-build/sdk/occt/inc/MAT2d_Mat2d.hxx
-- Installing: C:/Users/Davi/Downloads/oma/.release/native-build/sdk/occt/inc/MAT2d_MiniPath.hxx
-- Installing: C:/Users/Davi/Downloads/oma/.release/native-build/sdk/occt/inc/MAT2d_SequenceOfConnexion.hxx
-- Installing: C:/Users/Davi/Downloads/oma/.release/native-build/sdk/occt/inc/MAT2d_SequenceOfSequenceOfCurve.hxx
-- Installing: C:/Users/Davi/Downloads/oma/.release/native-build/sdk/occt/inc/MAT2d_SequenceOfSequenceOfGeometry.hxx
-- Installing: C:/Users/Davi/Downloads/oma/.release/native-build/sdk/occt/inc/MAT2d_Tool2d.hxx
-- Installing: C:/Users/Davi/Downloads/oma/.release/native-build/sdk/occt/inc/Bisector.hxx
-- Installing: C:/Users/Davi/Downloads/oma/.release/native-build/sdk/occt/inc/Bisector_Bisec.hxx
-- Installing: C:/Users/Davi/Downloads/oma/.release/native-build/sdk/occt/inc/Bisector_BisecAna.hxx
-- Installing: C:/Users/Davi/Downloads/oma/.release/native-build/sdk/occt/inc/Bisector_BisecCC.hxx
-- Installing: C:/Users/Davi/Downloads/oma/.release/native-build/sdk/occt/inc/Bisector_BisecPC.hxx
-- Installing: C:/Users/Davi/Downloads/oma/.release/native-build/sdk/occt/inc/Bisector_Curve.hxx
-- Installing: C:/Users/Davi/Downloads/oma/.release/native-build/sdk/occt/inc/Bisector_FunctionH.hxx
-- Installing: C:/Users/Davi/Downloads/oma/.release/native-build/sdk/occt/inc/Bisector_FunctionInter.hxx
-- Installing: C:/Users/Davi/Downloads/oma/.release/native-build/sdk/occt/inc/Bisector_Inter.hxx
-- Installing: C:/Users/Davi/Downloads/oma/.release/native-build/sdk/occt/inc/Bisector_PointOnBis.hxx
-- Installing: C:/Users/Davi/Downloads/oma/.release/native-build/sdk/occt/inc/Bisector_PolyBis.hxx
-- Installing: C:/Users/Davi/Downloads/oma/.release/native-build/sdk/occt/inc/BRepMAT2d_BisectingLocus.hxx
-- Installing: C:/Users/Davi/Downloads/oma/.release/native-build/sdk/occt/inc/BRepMAT2d_DataMapIteratorOfDataMapOfBasicEltShape.hxx
-- Installing: C:/Users/Davi/Downloads/oma/.release/native-build/sdk/occt/inc/BRepMAT2d_DataMapIteratorOfDataMapOfShapeSequenceOfBasicElt.hxx
-- Installing: C:/Users/Davi/Downloads/oma/.release/native-build/sdk/occt/inc/BRepMAT2d_DataMapOfBasicEltShape.hxx
-- Installing: C:/Users/Davi/Downloads/oma/.release/native-build/sdk/occt/inc/BRepMAT2d_DataMapOfShapeSequenceOfBasicElt.hxx
-- Installing: C:/Users/Davi/Downloads/oma/.release/native-build/sdk/occt/inc/BRepMAT2d_Explorer.hxx
-- Installing: C:/Users/Davi/Downloads/oma/.release/native-build/sdk/occt/inc/BRepMAT2d_LinkTopoBilo.hxx
-- Installing: C:/Users/Davi/Downloads/oma/.release/native-build/sdk/occt/inc/BRepCheck.hxx
-- Installing: C:/Users/Davi/Downloads/oma/.release/native-build/sdk/occt/inc/BRepCheck_Analyzer.hxx
-- Installing: C:/Users/Davi/Downloads/oma/.release/native-build/sdk/occt/inc/BRepCheck_DataMapOfShapeListOfStatus.hxx
-- Installing: C:/Users/Davi/Downloads/oma/.release/native-build/sdk/occt/inc/BRepCheck_Edge.hxx
-- Installing: C:/Users/Davi/Downloads/oma/.release/native-build/sdk/occt/inc/BRepCheck_Face.hxx
-- Installing: C:/Users/Davi/Downloads/oma/.release/native-build/sdk/occt/inc/BRepCheck_IndexedDataMapOfShapeResult.hxx
-- Installing: C:/Users/Davi/Downloads/oma/.release/native-build/sdk/occt/inc/BRepCheck_ListIteratorOfListOfStatus.hxx
-- Installing: C:/Users/Davi/Downloads/oma/.release/native-build/sdk/occt/inc/BRepCheck_ListOfStatus.hxx
-- Installing: C:/Users/Davi/Downloads/oma/.release/native-build/sdk/occt/inc/BRepCheck_Result.hxx
-- Installing: C:/Users/Davi/Downloads/oma/.release/native-build/sdk/occt/inc/BRepCheck_Shell.hxx
-- Installing: C:/Users/Davi/Downloads/oma/.release/native-build/sdk/occt/inc/BRepCheck_Solid.hxx
-- Installing: C:/Users/Davi/Downloads/oma/.release/native-build/sdk/occt/inc/BRepCheck_Status.hxx
-- Installing: C:/Users/Davi/Downloads/oma/.release/native-build/sdk/occt/inc/BRepCheck_Vertex.hxx
-- Installing: C:/Users/Davi/Downloads/oma/.release/native-build/sdk/occt/inc/BRepCheck_Wire.hxx
-- Installing: C:/Users/Davi/Downloads/oma/.release/native-build/sdk/occt/inc/BRepBndLib.hxx
-- Installing: C:/Users/Davi/Downloads/oma/.release/native-build/sdk/occt/inc/BRepExtrema_DistShapeShape.hxx
-- Installing: C:/Users/Davi/Downloads/oma/.release/native-build/sdk/occt/inc/BRepExtrema_DistanceSS.hxx
-- Installing: C:/Users/Davi/Downloads/oma/.release/native-build/sdk/occt/inc/BRepExtrema_ElementFilter.hxx
-- Installing: C:/Users/Davi/Downloads/oma/.release/native-build/sdk/occt/inc/BRepExtrema_ExtCC.hxx
-- Installing: C:/Users/Davi/Downloads/oma/.release/native-build/sdk/occt/inc/BRepExtrema_ExtCF.hxx
-- Installing: C:/Users/Davi/Downloads/oma/.release/native-build/sdk/occt/inc/BRepExtrema_ExtFF.hxx
-- Installing: C:/Users/Davi/Downloads/oma/.release/native-build/sdk/occt/inc/BRepExtrema_ExtPC.hxx
-- Installing: C:/Users/Davi/Downloads/oma/.release/native-build/sdk/occt/inc/BRepExtrema_ExtPF.hxx
-- Installing: C:/Users/Davi/Downloads/oma/.release/native-build/sdk/occt/inc/BRepExtrema_MapOfIntegerPackedMapOfInteger.hxx
-- Installing: C:/Users/Davi/Downloads/oma/.release/native-build/sdk/occt/inc/BRepExtrema_OverlapTool.hxx
-- Installing: C:/Users/Davi/Downloads/oma/.release/native-build/sdk/occt/inc/BRepExtrema_Poly.hxx
-- Installing: C:/Users/Davi/Downloads/oma/.release/native-build/sdk/occt/inc/BRepExtrema_ProximityDistTool.hxx
-- Installing: C:/Users/Davi/Downloads/oma/.release/native-build/sdk/occt/inc/BRepExtrema_ProximityValueTool.hxx
-- Installing: C:/Users/Davi/Downloads/oma/.release/native-build/sdk/occt/inc/BRepExtrema_SelfIntersection.hxx
-- Installing: C:/Users/Davi/Downloads/oma/.release/native-build/sdk/occt/inc/BRepExtrema_SeqOfSolution.hxx
-- Installing: C:/Users/Davi/Downloads/oma/.release/native-build/sdk/occt/inc/BRepExtrema_ShapeProximity.hxx
-- Installing: C:/Users/Davi/Downloads/oma/.release/native-build/sdk/occt/inc/BRepExtrema_SolutionElem.hxx
-- Installing: C:/Users/Davi/Downloads/oma/.release/native-build/sdk/occt/inc/BRepExtrema_SupportType.hxx
-- Installing: C:/Users/Davi/Downloads/oma/.release/native-build/sdk/occt/inc/BRepExtrema_TriangleSet.hxx
-- Installing: C:/Users/Davi/Downloads/oma/.release/native-build/sdk/occt/inc/BRepExtrema_UnCompatibleShape.hxx
-- Installing: C:/Users/Davi/Downloads/oma/.release/native-build/sdk/occt/inc/BRepClass_Edge.hxx
-- Installing: C:/Users/Davi/Downloads/oma/.release/native-build/sdk/occt/inc/BRepClass_Edge.lxx
-- Installing: C:/Users/Davi/Downloads/oma/.release/native-build/sdk/occt/inc/BRepClass_FClass2dOfFClassifier.hxx
-- Installing: C:/Users/Davi/Downloads/oma/.release/native-build/sdk/occt/inc/BRepClass_FClassifier.hxx
-- Installing: C:/Users/Davi/Downloads/oma/.release/native-build/sdk/occt/inc/BRepClass_FaceClassifier.hxx
-- Installing: C:/Users/Davi/Downloads/oma/.release/native-build/sdk/occt/inc/BRepClass_FaceExplorer.hxx
-- Installing: C:/Users/Davi/Downloads/oma/.release/native-build/sdk/occt/inc/BRepClass_FaceExplorer.lxx
-- Installing: C:/Users/Davi/Downloads/oma/.release/native-build/sdk/occt/inc/BRepClass_FacePassiveClassifier.hxx
-- Installing: C:/Users/Davi/Downloads/oma/.release/native-build/sdk/occt/inc/BRepClass_Intersector.hxx
-- Installing: C:/Users/Davi/Downloads/oma/.release/native-build/sdk/occt/inc/BRepClass3d.hxx
-- Installing: C:/Users/Davi/Downloads/oma/.release/native-build/sdk/occt/inc/BRepClass3d_BndBoxTree.hxx
-- Installing: C:/Users/Davi/Downloads/oma/.release/native-build/sdk/occt/inc/BRepClass3d_DataMapIteratorOfMapOfInter.hxx
-- Installing: C:/Users/Davi/Downloads/oma/.release/native-build/sdk/occt/inc/BRepClass3d_Intersector3d.hxx
-- Installing: C:/Users/Davi/Downloads/oma/.release/native-build/sdk/occt/inc/BRepClass3d_Intersector3d.lxx
-- Installing: C:/Users/Davi/Downloads/oma/.release/native-build/sdk/occt/inc/BRepClass3d_MapOfInter.hxx
-- Installing: C:/Users/Davi/Downloads/oma/.release/native-build/sdk/occt/inc/BRepClass3d_SClassifier.hxx
-- Installing: C:/Users/Davi/Downloads/oma/.release/native-build/sdk/occt/inc/BRepClass3d_SolidClassifier.hxx
-- Installing: C:/Users/Davi/Downloads/oma/.release/native-build/sdk/occt/inc/BRepClass3d_SolidExplorer.hxx
-- Installing: C:/Users/Davi/Downloads/oma/.release/native-build/sdk/occt/inc/BRepClass3d_SolidPassiveClassifier.hxx
-- Installing: C:/Users/Davi/Downloads/oma/.release/native-build/sdk/occt/inc/BRepLib.hxx
-- Installing: C:/Users/Davi/Downloads/oma/.release/native-build/sdk/occt/inc/BRepLib_CheckCurveOnSurface.hxx
-- Installing: C:/Users/Davi/Downloads/oma/.release/native-build/sdk/occt/inc/BRepLib_Command.hxx
-- Installing: C:/Users/Davi/Downloads/oma/.release/native-build/sdk/occt/inc/BRepLib_EdgeError.hxx
-- Installing: C:/Users/Davi/Downloads/oma/.release/native-build/sdk/occt/inc/BRepLib_FaceError.hxx
-- Installing: C:/Users/Davi/Downloads/oma/.release/native-build/sdk/occt/inc/BRepLib_FindSurface.hxx
-- Installing: C:/Users/Davi/Downloads/oma/.release/native-build/sdk/occt/inc/BRepLib_FuseEdges.hxx
-- Installing: C:/Users/Davi/Downloads/oma/.release/native-build/sdk/occt/inc/BRepLib_MakeEdge.hxx
-- Installing: C:/Users/Davi/Downloads/oma/.release/native-build/sdk/occt/inc/BRepLib_MakeEdge2d.hxx
-- Installing: C:/Users/Davi/Downloads/oma/.release/native-build/sdk/occt/inc/BRepLib_MakeFace.hxx
-- Installing: C:/Users/Davi/Downloads/oma/.release/native-build/sdk/occt/inc/BRepLib_MakePolygon.hxx
-- Installing: C:/Users/Davi/Downloads/oma/.release/native-build/sdk/occt/inc/BRepLib_MakeShape.hxx
-- Installing: C:/Users/Davi/Downloads/oma/.release/native-build/sdk/occt/inc/BRepLib_MakeShell.hxx
-- Installing: C:/Users/Davi/Downloads/oma/.release/native-build/sdk/occt/inc/BRepLib_MakeSolid.hxx
-- Installing: C:/Users/Davi/Downloads/oma/.release/native-build/sdk/occt/inc/BRepLib_MakeVertex.hxx
-- Installing: C:/Users/Davi/Downloads/oma/.release/native-build/sdk/occt/inc/BRepLib_MakeWire.hxx
-- Installing: C:/Users/Davi/Downloads/oma/.release/native-build/sdk/occt/inc/BRepLib_PointCloudShape.hxx
-- Installing: C:/Users/Davi/Downloads/oma/.release/native-build/sdk/occt/inc/BRepLib_ShapeModification.hxx
-- Installing: C:/Users/Davi/Downloads/oma/.release/native-build/sdk/occt/inc/BRepLib_ShellError.hxx
-- Installing: C:/Users/Davi/Downloads/oma/.release/native-build/sdk/occt/inc/BRepLib_ToolTriangulatedShape.hxx
-- Installing: C:/Users/Davi/Downloads/oma/.release/native-build/sdk/occt/inc/BRepLib_ValidateEdge.hxx
-- Installing: C:/Users/Davi/Downloads/oma/.release/native-build/sdk/occt/inc/BRepLib_WireError.hxx
-- Installing: C:/Users/Davi/Downloads/oma/.release/native-build/sdk/occt/inc/BRepGProp.hxx
-- Installing: C:/Users/Davi/Downloads/oma/.release/native-build/sdk/occt/inc/BRepGProp_Cinert.hxx
-- Installing: C:/Users/Davi/Downloads/oma/.release/native-build/sdk/occt/inc/BRepGProp_Domain.hxx
-- Installing: C:/Users/Davi/Downloads/oma/.release/native-build/sdk/occt/inc/BRepGProp_Domain.lxx
-- Installing: C:/Users/Davi/Downloads/oma/.release/native-build/sdk/occt/inc/BRepGProp_EdgeTool.hxx
-- Installing: C:/Users/Davi/Downloads/oma/.release/native-build/sdk/occt/inc/BRepGProp_Face.hxx
-- Installing: C:/Users/Davi/Downloads/oma/.release/native-build/sdk/occt/inc/BRepGProp_Face.lxx
-- Installing: C:/Users/Davi/Downloads/oma/.release/native-build/sdk/occt/inc/BRepGProp_Gauss.hxx
-- Installing: C:/Users/Davi/Downloads/oma/.release/native-build/sdk/occt/inc/BRepGProp_MeshCinert.hxx
-- Installing: C:/Users/Davi/Downloads/oma/.release/native-build/sdk/occt/inc/BRepGProp_MeshProps.hxx
-- Installing: C:/Users/Davi/Downloads/oma/.release/native-build/sdk/occt/inc/BRepGProp_Sinert.hxx
-- Installing: C:/Users/Davi/Downloads/oma/.release/native-build/sdk/occt/inc/BRepGProp_TFunction.hxx
-- Installing: C:/Users/Davi/Downloads/oma/.release/native-build/sdk/occt/inc/BRepGProp_TFunction.lxx
-- Installing: C:/Users/Davi/Downloads/oma/.release/native-build/sdk/occt/inc/BRepGProp_UFunction.hxx
-- Installing: C:/Users/Davi/Downloads/oma/.release/native-build/sdk/occt/inc/BRepGProp_UFunction.lxx
-- Installing: C:/Users/Davi/Downloads/oma/.release/native-build/sdk/occt/inc/BRepGProp_Vinert.hxx
-- Installing: C:/Users/Davi/Downloads/oma/.release/native-build/sdk/occt/inc/BRepGProp_VinertGK.hxx
-- Installing: C:/Users/Davi/Downloads/oma/.release/native-build/sdk/occt/inc/BRepIntCurveSurface_Inter.hxx
-- Installing: C:/Users/Davi/Downloads/oma/.release/native-build/sdk/occt/inc/BRepTopAdaptor_DataMapIteratorOfMapOfShapeTool.hxx
-- Installing: C:/Users/Davi/Downloads/oma/.release/native-build/sdk/occt/inc/BRepTopAdaptor_FClass2d.hxx
-- Installing: C:/Users/Davi/Downloads/oma/.release/native-build/sdk/occt/inc/BRepTopAdaptor_HVertex.hxx
-- Installing: C:/Users/Davi/Downloads/oma/.release/native-build/sdk/occt/inc/BRepTopAdaptor_HVertex.lxx
-- Installing: C:/Users/Davi/Downloads/oma/.release/native-build/sdk/occt/inc/BRepTopAdaptor_MapOfShapeTool.hxx
-- Installing: C:/Users/Davi/Downloads/oma/.release/native-build/sdk/occt/inc/BRepTopAdaptor_SeqOfPtr.hxx
-- Installing: C:/Users/Davi/Downloads/oma/.release/native-build/sdk/occt/inc/BRepTopAdaptor_Tool.hxx
-- Installing: C:/Users/Davi/Downloads/oma/.release/native-build/sdk/occt/inc/BRepTopAdaptor_TopolTool.hxx
-- Installing: C:/Users/Davi/Downloads/oma/.release/native-build/sdk/occt/inc/BRepBuilderAPI.hxx
-- Installing: C:/Users/Davi/Downloads/oma/.release/native-build/sdk/occt/inc/BRepBuilderAPI_BndBoxTreeSelector.hxx
-- Installing: C:/Users/Davi/Downloads/oma/.release/native-build/sdk/occt/inc/BRepBuilderAPI_CellFilter.hxx
-- Installing: C:/Users/Davi/Downloads/oma/.release/native-build/sdk/occt/inc/BRepBuilderAPI_Collect.hxx
-- Installing: C:/Users/Davi/Downloads/oma/.release/native-build/sdk/occt/inc/BRepBuilderAPI_Command.hxx
-- Installing: C:/Users/Davi/Downloads/oma/.release/native-build/sdk/occt/inc/BRepBuilderAPI_Copy.hxx
-- Installing: C:/Users/Davi/Downloads/oma/.release/native-build/sdk/occt/inc/BRepBuilderAPI_EdgeError.hxx
-- Installing: C:/Users/Davi/Downloads/oma/.release/native-build/sdk/occt/inc/BRepBuilderAPI_FaceError.hxx
-- Installing: C:/Users/Davi/Downloads/oma/.release/native-build/sdk/occt/inc/BRepBuilderAPI_FastSewing.hxx
-- Installing: C:/Users/Davi/Downloads/oma/.release/native-build/sdk/occt/inc/BRepBuilderAPI_FindPlane.hxx
-- Installing: C:/Users/Davi/Downloads/oma/.release/native-build/sdk/occt/inc/BRepBuilderAPI_GTransform.hxx
-- Installing: C:/Users/Davi/Downloads/oma/.release/native-build/sdk/occt/inc/BRepBuilderAPI_MakeEdge.hxx
-- Installing: C:/Users/Davi/Downloads/oma/.release/native-build/sdk/occt/inc/BRepBuilderAPI_MakeEdge2d.hxx
-- Installing: C:/Users/Davi/Downloads/oma/.release/native-build/sdk/occt/inc/BRepBuilderAPI_MakeFace.hxx
-- Installing: C:/Users/Davi/Downloads/oma/.release/native-build/sdk/occt/inc/BRepBuilderAPI_MakePolygon.hxx
-- Installing: C:/Users/Davi/Downloads/oma/.release/native-build/sdk/occt/inc/BRepBuilderAPI_MakeShape.hxx
-- Installing: C:/Users/Davi/Downloads/oma/.release/native-build/sdk/occt/inc/BRepBuilderAPI_MakeShapeOnMesh.hxx
-- Installing: C:/Users/Davi/Downloads/oma/.release/native-build/sdk/occt/inc/BRepBuilderAPI_MakeShell.hxx
-- Installing: C:/Users/Davi/Downloads/oma/.release/native-build/sdk/occt/inc/BRepBuilderAPI_MakeSolid.hxx
-- Installing: C:/Users/Davi/Downloads/oma/.release/native-build/sdk/occt/inc/BRepBuilderAPI_MakeVertex.hxx
-- Installing: C:/Users/Davi/Downloads/oma/.release/native-build/sdk/occt/inc/BRepBuilderAPI_MakeWire.hxx
-- Installing: C:/Users/Davi/Downloads/oma/.release/native-build/sdk/occt/inc/BRepBuilderAPI_ModifyShape.hxx
-- Installing: C:/Users/Davi/Downloads/oma/.release/native-build/sdk/occt/inc/BRepBuilderAPI_NurbsConvert.hxx
-- Installing: C:/Users/Davi/Downloads/oma/.release/native-build/sdk/occt/inc/BRepBuilderAPI_PipeError.hxx
-- Installing: C:/Users/Davi/Downloads/oma/.release/native-build/sdk/occt/inc/BRepBuilderAPI_Sewing.hxx
-- Installing: C:/Users/Davi/Downloads/oma/.release/native-build/sdk/occt/inc/BRepBuilderAPI_Sewing.lxx
-- Installing: C:/Users/Davi/Downloads/oma/.release/native-build/sdk/occt/inc/BRepBuilderAPI_ShapeModification.hxx
-- Installing: C:/Users/Davi/Downloads/oma/.release/native-build/sdk/occt/inc/BRepBuilderAPI_ShellError.hxx
-- Installing: C:/Users/Davi/Downloads/oma/.release/native-build/sdk/occt/inc/BRepBuilderAPI_Transform.hxx
-- Installing: C:/Users/Davi/Downloads/oma/.release/native-build/sdk/occt/inc/BRepBuilderAPI_TransitionMode.hxx
-- Installing: C:/Users/Davi/Downloads/oma/.release/native-build/sdk/occt/inc/BRepBuilderAPI_VertexInspector.hxx
-- Installing: C:/Users/Davi/Downloads/oma/.release/native-build/sdk/occt/inc/BRepBuilderAPI_WireError.hxx
-- Installing: C:/Users/Davi/Downloads/oma/.release/native-build/sdk/occt/inc/BRepApprox_Approx.hxx
-- Installing: C:/Users/Davi/Downloads/oma/.release/native-build/sdk/occt/inc/BRepApprox_ApproxLine.hxx
-- Installing: C:/Users/Davi/Downloads/oma/.release/native-build/sdk/occt/inc/BRepApprox_BSpGradient_BFGSOfMyBSplGradientOfTheComputeLineOfApprox.hxx
-- Installing: C:/Users/Davi/Downloads/oma/.release/native-build/sdk/occt/inc/BRepApprox_BSpParFunctionOfMyBSplGradientOfTheComputeLineOfApprox.hxx
-- Installing: C:/Users/Davi/Downloads/oma/.release/native-build/sdk/occt/inc/BRepApprox_BSpParLeastSquareOfMyBSplGradientOfTheComputeLineOfApprox.hxx
-- Installing: C:/Users/Davi/Downloads/oma/.release/native-build/sdk/occt/inc/BRepApprox_Gradient_BFGSOfMyGradientOfTheComputeLineBezierOfApprox.hxx
-- Installing: C:/Users/Davi/Downloads/oma/.release/native-build/sdk/occt/inc/BRepApprox_Gradient_BFGSOfMyGradientbisOfTheComputeLineOfApprox.hxx
-- Installing: C:/Users/Davi/Downloads/oma/.release/native-build/sdk/occt/inc/BRepApprox_MyBSplGradientOfTheComputeLineOfApprox.hxx
-- Installing: C:/Users/Davi/Downloads/oma/.release/native-build/sdk/occt/inc/BRepApprox_MyGradientOfTheComputeLineBezierOfApprox.hxx
-- Installing: C:/Users/Davi/Downloads/oma/.release/native-build/sdk/occt/inc/BRepApprox_MyGradientbisOfTheComputeLineOfApprox.hxx
-- Installing: C:/Users/Davi/Downloads/oma/.release/native-build/sdk/occt/inc/BRepApprox_ParFunctionOfMyGradientOfTheComputeLineBezierOfApprox.hxx
-- Installing: C:/Users/Davi/Downloads/oma/.release/native-build/sdk/occt/inc/BRepApprox_ParFunctionOfMyGradientbisOfTheComputeLineOfApprox.hxx
-- Installing: C:/Users/Davi/Downloads/oma/.release/native-build/sdk/occt/inc/BRepApprox_ParLeastSquareOfMyGradientOfTheComputeLineBezierOfApprox.hxx
-- Installing: C:/Users/Davi/Downloads/oma/.release/native-build/sdk/occt/inc/BRepApprox_ParLeastSquareOfMyGradientbisOfTheComputeLineOfApprox.hxx
-- Installing: C:/Users/Davi/Downloads/oma/.release/native-build/sdk/occt/inc/BRepApprox_ResConstraintOfMyGradientOfTheComputeLineBezierOfApprox.hxx
-- Installing: C:/Users/Davi/Downloads/oma/.release/native-build/sdk/occt/inc/BRepApprox_ResConstraintOfMyGradientbisOfTheComputeLineOfApprox.hxx
-- Installing: C:/Users/Davi/Downloads/oma/.release/native-build/sdk/occt/inc/BRepApprox_SurfaceTool.hxx
-- Installing: C:/Users/Davi/Downloads/oma/.release/native-build/sdk/occt/inc/BRepApprox_SurfaceTool.lxx
-- Installing: C:/Users/Davi/Downloads/oma/.release/native-build/sdk/occt/inc/BRepApprox_TheComputeLineBezierOfApprox.hxx
-- Installing: C:/Users/Davi/Downloads/oma/.release/native-build/sdk/occt/inc/BRepApprox_TheComputeLineOfApprox.hxx
-- Installing: C:/Users/Davi/Downloads/oma/.release/native-build/sdk/occt/inc/BRepApprox_TheFunctionOfTheInt2SOfThePrmPrmSvSurfacesOfApprox.hxx
-- Installing: C:/Users/Davi/Downloads/oma/.release/native-build/sdk/occt/inc/BRepApprox_TheImpPrmSvSurfacesOfApprox.hxx
-- Installing: C:/Users/Davi/Downloads/oma/.release/native-build/sdk/occt/inc/BRepApprox_TheInt2SOfThePrmPrmSvSurfacesOfApprox.hxx
-- Installing: C:/Users/Davi/Downloads/oma/.release/native-build/sdk/occt/inc/BRepApprox_TheMultiLineOfApprox.hxx
-- Installing: C:/Users/Davi/Downloads/oma/.release/native-build/sdk/occt/inc/BRepApprox_TheMultiLineToolOfApprox.hxx
-- Installing: C:/Users/Davi/Downloads/oma/.release/native-build/sdk/occt/inc/BRepApprox_ThePrmPrmSvSurfacesOfApprox.hxx
-- Installing: C:/Users/Davi/Downloads/oma/.release/native-build/sdk/occt/inc/BRepApprox_TheZerImpFuncOfTheImpPrmSvSurfacesOfApprox.hxx
-- Installing: C:/Users/Davi/Downloads/oma/.release/native-build/sdk/occt/inc/BRepPrim_Builder.hxx
-- Installing: C:/Users/Davi/Downloads/oma/.release/native-build/sdk/occt/inc/BRepPrim_Builder.lxx
-- Installing: C:/Users/Davi/Downloads/oma/.release/native-build/sdk/occt/inc/BRepPrim_Cone.hxx
-- Installing: C:/Users/Davi/Downloads/oma/.release/native-build/sdk/occt/inc/BRepPrim_Cylinder.hxx
-- Installing: C:/Users/Davi/Downloads/oma/.release/native-build/sdk/occt/inc/BRepPrim_Direction.hxx
-- Installing: C:/Users/Davi/Downloads/oma/.release/native-build/sdk/occt/inc/BRepPrim_FaceBuilder.hxx
-- Installing: C:/Users/Davi/Downloads/oma/.release/native-build/sdk/occt/inc/BRepPrim_GWedge.hxx
-- Installing: C:/Users/Davi/Downloads/oma/.release/native-build/sdk/occt/inc/BRepPrim_OneAxis.hxx
-- Installing: C:/Users/Davi/Downloads/oma/.release/native-build/sdk/occt/inc/BRepPrim_Revolution.hxx
-- Installing: C:/Users/Davi/Downloads/oma/.release/native-build/sdk/occt/inc/BRepPrim_Sphere.hxx
-- Installing: C:/Users/Davi/Downloads/oma/.release/native-build/sdk/occt/inc/BRepPrim_Torus.hxx
-- Installing: C:/Users/Davi/Downloads/oma/.release/native-build/sdk/occt/inc/BRepPrim_Wedge.hxx
-- Installing: C:/Users/Davi/Downloads/oma/.release/native-build/sdk/occt/inc/BRepSweep_Builder.hxx
-- Installing: C:/Users/Davi/Downloads/oma/.release/native-build/sdk/occt/inc/BRepSweep_Builder.lxx
-- Installing: C:/Users/Davi/Downloads/oma/.release/native-build/sdk/occt/inc/BRepSweep_Iterator.hxx
-- Installing: C:/Users/Davi/Downloads/oma/.release/native-build/sdk/occt/inc/BRepSweep_Iterator.lxx
-- Installing: C:/Users/Davi/Downloads/oma/.release/native-build/sdk/occt/inc/BRepSweep_NumLinearRegularSweep.hxx
-- Installing: C:/Users/Davi/Downloads/oma/.release/native-build/sdk/occt/inc/BRepSweep_Prism.hxx
-- Installing: C:/Users/Davi/Downloads/oma/.release/native-build/sdk/occt/inc/BRepSweep_Revol.hxx
-- Installing: C:/Users/Davi/Downloads/oma/.release/native-build/sdk/occt/inc/BRepSweep_Rotation.hxx
-- Installing: C:/Users/Davi/Downloads/oma/.release/native-build/sdk/occt/inc/BRepSweep_Tool.hxx
-- Installing: C:/Users/Davi/Downloads/oma/.release/native-build/sdk/occt/inc/BRepSweep_Translation.hxx
-- Installing: C:/Users/Davi/Downloads/oma/.release/native-build/sdk/occt/inc/BRepSweep_Trsf.hxx
-- Installing: C:/Users/Davi/Downloads/oma/.release/native-build/sdk/occt/inc/Sweep_NumShape.hxx
-- Installing: C:/Users/Davi/Downloads/oma/.release/native-build/sdk/occt/inc/Sweep_NumShape.lxx
-- Installing: C:/Users/Davi/Downloads/oma/.release/native-build/sdk/occt/inc/Sweep_NumShapeIterator.hxx
-- Installing: C:/Users/Davi/Downloads/oma/.release/native-build/sdk/occt/inc/Sweep_NumShapeIterator.lxx
-- Installing: C:/Users/Davi/Downloads/oma/.release/native-build/sdk/occt/inc/Sweep_NumShapeTool.hxx
-- Installing: C:/Users/Davi/Downloads/oma/.release/native-build/sdk/occt/inc/BRepPreviewAPI_MakeBox.hxx
-- Installing: C:/Users/Davi/Downloads/oma/.release/native-build/sdk/occt/inc/BRepPrimAPI_MakeBox.hxx
-- Installing: C:/Users/Davi/Downloads/oma/.release/native-build/sdk/occt/inc/BRepPrimAPI_MakeCone.hxx
-- Installing: C:/Users/Davi/Downloads/oma/.release/native-build/sdk/occt/inc/BRepPrimAPI_MakeCylinder.hxx
-- Installing: C:/Users/Davi/Downloads/oma/.release/native-build/sdk/occt/inc/BRepPrimAPI_MakeHalfSpace.hxx
-- Installing: C:/Users/Davi/Downloads/oma/.release/native-build/sdk/occt/inc/BRepPrimAPI_MakeOneAxis.hxx
-- Installing: C:/Users/Davi/Downloads/oma/.release/native-build/sdk/occt/inc/BRepPrimAPI_MakePrism.hxx
-- Installing: C:/Users/Davi/Downloads/oma/.release/native-build/sdk/occt/inc/BRepPrimAPI_MakeRevol.hxx
-- Installing: C:/Users/Davi/Downloads/oma/.release/native-build/sdk/occt/inc/BRepPrimAPI_MakeRevolution.hxx
-- Installing: C:/Users/Davi/Downloads/oma/.release/native-build/sdk/occt/inc/BRepPrimAPI_MakeSphere.hxx
-- Installing: C:/Users/Davi/Downloads/oma/.release/native-build/sdk/occt/inc/BRepPrimAPI_MakeSweep.hxx
-- Installing: C:/Users/Davi/Downloads/oma/.release/native-build/sdk/occt/inc/BRepPrimAPI_MakeTorus.hxx
-- Installing: C:/Users/Davi/Downloads/oma/.release/native-build/sdk/occt/inc/BRepPrimAPI_MakeWedge.hxx
-- Installing: C:/Users/Davi/Downloads/oma/.release/native-build/sdk/occt/inc/IntTools.hxx
-- Installing: C:/Users/Davi/Downloads/oma/.release/native-build/sdk/occt/inc/IntTools_Array1OfRange.hxx
-- Installing: C:/Users/Davi/Downloads/oma/.release/native-build/sdk/occt/inc/IntTools_Array1OfRoots.hxx
-- Installing: C:/Users/Davi/Downloads/oma/.release/native-build/sdk/occt/inc/IntTools_BaseRangeSample.hxx
-- Installing: C:/Users/Davi/Downloads/oma/.release/native-build/sdk/occt/inc/IntTools_BeanFaceIntersector.hxx
-- Installing: C:/Users/Davi/Downloads/oma/.release/native-build/sdk/occt/inc/IntTools_CArray1OfReal.hxx
-- Installing: C:/Users/Davi/Downloads/oma/.release/native-build/sdk/occt/inc/IntTools_CommonPrt.hxx
-- Installing: C:/Users/Davi/Downloads/oma/.release/native-build/sdk/occt/inc/IntTools_Context.hxx
-- Installing: C:/Users/Davi/Downloads/oma/.release/native-build/sdk/occt/inc/IntTools_Curve.hxx
-- Installing: C:/Users/Davi/Downloads/oma/.release/native-build/sdk/occt/inc/IntTools_CurveRangeLocalizeData.hxx
-- Installing: C:/Users/Davi/Downloads/oma/.release/native-build/sdk/occt/inc/IntTools_CurveRangeSample.hxx
-- Installing: C:/Users/Davi/Downloads/oma/.release/native-build/sdk/occt/inc/IntTools_DataMapIteratorOfDataMapOfSurfaceSampleBox.hxx
-- Installing: C:/Users/Davi/Downloads/oma/.release/native-build/sdk/occt/inc/IntTools_DataMapOfCurveSampleBox.hxx
-- Installing: C:/Users/Davi/Downloads/oma/.release/native-build/sdk/occt/inc/IntTools_DataMapOfSurfaceSampleBox.hxx
-- Installing: C:/Users/Davi/Downloads/oma/.release/native-build/sdk/occt/inc/IntTools_EdgeEdge.hxx
-- Installing: C:/Users/Davi/Downloads/oma/.release/native-build/sdk/occt/inc/IntTools_EdgeEdge.lxx
-- Installing: C:/Users/Davi/Downloads/oma/.release/native-build/sdk/occt/inc/IntTools_EdgeFace.hxx
-- Installing: C:/Users/Davi/Downloads/oma/.release/native-build/sdk/occt/inc/IntTools_FClass2d.hxx
-- Installing: C:/Users/Davi/Downloads/oma/.release/native-build/sdk/occt/inc/IntTools_FaceFace.hxx
-- Installing: C:/Users/Davi/Downloads/oma/.release/native-build/sdk/occt/inc/IntTools_ListIteratorOfListOfBox.hxx
-- Installing: C:/Users/Davi/Downloads/oma/.release/native-build/sdk/occt/inc/IntTools_ListIteratorOfListOfCurveRangeSample.hxx
-- Installing: C:/Users/Davi/Downloads/oma/.release/native-build/sdk/occt/inc/IntTools_ListIteratorOfListOfSurfaceRangeSample.hxx
-- Installing: C:/Users/Davi/Downloads/oma/.release/native-build/sdk/occt/inc/IntTools_ListOfBox.hxx
-- Installing: C:/Users/Davi/Downloads/oma/.release/native-build/sdk/occt/inc/IntTools_ListOfCurveRangeSample.hxx
-- Installing: C:/Users/Davi/Downloads/oma/.release/native-build/sdk/occt/inc/IntTools_ListOfSurfaceRangeSample.hxx
-- Installing: C:/Users/Davi/Downloads/oma/.release/native-build/sdk/occt/inc/IntTools_MapIteratorOfMapOfCurveSample.hxx
-- Installing: C:/Users/Davi/Downloads/oma/.release/native-build/sdk/occt/inc/IntTools_MapIteratorOfMapOfSurfaceSample.hxx
-- Installing: C:/Users/Davi/Downloads/oma/.release/native-build/sdk/occt/inc/IntTools_MapOfCurveSample.hxx
-- Installing: C:/Users/Davi/Downloads/oma/.release/native-build/sdk/occt/inc/IntTools_MapOfSurfaceSample.hxx
-- Installing: C:/Users/Davi/Downloads/oma/.release/native-build/sdk/occt/inc/IntTools_MarkedRangeSet.hxx
-- Installing: C:/Users/Davi/Downloads/oma/.release/native-build/sdk/occt/inc/IntTools_PntOn2Faces.hxx
-- Installing: C:/Users/Davi/Downloads/oma/.release/native-build/sdk/occt/inc/IntTools_PntOnFace.hxx
-- Installing: C:/Users/Davi/Downloads/oma/.release/native-build/sdk/occt/inc/IntTools_Range.hxx
-- Installing: C:/Users/Davi/Downloads/oma/.release/native-build/sdk/occt/inc/IntTools_Root.hxx
-- Installing: C:/Users/Davi/Downloads/oma/.release/native-build/sdk/occt/inc/IntTools_SequenceOfCommonPrts.hxx
-- Installing: C:/Users/Davi/Downloads/oma/.release/native-build/sdk/occt/inc/IntTools_SequenceOfCurves.hxx
-- Installing: C:/Users/Davi/Downloads/oma/.release/native-build/sdk/occt/inc/IntTools_SequenceOfPntOn2Faces.hxx
-- Installing: C:/Users/Davi/Downloads/oma/.release/native-build/sdk/occt/inc/IntTools_SequenceOfRanges.hxx
-- Installing: C:/Users/Davi/Downloads/oma/.release/native-build/sdk/occt/inc/IntTools_SequenceOfRoots.hxx
-- Installing: C:/Users/Davi/Downloads/oma/.release/native-build/sdk/occt/inc/IntTools_ShrunkRange.hxx
-- Installing: C:/Users/Davi/Downloads/oma/.release/native-build/sdk/occt/inc/IntTools_SurfaceRangeLocalizeData.hxx
-- Installing: C:/Users/Davi/Downloads/oma/.release/native-build/sdk/occt/inc/IntTools_SurfaceRangeLocalizeData.lxx
-- Installing: C:/Users/Davi/Downloads/oma/.release/native-build/sdk/occt/inc/IntTools_SurfaceRangeSample.hxx
-- Installing: C:/Users/Davi/Downloads/oma/.release/native-build/sdk/occt/inc/IntTools_SurfaceRangeSample.lxx
-- Installing: C:/Users/Davi/Downloads/oma/.release/native-build/sdk/occt/inc/IntTools_Tools.hxx
-- Installing: C:/Users/Davi/Downloads/oma/.release/native-build/sdk/occt/inc/IntTools_TopolTool.hxx
-- Installing: C:/Users/Davi/Downloads/oma/.release/native-build/sdk/occt/inc/IntTools_WLineTool.hxx
-- Installing: C:/Users/Davi/Downloads/oma/.release/native-build/sdk/occt/inc/BRepAlgoAPI_Algo.hxx
-- Installing: C:/Users/Davi/Downloads/oma/.release/native-build/sdk/occt/inc/BRepAlgoAPI_BooleanOperation.hxx
-- Installing: C:/Users/Davi/Downloads/oma/.release/native-build/sdk/occt/inc/BRepAlgoAPI_BuilderAlgo.hxx
-- Installing: C:/Users/Davi/Downloads/oma/.release/native-build/sdk/occt/inc/BRepAlgoAPI_Check.hxx
-- Installing: C:/Users/Davi/Downloads/oma/.release/native-build/sdk/occt/inc/BRepAlgoAPI_Common.hxx
-- Installing: C:/Users/Davi/Downloads/oma/.release/native-build/sdk/occt/inc/BRepAlgoAPI_Cut.hxx
-- Installing: C:/Users/Davi/Downloads/oma/.release/native-build/sdk/occt/inc/BRepAlgoAPI_Defeaturing.hxx
-- Installing: C:/Users/Davi/Downloads/oma/.release/native-build/sdk/occt/inc/BRepAlgoAPI_Fuse.hxx
-- Installing: C:/Users/Davi/Downloads/oma/.release/native-build/sdk/occt/inc/BRepAlgoAPI_Section.hxx
-- Installing: C:/Users/Davi/Downloads/oma/.release/native-build/sdk/occt/inc/BRepAlgoAPI_Splitter.hxx
-- Installing: C:/Users/Davi/Downloads/oma/.release/native-build/sdk/occt/inc/BOPDS_CommonBlock.hxx
-- Installing: C:/Users/Davi/Downloads/oma/.release/native-build/sdk/occt/inc/BOPDS_CoupleOfPaveBlocks.hxx
-- Installing: C:/Users/Davi/Downloads/oma/.release/native-build/sdk/occt/inc/BOPDS_Curve.hxx
-- Installing: C:/Users/Davi/Downloads/oma/.release/native-build/sdk/occt/inc/BOPDS_Curve.lxx
-- Installing: C:/Users/Davi/Downloads/oma/.release/native-build/sdk/occt/inc/BOPDS_DS.hxx
-- Installing: C:/Users/Davi/Downloads/oma/.release/native-build/sdk/occt/inc/BOPDS_DS.lxx
-- Installing: C:/Users/Davi/Downloads/oma/.release/native-build/sdk/occt/inc/BOPDS_DataMapOfIntegerListOfPaveBlock.hxx
-- Installing: C:/Users/Davi/Downloads/oma/.release/native-build/sdk/occt/inc/BOPDS_DataMapOfPaveBlockCommonBlock.hxx
-- Installing: C:/Users/Davi/Downloads/oma/.release/native-build/sdk/occt/inc/BOPDS_DataMapOfPaveBlockListOfInteger.hxx
-- Installing: C:/Users/Davi/Downloads/oma/.release/native-build/sdk/occt/inc/BOPDS_DataMapOfPaveBlockListOfPaveBlock.hxx
-- Installing: C:/Users/Davi/Downloads/oma/.release/native-build/sdk/occt/inc/BOPDS_DataMapOfShapeCoupleOfPaveBlocks.hxx
-- Installing: C:/Users/Davi/Downloads/oma/.release/native-build/sdk/occt/inc/BOPDS_FaceInfo.hxx
-- Installing: C:/Users/Davi/Downloads/oma/.release/native-build/sdk/occt/inc/BOPDS_FaceInfo.lxx
-- Installing: C:/Users/Davi/Downloads/oma/.release/native-build/sdk/occt/inc/BOPDS_IndexRange.hxx
-- Installing: C:/Users/Davi/Downloads/oma/.release/native-build/sdk/occt/inc/BOPDS_IndexRange.lxx
-- Installing: C:/Users/Davi/Downloads/oma/.release/native-build/sdk/occt/inc/BOPDS_IndexedDataMapOfPaveBlockListOfInteger.hxx
-- Installing: C:/Users/Davi/Downloads/oma/.release/native-build/sdk/occt/inc/BOPDS_IndexedDataMapOfPaveBlockListOfPaveBlock.hxx
-- Installing: C:/Users/Davi/Downloads/oma/.release/native-build/sdk/occt/inc/BOPDS_IndexedDataMapOfShapeCoupleOfPaveBlocks.hxx
-- Installing: C:/Users/Davi/Downloads/oma/.release/native-build/sdk/occt/inc/BOPDS_IndexedMapOfPaveBlock.hxx
-- Installing: C:/Users/Davi/Downloads/oma/.release/native-build/sdk/occt/inc/BOPDS_Interf.hxx
-- Installing: C:/Users/Davi/Downloads/oma/.release/native-build/sdk/occt/inc/BOPDS_Iterator.hxx
-- Installing: C:/Users/Davi/Downloads/oma/.release/native-build/sdk/occt/inc/BOPDS_IteratorSI.hxx
-- Installing: C:/Users/Davi/Downloads/oma/.release/native-build/sdk/occt/inc/BOPDS_ListOfPave.hxx
-- Installing: C:/Users/Davi/Downloads/oma/.release/native-build/sdk/occt/inc/BOPDS_ListOfPaveBlock.hxx
-- Installing: C:/Users/Davi/Downloads/oma/.release/native-build/sdk/occt/inc/BOPDS_MapOfCommonBlock.hxx
-- Installing: C:/Users/Davi/Downloads/oma/.release/native-build/sdk/occt/inc/BOPDS_MapOfPair.hxx
-- Installing: C:/Users/Davi/Downloads/oma/.release/native-build/sdk/occt/inc/BOPDS_MapOfPave.hxx
-- Installing: C:/Users/Davi/Downloads/oma/.release/native-build/sdk/occt/inc/BOPDS_MapOfPaveBlock.hxx
-- Installing: C:/Users/Davi/Downloads/oma/.release/native-build/sdk/occt/inc/BOPDS_PDS.hxx
-- Installing: C:/Users/Davi/Downloads/oma/.release/native-build/sdk/occt/inc/BOPDS_PIterator.hxx
-- Installing: C:/Users/Davi/Downloads/oma/.release/native-build/sdk/occt/inc/BOPDS_PIteratorSI.hxx
-- Installing: C:/Users/Davi/Downloads/oma/.release/native-build/sdk/occt/inc/BOPDS_Pair.hxx
-- Installing: C:/Users/Davi/Downloads/oma/.release/native-build/sdk/occt/inc/BOPDS_Pave.hxx
-- Installing: C:/Users/Davi/Downloads/oma/.release/native-build/sdk/occt/inc/BOPDS_Pave.lxx
-- Installing: C:/Users/Davi/Downloads/oma/.release/native-build/sdk/occt/inc/BOPDS_PaveBlock.hxx
-- Installing: C:/Users/Davi/Downloads/oma/.release/native-build/sdk/occt/inc/BOPDS_Point.hxx
-- Installing: C:/Users/Davi/Downloads/oma/.release/native-build/sdk/occt/inc/BOPDS_Point.lxx
-- Installing: C:/Users/Davi/Downloads/oma/.release/native-build/sdk/occt/inc/BOPDS_ShapeInfo.hxx
-- Installing: C:/Users/Davi/Downloads/oma/.release/native-build/sdk/occt/inc/BOPDS_ShapeInfo.lxx
-- Installing: C:/Users/Davi/Downloads/oma/.release/native-build/sdk/occt/inc/BOPDS_SubIterator.hxx
-- Installing: C:/Users/Davi/Downloads/oma/.release/native-build/sdk/occt/inc/BOPDS_Tools.hxx
-- Installing: C:/Users/Davi/Downloads/oma/.release/native-build/sdk/occt/inc/BOPDS_Tools.lxx
-- Installing: C:/Users/Davi/Downloads/oma/.release/native-build/sdk/occt/inc/BOPDS_VectorOfCurve.hxx
-- Installing: C:/Users/Davi/Downloads/oma/.release/native-build/sdk/occt/inc/BOPDS_VectorOfFaceInfo.hxx
-- Installing: C:/Users/Davi/Downloads/oma/.release/native-build/sdk/occt/inc/BOPDS_VectorOfIndexRange.hxx
-- Installing: C:/Users/Davi/Downloads/oma/.release/native-build/sdk/occt/inc/BOPDS_VectorOfInterfEE.hxx
-- Installing: C:/Users/Davi/Downloads/oma/.release/native-build/sdk/occt/inc/BOPDS_VectorOfInterfEF.hxx
-- Installing: C:/Users/Davi/Downloads/oma/.release/native-build/sdk/occt/inc/BOPDS_VectorOfInterfEZ.hxx
-- Installing: C:/Users/Davi/Downloads/oma/.release/native-build/sdk/occt/inc/BOPDS_VectorOfInterfFF.hxx
-- Installing: C:/Users/Davi/Downloads/oma/.release/native-build/sdk/occt/inc/BOPDS_VectorOfInterfFZ.hxx
-- Installing: C:/Users/Davi/Downloads/oma/.release/native-build/sdk/occt/inc/BOPDS_VectorOfInterfVE.hxx
-- Installing: C:/Users/Davi/Downloads/oma/.release/native-build/sdk/occt/inc/BOPDS_VectorOfInterfVF.hxx
-- Installing: C:/Users/Davi/Downloads/oma/.release/native-build/sdk/occt/inc/BOPDS_VectorOfInterfVV.hxx
-- Installing: C:/Users/Davi/Downloads/oma/.release/native-build/sdk/occt/inc/BOPDS_VectorOfInterfVZ.hxx
-- Installing: C:/Users/Davi/Downloads/oma/.release/native-build/sdk/occt/inc/BOPDS_VectorOfInterfZZ.hxx
-- Installing: C:/Users/Davi/Downloads/oma/.release/native-build/sdk/occt/inc/BOPDS_VectorOfListOfPaveBlock.hxx
-- Installing: C:/Users/Davi/Downloads/oma/.release/native-build/sdk/occt/inc/BOPDS_VectorOfPair.hxx
-- Installing: C:/Users/Davi/Downloads/oma/.release/native-build/sdk/occt/inc/BOPDS_VectorOfPave.hxx
-- Installing: C:/Users/Davi/Downloads/oma/.release/native-build/sdk/occt/inc/BOPDS_VectorOfPoint.hxx
-- Installing: C:/Users/Davi/Downloads/oma/.release/native-build/sdk/occt/inc/BOPDS_VectorOfShapeInfo.hxx
-- Installing: C:/Users/Davi/Downloads/oma/.release/native-build/sdk/occt/inc/BOPDS_VectorOfVectorOfPair.hxx
-- Installing: C:/Users/Davi/Downloads/oma/.release/native-build/sdk/occt/inc/BOPAlgo_Alerts.hxx
-- Installing: C:/Users/Davi/Downloads/oma/.release/native-build/sdk/occt/inc/BOPAlgo_Algo.hxx
-- Installing: C:/Users/Davi/Downloads/oma/.release/native-build/sdk/occt/inc/BOPAlgo_ArgumentAnalyzer.hxx
-- Installing: C:/Users/Davi/Downloads/oma/.release/native-build/sdk/occt/inc/BOPAlgo_ArgumentAnalyzer.lxx
-- Installing: C:/Users/Davi/Downloads/oma/.release/native-build/sdk/occt/inc/BOPAlgo_BOP.hxx
-- Installing: C:/Users/Davi/Downloads/oma/.release/native-build/sdk/occt/inc/BOPAlgo_Builder.hxx
-- Installing: C:/Users/Davi/Downloads/oma/.release/native-build/sdk/occt/inc/BOPAlgo_BuilderArea.hxx
-- Installing: C:/Users/Davi/Downloads/oma/.release/native-build/sdk/occt/inc/BOPAlgo_BuilderFace.hxx
-- Installing: C:/Users/Davi/Downloads/oma/.release/native-build/sdk/occt/inc/BOPAlgo_BuilderShape.hxx
-- Installing: C:/Users/Davi/Downloads/oma/.release/native-build/sdk/occt/inc/BOPAlgo_BuilderSolid.hxx
-- Installing: C:/Users/Davi/Downloads/oma/.release/native-build/sdk/occt/inc/BOPAlgo_CellsBuilder.hxx
-- Installing: C:/Users/Davi/Downloads/oma/.release/native-build/sdk/occt/inc/BOPAlgo_CheckResult.hxx
-- Installing: C:/Users/Davi/Downloads/oma/.release/native-build/sdk/occt/inc/BOPAlgo_CheckStatus.hxx
-- Installing: C:/Users/Davi/Downloads/oma/.release/native-build/sdk/occt/inc/BOPAlgo_CheckerSI.hxx
-- Installing: C:/Users/Davi/Downloads/oma/.release/native-build/sdk/occt/inc/BOPAlgo_GlueEnum.hxx
-- Installing: C:/Users/Davi/Downloads/oma/.release/native-build/sdk/occt/inc/BOPAlgo_ListOfCheckResult.hxx
-- Installing: C:/Users/Davi/Downloads/oma/.release/native-build/sdk/occt/inc/BOPAlgo_MakeConnected.hxx
-- Installing: C:/Users/Davi/Downloads/oma/.release/native-build/sdk/occt/inc/BOPAlgo_MakePeriodic.hxx
-- Installing: C:/Users/Davi/Downloads/oma/.release/native-build/sdk/occt/inc/BOPAlgo_MakerVolume.hxx
-- Installing: C:/Users/Davi/Downloads/oma/.release/native-build/sdk/occt/inc/BOPAlgo_MakerVolume.lxx
-- Installing: C:/Users/Davi/Downloads/oma/.release/native-build/sdk/occt/inc/BOPAlgo_Operation.hxx
-- Installing: C:/Users/Davi/Downloads/oma/.release/native-build/sdk/occt/inc/BOPAlgo_Options.hxx
-- Installing: C:/Users/Davi/Downloads/oma/.release/native-build/sdk/occt/inc/BOPAlgo_PArgumentAnalyzer.hxx
-- Installing: C:/Users/Davi/Downloads/oma/.release/native-build/sdk/occt/inc/BOPAlgo_PBOP.hxx
-- Installing: C:/Users/Davi/Downloads/oma/.release/native-build/sdk/occt/inc/BOPAlgo_PBuilder.hxx
-- Installing: C:/Users/Davi/Downloads/oma/.release/native-build/sdk/occt/inc/BOPAlgo_PPaveFiller.hxx
-- Installing: C:/Users/Davi/Downloads/oma/.release/native-build/sdk/occt/inc/BOPAlgo_PSection.hxx
-- Installing: C:/Users/Davi/Downloads/oma/.release/native-build/sdk/occt/inc/BOPAlgo_PWireEdgeSet.hxx
-- Installing: C:/Users/Davi/Downloads/oma/.release/native-build/sdk/occt/inc/BOPAlgo_PaveFiller.hxx
-- Installing: C:/Users/Davi/Downloads/oma/.release/native-build/sdk/occt/inc/BOPAlgo_RemoveFeatures.hxx
-- Installing: C:/Users/Davi/Downloads/oma/.release/native-build/sdk/occt/inc/BOPAlgo_Section.hxx
-- Installing: C:/Users/Davi/Downloads/oma/.release/native-build/sdk/occt/inc/BOPAlgo_SectionAttribute.hxx
-- Installing: C:/Users/Davi/Downloads/oma/.release/native-build/sdk/occt/inc/BOPAlgo_ShellSplitter.hxx
-- Installing: C:/Users/Davi/Downloads/oma/.release/native-build/sdk/occt/inc/BOPAlgo_Splitter.hxx
-- Installing: C:/Users/Davi/Downloads/oma/.release/native-build/sdk/occt/inc/BOPAlgo_Tools.hxx
-- Installing: C:/Users/Davi/Downloads/oma/.release/native-build/sdk/occt/inc/BOPAlgo_ToolsProvider.hxx
-- Installing: C:/Users/Davi/Downloads/oma/.release/native-build/sdk/occt/inc/BOPAlgo_WireEdgeSet.hxx
-- Installing: C:/Users/Davi/Downloads/oma/.release/native-build/sdk/occt/inc/BOPAlgo_WireEdgeSet.lxx
-- Installing: C:/Users/Davi/Downloads/oma/.release/native-build/sdk/occt/inc/BOPAlgo_WireSplitter.hxx
-- Installing: C:/Users/Davi/Downloads/oma/.release/native-build/sdk/occt/inc/BOPAlgo_WireSplitter.lxx
-- Installing: C:/Users/Davi/Downloads/oma/.release/native-build/sdk/occt/inc/BOPTools_AlgoTools.hxx
-- Installing: C:/Users/Davi/Downloads/oma/.release/native-build/sdk/occt/inc/BOPTools_AlgoTools2D.hxx
-- Installing: C:/Users/Davi/Downloads/oma/.release/native-build/sdk/occt/inc/BOPTools_AlgoTools3D.hxx
-- Installing: C:/Users/Davi/Downloads/oma/.release/native-build/sdk/occt/inc/BOPTools_BoxSelector.hxx
-- Installing: C:/Users/Davi/Downloads/oma/.release/native-build/sdk/occt/inc/BOPTools_BoxTree.hxx
-- Installing: C:/Users/Davi/Downloads/oma/.release/native-build/sdk/occt/inc/BOPTools_ConnexityBlock.hxx
-- Installing: C:/Users/Davi/Downloads/oma/.release/native-build/sdk/occt/inc/BOPTools_CoupleOfShape.hxx
-- Installing: C:/Users/Davi/Downloads/oma/.release/native-build/sdk/occt/inc/BOPTools_IndexedDataMapOfSetShape.hxx
-- Installing: C:/Users/Davi/Downloads/oma/.release/native-build/sdk/occt/inc/BOPTools_ListOfConnexityBlock.hxx
-- Installing: C:/Users/Davi/Downloads/oma/.release/native-build/sdk/occt/inc/BOPTools_ListOfCoupleOfShape.hxx
-- Installing: C:/Users/Davi/Downloads/oma/.release/native-build/sdk/occt/inc/BOPTools_MapOfSet.hxx
-- Installing: C:/Users/Davi/Downloads/oma/.release/native-build/sdk/occt/inc/BOPTools_PairSelector.hxx
-- Installing: C:/Users/Davi/Downloads/oma/.release/native-build/sdk/occt/inc/BOPTools_Parallel.hxx
-- Installing: C:/Users/Davi/Downloads/oma/.release/native-build/sdk/occt/inc/BOPTools_Set.hxx
-- Installing: C:/Users/Davi/Downloads/oma/.release/native-build/sdk/occt/inc/ShapeBuild.hxx
-- Installing: C:/Users/Davi/Downloads/oma/.release/native-build/sdk/occt/inc/ShapeBuild_Edge.hxx
-- Installing: C:/Users/Davi/Downloads/oma/.release/native-build/sdk/occt/inc/ShapeBuild_ReShape.hxx
-- Installing: C:/Users/Davi/Downloads/oma/.release/native-build/sdk/occt/inc/ShapeBuild_Vertex.hxx
-- Installing: C:/Users/Davi/Downloads/oma/.release/native-build/sdk/occt/inc/ShapeExtend.hxx
-- Installing: C:/Users/Davi/Downloads/oma/.release/native-build/sdk/occt/inc/ShapeExtend_BasicMsgRegistrator.hxx
-- Installing: C:/Users/Davi/Downloads/oma/.release/native-build/sdk/occt/inc/ShapeExtend_ComplexCurve.hxx
-- Installing: C:/Users/Davi/Downloads/oma/.release/native-build/sdk/occt/inc/ShapeExtend_ComplexCurve.lxx
-- Installing: C:/Users/Davi/Downloads/oma/.release/native-build/sdk/occt/inc/ShapeExtend_CompositeSurface.hxx
-- Installing: C:/Users/Davi/Downloads/oma/.release/native-build/sdk/occt/inc/ShapeExtend_DataMapIteratorOfDataMapOfShapeListOfMsg.hxx
-- Installing: C:/Users/Davi/Downloads/oma/.release/native-build/sdk/occt/inc/ShapeExtend_DataMapIteratorOfDataMapOfTransientListOfMsg.hxx
-- Installing: C:/Users/Davi/Downloads/oma/.release/native-build/sdk/occt/inc/ShapeExtend_DataMapOfShapeListOfMsg.hxx
-- Installing: C:/Users/Davi/Downloads/oma/.release/native-build/sdk/occt/inc/ShapeExtend_DataMapOfTransientListOfMsg.hxx
-- Installing: C:/Users/Davi/Downloads/oma/.release/native-build/sdk/occt/inc/ShapeExtend_Explorer.hxx
-- Installing: C:/Users/Davi/Downloads/oma/.release/native-build/sdk/occt/inc/ShapeExtend_MsgRegistrator.hxx
-- Installing: C:/Users/Davi/Downloads/oma/.release/native-build/sdk/occt/inc/ShapeExtend_MsgRegistrator.lxx
-- Installing: C:/Users/Davi/Downloads/oma/.release/native-build/sdk/occt/inc/ShapeExtend_Parametrisation.hxx
-- Installing: C:/Users/Davi/Downloads/oma/.release/native-build/sdk/occt/inc/ShapeExtend_Status.hxx
-- Installing: C:/Users/Davi/Downloads/oma/.release/native-build/sdk/occt/inc/ShapeExtend_WireData.hxx
-- Installing: C:/Users/Davi/Downloads/oma/.release/native-build/sdk/occt/inc/ShapeConstruct.hxx
-- Installing: C:/Users/Davi/Downloads/oma/.release/native-build/sdk/occt/inc/ShapeConstruct_Curve.hxx
-- Installing: C:/Users/Davi/Downloads/oma/.release/native-build/sdk/occt/inc/ShapeConstruct_MakeTriangulation.hxx
-- Installing: C:/Users/Davi/Downloads/oma/.release/native-build/sdk/occt/inc/ShapeConstruct_ProjectCurveOnSurface.hxx
-- Installing: C:/Users/Davi/Downloads/oma/.release/native-build/sdk/occt/inc/ShapeCustom.hxx
-- Installing: C:/Users/Davi/Downloads/oma/.release/native-build/sdk/occt/inc/ShapeCustom_BSplineRestriction.hxx
-- Installing: C:/Users/Davi/Downloads/oma/.release/native-build/sdk/occt/inc/ShapeCustom_BSplineRestriction.lxx
-- Installing: C:/Users/Davi/Downloads/oma/.release/native-build/sdk/occt/inc/ShapeCustom_ConvertToBSpline.hxx
-- Installing: C:/Users/Davi/Downloads/oma/.release/native-build/sdk/occt/inc/ShapeCustom_ConvertToRevolution.hxx
-- Installing: C:/Users/Davi/Downloads/oma/.release/native-build/sdk/occt/inc/ShapeCustom_Curve.hxx
-- Installing: C:/Users/Davi/Downloads/oma/.release/native-build/sdk/occt/inc/ShapeCustom_Curve2d.hxx
-- Installing: C:/Users/Davi/Downloads/oma/.release/native-build/sdk/occt/inc/ShapeCustom_DirectModification.hxx
-- Installing: C:/Users/Davi/Downloads/oma/.release/native-build/sdk/occt/inc/ShapeCustom_Modification.hxx
-- Installing: C:/Users/Davi/Downloads/oma/.release/native-build/sdk/occt/inc/ShapeCustom_RestrictionParameters.hxx
-- Installing: C:/Users/Davi/Downloads/oma/.release/native-build/sdk/occt/inc/ShapeCustom_RestrictionParameters.lxx
-- Installing: C:/Users/Davi/Downloads/oma/.release/native-build/sdk/occt/inc/ShapeCustom_Surface.hxx
-- Installing: C:/Users/Davi/Downloads/oma/.release/native-build/sdk/occt/inc/ShapeCustom_Surface.lxx
-- Installing: C:/Users/Davi/Downloads/oma/.release/native-build/sdk/occt/inc/ShapeCustom_SweptToElementary.hxx
-- Installing: C:/Users/Davi/Downloads/oma/.release/native-build/sdk/occt/inc/ShapeCustom_TrsfModification.hxx
-- Installing: C:/Users/Davi/Downloads/oma/.release/native-build/sdk/occt/inc/ShapeAnalysis.hxx
-- Installing: C:/Users/Davi/Downloads/oma/.release/native-build/sdk/occt/inc/ShapeAnalysis_BoxBndTree.hxx
-- Installing: C:/Users/Davi/Downloads/oma/.release/native-build/sdk/occt/inc/ShapeAnalysis_CanonicalRecognition.hxx
-- Installing: C:/Users/Davi/Downloads/oma/.release/native-build/sdk/occt/inc/ShapeAnalysis_CheckSmallFace.hxx
-- Installing: C:/Users/Davi/Downloads/oma/.release/native-build/sdk/occt/inc/ShapeAnalysis_CheckSmallFace.lxx
-- Installing: C:/Users/Davi/Downloads/oma/.release/native-build/sdk/occt/inc/ShapeAnalysis_Curve.hxx
-- Installing: C:/Users/Davi/Downloads/oma/.release/native-build/sdk/occt/inc/ShapeAnalysis_DataMapIteratorOfDataMapOfShapeListOfReal.hxx
-- Installing: C:/Users/Davi/Downloads/oma/.release/native-build/sdk/occt/inc/ShapeAnalysis_DataMapOfShapeListOfReal.hxx
-- Installing: C:/Users/Davi/Downloads/oma/.release/native-build/sdk/occt/inc/ShapeAnalysis_Edge.hxx
-- Installing: C:/Users/Davi/Downloads/oma/.release/native-build/sdk/occt/inc/ShapeAnalysis_FreeBoundData.hxx
-- Installing: C:/Users/Davi/Downloads/oma/.release/native-build/sdk/occt/inc/ShapeAnalysis_FreeBoundData.lxx
-- Installing: C:/Users/Davi/Downloads/oma/.release/native-build/sdk/occt/inc/ShapeAnalysis_FreeBounds.hxx
-- Installing: C:/Users/Davi/Downloads/oma/.release/native-build/sdk/occt/inc/ShapeAnalysis_FreeBounds.lxx
-- Installing: C:/Users/Davi/Downloads/oma/.release/native-build/sdk/occt/inc/ShapeAnalysis_FreeBoundsProperties.hxx
-- Installing: C:/Users/Davi/Downloads/oma/.release/native-build/sdk/occt/inc/ShapeAnalysis_FreeBoundsProperties.lxx
-- Installing: C:/Users/Davi/Downloads/oma/.release/native-build/sdk/occt/inc/ShapeAnalysis_Geom.hxx
-- Installing: C:/Users/Davi/Downloads/oma/.release/native-build/sdk/occt/inc/ShapeAnalysis_HSequenceOfFreeBounds.hxx
-- Installing: C:/Users/Davi/Downloads/oma/.release/native-build/sdk/occt/inc/ShapeAnalysis_SequenceOfFreeBounds.hxx
-- Installing: C:/Users/Davi/Downloads/oma/.release/native-build/sdk/occt/inc/ShapeAnalysis_ShapeContents.hxx
-- Installing: C:/Users/Davi/Downloads/oma/.release/native-build/sdk/occt/inc/ShapeAnalysis_ShapeTolerance.hxx
-- Installing: C:/Users/Davi/Downloads/oma/.release/native-build/sdk/occt/inc/ShapeAnalysis_Shell.hxx
-- Installing: C:/Users/Davi/Downloads/oma/.release/native-build/sdk/occt/inc/ShapeAnalysis_Surface.hxx
-- Installing: C:/Users/Davi/Downloads/oma/.release/native-build/sdk/occt/inc/ShapeAnalysis_Surface.lxx
-- Installing: C:/Users/Davi/Downloads/oma/.release/native-build/sdk/occt/inc/ShapeAnalysis_TransferParameters.hxx
-- Installing: C:/Users/Davi/Downloads/oma/.release/native-build/sdk/occt/inc/ShapeAnalysis_TransferParametersProj.hxx
-- Installing: C:/Users/Davi/Downloads/oma/.release/native-build/sdk/occt/inc/ShapeAnalysis_Wire.hxx
-- Installing: C:/Users/Davi/Downloads/oma/.release/native-build/sdk/occt/inc/ShapeAnalysis_Wire.lxx
-- Installing: C:/Users/Davi/Downloads/oma/.release/native-build/sdk/occt/inc/ShapeAnalysis_WireOrder.hxx
-- Installing: C:/Users/Davi/Downloads/oma/.release/native-build/sdk/occt/inc/ShapeAnalysis_WireVertex.hxx
-- Installing: C:/Users/Davi/Downloads/oma/.release/native-build/sdk/occt/inc/ShapeFix.hxx
-- Installing: C:/Users/Davi/Downloads/oma/.release/native-build/sdk/occt/inc/ShapeFix_ComposeShell.hxx
-- Installing: C:/Users/Davi/Downloads/oma/.release/native-build/sdk/occt/inc/ShapeFix_DataMapIteratorOfDataMapOfShapeBox2d.hxx
-- Installing: C:/Users/Davi/Downloads/oma/.release/native-build/sdk/occt/inc/ShapeFix_DataMapOfShapeBox2d.hxx
-- Installing: C:/Users/Davi/Downloads/oma/.release/native-build/sdk/occt/inc/ShapeFix_Edge.hxx
-- Installing: C:/Users/Davi/Downloads/oma/.release/native-build/sdk/occt/inc/ShapeFix_EdgeConnect.hxx
-- Installing: C:/Users/Davi/Downloads/oma/.release/native-build/sdk/occt/inc/ShapeFix_EdgeProjAux.hxx
-- Installing: C:/Users/Davi/Downloads/oma/.release/native-build/sdk/occt/inc/ShapeFix_Face.hxx
-- Installing: C:/Users/Davi/Downloads/oma/.release/native-build/sdk/occt/inc/ShapeFix_Face.lxx
-- Installing: C:/Users/Davi/Downloads/oma/.release/native-build/sdk/occt/inc/ShapeFix_FaceConnect.hxx
-- Installing: C:/Users/Davi/Downloads/oma/.release/native-build/sdk/occt/inc/ShapeFix_FixSmallFace.hxx
-- Installing: C:/Users/Davi/Downloads/oma/.release/native-build/sdk/occt/inc/ShapeFix_FixSmallSolid.hxx
-- Installing: C:/Users/Davi/Downloads/oma/.release/native-build/sdk/occt/inc/ShapeFix_FreeBounds.hxx
-- Installing: C:/Users/Davi/Downloads/oma/.release/native-build/sdk/occt/inc/ShapeFix_FreeBounds.lxx
-- Installing: C:/Users/Davi/Downloads/oma/.release/native-build/sdk/occt/inc/ShapeFix_IntersectionTool.hxx
-- Installing: C:/Users/Davi/Downloads/oma/.release/native-build/sdk/occt/inc/ShapeFix_IntersectionTool.lxx
-- Installing: C:/Users/Davi/Downloads/oma/.release/native-build/sdk/occt/inc/ShapeFix_Root.hxx
-- Installing: C:/Users/Davi/Downloads/oma/.release/native-build/sdk/occt/inc/ShapeFix_Root.lxx
-- Installing: C:/Users/Davi/Downloads/oma/.release/native-build/sdk/occt/inc/ShapeFix_SequenceOfWireSegment.hxx
-- Installing: C:/Users/Davi/Downloads/oma/.release/native-build/sdk/occt/inc/ShapeFix_Shape.hxx
-- Installing: C:/Users/Davi/Downloads/oma/.release/native-build/sdk/occt/inc/ShapeFix_Shape.lxx
-- Installing: C:/Users/Davi/Downloads/oma/.release/native-build/sdk/occt/inc/ShapeFix_ShapeTolerance.hxx
-- Installing: C:/Users/Davi/Downloads/oma/.release/native-build/sdk/occt/inc/ShapeFix_Shell.hxx
-- Installing: C:/Users/Davi/Downloads/oma/.release/native-build/sdk/occt/inc/ShapeFix_Shell.lxx
-- Installing: C:/Users/Davi/Downloads/oma/.release/native-build/sdk/occt/inc/ShapeFix_Solid.hxx
-- Installing: C:/Users/Davi/Downloads/oma/.release/native-build/sdk/occt/inc/ShapeFix_SplitCommonVertex.hxx
-- Installing: C:/Users/Davi/Downloads/oma/.release/native-build/sdk/occt/inc/ShapeFix_SplitTool.hxx
-- Installing: C:/Users/Davi/Downloads/oma/.release/native-build/sdk/occt/inc/ShapeFix_Wire.hxx
-- Installing: C:/Users/Davi/Downloads/oma/.release/native-build/sdk/occt/inc/ShapeFix_Wire.lxx
-- Installing: C:/Users/Davi/Downloads/oma/.release/native-build/sdk/occt/inc/ShapeFix_WireSegment.hxx
-- Installing: C:/Users/Davi/Downloads/oma/.release/native-build/sdk/occt/inc/ShapeFix_WireVertex.hxx
-- Installing: C:/Users/Davi/Downloads/oma/.release/native-build/sdk/occt/inc/ShapeFix_Wireframe.hxx
-- Installing: C:/Users/Davi/Downloads/oma/.release/native-build/sdk/occt/inc/ShapeFix_Wireframe.lxx
-- Installing: C:/Users/Davi/Downloads/oma/.release/native-build/sdk/occt/inc/ShapeUpgrade.hxx
-- Installing: C:/Users/Davi/Downloads/oma/.release/native-build/sdk/occt/inc/ShapeUpgrade_ClosedEdgeDivide.hxx
-- Installing: C:/Users/Davi/Downloads/oma/.release/native-build/sdk/occt/inc/ShapeUpgrade_ClosedFaceDivide.hxx
-- Installing: C:/Users/Davi/Downloads/oma/.release/native-build/sdk/occt/inc/ShapeUpgrade_ConvertCurve2dToBezier.hxx
-- Installing: C:/Users/Davi/Downloads/oma/.release/native-build/sdk/occt/inc/ShapeUpgrade_ConvertCurve3dToBezier.hxx
-- Installing: C:/Users/Davi/Downloads/oma/.release/native-build/sdk/occt/inc/ShapeUpgrade_ConvertCurve3dToBezier.lxx
-- Installing: C:/Users/Davi/Downloads/oma/.release/native-build/sdk/occt/inc/ShapeUpgrade_ConvertSurfaceToBezierBasis.hxx
-- Installing: C:/Users/Davi/Downloads/oma/.release/native-build/sdk/occt/inc/ShapeUpgrade_ConvertSurfaceToBezierBasis.lxx
-- Installing: C:/Users/Davi/Downloads/oma/.release/native-build/sdk/occt/inc/ShapeUpgrade_EdgeDivide.hxx
-- Installing: C:/Users/Davi/Downloads/oma/.release/native-build/sdk/occt/inc/ShapeUpgrade_EdgeDivide.lxx
-- Installing: C:/Users/Davi/Downloads/oma/.release/native-build/sdk/occt/inc/ShapeUpgrade_FaceDivide.hxx
-- Installing: C:/Users/Davi/Downloads/oma/.release/native-build/sdk/occt/inc/ShapeUpgrade_FaceDivideArea.hxx
-- Installing: C:/Users/Davi/Downloads/oma/.release/native-build/sdk/occt/inc/ShapeUpgrade_FaceDivideArea.lxx
-- Installing: C:/Users/Davi/Downloads/oma/.release/native-build/sdk/occt/inc/ShapeUpgrade_FixSmallBezierCurves.hxx
-- Installing: C:/Users/Davi/Downloads/oma/.release/native-build/sdk/occt/inc/ShapeUpgrade_FixSmallCurves.hxx
-- Installing: C:/Users/Davi/Downloads/oma/.release/native-build/sdk/occt/inc/ShapeUpgrade_RemoveInternalWires.hxx
-- Installing: C:/Users/Davi/Downloads/oma/.release/native-build/sdk/occt/inc/ShapeUpgrade_RemoveInternalWires.lxx
-- Installing: C:/Users/Davi/Downloads/oma/.release/native-build/sdk/occt/inc/ShapeUpgrade_RemoveLocations.hxx
-- Installing: C:/Users/Davi/Downloads/oma/.release/native-build/sdk/occt/inc/ShapeUpgrade_RemoveLocations.lxx
-- Installing: C:/Users/Davi/Downloads/oma/.release/native-build/sdk/occt/inc/ShapeUpgrade_ShapeConvertToBezier.hxx
-- Installing: C:/Users/Davi/Downloads/oma/.release/native-build/sdk/occt/inc/ShapeUpgrade_ShapeConvertToBezier.lxx
-- Installing: C:/Users/Davi/Downloads/oma/.release/native-build/sdk/occt/inc/ShapeUpgrade_ShapeDivide.hxx
-- Installing: C:/Users/Davi/Downloads/oma/.release/native-build/sdk/occt/inc/ShapeUpgrade_ShapeDivideAngle.hxx
-- Installing: C:/Users/Davi/Downloads/oma/.release/native-build/sdk/occt/inc/ShapeUpgrade_ShapeDivideArea.hxx
-- Installing: C:/Users/Davi/Downloads/oma/.release/native-build/sdk/occt/inc/ShapeUpgrade_ShapeDivideArea.lxx
-- Installing: C:/Users/Davi/Downloads/oma/.release/native-build/sdk/occt/inc/ShapeUpgrade_ShapeDivideClosed.hxx
-- Installing: C:/Users/Davi/Downloads/oma/.release/native-build/sdk/occt/inc/ShapeUpgrade_ShapeDivideClosedEdges.hxx
-- Installing: C:/Users/Davi/Downloads/oma/.release/native-build/sdk/occt/inc/ShapeUpgrade_ShapeDivideContinuity.hxx
-- Installing: C:/Users/Davi/Downloads/oma/.release/native-build/sdk/occt/inc/ShapeUpgrade_ShellSewing.hxx
-- Installing: C:/Users/Davi/Downloads/oma/.release/native-build/sdk/occt/inc/ShapeUpgrade_SplitCurve.hxx
-- Installing: C:/Users/Davi/Downloads/oma/.release/native-build/sdk/occt/inc/ShapeUpgrade_SplitCurve2d.hxx
-- Installing: C:/Users/Davi/Downloads/oma/.release/native-build/sdk/occt/inc/ShapeUpgrade_SplitCurve2dContinuity.hxx
-- Installing: C:/Users/Davi/Downloads/oma/.release/native-build/sdk/occt/inc/ShapeUpgrade_SplitCurve3d.hxx
-- Installing: C:/Users/Davi/Downloads/oma/.release/native-build/sdk/occt/inc/ShapeUpgrade_SplitCurve3dContinuity.hxx
-- Installing: C:/Users/Davi/Downloads/oma/.release/native-build/sdk/occt/inc/ShapeUpgrade_SplitSurface.hxx
-- Installing: C:/Users/Davi/Downloads/oma/.release/native-build/sdk/occt/inc/ShapeUpgrade_SplitSurfaceAngle.hxx
-- Installing: C:/Users/Davi/Downloads/oma/.release/native-build/sdk/occt/inc/ShapeUpgrade_SplitSurfaceArea.hxx
-- Installing: C:/Users/Davi/Downloads/oma/.release/native-build/sdk/occt/inc/ShapeUpgrade_SplitSurfaceArea.lxx
-- Installing: C:/Users/Davi/Downloads/oma/.release/native-build/sdk/occt/inc/ShapeUpgrade_SplitSurfaceContinuity.hxx
-- Installing: C:/Users/Davi/Downloads/oma/.release/native-build/sdk/occt/inc/ShapeUpgrade_Tool.hxx
-- Installing: C:/Users/Davi/Downloads/oma/.release/native-build/sdk/occt/inc/ShapeUpgrade_Tool.lxx
-- Installing: C:/Users/Davi/Downloads/oma/.release/native-build/sdk/occt/inc/ShapeUpgrade_UnifySameDomain.hxx
-- Installing: C:/Users/Davi/Downloads/oma/.release/native-build/sdk/occt/inc/ShapeUpgrade_WireDivide.hxx
-- Installing: C:/Users/Davi/Downloads/oma/.release/native-build/sdk/occt/inc/ShapeAlgo.hxx
-- Installing: C:/Users/Davi/Downloads/oma/.release/native-build/sdk/occt/inc/ShapeAlgo_AlgoContainer.hxx
-- Installing: C:/Users/Davi/Downloads/oma/.release/native-build/sdk/occt/inc/ShapeAlgo_AlgoContainer.lxx
-- Installing: C:/Users/Davi/Downloads/oma/.release/native-build/sdk/occt/inc/ShapeAlgo_ToolContainer.hxx
-- Installing: C:/Users/Davi/Downloads/oma/.release/native-build/sdk/occt/inc/ShapeProcess.hxx
-- Installing: C:/Users/Davi/Downloads/oma/.release/native-build/sdk/occt/inc/ShapeProcess_Context.hxx
-- Installing: C:/Users/Davi/Downloads/oma/.release/native-build/sdk/occt/inc/ShapeProcess_OperFunc.hxx
-- Installing: C:/Users/Davi/Downloads/oma/.release/native-build/sdk/occt/inc/ShapeProcess_OperLibrary.hxx
-- Installing: C:/Users/Davi/Downloads/oma/.release/native-build/sdk/occt/inc/ShapeProcess_Operator.hxx
-- Installing: C:/Users/Davi/Downloads/oma/.release/native-build/sdk/occt/inc/ShapeProcess_ShapeContext.hxx
-- Installing: C:/Users/Davi/Downloads/oma/.release/native-build/sdk/occt/inc/ShapeProcess_UOperator.hxx
-- Installing: C:/Users/Davi/Downloads/oma/.release/native-build/sdk/occt/inc/ShapeProcessAPI_ApplySequence.hxx
-- Installing: C:/Users/Davi/Downloads/oma/.release/native-build/sdk/occt/inc/TopOpeBRep.hxx
-- Installing: C:/Users/Davi/Downloads/oma/.release/native-build/sdk/occt/inc/TopOpeBRep_Array1OfLineInter.hxx
-- Installing: C:/Users/Davi/Downloads/oma/.release/native-build/sdk/occt/inc/TopOpeBRep_Array1OfVPointInter.hxx
-- Installing: C:/Users/Davi/Downloads/oma/.release/native-build/sdk/occt/inc/TopOpeBRep_Bipoint.hxx
-- Installing: C:/Users/Davi/Downloads/oma/.release/native-build/sdk/occt/inc/TopOpeBRep_DRAW.hxx
-- Installing: C:/Users/Davi/Downloads/oma/.release/native-build/sdk/occt/inc/TopOpeBRep_DSFiller.hxx
-- Installing: C:/Users/Davi/Downloads/oma/.release/native-build/sdk/occt/inc/TopOpeBRep_DataMapIteratorOfDataMapOfTopolTool.hxx
-- Installing: C:/Users/Davi/Downloads/oma/.release/native-build/sdk/occt/inc/TopOpeBRep_DataMapOfTopolTool.hxx
-- Installing: C:/Users/Davi/Downloads/oma/.release/native-build/sdk/occt/inc/TopOpeBRep_EdgesFiller.hxx
-- Installing: C:/Users/Davi/Downloads/oma/.release/native-build/sdk/occt/inc/TopOpeBRep_EdgesIntersector.hxx
-- Installing: C:/Users/Davi/Downloads/oma/.release/native-build/sdk/occt/inc/TopOpeBRep_FFDumper.hxx
-- Installing: C:/Users/Davi/Downloads/oma/.release/native-build/sdk/occt/inc/TopOpeBRep_FFTransitionTool.hxx
-- Installing: C:/Users/Davi/Downloads/oma/.release/native-build/sdk/occt/inc/TopOpeBRep_FaceEdgeFiller.hxx
-- Installing: C:/Users/Davi/Downloads/oma/.release/native-build/sdk/occt/inc/TopOpeBRep_FaceEdgeIntersector.hxx
-- Installing: C:/Users/Davi/Downloads/oma/.release/native-build/sdk/occt/inc/TopOpeBRep_FacesFiller.hxx
-- Installing: C:/Users/Davi/Downloads/oma/.release/native-build/sdk/occt/inc/TopOpeBRep_FacesIntersector.hxx
-- Installing: C:/Users/Davi/Downloads/oma/.release/native-build/sdk/occt/inc/TopOpeBRep_GeomTool.hxx
-- Installing: C:/Users/Davi/Downloads/oma/.release/native-build/sdk/occt/inc/TopOpeBRep_HArray1OfLineInter.hxx
-- Installing: C:/Users/Davi/Downloads/oma/.release/native-build/sdk/occt/inc/TopOpeBRep_HArray1OfVPointInter.hxx
-- Installing: C:/Users/Davi/Downloads/oma/.release/native-build/sdk/occt/inc/TopOpeBRep_Hctxee2d.hxx
-- Installing: C:/Users/Davi/Downloads/oma/.release/native-build/sdk/occt/inc/TopOpeBRep_Hctxff2d.hxx
-- Installing: C:/Users/Davi/Downloads/oma/.release/native-build/sdk/occt/inc/TopOpeBRep_LineInter.hxx
-- Installing: C:/Users/Davi/Downloads/oma/.release/native-build/sdk/occt/inc/TopOpeBRep_LineInter.lxx
-- Installing: C:/Users/Davi/Downloads/oma/.release/native-build/sdk/occt/inc/TopOpeBRep_ListIteratorOfListOfBipoint.hxx
-- Installing: C:/Users/Davi/Downloads/oma/.release/native-build/sdk/occt/inc/TopOpeBRep_ListOfBipoint.hxx
-- Installing: C:/Users/Davi/Downloads/oma/.release/native-build/sdk/occt/inc/TopOpeBRep_P2Dstatus.hxx
-- Installing: C:/Users/Davi/Downloads/oma/.release/native-build/sdk/occt/inc/TopOpeBRep_PEdgesIntersector.hxx
-- Installing: C:/Users/Davi/Downloads/oma/.release/native-build/sdk/occt/inc/TopOpeBRep_PFacesFiller.hxx
-- Installing: C:/Users/Davi/Downloads/oma/.release/native-build/sdk/occt/inc/TopOpeBRep_PFacesIntersector.hxx
-- Installing: C:/Users/Davi/Downloads/oma/.release/native-build/sdk/occt/inc/TopOpeBRep_PIntRes2d_IntersectionPoint.hxx
-- Installing: C:/Users/Davi/Downloads/oma/.release/native-build/sdk/occt/inc/TopOpeBRep_PLineInter.hxx
-- Installing: C:/Users/Davi/Downloads/oma/.release/native-build/sdk/occt/inc/TopOpeBRep_PPntOn2S.hxx
-- Installing: C:/Users/Davi/Downloads/oma/.release/native-build/sdk/occt/inc/TopOpeBRep_PThePointOfIntersection.hxx
-- Installing: C:/Users/Davi/Downloads/oma/.release/native-build/sdk/occt/inc/TopOpeBRep_Point2d.hxx
-- Installing: C:/Users/Davi/Downloads/oma/.release/native-build/sdk/occt/inc/TopOpeBRep_Point2d.lxx
-- Installing: C:/Users/Davi/Downloads/oma/.release/native-build/sdk/occt/inc/TopOpeBRep_PointClassifier.hxx
-- Installing: C:/Users/Davi/Downloads/oma/.release/native-build/sdk/occt/inc/TopOpeBRep_PointGeomTool.hxx
-- Installing: C:/Users/Davi/Downloads/oma/.release/native-build/sdk/occt/inc/TopOpeBRep_SequenceOfPoint2d.hxx
-- Installing: C:/Users/Davi/Downloads/oma/.release/native-build/sdk/occt/inc/TopOpeBRep_ShapeIntersector.hxx
-- Installing: C:/Users/Davi/Downloads/oma/.release/native-build/sdk/occt/inc/TopOpeBRep_ShapeIntersector2d.hxx
-- Installing: C:/Users/Davi/Downloads/oma/.release/native-build/sdk/occt/inc/TopOpeBRep_ShapeScanner.hxx
-- Installing: C:/Users/Davi/Downloads/oma/.release/native-build/sdk/occt/inc/TopOpeBRep_TypeLineCurve.hxx
-- Installing: C:/Users/Davi/Downloads/oma/.release/native-build/sdk/occt/inc/TopOpeBRep_VPointInter.hxx
-- Installing: C:/Users/Davi/Downloads/oma/.release/native-build/sdk/occt/inc/TopOpeBRep_VPointInter.lxx
-- Installing: C:/Users/Davi/Downloads/oma/.release/native-build/sdk/occt/inc/TopOpeBRep_VPointInterClassifier.hxx
-- Installing: C:/Users/Davi/Downloads/oma/.release/native-build/sdk/occt/inc/TopOpeBRep_VPointInterIterator.hxx
-- Installing: C:/Users/Davi/Downloads/oma/.release/native-build/sdk/occt/inc/TopOpeBRep_WPointInter.hxx
-- Installing: C:/Users/Davi/Downloads/oma/.release/native-build/sdk/occt/inc/TopOpeBRep_WPointInterIterator.hxx
-- Installing: C:/Users/Davi/Downloads/oma/.release/native-build/sdk/occt/inc/TopOpeBRep_define.hxx
-- Installing: C:/Users/Davi/Downloads/oma/.release/native-build/sdk/occt/inc/TopOpeBRep_traceSIFF.hxx
-- Installing: C:/Users/Davi/Downloads/oma/.release/native-build/sdk/occt/inc/TopOpeBRepDS.hxx
-- Installing: C:/Users/Davi/Downloads/oma/.release/native-build/sdk/occt/inc/TopOpeBRepDS_Array1OfDataMapOfIntegerListOfInterference.hxx
-- Installing: C:/Users/Davi/Downloads/oma/.release/native-build/sdk/occt/inc/TopOpeBRepDS_Association.hxx
-- Installing: C:/Users/Davi/Downloads/oma/.release/native-build/sdk/occt/inc/TopOpeBRepDS_BuildTool.hxx
-- Installing: C:/Users/Davi/Downloads/oma/.release/native-build/sdk/occt/inc/TopOpeBRepDS_Check.hxx
-- Installing: C:/Users/Davi/Downloads/oma/.release/native-build/sdk/occt/inc/TopOpeBRepDS_CheckStatus.hxx
-- Installing: C:/Users/Davi/Downloads/oma/.release/native-build/sdk/occt/inc/TopOpeBRepDS_Config.hxx
-- Installing: C:/Users/Davi/Downloads/oma/.release/native-build/sdk/occt/inc/TopOpeBRepDS_Curve.hxx
-- Installing: C:/Users/Davi/Downloads/oma/.release/native-build/sdk/occt/inc/TopOpeBRepDS_CurveData.hxx
-- Installing: C:/Users/Davi/Downloads/oma/.release/native-build/sdk/occt/inc/TopOpeBRepDS_CurveExplorer.hxx
-- Installing: C:/Users/Davi/Downloads/oma/.release/native-build/sdk/occt/inc/TopOpeBRepDS_CurveIterator.hxx
-- Installing: C:/Users/Davi/Downloads/oma/.release/native-build/sdk/occt/inc/TopOpeBRepDS_CurvePointInterference.hxx
-- Installing: C:/Users/Davi/Downloads/oma/.release/native-build/sdk/occt/inc/TopOpeBRepDS_DRAW.hxx
-- Installing: C:/Users/Davi/Downloads/oma/.release/native-build/sdk/occt/inc/TopOpeBRepDS_DataMapIteratorOfDataMapOfCheckStatus.hxx
-- Installing: C:/Users/Davi/Downloads/oma/.release/native-build/sdk/occt/inc/TopOpeBRepDS_DataMapIteratorOfDataMapOfIntegerListOfInterference.hxx
-- Installing: C:/Users/Davi/Downloads/oma/.release/native-build/sdk/occt/inc/TopOpeBRepDS_DataMapIteratorOfDataMapOfInterferenceListOfInterference.hxx
-- Installing: C:/Users/Davi/Downloads/oma/.release/native-build/sdk/occt/inc/TopOpeBRepDS_DataMapIteratorOfDataMapOfInterferenceShape.hxx
-- Installing: C:/Users/Davi/Downloads/oma/.release/native-build/sdk/occt/inc/TopOpeBRepDS_DataMapIteratorOfDataMapOfShapeListOfShapeOn1State.hxx
-- Installing: C:/Users/Davi/Downloads/oma/.release/native-build/sdk/occt/inc/TopOpeBRepDS_DataMapIteratorOfDataMapOfShapeState.hxx
-- Installing: C:/Users/Davi/Downloads/oma/.release/native-build/sdk/occt/inc/TopOpeBRepDS_DataMapIteratorOfMapOfCurve.hxx
-- Installing: C:/Users/Davi/Downloads/oma/.release/native-build/sdk/occt/inc/TopOpeBRepDS_DataMapIteratorOfMapOfIntegerShapeData.hxx
-- Installing: C:/Users/Davi/Downloads/oma/.release/native-build/sdk/occt/inc/TopOpeBRepDS_DataMapIteratorOfMapOfPoint.hxx
-- Installing: C:/Users/Davi/Downloads/oma/.release/native-build/sdk/occt/inc/TopOpeBRepDS_DataMapIteratorOfMapOfSurface.hxx
-- Installing: C:/Users/Davi/Downloads/oma/.release/native-build/sdk/occt/inc/TopOpeBRepDS_DataMapIteratorOfShapeSurface.hxx
-- Installing: C:/Users/Davi/Downloads/oma/.release/native-build/sdk/occt/inc/TopOpeBRepDS_DataMapOfCheckStatus.hxx
-- Installing: C:/Users/Davi/Downloads/oma/.release/native-build/sdk/occt/inc/TopOpeBRepDS_DataMapOfIntegerListOfInterference.hxx
-- Installing: C:/Users/Davi/Downloads/oma/.release/native-build/sdk/occt/inc/TopOpeBRepDS_DataMapOfInterferenceListOfInterference.hxx
-- Installing: C:/Users/Davi/Downloads/oma/.release/native-build/sdk/occt/inc/TopOpeBRepDS_DataMapOfInterferenceShape.hxx
-- Installing: C:/Users/Davi/Downloads/oma/.release/native-build/sdk/occt/inc/TopOpeBRepDS_DataMapOfShapeListOfShapeOn1State.hxx
-- Installing: C:/Users/Davi/Downloads/oma/.release/native-build/sdk/occt/inc/TopOpeBRepDS_DataMapOfShapeState.hxx
-- Installing: C:/Users/Davi/Downloads/oma/.release/native-build/sdk/occt/inc/TopOpeBRepDS_DataStructure.hxx
-- Installing: C:/Users/Davi/Downloads/oma/.release/native-build/sdk/occt/inc/TopOpeBRepDS_DoubleMapIteratorOfDoubleMapOfIntegerShape.hxx
-- Installing: C:/Users/Davi/Downloads/oma/.release/native-build/sdk/occt/inc/TopOpeBRepDS_DoubleMapOfIntegerShape.hxx
-- Installing: C:/Users/Davi/Downloads/oma/.release/native-build/sdk/occt/inc/TopOpeBRepDS_Dumper.hxx
-- Installing: C:/Users/Davi/Downloads/oma/.release/native-build/sdk/occt/inc/TopOpeBRepDS_EIR.hxx
-- Installing: C:/Users/Davi/Downloads/oma/.release/native-build/sdk/occt/inc/TopOpeBRepDS_EXPORT.hxx
-- Installing: C:/Users/Davi/Downloads/oma/.release/native-build/sdk/occt/inc/TopOpeBRepDS_Edge3dInterferenceTool.hxx
-- Installing: C:/Users/Davi/Downloads/oma/.release/native-build/sdk/occt/inc/TopOpeBRepDS_EdgeInterferenceTool.hxx
-- Installing: C:/Users/Davi/Downloads/oma/.release/native-build/sdk/occt/inc/TopOpeBRepDS_EdgeVertexInterference.hxx
-- Installing: C:/Users/Davi/Downloads/oma/.release/native-build/sdk/occt/inc/TopOpeBRepDS_Explorer.hxx
-- Installing: C:/Users/Davi/Downloads/oma/.release/native-build/sdk/occt/inc/TopOpeBRepDS_FIR.hxx
-- Installing: C:/Users/Davi/Downloads/oma/.release/native-build/sdk/occt/inc/TopOpeBRepDS_FaceEdgeInterference.hxx
-- Installing: C:/Users/Davi/Downloads/oma/.release/native-build/sdk/occt/inc/TopOpeBRepDS_FaceInterferenceTool.hxx
-- Installing: C:/Users/Davi/Downloads/oma/.release/native-build/sdk/occt/inc/TopOpeBRepDS_Filter.hxx
-- Installing: C:/Users/Davi/Downloads/oma/.release/native-build/sdk/occt/inc/TopOpeBRepDS_GapFiller.hxx
-- Installing: C:/Users/Davi/Downloads/oma/.release/native-build/sdk/occt/inc/TopOpeBRepDS_GapTool.hxx
-- Installing: C:/Users/Davi/Downloads/oma/.release/native-build/sdk/occt/inc/TopOpeBRepDS_GeometryData.hxx
-- Installing: C:/Users/Davi/Downloads/oma/.release/native-build/sdk/occt/inc/TopOpeBRepDS_HArray1OfDataMapOfIntegerListOfInterference.hxx
-- Installing: C:/Users/Davi/Downloads/oma/.release/native-build/sdk/occt/inc/TopOpeBRepDS_HDataStructure.hxx
-- Installing: C:/Users/Davi/Downloads/oma/.release/native-build/sdk/occt/inc/TopOpeBRepDS_IndexedDataMapOfShapeWithState.hxx
-- Installing: C:/Users/Davi/Downloads/oma/.release/native-build/sdk/occt/inc/TopOpeBRepDS_IndexedDataMapOfVertexPoint.hxx
-- Installing: C:/Users/Davi/Downloads/oma/.release/native-build/sdk/occt/inc/TopOpeBRepDS_Interference.hxx
-- Installing: C:/Users/Davi/Downloads/oma/.release/native-build/sdk/occt/inc/TopOpeBRepDS_InterferenceIterator.hxx
-- Installing: C:/Users/Davi/Downloads/oma/.release/native-build/sdk/occt/inc/TopOpeBRepDS_InterferenceTool.hxx
-- Installing: C:/Users/Davi/Downloads/oma/.release/native-build/sdk/occt/inc/TopOpeBRepDS_Kind.hxx
-- Installing: C:/Users/Davi/Downloads/oma/.release/native-build/sdk/occt/inc/TopOpeBRepDS_ListIteratorOfListOfInterference.hxx
-- Installing: C:/Users/Davi/Downloads/oma/.release/native-build/sdk/occt/inc/TopOpeBRepDS_ListOfInterference.hxx
-- Installing: C:/Users/Davi/Downloads/oma/.release/native-build/sdk/occt/inc/TopOpeBRepDS_ListOfShapeOn1State.hxx
-- Installing: C:/Users/Davi/Downloads/oma/.release/native-build/sdk/occt/inc/TopOpeBRepDS_MapOfCurve.hxx
-- Installing: C:/Users/Davi/Downloads/oma/.release/native-build/sdk/occt/inc/TopOpeBRepDS_MapOfIntegerShapeData.hxx
-- Installing: C:/Users/Davi/Downloads/oma/.release/native-build/sdk/occt/inc/TopOpeBRepDS_MapOfPoint.hxx
-- Installing: C:/Users/Davi/Downloads/oma/.release/native-build/sdk/occt/inc/TopOpeBRepDS_MapOfShapeData.hxx
-- Installing: C:/Users/Davi/Downloads/oma/.release/native-build/sdk/occt/inc/TopOpeBRepDS_MapOfSurface.hxx
-- Installing: C:/Users/Davi/Downloads/oma/.release/native-build/sdk/occt/inc/TopOpeBRepDS_Marker.hxx
-- Installing: C:/Users/Davi/Downloads/oma/.release/native-build/sdk/occt/inc/TopOpeBRepDS_PDataStructure.hxx
-- Installing: C:/Users/Davi/Downloads/oma/.release/native-build/sdk/occt/inc/TopOpeBRepDS_Point.hxx
-- Installing: C:/Users/Davi/Downloads/oma/.release/native-build/sdk/occt/inc/TopOpeBRepDS_PointData.hxx
-- Installing: C:/Users/Davi/Downloads/oma/.release/native-build/sdk/occt/inc/TopOpeBRepDS_PointExplorer.hxx
-- Installing: C:/Users/Davi/Downloads/oma/.release/native-build/sdk/occt/inc/TopOpeBRepDS_PointIterator.hxx
-- Installing: C:/Users/Davi/Downloads/oma/.release/native-build/sdk/occt/inc/TopOpeBRepDS_ProcessInterferencesTool.hxx
-- Installing: C:/Users/Davi/Downloads/oma/.release/native-build/sdk/occt/inc/TopOpeBRepDS_Reducer.hxx
-- Installing: C:/Users/Davi/Downloads/oma/.release/native-build/sdk/occt/inc/TopOpeBRepDS_ShapeData.hxx
-- Installing: C:/Users/Davi/Downloads/oma/.release/native-build/sdk/occt/inc/TopOpeBRepDS_ShapeShapeInterference.hxx
-- Installing: C:/Users/Davi/Downloads/oma/.release/native-build/sdk/occt/inc/TopOpeBRepDS_ShapeSurface.hxx
-- Installing: C:/Users/Davi/Downloads/oma/.release/native-build/sdk/occt/inc/TopOpeBRepDS_ShapeWithState.hxx
-- Installing: C:/Users/Davi/Downloads/oma/.release/native-build/sdk/occt/inc/TopOpeBRepDS_SolidSurfaceInterference.hxx
-- Installing: C:/Users/Davi/Downloads/oma/.release/native-build/sdk/occt/inc/TopOpeBRepDS_Surface.hxx
-- Installing: C:/Users/Davi/Downloads/oma/.release/native-build/sdk/occt/inc/TopOpeBRepDS_SurfaceCurveInterference.hxx
-- Installing: C:/Users/Davi/Downloads/oma/.release/native-build/sdk/occt/inc/TopOpeBRepDS_SurfaceData.hxx
-- Installing: C:/Users/Davi/Downloads/oma/.release/native-build/sdk/occt/inc/TopOpeBRepDS_SurfaceExplorer.hxx
-- Installing: C:/Users/Davi/Downloads/oma/.release/native-build/sdk/occt/inc/TopOpeBRepDS_SurfaceIterator.hxx
-- Installing: C:/Users/Davi/Downloads/oma/.release/native-build/sdk/occt/inc/TopOpeBRepDS_TKI.hxx
-- Installing: C:/Users/Davi/Downloads/oma/.release/native-build/sdk/occt/inc/TopOpeBRepDS_TOOL.hxx
-- Installing: C:/Users/Davi/Downloads/oma/.release/native-build/sdk/occt/inc/TopOpeBRepDS_Transition.hxx
-- Installing: C:/Users/Davi/Downloads/oma/.release/native-build/sdk/occt/inc/TopOpeBRepDS_connex.hxx
-- Installing: C:/Users/Davi/Downloads/oma/.release/native-build/sdk/occt/inc/TopOpeBRepDS_define.hxx
-- Installing: C:/Users/Davi/Downloads/oma/.release/native-build/sdk/occt/inc/TopOpeBRepDS_repvg.hxx
-- Installing: C:/Users/Davi/Downloads/oma/.release/native-build/sdk/occt/inc/TopOpeBRepDS_samdom.hxx
-- Installing: C:/Users/Davi/Downloads/oma/.release/native-build/sdk/occt/inc/TopOpeBRepBuild_Area1dBuilder.hxx
-- Installing: C:/Users/Davi/Downloads/oma/.release/native-build/sdk/occt/inc/TopOpeBRepBuild_Area2dBuilder.hxx
-- Installing: C:/Users/Davi/Downloads/oma/.release/native-build/sdk/occt/inc/TopOpeBRepBuild_Area3dBuilder.hxx
-- Installing: C:/Users/Davi/Downloads/oma/.release/native-build/sdk/occt/inc/TopOpeBRepBuild_AreaBuilder.hxx
-- Installing: C:/Users/Davi/Downloads/oma/.release/native-build/sdk/occt/inc/TopOpeBRepBuild_BlockBuilder.hxx
-- Installing: C:/Users/Davi/Downloads/oma/.release/native-build/sdk/occt/inc/TopOpeBRepBuild_BlockIterator.hxx
-- Installing: C:/Users/Davi/Downloads/oma/.release/native-build/sdk/occt/inc/TopOpeBRepBuild_BlockIterator.lxx
-- Installing: C:/Users/Davi/Downloads/oma/.release/native-build/sdk/occt/inc/TopOpeBRepBuild_Builder.hxx
-- Installing: C:/Users/Davi/Downloads/oma/.release/native-build/sdk/occt/inc/TopOpeBRepBuild_Builder1.hxx
-- Installing: C:/Users/Davi/Downloads/oma/.release/native-build/sdk/occt/inc/TopOpeBRepBuild_BuilderON.hxx
-- Installing: C:/Users/Davi/Downloads/oma/.release/native-build/sdk/occt/inc/TopOpeBRepBuild_CompositeClassifier.hxx
-- Installing: C:/Users/Davi/Downloads/oma/.release/native-build/sdk/occt/inc/TopOpeBRepBuild_CorrectFace2d.hxx
-- Installing: C:/Users/Davi/Downloads/oma/.release/native-build/sdk/occt/inc/TopOpeBRepBuild_DataMapIteratorOfDataMapOfShapeListOfShapeListOfShape.hxx
-- Installing: C:/Users/Davi/Downloads/oma/.release/native-build/sdk/occt/inc/TopOpeBRepBuild_DataMapOfShapeListOfShapeListOfShape.hxx
-- Installing: C:/Users/Davi/Downloads/oma/.release/native-build/sdk/occt/inc/TopOpeBRepBuild_EdgeBuilder.hxx
-- Installing: C:/Users/Davi/Downloads/oma/.release/native-build/sdk/occt/inc/TopOpeBRepBuild_FaceAreaBuilder.hxx
-- Installing: C:/Users/Davi/Downloads/oma/.release/native-build/sdk/occt/inc/TopOpeBRepBuild_FaceBuilder.hxx
-- Installing: C:/Users/Davi/Downloads/oma/.release/native-build/sdk/occt/inc/TopOpeBRepBuild_FuseFace.hxx
-- Installing: C:/Users/Davi/Downloads/oma/.release/native-build/sdk/occt/inc/TopOpeBRepBuild_FuseFace.lxx
-- Installing: C:/Users/Davi/Downloads/oma/.release/native-build/sdk/occt/inc/TopOpeBRepBuild_GIter.hxx
-- Installing: C:/Users/Davi/Downloads/oma/.release/native-build/sdk/occt/inc/TopOpeBRepBuild_GTool.hxx
-- Installing: C:/Users/Davi/Downloads/oma/.release/native-build/sdk/occt/inc/TopOpeBRepBuild_GTopo.hxx
-- Installing: C:/Users/Davi/Downloads/oma/.release/native-build/sdk/occt/inc/TopOpeBRepBuild_HBuilder.hxx
-- Installing: C:/Users/Davi/Downloads/oma/.release/native-build/sdk/occt/inc/TopOpeBRepBuild_IndexedDataMapOfShapeVertexInfo.hxx
-- Installing: C:/Users/Davi/Downloads/oma/.release/native-build/sdk/occt/inc/TopOpeBRepBuild_ListIteratorOfListOfListOfLoop.hxx
-- Installing: C:/Users/Davi/Downloads/oma/.release/native-build/sdk/occt/inc/TopOpeBRepBuild_ListIteratorOfListOfLoop.hxx
-- Installing: C:/Users/Davi/Downloads/oma/.release/native-build/sdk/occt/inc/TopOpeBRepBuild_ListIteratorOfListOfPave.hxx
-- Installing: C:/Users/Davi/Downloads/oma/.release/native-build/sdk/occt/inc/TopOpeBRepBuild_ListIteratorOfListOfShapeListOfShape.hxx
-- Installing: C:/Users/Davi/Downloads/oma/.release/native-build/sdk/occt/inc/TopOpeBRepBuild_ListOfListOfLoop.hxx
-- Installing: C:/Users/Davi/Downloads/oma/.release/native-build/sdk/occt/inc/TopOpeBRepBuild_ListOfLoop.hxx
-- Installing: C:/Users/Davi/Downloads/oma/.release/native-build/sdk/occt/inc/TopOpeBRepBuild_ListOfPave.hxx
-- Installing: C:/Users/Davi/Downloads/oma/.release/native-build/sdk/occt/inc/TopOpeBRepBuild_ListOfShapeListOfShape.hxx
-- Installing: C:/Users/Davi/Downloads/oma/.release/native-build/sdk/occt/inc/TopOpeBRepBuild_Loop.hxx
-- Installing: C:/Users/Davi/Downloads/oma/.release/native-build/sdk/occt/inc/TopOpeBRepBuild_LoopClassifier.hxx
-- Installing: C:/Users/Davi/Downloads/oma/.release/native-build/sdk/occt/inc/TopOpeBRepBuild_LoopEnum.hxx
-- Installing: C:/Users/Davi/Downloads/oma/.release/native-build/sdk/occt/inc/TopOpeBRepBuild_LoopSet.hxx
-- Installing: C:/Users/Davi/Downloads/oma/.release/native-build/sdk/occt/inc/TopOpeBRepBuild_PBuilder.hxx
-- Installing: C:/Users/Davi/Downloads/oma/.release/native-build/sdk/occt/inc/TopOpeBRepBuild_PGTopo.hxx
-- Installing: C:/Users/Davi/Downloads/oma/.release/native-build/sdk/occt/inc/TopOpeBRepBuild_PWireEdgeSet.hxx
-- Installing: C:/Users/Davi/Downloads/oma/.release/native-build/sdk/occt/inc/TopOpeBRepBuild_Pave.hxx
-- Installing: C:/Users/Davi/Downloads/oma/.release/native-build/sdk/occt/inc/TopOpeBRepBuild_PaveClassifier.hxx
-- Installing: C:/Users/Davi/Downloads/oma/.release/native-build/sdk/occt/inc/TopOpeBRepBuild_PaveSet.hxx
-- Installing: C:/Users/Davi/Downloads/oma/.release/native-build/sdk/occt/inc/TopOpeBRepBuild_ShapeListOfShape.hxx
-- Installing: C:/Users/Davi/Downloads/oma/.release/native-build/sdk/occt/inc/TopOpeBRepBuild_ShapeSet.hxx
-- Installing: C:/Users/Davi/Downloads/oma/.release/native-build/sdk/occt/inc/TopOpeBRepBuild_ShellFaceClassifier.hxx
-- Installing: C:/Users/Davi/Downloads/oma/.release/native-build/sdk/occt/inc/TopOpeBRepBuild_ShellFaceSet.hxx
-- Installing: C:/Users/Davi/Downloads/oma/.release/native-build/sdk/occt/inc/TopOpeBRepBuild_ShellToSolid.hxx
-- Installing: C:/Users/Davi/Downloads/oma/.release/native-build/sdk/occt/inc/TopOpeBRepBuild_SolidAreaBuilder.hxx
-- Installing: C:/Users/Davi/Downloads/oma/.release/native-build/sdk/occt/inc/TopOpeBRepBuild_SolidBuilder.hxx
-- Installing: C:/Users/Davi/Downloads/oma/.release/native-build/sdk/occt/inc/TopOpeBRepBuild_Tools.hxx
-- Installing: C:/Users/Davi/Downloads/oma/.release/native-build/sdk/occt/inc/TopOpeBRepBuild_Tools2d.hxx
-- Installing: C:/Users/Davi/Downloads/oma/.release/native-build/sdk/occt/inc/TopOpeBRepBuild_VertexInfo.hxx
-- Installing: C:/Users/Davi/Downloads/oma/.release/native-build/sdk/occt/inc/TopOpeBRepBuild_WireEdgeClassifier.hxx
-- Installing: C:/Users/Davi/Downloads/oma/.release/native-build/sdk/occt/inc/TopOpeBRepBuild_WireEdgeSet.hxx
-- Installing: C:/Users/Davi/Downloads/oma/.release/native-build/sdk/occt/inc/TopOpeBRepBuild_WireToFace.hxx
-- Installing: C:/Users/Davi/Downloads/oma/.release/native-build/sdk/occt/inc/TopOpeBRepBuild_define.hxx
-- Installing: C:/Users/Davi/Downloads/oma/.release/native-build/sdk/occt/inc/TopOpeBRepBuild_kpresu.hxx
-- Installing: C:/Users/Davi/Downloads/oma/.release/native-build/sdk/occt/inc/TopOpeBRepTool.hxx
-- Installing: C:/Users/Davi/Downloads/oma/.release/native-build/sdk/occt/inc/TopOpeBRepTool_2d.hxx
-- Installing: C:/Users/Davi/Downloads/oma/.release/native-build/sdk/occt/inc/TopOpeBRepTool_AncestorsTool.hxx
-- Installing: C:/Users/Davi/Downloads/oma/.release/native-build/sdk/occt/inc/TopOpeBRepTool_BoxSort.hxx
-- Installing: C:/Users/Davi/Downloads/oma/.release/native-build/sdk/occt/inc/TopOpeBRepTool_C2DF.hxx
-- Installing: C:/Users/Davi/Downloads/oma/.release/native-build/sdk/occt/inc/TopOpeBRepTool_CLASSI.hxx
-- Installing: C:/Users/Davi/Downloads/oma/.release/native-build/sdk/occt/inc/TopOpeBRepTool_CORRISO.hxx
-- Installing: C:/Users/Davi/Downloads/oma/.release/native-build/sdk/occt/inc/TopOpeBRepTool_CurveTool.hxx
-- Installing: C:/Users/Davi/Downloads/oma/.release/native-build/sdk/occt/inc/TopOpeBRepTool_DRAW.hxx
-- Installing: C:/Users/Davi/Downloads/oma/.release/native-build/sdk/occt/inc/TopOpeBRepTool_DataMapIteratorOfDataMapOfOrientedShapeC2DF.hxx
-- Installing: C:/Users/Davi/Downloads/oma/.release/native-build/sdk/occt/inc/TopOpeBRepTool_DataMapIteratorOfDataMapOfShapeListOfC2DF.hxx
-- Installing: C:/Users/Davi/Downloads/oma/.release/native-build/sdk/occt/inc/TopOpeBRepTool_DataMapIteratorOfDataMapOfShapeface.hxx
-- Installing: C:/Users/Davi/Downloads/oma/.release/native-build/sdk/occt/inc/TopOpeBRepTool_DataMapOfOrientedShapeC2DF.hxx
-- Installing: C:/Users/Davi/Downloads/oma/.release/native-build/sdk/occt/inc/TopOpeBRepTool_DataMapOfShapeListOfC2DF.hxx
-- Installing: C:/Users/Davi/Downloads/oma/.release/native-build/sdk/occt/inc/TopOpeBRepTool_DataMapOfShapeface.hxx
-- Installing: C:/Users/Davi/Downloads/oma/.release/native-build/sdk/occt/inc/TopOpeBRepTool_EXPORT.hxx
-- Installing: C:/Users/Davi/Downloads/oma/.release/native-build/sdk/occt/inc/TopOpeBRepTool_FuseEdges.hxx
-- Installing: C:/Users/Davi/Downloads/oma/.release/native-build/sdk/occt/inc/TopOpeBRepTool_GEOMETRY.hxx
-- Installing: C:/Users/Davi/Downloads/oma/.release/native-build/sdk/occt/inc/TopOpeBRepTool_GeomTool.hxx
-- Installing: C:/Users/Davi/Downloads/oma/.release/native-build/sdk/occt/inc/TopOpeBRepTool_HBoxTool.hxx
-- Installing: C:/Users/Davi/Downloads/oma/.release/native-build/sdk/occt/inc/TopOpeBRepTool_IndexedDataMapOfShapeBox.hxx
-- Installing: C:/Users/Davi/Downloads/oma/.release/native-build/sdk/occt/inc/TopOpeBRepTool_IndexedDataMapOfShapeBox2d.hxx
-- Installing: C:/Users/Davi/Downloads/oma/.release/native-build/sdk/occt/inc/TopOpeBRepTool_IndexedDataMapOfShapeconnexity.hxx
-- Installing: C:/Users/Davi/Downloads/oma/.release/native-build/sdk/occt/inc/TopOpeBRepTool_IndexedDataMapOfSolidClassifier.hxx
-- Installing: C:/Users/Davi/Downloads/oma/.release/native-build/sdk/occt/inc/TopOpeBRepTool_KRO.hxx
-- Installing: C:/Users/Davi/Downloads/oma/.release/native-build/sdk/occt/inc/TopOpeBRepTool_ListIteratorOfListOfC2DF.hxx
-- Installing: C:/Users/Davi/Downloads/oma/.release/native-build/sdk/occt/inc/TopOpeBRepTool_ListOfC2DF.hxx
-- Installing: C:/Users/Davi/Downloads/oma/.release/native-build/sdk/occt/inc/TopOpeBRepTool_OutCurveType.hxx
-- Installing: C:/Users/Davi/Downloads/oma/.release/native-build/sdk/occt/inc/TopOpeBRepTool_PROJECT.hxx
-- Installing: C:/Users/Davi/Downloads/oma/.release/native-build/sdk/occt/inc/TopOpeBRepTool_PShapeClassifier.hxx
-- Installing: C:/Users/Davi/Downloads/oma/.release/native-build/sdk/occt/inc/TopOpeBRepTool_PSoClassif.hxx
-- Installing: C:/Users/Davi/Downloads/oma/.release/native-build/sdk/occt/inc/TopOpeBRepTool_PURGE.hxx
-- Installing: C:/Users/Davi/Downloads/oma/.release/native-build/sdk/occt/inc/TopOpeBRepTool_Plos.hxx
-- Installing: C:/Users/Davi/Downloads/oma/.release/native-build/sdk/occt/inc/TopOpeBRepTool_PurgeInternalEdges.hxx
-- Installing: C:/Users/Davi/Downloads/oma/.release/native-build/sdk/occt/inc/TopOpeBRepTool_REGUS.hxx
-- Installing: C:/Users/Davi/Downloads/oma/.release/native-build/sdk/occt/inc/TopOpeBRepTool_REGUW.hxx
-- Installing: C:/Users/Davi/Downloads/oma/.release/native-build/sdk/occt/inc/TopOpeBRepTool_SC.hxx
-- Installing: C:/Users/Davi/Downloads/oma/.release/native-build/sdk/occt/inc/TopOpeBRepTool_STATE.hxx
-- Installing: C:/Users/Davi/Downloads/oma/.release/native-build/sdk/occt/inc/TopOpeBRepTool_ShapeClassifier.hxx
-- Installing: C:/Users/Davi/Downloads/oma/.release/native-build/sdk/occt/inc/TopOpeBRepTool_ShapeExplorer.hxx
-- Installing: C:/Users/Davi/Downloads/oma/.release/native-build/sdk/occt/inc/TopOpeBRepTool_ShapeTool.hxx
-- Installing: C:/Users/Davi/Downloads/oma/.release/native-build/sdk/occt/inc/TopOpeBRepTool_SolidClassifier.hxx
-- Installing: C:/Users/Davi/Downloads/oma/.release/native-build/sdk/occt/inc/TopOpeBRepTool_TOOL.hxx
-- Installing: C:/Users/Davi/Downloads/oma/.release/native-build/sdk/occt/inc/TopOpeBRepTool_TOPOLOGY.hxx
-- Installing: C:/Users/Davi/Downloads/oma/.release/native-build/sdk/occt/inc/TopOpeBRepTool_box.hxx
-- Installing: C:/Users/Davi/Downloads/oma/.release/native-build/sdk/occt/inc/TopOpeBRepTool_connexity.hxx
-- Installing: C:/Users/Davi/Downloads/oma/.release/native-build/sdk/occt/inc/TopOpeBRepTool_define.hxx
-- Installing: C:/Users/Davi/Downloads/oma/.release/native-build/sdk/occt/inc/TopOpeBRepTool_defineG.hxx
-- Installing: C:/Users/Davi/Downloads/oma/.release/native-build/sdk/occt/inc/TopOpeBRepTool_face.hxx
-- Installing: C:/Users/Davi/Downloads/oma/.release/native-build/sdk/occt/inc/TopOpeBRepTool_makeTransition.hxx
-- Installing: C:/Users/Davi/Downloads/oma/.release/native-build/sdk/occt/inc/TopOpeBRepTool_mkTondgE.hxx
-- Installing: C:/Users/Davi/Downloads/oma/.release/native-build/sdk/occt/inc/TopOpeBRepTool_tol.hxx
-- Installing: C:/Users/Davi/Downloads/oma/.release/native-build/sdk/occt/inc/BRepAlgo.hxx
-- Installing: C:/Users/Davi/Downloads/oma/.release/native-build/sdk/occt/inc/BRepAlgo_AsDes.hxx
-- Installing: C:/Users/Davi/Downloads/oma/.release/native-build/sdk/occt/inc/BRepAlgo_FaceRestrictor.hxx
-- Installing: C:/Users/Davi/Downloads/oma/.release/native-build/sdk/occt/inc/BRepAlgo_Image.hxx
-- Installing: C:/Users/Davi/Downloads/oma/.release/native-build/sdk/occt/inc/BRepAlgo_Loop.hxx
-- Installing: C:/Users/Davi/Downloads/oma/.release/native-build/sdk/occt/inc/BRepAlgo_NormalProjection.hxx
-- Installing: C:/Users/Davi/Downloads/oma/.release/native-build/sdk/occt/inc/BRepFill.hxx
-- Installing: C:/Users/Davi/Downloads/oma/.release/native-build/sdk/occt/inc/BRepFill_ACRLaw.hxx
-- Installing: C:/Users/Davi/Downloads/oma/.release/native-build/sdk/occt/inc/BRepFill_AdvancedEvolved.hxx
-- Installing: C:/Users/Davi/Downloads/oma/.release/native-build/sdk/occt/inc/BRepFill_ApproxSeewing.hxx
-- Installing: C:/Users/Davi/Downloads/oma/.release/native-build/sdk/occt/inc/BRepFill_CompatibleWires.hxx
-- Installing: C:/Users/Davi/Downloads/oma/.release/native-build/sdk/occt/inc/BRepFill_ComputeCLine.hxx
-- Installing: C:/Users/Davi/Downloads/oma/.release/native-build/sdk/occt/inc/BRepFill_CurveConstraint.hxx
-- Installing: C:/Users/Davi/Downloads/oma/.release/native-build/sdk/occt/inc/BRepFill_DataMapIteratorOfDataMapOfNodeDataMapOfShapeShape.hxx
-- Installing: C:/Users/Davi/Downloads/oma/.release/native-build/sdk/occt/inc/BRepFill_DataMapIteratorOfDataMapOfNodeShape.hxx
-- Installing: C:/Users/Davi/Downloads/oma/.release/native-build/sdk/occt/inc/BRepFill_DataMapIteratorOfDataMapOfOrientedShapeListOfShape.hxx
-- Installing: C:/Users/Davi/Downloads/oma/.release/native-build/sdk/occt/inc/BRepFill_DataMapIteratorOfDataMapOfShapeDataMapOfShapeListOfShape.hxx
-- Installing: C:/Users/Davi/Downloads/oma/.release/native-build/sdk/occt/inc/BRepFill_DataMapIteratorOfDataMapOfShapeHArray2OfShape.hxx
-- Installing: C:/Users/Davi/Downloads/oma/.release/native-build/sdk/occt/inc/BRepFill_DataMapIteratorOfDataMapOfShapeSequenceOfPnt.hxx
-- Installing: C:/Users/Davi/Downloads/oma/.release/native-build/sdk/occt/inc/BRepFill_DataMapIteratorOfDataMapOfShapeSequenceOfReal.hxx
-- Installing: C:/Users/Davi/Downloads/oma/.release/native-build/sdk/occt/inc/BRepFill_DataMapOfNodeDataMapOfShapeShape.hxx
-- Installing: C:/Users/Davi/Downloads/oma/.release/native-build/sdk/occt/inc/BRepFill_DataMapOfNodeShape.hxx
-- Installing: C:/Users/Davi/Downloads/oma/.release/native-build/sdk/occt/inc/BRepFill_DataMapOfOrientedShapeListOfShape.hxx
-- Installing: C:/Users/Davi/Downloads/oma/.release/native-build/sdk/occt/inc/BRepFill_DataMapOfShapeDataMapOfShapeListOfShape.hxx
-- Installing: C:/Users/Davi/Downloads/oma/.release/native-build/sdk/occt/inc/BRepFill_DataMapOfShapeHArray2OfShape.hxx
-- Installing: C:/Users/Davi/Downloads/oma/.release/native-build/sdk/occt/inc/BRepFill_DataMapOfShapeSequenceOfPnt.hxx
-- Installing: C:/Users/Davi/Downloads/oma/.release/native-build/sdk/occt/inc/BRepFill_DataMapOfShapeSequenceOfReal.hxx
-- Installing: C:/Users/Davi/Downloads/oma/.release/native-build/sdk/occt/inc/BRepFill_Draft.hxx
-- Installing: C:/Users/Davi/Downloads/oma/.release/native-build/sdk/occt/inc/BRepFill_DraftLaw.hxx
-- Installing: C:/Users/Davi/Downloads/oma/.release/native-build/sdk/occt/inc/BRepFill_Edge3DLaw.hxx
-- Installing: C:/Users/Davi/Downloads/oma/.release/native-build/sdk/occt/inc/BRepFill_EdgeFaceAndOrder.hxx
-- Installing: C:/Users/Davi/Downloads/oma/.release/native-build/sdk/occt/inc/BRepFill_EdgeOnSurfLaw.hxx
-- Installing: C:/Users/Davi/Downloads/oma/.release/native-build/sdk/occt/inc/BRepFill_Evolved.hxx
-- Installing: C:/Users/Davi/Downloads/oma/.release/native-build/sdk/occt/inc/BRepFill_FaceAndOrder.hxx
-- Installing: C:/Users/Davi/Downloads/oma/.release/native-build/sdk/occt/inc/BRepFill_Filling.hxx
-- Installing: C:/Users/Davi/Downloads/oma/.release/native-build/sdk/occt/inc/BRepFill_Generator.hxx
-- Installing: C:/Users/Davi/Downloads/oma/.release/native-build/sdk/occt/inc/BRepFill_Generator.lxx
-- Installing: C:/Users/Davi/Downloads/oma/.release/native-build/sdk/occt/inc/BRepFill_IndexedDataMapOfOrientedShapeListOfShape.hxx
-- Installing: C:/Users/Davi/Downloads/oma/.release/native-build/sdk/occt/inc/BRepFill_ListIteratorOfListOfOffsetWire.hxx
-- Installing: C:/Users/Davi/Downloads/oma/.release/native-build/sdk/occt/inc/BRepFill_ListOfOffsetWire.hxx
-- Installing: C:/Users/Davi/Downloads/oma/.release/native-build/sdk/occt/inc/BRepFill_LocationLaw.hxx
-- Installing: C:/Users/Davi/Downloads/oma/.release/native-build/sdk/occt/inc/BRepFill_MultiLine.hxx
-- Installing: C:/Users/Davi/Downloads/oma/.release/native-build/sdk/occt/inc/BRepFill_NSections.hxx
-- Installing: C:/Users/Davi/Downloads/oma/.release/native-build/sdk/occt/inc/BRepFill_OffsetAncestors.hxx
-- Installing: C:/Users/Davi/Downloads/oma/.release/native-build/sdk/occt/inc/BRepFill_OffsetWire.hxx
-- Installing: C:/Users/Davi/Downloads/oma/.release/native-build/sdk/occt/inc/BRepFill_Pipe.hxx
-- Installing: C:/Users/Davi/Downloads/oma/.release/native-build/sdk/occt/inc/BRepFill_PipeShell.hxx
-- Installing: C:/Users/Davi/Downloads/oma/.release/native-build/sdk/occt/inc/BRepFill_Section.hxx
-- Installing: C:/Users/Davi/Downloads/oma/.release/native-build/sdk/occt/inc/BRepFill_Section.lxx
-- Installing: C:/Users/Davi/Downloads/oma/.release/native-build/sdk/occt/inc/BRepFill_SectionLaw.hxx
-- Installing: C:/Users/Davi/Downloads/oma/.release/native-build/sdk/occt/inc/BRepFill_SectionPlacement.hxx
-- Installing: C:/Users/Davi/Downloads/oma/.release/native-build/sdk/occt/inc/BRepFill_SequenceOfEdgeFaceAndOrder.hxx
-- Installing: C:/Users/Davi/Downloads/oma/.release/native-build/sdk/occt/inc/BRepFill_SequenceOfFaceAndOrder.hxx
-- Installing: C:/Users/Davi/Downloads/oma/.release/native-build/sdk/occt/inc/BRepFill_SequenceOfSection.hxx
-- Installing: C:/Users/Davi/Downloads/oma/.release/native-build/sdk/occt/inc/BRepFill_ShapeLaw.hxx
-- Installing: C:/Users/Davi/Downloads/oma/.release/native-build/sdk/occt/inc/BRepFill_ShapeLaw.lxx
-- Installing: C:/Users/Davi/Downloads/oma/.release/native-build/sdk/occt/inc/BRepFill_Sweep.hxx
-- Installing: C:/Users/Davi/Downloads/oma/.release/native-build/sdk/occt/inc/BRepFill_ThruSectionErrorStatus.hxx
-- Installing: C:/Users/Davi/Downloads/oma/.release/native-build/sdk/occt/inc/BRepFill_TransitionStyle.hxx
-- Installing: C:/Users/Davi/Downloads/oma/.release/native-build/sdk/occt/inc/BRepFill_TrimEdgeTool.hxx
-- Installing: C:/Users/Davi/Downloads/oma/.release/native-build/sdk/occt/inc/BRepFill_TrimShellCorner.hxx
-- Installing: C:/Users/Davi/Downloads/oma/.release/native-build/sdk/occt/inc/BRepFill_TrimSurfaceTool.hxx
-- Installing: C:/Users/Davi/Downloads/oma/.release/native-build/sdk/occt/inc/BRepFill_TypeOfContact.hxx
-- Installing: C:/Users/Davi/Downloads/oma/.release/native-build/sdk/occt/inc/BRepProj_Projection.hxx
-- Installing: C:/Users/Davi/Downloads/oma/.release/native-build/sdk/occt/inc/BRepProj_Projection.lxx
-- Installing: C:/Users/Davi/Downloads/oma/.release/native-build/sdk/occt/inc/HLRTopoBRep_DSFiller.hxx
-- Installing: C:/Users/Davi/Downloads/oma/.release/native-build/sdk/occt/inc/HLRTopoBRep_Data.hxx
-- Installing: C:/Users/Davi/Downloads/oma/.release/native-build/sdk/occt/inc/HLRTopoBRep_Data.lxx
-- Installing: C:/Users/Davi/Downloads/oma/.release/native-build/sdk/occt/inc/HLRTopoBRep_DataMapIteratorOfDataMapOfShapeFaceData.hxx
-- Installing: C:/Users/Davi/Downloads/oma/.release/native-build/sdk/occt/inc/HLRTopoBRep_DataMapIteratorOfMapOfShapeListOfVData.hxx
-- Installing: C:/Users/Davi/Downloads/oma/.release/native-build/sdk/occt/inc/HLRTopoBRep_DataMapOfShapeFaceData.hxx
-- Installing: C:/Users/Davi/Downloads/oma/.release/native-build/sdk/occt/inc/HLRTopoBRep_FaceData.hxx
-- Installing: C:/Users/Davi/Downloads/oma/.release/native-build/sdk/occt/inc/HLRTopoBRep_FaceData.lxx
-- Installing: C:/Users/Davi/Downloads/oma/.release/native-build/sdk/occt/inc/HLRTopoBRep_FaceIsoLiner.hxx
-- Installing: C:/Users/Davi/Downloads/oma/.release/native-build/sdk/occt/inc/HLRTopoBRep_ListIteratorOfListOfVData.hxx
-- Installing: C:/Users/Davi/Downloads/oma/.release/native-build/sdk/occt/inc/HLRTopoBRep_ListOfVData.hxx
-- Installing: C:/Users/Davi/Downloads/oma/.release/native-build/sdk/occt/inc/HLRTopoBRep_MapOfShapeListOfVData.hxx
-- Installing: C:/Users/Davi/Downloads/oma/.release/native-build/sdk/occt/inc/HLRTopoBRep_OutLiner.hxx
-- Installing: C:/Users/Davi/Downloads/oma/.release/native-build/sdk/occt/inc/HLRTopoBRep_OutLiner.lxx
-- Installing: C:/Users/Davi/Downloads/oma/.release/native-build/sdk/occt/inc/HLRTopoBRep_VData.hxx
-- Installing: C:/Users/Davi/Downloads/oma/.release/native-build/sdk/occt/inc/HLRTopoBRep_VData.lxx
-- Installing: C:/Users/Davi/Downloads/oma/.release/native-build/sdk/occt/inc/HLRBRep.hxx
-- Installing: C:/Users/Davi/Downloads/oma/.release/native-build/sdk/occt/inc/HLRBRep_Algo.hxx
-- Installing: C:/Users/Davi/Downloads/oma/.release/native-build/sdk/occt/inc/HLRBRep_AreaLimit.hxx
-- Installing: C:/Users/Davi/Downloads/oma/.release/native-build/sdk/occt/inc/HLRBRep_Array1OfEData.hxx
-- Installing: C:/Users/Davi/Downloads/oma/.release/native-build/sdk/occt/inc/HLRBRep_Array1OfFData.hxx
-- Installing: C:/Users/Davi/Downloads/oma/.release/native-build/sdk/occt/inc/HLRBRep_BCurveTool.hxx
-- Installing: C:/Users/Davi/Downloads/oma/.release/native-build/sdk/occt/inc/HLRBRep_BCurveTool.lxx
-- Installing: C:/Users/Davi/Downloads/oma/.release/native-build/sdk/occt/inc/HLRBRep_BSurfaceTool.hxx
-- Installing: C:/Users/Davi/Downloads/oma/.release/native-build/sdk/occt/inc/HLRBRep_BSurfaceTool.lxx
-- Installing: C:/Users/Davi/Downloads/oma/.release/native-build/sdk/occt/inc/HLRBRep_BiPnt2D.hxx
-- Installing: C:/Users/Davi/Downloads/oma/.release/native-build/sdk/occt/inc/HLRBRep_BiPoint.hxx
-- Installing: C:/Users/Davi/Downloads/oma/.release/native-build/sdk/occt/inc/HLRBRep_CInter.hxx
-- Installing: C:/Users/Davi/Downloads/oma/.release/native-build/sdk/occt/inc/HLRBRep_CLProps.hxx
-- Installing: C:/Users/Davi/Downloads/oma/.release/native-build/sdk/occt/inc/HLRBRep_CLPropsATool.hxx
-- Installing: C:/Users/Davi/Downloads/oma/.release/native-build/sdk/occt/inc/HLRBRep_CLPropsATool.lxx
-- Installing: C:/Users/Davi/Downloads/oma/.release/native-build/sdk/occt/inc/HLRBRep_Curve.hxx
-- Installing: C:/Users/Davi/Downloads/oma/.release/native-build/sdk/occt/inc/HLRBRep_Curve.lxx
-- Installing: C:/Users/Davi/Downloads/oma/.release/native-build/sdk/occt/inc/HLRBRep_CurveTool.hxx
-- Installing: C:/Users/Davi/Downloads/oma/.release/native-build/sdk/occt/inc/HLRBRep_CurveTool.lxx
-- Installing: C:/Users/Davi/Downloads/oma/.release/native-build/sdk/occt/inc/HLRBRep_Data.hxx
-- Installing: C:/Users/Davi/Downloads/oma/.release/native-build/sdk/occt/inc/HLRBRep_Data.lxx
-- Installing: C:/Users/Davi/Downloads/oma/.release/native-build/sdk/occt/inc/HLRBRep_EdgeBuilder.hxx
-- Installing: C:/Users/Davi/Downloads/oma/.release/native-build/sdk/occt/inc/HLRBRep_EdgeData.hxx
-- Installing: C:/Users/Davi/Downloads/oma/.release/native-build/sdk/occt/inc/HLRBRep_EdgeData.lxx
-- Installing: C:/Users/Davi/Downloads/oma/.release/native-build/sdk/occt/inc/HLRBRep_EdgeFaceTool.hxx
-- Installing: C:/Users/Davi/Downloads/oma/.release/native-build/sdk/occt/inc/HLRBRep_EdgeIList.hxx
-- Installing: C:/Users/Davi/Downloads/oma/.release/native-build/sdk/occt/inc/HLRBRep_EdgeInterferenceTool.hxx
-- Installing: C:/Users/Davi/Downloads/oma/.release/native-build/sdk/occt/inc/HLRBRep_EdgeInterferenceTool.lxx
-- Installing: C:/Users/Davi/Downloads/oma/.release/native-build/sdk/occt/inc/HLRBRep_ExactIntersectionPointOfTheIntPCurvePCurveOfCInter.hxx
-- Installing: C:/Users/Davi/Downloads/oma/.release/native-build/sdk/occt/inc/HLRBRep_FaceData.hxx
-- Installing: C:/Users/Davi/Downloads/oma/.release/native-build/sdk/occt/inc/HLRBRep_FaceData.lxx
-- Installing: C:/Users/Davi/Downloads/oma/.release/native-build/sdk/occt/inc/HLRBRep_FaceIterator.hxx
-- Installing: C:/Users/Davi/Downloads/oma/.release/native-build/sdk/occt/inc/HLRBRep_FaceIterator.lxx
-- Installing: C:/Users/Davi/Downloads/oma/.release/native-build/sdk/occt/inc/HLRBRep_HLRToShape.hxx
-- Installing: C:/Users/Davi/Downloads/oma/.release/native-build/sdk/occt/inc/HLRBRep_HLRToShape.lxx
-- Installing: C:/Users/Davi/Downloads/oma/.release/native-build/sdk/occt/inc/HLRBRep_Hider.hxx
-- Installing: C:/Users/Davi/Downloads/oma/.release/native-build/sdk/occt/inc/HLRBRep_IntConicCurveOfCInter.hxx
-- Installing: C:/Users/Davi/Downloads/oma/.release/native-build/sdk/occt/inc/HLRBRep_InterCSurf.hxx
-- Installing: C:/Users/Davi/Downloads/oma/.release/native-build/sdk/occt/inc/HLRBRep_InternalAlgo.hxx
-- Installing: C:/Users/Davi/Downloads/oma/.release/native-build/sdk/occt/inc/HLRBRep_Intersector.hxx
-- Installing: C:/Users/Davi/Downloads/oma/.release/native-build/sdk/occt/inc/HLRBRep_LineTool.hxx
-- Installing: C:/Users/Davi/Downloads/oma/.release/native-build/sdk/occt/inc/HLRBRep_LineTool.lxx
-- Installing: C:/Users/Davi/Downloads/oma/.release/native-build/sdk/occt/inc/HLRBRep_ListIteratorOfListOfBPnt2D.hxx
-- Installing: C:/Users/Davi/Downloads/oma/.release/native-build/sdk/occt/inc/HLRBRep_ListIteratorOfListOfBPoint.hxx
-- Installing: C:/Users/Davi/Downloads/oma/.release/native-build/sdk/occt/inc/HLRBRep_ListOfBPnt2D.hxx
-- Installing: C:/Users/Davi/Downloads/oma/.release/native-build/sdk/occt/inc/HLRBRep_ListOfBPoint.hxx
-- Installing: C:/Users/Davi/Downloads/oma/.release/native-build/sdk/occt/inc/HLRBRep_MyImpParToolOfTheIntersectorOfTheIntConicCurveOfCInter.hxx
-- Installing: C:/Users/Davi/Downloads/oma/.release/native-build/sdk/occt/inc/HLRBRep_PCLocFOfTheLocateExtPCOfTheProjPCurOfCInter.hxx
-- Installing: C:/Users/Davi/Downloads/oma/.release/native-build/sdk/occt/inc/HLRBRep_PolyAlgo.hxx
-- Installing: C:/Users/Davi/Downloads/oma/.release/native-build/sdk/occt/inc/HLRBRep_PolyHLRToShape.hxx
-- Installing: C:/Users/Davi/Downloads/oma/.release/native-build/sdk/occt/inc/HLRBRep_PolyHLRToShape.lxx
-- Installing: C:/Users/Davi/Downloads/oma/.release/native-build/sdk/occt/inc/HLRBRep_SLProps.hxx
-- Installing: C:/Users/Davi/Downloads/oma/.release/native-build/sdk/occt/inc/HLRBRep_SLPropsATool.hxx
-- Installing: C:/Users/Davi/Downloads/oma/.release/native-build/sdk/occt/inc/HLRBRep_SLPropsATool.lxx
-- Installing: C:/Users/Davi/Downloads/oma/.release/native-build/sdk/occt/inc/HLRBRep_SeqOfShapeBounds.hxx
-- Installing: C:/Users/Davi/Downloads/oma/.release/native-build/sdk/occt/inc/HLRBRep_ShapeBounds.hxx
-- Installing: C:/Users/Davi/Downloads/oma/.release/native-build/sdk/occt/inc/HLRBRep_ShapeBounds.lxx
-- Installing: C:/Users/Davi/Downloads/oma/.release/native-build/sdk/occt/inc/HLRBRep_ShapeToHLR.hxx
-- Installing: C:/Users/Davi/Downloads/oma/.release/native-build/sdk/occt/inc/HLRBRep_Surface.hxx
-- Installing: C:/Users/Davi/Downloads/oma/.release/native-build/sdk/occt/inc/HLRBRep_Surface.lxx
-- Installing: C:/Users/Davi/Downloads/oma/.release/native-build/sdk/occt/inc/HLRBRep_SurfaceTool.hxx
-- Installing: C:/Users/Davi/Downloads/oma/.release/native-build/sdk/occt/inc/HLRBRep_SurfaceTool.lxx
-- Installing: C:/Users/Davi/Downloads/oma/.release/native-build/sdk/occt/inc/HLRBRep_TheCSFunctionOfInterCSurf.hxx
-- Installing: C:/Users/Davi/Downloads/oma/.release/native-build/sdk/occt/inc/HLRBRep_TheCurveLocatorOfTheProjPCurOfCInter.hxx
-- Installing: C:/Users/Davi/Downloads/oma/.release/native-build/sdk/occt/inc/HLRBRep_TheDistBetweenPCurvesOfTheIntPCurvePCurveOfCInter.hxx
-- Installing: C:/Users/Davi/Downloads/oma/.release/native-build/sdk/occt/inc/HLRBRep_TheExactInterCSurf.hxx
-- Installing: C:/Users/Davi/Downloads/oma/.release/native-build/sdk/occt/inc/HLRBRep_TheIntConicCurveOfCInter.hxx
-- Installing: C:/Users/Davi/Downloads/oma/.release/native-build/sdk/occt/inc/HLRBRep_TheIntPCurvePCurveOfCInter.hxx
-- Installing: C:/Users/Davi/Downloads/oma/.release/native-build/sdk/occt/inc/HLRBRep_TheInterferenceOfInterCSurf.hxx
-- Installing: C:/Users/Davi/Downloads/oma/.release/native-build/sdk/occt/inc/HLRBRep_TheIntersectorOfTheIntConicCurveOfCInter.hxx
-- Installing: C:/Users/Davi/Downloads/oma/.release/native-build/sdk/occt/inc/HLRBRep_TheLocateExtPCOfTheProjPCurOfCInter.hxx
-- Installing: C:/Users/Davi/Downloads/oma/.release/native-build/sdk/occt/inc/HLRBRep_ThePolygon2dOfTheIntPCurvePCurveOfCInter.hxx
-- Installing: C:/Users/Davi/Downloads/oma/.release/native-build/sdk/occt/inc/HLRBRep_ThePolygonOfInterCSurf.hxx
-- Installing: C:/Users/Davi/Downloads/oma/.release/native-build/sdk/occt/inc/HLRBRep_ThePolygonToolOfInterCSurf.hxx
-- Installing: C:/Users/Davi/Downloads/oma/.release/native-build/sdk/occt/inc/HLRBRep_ThePolyhedronOfInterCSurf.hxx
-- Installing: C:/Users/Davi/Downloads/oma/.release/native-build/sdk/occt/inc/HLRBRep_ThePolyhedronToolOfInterCSurf.hxx
-- Installing: C:/Users/Davi/Downloads/oma/.release/native-build/sdk/occt/inc/HLRBRep_TheProjPCurOfCInter.hxx
-- Installing: C:/Users/Davi/Downloads/oma/.release/native-build/sdk/occt/inc/HLRBRep_TheQuadCurvExactInterCSurf.hxx
-- Installing: C:/Users/Davi/Downloads/oma/.release/native-build/sdk/occt/inc/HLRBRep_TheQuadCurvFuncOfTheQuadCurvExactInterCSurf.hxx
-- Installing: C:/Users/Davi/Downloads/oma/.release/native-build/sdk/occt/inc/HLRBRep_TypeOfResultingEdge.hxx
-- Installing: C:/Users/Davi/Downloads/oma/.release/native-build/sdk/occt/inc/HLRBRep_VertexList.hxx
-- Installing: C:/Users/Davi/Downloads/oma/.release/native-build/sdk/occt/inc/HLRAlgo.hxx
-- Installing: C:/Users/Davi/Downloads/oma/.release/native-build/sdk/occt/inc/HLRAlgo_Array1OfPHDat.hxx
-- Installing: C:/Users/Davi/Downloads/oma/.release/native-build/sdk/occt/inc/HLRAlgo_Array1OfPINod.hxx
-- Installing: C:/Users/Davi/Downloads/oma/.release/native-build/sdk/occt/inc/HLRAlgo_Array1OfPISeg.hxx
-- Installing: C:/Users/Davi/Downloads/oma/.release/native-build/sdk/occt/inc/HLRAlgo_Array1OfTData.hxx
-- Installing: C:/Users/Davi/Downloads/oma/.release/native-build/sdk/occt/inc/HLRAlgo_BiPoint.hxx
-- Installing: C:/Users/Davi/Downloads/oma/.release/native-build/sdk/occt/inc/HLRAlgo_Coincidence.hxx
-- Installing: C:/Users/Davi/Downloads/oma/.release/native-build/sdk/occt/inc/HLRAlgo_EdgeIterator.hxx
-- Installing: C:/Users/Davi/Downloads/oma/.release/native-build/sdk/occt/inc/HLRAlgo_EdgeIterator.lxx
-- Installing: C:/Users/Davi/Downloads/oma/.release/native-build/sdk/occt/inc/HLRAlgo_EdgeStatus.hxx
-- Installing: C:/Users/Davi/Downloads/oma/.release/native-build/sdk/occt/inc/HLRAlgo_EdgesBlock.hxx
-- Installing: C:/Users/Davi/Downloads/oma/.release/native-build/sdk/occt/inc/HLRAlgo_HArray1OfPHDat.hxx
-- Installing: C:/Users/Davi/Downloads/oma/.release/native-build/sdk/occt/inc/HLRAlgo_HArray1OfPINod.hxx
-- Installing: C:/Users/Davi/Downloads/oma/.release/native-build/sdk/occt/inc/HLRAlgo_HArray1OfPISeg.hxx
-- Installing: C:/Users/Davi/Downloads/oma/.release/native-build/sdk/occt/inc/HLRAlgo_HArray1OfTData.hxx
-- Installing: C:/Users/Davi/Downloads/oma/.release/native-build/sdk/occt/inc/HLRAlgo_Interference.hxx
-- Installing: C:/Users/Davi/Downloads/oma/.release/native-build/sdk/occt/inc/HLRAlgo_InterferenceList.hxx
-- Installing: C:/Users/Davi/Downloads/oma/.release/native-build/sdk/occt/inc/HLRAlgo_Intersection.hxx
-- Installing: C:/Users/Davi/Downloads/oma/.release/native-build/sdk/occt/inc/HLRAlgo_Intersection.lxx
-- Installing: C:/Users/Davi/Downloads/oma/.release/native-build/sdk/occt/inc/HLRAlgo_ListIteratorOfInterferenceList.hxx
-- Installing: C:/Users/Davi/Downloads/oma/.release/native-build/sdk/occt/inc/HLRAlgo_ListIteratorOfListOfBPoint.hxx
-- Installing: C:/Users/Davi/Downloads/oma/.release/native-build/sdk/occt/inc/HLRAlgo_ListOfBPoint.hxx
-- Installing: C:/Users/Davi/Downloads/oma/.release/native-build/sdk/occt/inc/HLRAlgo_PolyAlgo.hxx
-- Installing: C:/Users/Davi/Downloads/oma/.release/native-build/sdk/occt/inc/HLRAlgo_PolyData.hxx
-- Installing: C:/Users/Davi/Downloads/oma/.release/native-build/sdk/occt/inc/HLRAlgo_PolyData.lxx
-- Installing: C:/Users/Davi/Downloads/oma/.release/native-build/sdk/occt/inc/HLRAlgo_PolyHidingData.hxx
-- Installing: C:/Users/Davi/Downloads/oma/.release/native-build/sdk/occt/inc/HLRAlgo_PolyInternalData.hxx
-- Installing: C:/Users/Davi/Downloads/oma/.release/native-build/sdk/occt/inc/HLRAlgo_PolyInternalData.lxx
-- Installing: C:/Users/Davi/Downloads/oma/.release/native-build/sdk/occt/inc/HLRAlgo_PolyInternalNode.hxx
-- Installing: C:/Users/Davi/Downloads/oma/.release/native-build/sdk/occt/inc/HLRAlgo_PolyInternalSegment.hxx
-- Installing: C:/Users/Davi/Downloads/oma/.release/native-build/sdk/occt/inc/HLRAlgo_PolyMask.hxx
-- Installing: C:/Users/Davi/Downloads/oma/.release/native-build/sdk/occt/inc/HLRAlgo_PolyShellData.hxx
-- Installing: C:/Users/Davi/Downloads/oma/.release/native-build/sdk/occt/inc/HLRAlgo_Projector.hxx
-- Installing: C:/Users/Davi/Downloads/oma/.release/native-build/sdk/occt/inc/HLRAlgo_Projector.lxx
-- Installing: C:/Users/Davi/Downloads/oma/.release/native-build/sdk/occt/inc/HLRAlgo_TriangleData.hxx
-- Installing: C:/Users/Davi/Downloads/oma/.release/native-build/sdk/occt/inc/HLRAlgo_WiresBlock.hxx
-- Installing: C:/Users/Davi/Downloads/oma/.release/native-build/sdk/occt/inc/HLRAppli_ReflectLines.hxx
-- Installing: C:/Users/Davi/Downloads/oma/.release/native-build/sdk/occt/inc/Intrv_Interval.hxx
-- Installing: C:/Users/Davi/Downloads/oma/.release/native-build/sdk/occt/inc/Intrv_Interval.lxx
-- Installing: C:/Users/Davi/Downloads/oma/.release/native-build/sdk/occt/inc/Intrv_Intervals.hxx
-- Installing: C:/Users/Davi/Downloads/oma/.release/native-build/sdk/occt/inc/Intrv_Intervals.lxx
-- Installing: C:/Users/Davi/Downloads/oma/.release/native-build/sdk/occt/inc/Intrv_Position.hxx
-- Installing: C:/Users/Davi/Downloads/oma/.release/native-build/sdk/occt/inc/Intrv_SequenceOfInterval.hxx
-- Installing: C:/Users/Davi/Downloads/oma/.release/native-build/sdk/occt/inc/TopBas_Interference.gxx
-- Installing: C:/Users/Davi/Downloads/oma/.release/native-build/sdk/occt/inc/TopBas_Interference.lxx
-- Installing: C:/Users/Davi/Downloads/oma/.release/native-build/sdk/occt/inc/TopBas_ListIteratorOfListOfTestInterference.hxx
-- Installing: C:/Users/Davi/Downloads/oma/.release/native-build/sdk/occt/inc/TopBas_ListOfTestInterference.hxx
-- Installing: C:/Users/Davi/Downloads/oma/.release/native-build/sdk/occt/inc/TopBas_TestInterference.hxx
-- Installing: C:/Users/Davi/Downloads/oma/.release/native-build/sdk/occt/inc/TopCnx_EdgeFaceTransition.hxx
-- Installing: C:/Users/Davi/Downloads/oma/.release/native-build/sdk/occt/inc/Contap_ArcFunction.hxx
-- Installing: C:/Users/Davi/Downloads/oma/.release/native-build/sdk/occt/inc/Contap_ArcFunction.lxx
-- Installing: C:/Users/Davi/Downloads/oma/.release/native-build/sdk/occt/inc/Contap_ContAna.hxx
-- Installing: C:/Users/Davi/Downloads/oma/.release/native-build/sdk/occt/inc/Contap_ContAna.lxx
-- Installing: C:/Users/Davi/Downloads/oma/.release/native-build/sdk/occt/inc/Contap_Contour.hxx
-- Installing: C:/Users/Davi/Downloads/oma/.release/native-build/sdk/occt/inc/Contap_Contour.lxx
-- Installing: C:/Users/Davi/Downloads/oma/.release/native-build/sdk/occt/inc/Contap_HContTool.hxx
-- Installing: C:/Users/Davi/Downloads/oma/.release/native-build/sdk/occt/inc/Contap_HCurve2dTool.hxx
-- Installing: C:/Users/Davi/Downloads/oma/.release/native-build/sdk/occt/inc/Contap_HCurve2dTool.lxx
-- Installing: C:/Users/Davi/Downloads/oma/.release/native-build/sdk/occt/inc/Contap_IType.hxx
-- Installing: C:/Users/Davi/Downloads/oma/.release/native-build/sdk/occt/inc/Contap_Line.hxx
-- Installing: C:/Users/Davi/Downloads/oma/.release/native-build/sdk/occt/inc/Contap_Line.lxx
-- Installing: C:/Users/Davi/Downloads/oma/.release/native-build/sdk/occt/inc/Contap_Point.hxx
-- Installing: C:/Users/Davi/Downloads/oma/.release/native-build/sdk/occt/inc/Contap_Point.lxx
-- Installing: C:/Users/Davi/Downloads/oma/.release/native-build/sdk/occt/inc/Contap_SequenceOfIWLineOfTheIWalking.hxx
-- Installing: C:/Users/Davi/Downloads/oma/.release/native-build/sdk/occt/inc/Contap_SequenceOfPathPointOfTheSearch.hxx
-- Installing: C:/Users/Davi/Downloads/oma/.release/native-build/sdk/occt/inc/Contap_SequenceOfSegmentOfTheSearch.hxx
-- Installing: C:/Users/Davi/Downloads/oma/.release/native-build/sdk/occt/inc/Contap_SurfFunction.hxx
-- Installing: C:/Users/Davi/Downloads/oma/.release/native-build/sdk/occt/inc/Contap_SurfFunction.lxx
-- Installing: C:/Users/Davi/Downloads/oma/.release/native-build/sdk/occt/inc/Contap_SurfProps.hxx
-- Installing: C:/Users/Davi/Downloads/oma/.release/native-build/sdk/occt/inc/Contap_TFunction.hxx
-- Installing: C:/Users/Davi/Downloads/oma/.release/native-build/sdk/occt/inc/Contap_TheHSequenceOfPoint.hxx
-- Installing: C:/Users/Davi/Downloads/oma/.release/native-build/sdk/occt/inc/Contap_TheIWLineOfTheIWalking.hxx
-- Installing: C:/Users/Davi/Downloads/oma/.release/native-build/sdk/occt/inc/Contap_TheIWalking.hxx
-- Installing: C:/Users/Davi/Downloads/oma/.release/native-build/sdk/occt/inc/Contap_ThePathPointOfTheSearch.hxx
-- Installing: C:/Users/Davi/Downloads/oma/.release/native-build/sdk/occt/inc/Contap_TheSearch.hxx
-- Installing: C:/Users/Davi/Downloads/oma/.release/native-build/sdk/occt/inc/Contap_TheSearchInside.hxx
-- Installing: C:/Users/Davi/Downloads/oma/.release/native-build/sdk/occt/inc/Contap_TheSegmentOfTheSearch.hxx
-- Installing: C:/Users/Davi/Downloads/oma/.release/native-build/sdk/occt/inc/Contap_TheSequenceOfLine.hxx
-- Installing: C:/Users/Davi/Downloads/oma/.release/native-build/sdk/occt/inc/Contap_TheSequenceOfPoint.hxx
-- Installing: C:/Users/Davi/Downloads/oma/.release/native-build/sdk/occt/inc/ChFiDS_ChamfMethod.hxx
-- Installing: C:/Users/Davi/Downloads/oma/.release/native-build/sdk/occt/inc/ChFiDS_ChamfMode.hxx
-- Installing: C:/Users/Davi/Downloads/oma/.release/native-build/sdk/occt/inc/ChFiDS_ChamfSpine.hxx
-- Installing: C:/Users/Davi/Downloads/oma/.release/native-build/sdk/occt/inc/ChFiDS_CircSection.hxx
-- Installing: C:/Users/Davi/Downloads/oma/.release/native-build/sdk/occt/inc/ChFiDS_CommonPoint.hxx
-- Installing: C:/Users/Davi/Downloads/oma/.release/native-build/sdk/occt/inc/ChFiDS_ElSpine.hxx
-- Installing: C:/Users/Davi/Downloads/oma/.release/native-build/sdk/occt/inc/ChFiDS_ErrorStatus.hxx
-- Installing: C:/Users/Davi/Downloads/oma/.release/native-build/sdk/occt/inc/ChFiDS_FaceInterference.hxx
-- Installing: C:/Users/Davi/Downloads/oma/.release/native-build/sdk/occt/inc/ChFiDS_FaceInterference.lxx
-- Installing: C:/Users/Davi/Downloads/oma/.release/native-build/sdk/occt/inc/ChFiDS_FilSpine.hxx
-- Installing: C:/Users/Davi/Downloads/oma/.release/native-build/sdk/occt/inc/ChFiDS_HData.hxx
-- Installing: C:/Users/Davi/Downloads/oma/.release/native-build/sdk/occt/inc/ChFiDS_IndexedDataMapOfVertexListOfStripe.hxx
-- Installing: C:/Users/Davi/Downloads/oma/.release/native-build/sdk/occt/inc/ChFiDS_ListIteratorOfListOfHElSpine.hxx
-- Installing: C:/Users/Davi/Downloads/oma/.release/native-build/sdk/occt/inc/ChFiDS_ListIteratorOfListOfStripe.hxx
-- Installing: C:/Users/Davi/Downloads/oma/.release/native-build/sdk/occt/inc/ChFiDS_ListIteratorOfRegularities.hxx
-- Installing: C:/Users/Davi/Downloads/oma/.release/native-build/sdk/occt/inc/ChFiDS_ListOfHElSpine.hxx
-- Installing: C:/Users/Davi/Downloads/oma/.release/native-build/sdk/occt/inc/ChFiDS_ListOfStripe.hxx
-- Installing: C:/Users/Davi/Downloads/oma/.release/native-build/sdk/occt/inc/ChFiDS_Map.hxx
-- Installing: C:/Users/Davi/Downloads/oma/.release/native-build/sdk/occt/inc/ChFiDS_Regul.hxx
-- Installing: C:/Users/Davi/Downloads/oma/.release/native-build/sdk/occt/inc/ChFiDS_Regularities.hxx
-- Installing: C:/Users/Davi/Downloads/oma/.release/native-build/sdk/occt/inc/ChFiDS_SecArray1.hxx
-- Installing: C:/Users/Davi/Downloads/oma/.release/native-build/sdk/occt/inc/ChFiDS_SecHArray1.hxx
-- Installing: C:/Users/Davi/Downloads/oma/.release/native-build/sdk/occt/inc/ChFiDS_SequenceOfSpine.hxx
-- Installing: C:/Users/Davi/Downloads/oma/.release/native-build/sdk/occt/inc/ChFiDS_SequenceOfSurfData.hxx
-- Installing: C:/Users/Davi/Downloads/oma/.release/native-build/sdk/occt/inc/ChFiDS_Spine.hxx
-- Installing: C:/Users/Davi/Downloads/oma/.release/native-build/sdk/occt/inc/ChFiDS_Spine.lxx
-- Installing: C:/Users/Davi/Downloads/oma/.release/native-build/sdk/occt/inc/ChFiDS_State.hxx
-- Installing: C:/Users/Davi/Downloads/oma/.release/native-build/sdk/occt/inc/ChFiDS_Stripe.hxx
-- Installing: C:/Users/Davi/Downloads/oma/.release/native-build/sdk/occt/inc/ChFiDS_Stripe.lxx
-- Installing: C:/Users/Davi/Downloads/oma/.release/native-build/sdk/occt/inc/ChFiDS_StripeArray1.hxx
-- Installing: C:/Users/Davi/Downloads/oma/.release/native-build/sdk/occt/inc/ChFiDS_StripeMap.hxx
-- Installing: C:/Users/Davi/Downloads/oma/.release/native-build/sdk/occt/inc/ChFiDS_StripeMap.lxx
-- Installing: C:/Users/Davi/Downloads/oma/.release/native-build/sdk/occt/inc/ChFiDS_SurfData.hxx
-- Installing: C:/Users/Davi/Downloads/oma/.release/native-build/sdk/occt/inc/ChFiDS_SurfData.lxx
-- Installing: C:/Users/Davi/Downloads/oma/.release/native-build/sdk/occt/inc/ChFiDS_TypeOfConcavity.hxx
-- Installing: C:/Users/Davi/Downloads/oma/.release/native-build/sdk/occt/inc/ChFi2d.hxx
-- Installing: C:/Users/Davi/Downloads/oma/.release/native-build/sdk/occt/inc/ChFi2d_AnaFilletAlgo.hxx
-- Installing: C:/Users/Davi/Downloads/oma/.release/native-build/sdk/occt/inc/ChFi2d_Builder.hxx
-- Installing: C:/Users/Davi/Downloads/oma/.release/native-build/sdk/occt/inc/ChFi2d_Builder.lxx
-- Installing: C:/Users/Davi/Downloads/oma/.release/native-build/sdk/occt/inc/ChFi2d_ChamferAPI.hxx
-- Installing: C:/Users/Davi/Downloads/oma/.release/native-build/sdk/occt/inc/ChFi2d_ConstructionError.hxx
-- Installing: C:/Users/Davi/Downloads/oma/.release/native-build/sdk/occt/inc/ChFi2d_FilletAPI.hxx
-- Installing: C:/Users/Davi/Downloads/oma/.release/native-build/sdk/occt/inc/ChFi2d_FilletAlgo.hxx
-- Installing: C:/Users/Davi/Downloads/oma/.release/native-build/sdk/occt/inc/ChFi3d.hxx
-- Installing: C:/Users/Davi/Downloads/oma/.release/native-build/sdk/occt/inc/ChFi3d_Builder.hxx
-- Installing: C:/Users/Davi/Downloads/oma/.release/native-build/sdk/occt/inc/ChFi3d_Builder_0.hxx
-- Installing: C:/Users/Davi/Downloads/oma/.release/native-build/sdk/occt/inc/ChFi3d_ChBuilder.hxx
-- Installing: C:/Users/Davi/Downloads/oma/.release/native-build/sdk/occt/inc/ChFi3d_FilBuilder.hxx
-- Installing: C:/Users/Davi/Downloads/oma/.release/native-build/sdk/occt/inc/ChFi3d_FilletShape.hxx
-- Installing: C:/Users/Davi/Downloads/oma/.release/native-build/sdk/occt/inc/ChFi3d_SearchSing.hxx
-- Installing: C:/Users/Davi/Downloads/oma/.release/native-build/sdk/occt/inc/ChFiKPart_ComputeData.hxx
-- Installing: C:/Users/Davi/Downloads/oma/.release/native-build/sdk/occt/inc/ChFiKPart_ComputeData_CS.hxx
-- Installing: C:/Users/Davi/Downloads/oma/.release/native-build/sdk/occt/inc/ChFiKPart_ComputeData_ChAsymPlnCon.hxx
-- Installing: C:/Users/Davi/Downloads/oma/.release/native-build/sdk/occt/inc/ChFiKPart_ComputeData_ChAsymPlnCyl.hxx
-- Installing: C:/Users/Davi/Downloads/oma/.release/native-build/sdk/occt/inc/ChFiKPart_ComputeData_ChAsymPlnPln.hxx
-- Installing: C:/Users/Davi/Downloads/oma/.release/native-build/sdk/occt/inc/ChFiKPart_ComputeData_ChPlnCon.hxx
-- Installing: C:/Users/Davi/Downloads/oma/.release/native-build/sdk/occt/inc/ChFiKPart_ComputeData_ChPlnCyl.hxx
-- Installing: C:/Users/Davi/Downloads/oma/.release/native-build/sdk/occt/inc/ChFiKPart_ComputeData_ChPlnPln.hxx
-- Installing: C:/Users/Davi/Downloads/oma/.release/native-build/sdk/occt/inc/ChFiKPart_ComputeData_Fcts.hxx
-- Installing: C:/Users/Davi/Downloads/oma/.release/native-build/sdk/occt/inc/ChFiKPart_ComputeData_FilPlnCon.hxx
-- Installing: C:/Users/Davi/Downloads/oma/.release/native-build/sdk/occt/inc/ChFiKPart_ComputeData_FilPlnCyl.hxx
-- Installing: C:/Users/Davi/Downloads/oma/.release/native-build/sdk/occt/inc/ChFiKPart_ComputeData_FilPlnPln.hxx
-- Installing: C:/Users/Davi/Downloads/oma/.release/native-build/sdk/occt/inc/ChFiKPart_ComputeData_Rotule.hxx
-- Installing: C:/Users/Davi/Downloads/oma/.release/native-build/sdk/occt/inc/ChFiKPart_ComputeData_Sphere.hxx
-- Installing: C:/Users/Davi/Downloads/oma/.release/native-build/sdk/occt/inc/ChFiKPart_DataMapIteratorOfRstMap.hxx
-- Installing: C:/Users/Davi/Downloads/oma/.release/native-build/sdk/occt/inc/ChFiKPart_RstMap.hxx
-- Installing: C:/Users/Davi/Downloads/oma/.release/native-build/sdk/occt/inc/Blend_AppFunction.hxx
-- Installing: C:/Users/Davi/Downloads/oma/.release/native-build/sdk/occt/inc/Blend_CSFunction.hxx
-- Installing: C:/Users/Davi/Downloads/oma/.release/native-build/sdk/occt/inc/Blend_CSWalking.gxx
-- Installing: C:/Users/Davi/Downloads/oma/.release/native-build/sdk/occt/inc/Blend_CSWalking.lxx
-- Installing: C:/Users/Davi/Downloads/oma/.release/native-build/sdk/occt/inc/Blend_CSWalking_1.gxx
-- Installing: C:/Users/Davi/Downloads/oma/.release/native-build/sdk/occt/inc/Blend_CSWalking_2.gxx
-- Installing: C:/Users/Davi/Downloads/oma/.release/native-build/sdk/occt/inc/Blend_CSWalking_3.gxx
-- Installing: C:/Users/Davi/Downloads/oma/.release/native-build/sdk/occt/inc/Blend_CSWalking_4.gxx
-- Installing: C:/Users/Davi/Downloads/oma/.release/native-build/sdk/occt/inc/Blend_CurvPointFuncInv.hxx
-- Installing: C:/Users/Davi/Downloads/oma/.release/native-build/sdk/occt/inc/Blend_DecrochStatus.hxx
-- Installing: C:/Users/Davi/Downloads/oma/.release/native-build/sdk/occt/inc/Blend_FuncInv.hxx
-- Installing: C:/Users/Davi/Downloads/oma/.release/native-build/sdk/occt/inc/Blend_Function.hxx
-- Installing: C:/Users/Davi/Downloads/oma/.release/native-build/sdk/occt/inc/Blend_Point.hxx
-- Installing: C:/Users/Davi/Downloads/oma/.release/native-build/sdk/occt/inc/Blend_Point.lxx
-- Installing: C:/Users/Davi/Downloads/oma/.release/native-build/sdk/occt/inc/Blend_RstRstFunction.hxx
-- Installing: C:/Users/Davi/Downloads/oma/.release/native-build/sdk/occt/inc/Blend_SequenceOfPoint.hxx
-- Installing: C:/Users/Davi/Downloads/oma/.release/native-build/sdk/occt/inc/Blend_Status.hxx
-- Installing: C:/Users/Davi/Downloads/oma/.release/native-build/sdk/occt/inc/Blend_SurfCurvFuncInv.hxx
-- Installing: C:/Users/Davi/Downloads/oma/.release/native-build/sdk/occt/inc/Blend_SurfPointFuncInv.hxx
-- Installing: C:/Users/Davi/Downloads/oma/.release/native-build/sdk/occt/inc/Blend_SurfRstFunction.hxx
-- Installing: C:/Users/Davi/Downloads/oma/.release/native-build/sdk/occt/inc/Blend_Walking.gxx
-- Installing: C:/Users/Davi/Downloads/oma/.release/native-build/sdk/occt/inc/Blend_Walking.lxx
-- Installing: C:/Users/Davi/Downloads/oma/.release/native-build/sdk/occt/inc/Blend_Walking_1.gxx
-- Installing: C:/Users/Davi/Downloads/oma/.release/native-build/sdk/occt/inc/Blend_Walking_2.gxx
-- Installing: C:/Users/Davi/Downloads/oma/.release/native-build/sdk/occt/inc/Blend_Walking_3.gxx
-- Installing: C:/Users/Davi/Downloads/oma/.release/native-build/sdk/occt/inc/Blend_Walking_4.gxx
-- Installing: C:/Users/Davi/Downloads/oma/.release/native-build/sdk/occt/inc/BRepBlend_AppFunc.hxx
-- Installing: C:/Users/Davi/Downloads/oma/.release/native-build/sdk/occt/inc/BRepBlend_AppFuncRoot.hxx
-- Installing: C:/Users/Davi/Downloads/oma/.release/native-build/sdk/occt/inc/BRepBlend_AppFuncRst.hxx
-- Installing: C:/Users/Davi/Downloads/oma/.release/native-build/sdk/occt/inc/BRepBlend_AppFuncRstRst.hxx
-- Installing: C:/Users/Davi/Downloads/oma/.release/native-build/sdk/occt/inc/BRepBlend_AppSurf.hxx
-- Installing: C:/Users/Davi/Downloads/oma/.release/native-build/sdk/occt/inc/BRepBlend_AppSurface.hxx
-- Installing: C:/Users/Davi/Downloads/oma/.release/native-build/sdk/occt/inc/BRepBlend_AppSurface.lxx
-- Installing: C:/Users/Davi/Downloads/oma/.release/native-build/sdk/occt/inc/BRepBlend_BlendTool.hxx
-- Installing: C:/Users/Davi/Downloads/oma/.release/native-build/sdk/occt/inc/BRepBlend_BlendTool.lxx
-- Installing: C:/Users/Davi/Downloads/oma/.release/native-build/sdk/occt/inc/BRepBlend_CSCircular.hxx
-- Installing: C:/Users/Davi/Downloads/oma/.release/native-build/sdk/occt/inc/BRepBlend_CSConstRad.hxx
-- Installing: C:/Users/Davi/Downloads/oma/.release/native-build/sdk/occt/inc/BRepBlend_CSWalking.hxx
-- Installing: C:/Users/Davi/Downloads/oma/.release/native-build/sdk/occt/inc/BRepBlend_ChAsym.hxx
-- Installing: C:/Users/Davi/Downloads/oma/.release/native-build/sdk/occt/inc/BRepBlend_ChAsymInv.hxx
-- Installing: C:/Users/Davi/Downloads/oma/.release/native-build/sdk/occt/inc/BRepBlend_ChamfInv.hxx
-- Installing: C:/Users/Davi/Downloads/oma/.release/native-build/sdk/occt/inc/BRepBlend_Chamfer.hxx
-- Installing: C:/Users/Davi/Downloads/oma/.release/native-build/sdk/occt/inc/BRepBlend_ConstRad.hxx
-- Installing: C:/Users/Davi/Downloads/oma/.release/native-build/sdk/occt/inc/BRepBlend_ConstRadInv.hxx
-- Installing: C:/Users/Davi/Downloads/oma/.release/native-build/sdk/occt/inc/BRepBlend_ConstThroat.hxx
-- Installing: C:/Users/Davi/Downloads/oma/.release/native-build/sdk/occt/inc/BRepBlend_ConstThroatInv.hxx
-- Installing: C:/Users/Davi/Downloads/oma/.release/native-build/sdk/occt/inc/BRepBlend_ConstThroatWithPenetration.hxx
-- Installing: C:/Users/Davi/Downloads/oma/.release/native-build/sdk/occt/inc/BRepBlend_ConstThroatWithPenetrationInv.hxx
-- Installing: C:/Users/Davi/Downloads/oma/.release/native-build/sdk/occt/inc/BRepBlend_CurvPointRadInv.hxx
-- Installing: C:/Users/Davi/Downloads/oma/.release/native-build/sdk/occt/inc/BRepBlend_EvolRad.hxx
-- Installing: C:/Users/Davi/Downloads/oma/.release/native-build/sdk/occt/inc/BRepBlend_EvolRadInv.hxx
-- Installing: C:/Users/Davi/Downloads/oma/.release/native-build/sdk/occt/inc/BRepBlend_Extremity.hxx
-- Installing: C:/Users/Davi/Downloads/oma/.release/native-build/sdk/occt/inc/BRepBlend_Extremity.lxx
-- Installing: C:/Users/Davi/Downloads/oma/.release/native-build/sdk/occt/inc/BRepBlend_HCurve2dTool.hxx
-- Installing: C:/Users/Davi/Downloads/oma/.release/native-build/sdk/occt/inc/BRepBlend_HCurve2dTool.lxx
-- Installing: C:/Users/Davi/Downloads/oma/.release/native-build/sdk/occt/inc/BRepBlend_HCurveTool.hxx
-- Installing: C:/Users/Davi/Downloads/oma/.release/native-build/sdk/occt/inc/BRepBlend_HCurveTool.lxx
-- Installing: C:/Users/Davi/Downloads/oma/.release/native-build/sdk/occt/inc/BRepBlend_Line.hxx
-- Installing: C:/Users/Davi/Downloads/oma/.release/native-build/sdk/occt/inc/BRepBlend_Line.lxx
-- Installing: C:/Users/Davi/Downloads/oma/.release/native-build/sdk/occt/inc/BRepBlend_PointOnRst.hxx
-- Installing: C:/Users/Davi/Downloads/oma/.release/native-build/sdk/occt/inc/BRepBlend_PointOnRst.lxx
-- Installing: C:/Users/Davi/Downloads/oma/.release/native-build/sdk/occt/inc/BRepBlend_RstRstConstRad.hxx
-- Installing: C:/Users/Davi/Downloads/oma/.release/native-build/sdk/occt/inc/BRepBlend_RstRstEvolRad.hxx
-- Installing: C:/Users/Davi/Downloads/oma/.release/native-build/sdk/occt/inc/BRepBlend_RstRstLineBuilder.hxx
-- Installing: C:/Users/Davi/Downloads/oma/.release/native-build/sdk/occt/inc/BRepBlend_RstRstLineBuilder.lxx
-- Installing: C:/Users/Davi/Downloads/oma/.release/native-build/sdk/occt/inc/BRepBlend_Ruled.hxx
-- Installing: C:/Users/Davi/Downloads/oma/.release/native-build/sdk/occt/inc/BRepBlend_RuledInv.hxx
-- Installing: C:/Users/Davi/Downloads/oma/.release/native-build/sdk/occt/inc/BRepBlend_SequenceOfLine.hxx
-- Installing: C:/Users/Davi/Downloads/oma/.release/native-build/sdk/occt/inc/BRepBlend_SequenceOfPointOnRst.hxx
-- Installing: C:/Users/Davi/Downloads/oma/.release/native-build/sdk/occt/inc/BRepBlend_SurfCurvConstRadInv.hxx
-- Installing: C:/Users/Davi/Downloads/oma/.release/native-build/sdk/occt/inc/BRepBlend_SurfCurvEvolRadInv.hxx
-- Installing: C:/Users/Davi/Downloads/oma/.release/native-build/sdk/occt/inc/BRepBlend_SurfPointConstRadInv.hxx
-- Installing: C:/Users/Davi/Downloads/oma/.release/native-build/sdk/occt/inc/BRepBlend_SurfPointEvolRadInv.hxx
-- Installing: C:/Users/Davi/Downloads/oma/.release/native-build/sdk/occt/inc/BRepBlend_SurfRstConstRad.hxx
-- Installing: C:/Users/Davi/Downloads/oma/.release/native-build/sdk/occt/inc/BRepBlend_SurfRstEvolRad.hxx
-- Installing: C:/Users/Davi/Downloads/oma/.release/native-build/sdk/occt/inc/BRepBlend_SurfRstLineBuilder.hxx
-- Installing: C:/Users/Davi/Downloads/oma/.release/native-build/sdk/occt/inc/BRepBlend_SurfRstLineBuilder.lxx
-- Installing: C:/Users/Davi/Downloads/oma/.release/native-build/sdk/occt/inc/BRepBlend_Walking.hxx
-- Installing: C:/Users/Davi/Downloads/oma/.release/native-build/sdk/occt/inc/BlendFunc.hxx
-- Installing: C:/Users/Davi/Downloads/oma/.release/native-build/sdk/occt/inc/BlendFunc_CSCircular.hxx
-- Installing: C:/Users/Davi/Downloads/oma/.release/native-build/sdk/occt/inc/BlendFunc_CSConstRad.hxx
-- Installing: C:/Users/Davi/Downloads/oma/.release/native-build/sdk/occt/inc/BlendFunc_ChAsym.hxx
-- Installing: C:/Users/Davi/Downloads/oma/.release/native-build/sdk/occt/inc/BlendFunc_ChAsymInv.hxx
-- Installing: C:/Users/Davi/Downloads/oma/.release/native-build/sdk/occt/inc/BlendFunc_ChamfInv.hxx
-- Installing: C:/Users/Davi/Downloads/oma/.release/native-build/sdk/occt/inc/BlendFunc_Chamfer.hxx
-- Installing: C:/Users/Davi/Downloads/oma/.release/native-build/sdk/occt/inc/BlendFunc_ConstRad.hxx
-- Installing: C:/Users/Davi/Downloads/oma/.release/native-build/sdk/occt/inc/BlendFunc_ConstRadInv.hxx
-- Installing: C:/Users/Davi/Downloads/oma/.release/native-build/sdk/occt/inc/BlendFunc_ConstThroat.hxx
-- Installing: C:/Users/Davi/Downloads/oma/.release/native-build/sdk/occt/inc/BlendFunc_ConstThroatInv.hxx
-- Installing: C:/Users/Davi/Downloads/oma/.release/native-build/sdk/occt/inc/BlendFunc_ConstThroatWithPenetration.hxx
-- Installing: C:/Users/Davi/Downloads/oma/.release/native-build/sdk/occt/inc/BlendFunc_ConstThroatWithPenetrationInv.hxx
-- Installing: C:/Users/Davi/Downloads/oma/.release/native-build/sdk/occt/inc/BlendFunc_Corde.hxx
-- Installing: C:/Users/Davi/Downloads/oma/.release/native-build/sdk/occt/inc/BlendFunc_EvolRad.hxx
-- Installing: C:/Users/Davi/Downloads/oma/.release/native-build/sdk/occt/inc/BlendFunc_EvolRadInv.hxx
-- Installing: C:/Users/Davi/Downloads/oma/.release/native-build/sdk/occt/inc/BlendFunc_GenChamfInv.hxx
-- Installing: C:/Users/Davi/Downloads/oma/.release/native-build/sdk/occt/inc/BlendFunc_GenChamfer.hxx
-- Installing: C:/Users/Davi/Downloads/oma/.release/native-build/sdk/occt/inc/BlendFunc_Ruled.hxx
-- Installing: C:/Users/Davi/Downloads/oma/.release/native-build/sdk/occt/inc/BlendFunc_RuledInv.hxx
-- Installing: C:/Users/Davi/Downloads/oma/.release/native-build/sdk/occt/inc/BlendFunc_SectionShape.hxx
-- Installing: C:/Users/Davi/Downloads/oma/.release/native-build/sdk/occt/inc/BlendFunc_Tensor.hxx
-- Installing: C:/Users/Davi/Downloads/oma/.release/native-build/sdk/occt/inc/BlendFunc_Tensor.lxx
-- Installing: C:/Users/Davi/Downloads/oma/.release/native-build/sdk/occt/inc/BRepFilletAPI_LocalOperation.hxx
-- Installing: C:/Users/Davi/Downloads/oma/.release/native-build/sdk/occt/inc/BRepFilletAPI_MakeChamfer.hxx
-- Installing: C:/Users/Davi/Downloads/oma/.release/native-build/sdk/occt/inc/BRepFilletAPI_MakeFillet.hxx
-- Installing: C:/Users/Davi/Downloads/oma/.release/native-build/sdk/occt/inc/BRepFilletAPI_MakeFillet2d.hxx
-- Installing: C:/Users/Davi/Downloads/oma/.release/native-build/sdk/occt/inc/BRepFilletAPI_MakeFillet2d.lxx
-- Installing: C:/Users/Davi/Downloads/oma/.release/native-build/sdk/occt/inc/FilletSurf_Builder.hxx
-- Installing: C:/Users/Davi/Downloads/oma/.release/native-build/sdk/occt/inc/FilletSurf_ErrorTypeStatus.hxx
-- Installing: C:/Users/Davi/Downloads/oma/.release/native-build/sdk/occt/inc/FilletSurf_InternalBuilder.hxx
-- Installing: C:/Users/Davi/Downloads/oma/.release/native-build/sdk/occt/inc/FilletSurf_StatusDone.hxx
-- Installing: C:/Users/Davi/Downloads/oma/.release/native-build/sdk/occt/inc/FilletSurf_StatusType.hxx
-- Installing: C:/Users/Davi/Downloads/oma/.release/native-build/sdk/occt/inc/BRepOffsetAPI_DraftAngle.hxx
-- Installing: C:/Users/Davi/Downloads/oma/.release/native-build/sdk/occt/inc/BRepOffsetAPI_FindContigousEdges.hxx
-- Installing: C:/Users/Davi/Downloads/oma/.release/native-build/sdk/occt/inc/BRepOffsetAPI_MakeDraft.hxx
-- Installing: C:/Users/Davi/Downloads/oma/.release/native-build/sdk/occt/inc/BRepOffsetAPI_MakeEvolved.hxx
-- Installing: C:/Users/Davi/Downloads/oma/.release/native-build/sdk/occt/inc/BRepOffsetAPI_MakeFilling.hxx
-- Installing: C:/Users/Davi/Downloads/oma/.release/native-build/sdk/occt/inc/BRepOffsetAPI_MakeOffset.hxx
-- Installing: C:/Users/Davi/Downloads/oma/.release/native-build/sdk/occt/inc/BRepOffsetAPI_MakeOffsetShape.hxx
-- Installing: C:/Users/Davi/Downloads/oma/.release/native-build/sdk/occt/inc/BRepOffsetAPI_MakePipe.hxx
-- Installing: C:/Users/Davi/Downloads/oma/.release/native-build/sdk/occt/inc/BRepOffsetAPI_MakePipeShell.hxx
-- Installing: C:/Users/Davi/Downloads/oma/.release/native-build/sdk/occt/inc/BRepOffsetAPI_MakeThickSolid.hxx
-- Installing: C:/Users/Davi/Downloads/oma/.release/native-build/sdk/occt/inc/BRepOffsetAPI_MiddlePath.hxx
-- Installing: C:/Users/Davi/Downloads/oma/.release/native-build/sdk/occt/inc/BRepOffsetAPI_NormalProjection.hxx
-- Installing: C:/Users/Davi/Downloads/oma/.release/native-build/sdk/occt/inc/BRepOffsetAPI_SequenceOfSequenceOfReal.hxx
-- Installing: C:/Users/Davi/Downloads/oma/.release/native-build/sdk/occt/inc/BRepOffsetAPI_SequenceOfSequenceOfShape.hxx
-- Installing: C:/Users/Davi/Downloads/oma/.release/native-build/sdk/occt/inc/BRepOffsetAPI_Sewing.hxx
-- Installing: C:/Users/Davi/Downloads/oma/.release/native-build/sdk/occt/inc/BRepOffsetAPI_ThruSections.hxx
-- Installing: C:/Users/Davi/Downloads/oma/.release/native-build/sdk/occt/inc/Draft.hxx
-- Installing: C:/Users/Davi/Downloads/oma/.release/native-build/sdk/occt/inc/Draft_EdgeInfo.hxx
-- Installing: C:/Users/Davi/Downloads/oma/.release/native-build/sdk/occt/inc/Draft_ErrorStatus.hxx
-- Installing: C:/Users/Davi/Downloads/oma/.release/native-build/sdk/occt/inc/Draft_FaceInfo.hxx
-- Installing: C:/Users/Davi/Downloads/oma/.release/native-build/sdk/occt/inc/Draft_IndexedDataMapOfEdgeEdgeInfo.hxx
-- Installing: C:/Users/Davi/Downloads/oma/.release/native-build/sdk/occt/inc/Draft_IndexedDataMapOfFaceFaceInfo.hxx
-- Installing: C:/Users/Davi/Downloads/oma/.release/native-build/sdk/occt/inc/Draft_IndexedDataMapOfVertexVertexInfo.hxx
-- Installing: C:/Users/Davi/Downloads/oma/.release/native-build/sdk/occt/inc/Draft_Modification.hxx
-- Installing: C:/Users/Davi/Downloads/oma/.release/native-build/sdk/occt/inc/Draft_VertexInfo.hxx
-- Installing: C:/Users/Davi/Downloads/oma/.release/native-build/sdk/occt/inc/BRepOffset.hxx
-- Installing: C:/Users/Davi/Downloads/oma/.release/native-build/sdk/occt/inc/BRepOffset_Analyse.hxx
-- Installing: C:/Users/Davi/Downloads/oma/.release/native-build/sdk/occt/inc/BRepOffset_DataMapIteratorOfDataMapOfShapeListOfInterval.hxx
-- Installing: C:/Users/Davi/Downloads/oma/.release/native-build/sdk/occt/inc/BRepOffset_DataMapIteratorOfDataMapOfShapeMapOfShape.hxx
-- Installing: C:/Users/Davi/Downloads/oma/.release/native-build/sdk/occt/inc/BRepOffset_DataMapIteratorOfDataMapOfShapeOffset.hxx
-- Installing: C:/Users/Davi/Downloads/oma/.release/native-build/sdk/occt/inc/BRepOffset_DataMapOfShapeListOfInterval.hxx
-- Installing: C:/Users/Davi/Downloads/oma/.release/native-build/sdk/occt/inc/BRepOffset_DataMapOfShapeMapOfShape.hxx
-- Installing: C:/Users/Davi/Downloads/oma/.release/native-build/sdk/occt/inc/BRepOffset_DataMapOfShapeOffset.hxx
-- Installing: C:/Users/Davi/Downloads/oma/.release/native-build/sdk/occt/inc/BRepOffset_Error.hxx
-- Installing: C:/Users/Davi/Downloads/oma/.release/native-build/sdk/occt/inc/BRepOffset_Inter2d.hxx
-- Installing: C:/Users/Davi/Downloads/oma/.release/native-build/sdk/occt/inc/BRepOffset_Inter3d.hxx
-- Installing: C:/Users/Davi/Downloads/oma/.release/native-build/sdk/occt/inc/BRepOffset_Interval.hxx
-- Installing: C:/Users/Davi/Downloads/oma/.release/native-build/sdk/occt/inc/BRepOffset_Interval.lxx
-- Installing: C:/Users/Davi/Downloads/oma/.release/native-build/sdk/occt/inc/BRepOffset_ListIteratorOfListOfInterval.hxx
-- Installing: C:/Users/Davi/Downloads/oma/.release/native-build/sdk/occt/inc/BRepOffset_ListOfInterval.hxx
-- Installing: C:/Users/Davi/Downloads/oma/.release/native-build/sdk/occt/inc/BRepOffset_MakeLoops.hxx
-- Installing: C:/Users/Davi/Downloads/oma/.release/native-build/sdk/occt/inc/BRepOffset_MakeOffset.hxx
-- Installing: C:/Users/Davi/Downloads/oma/.release/native-build/sdk/occt/inc/BRepOffset_MakeSimpleOffset.hxx
-- Installing: C:/Users/Davi/Downloads/oma/.release/native-build/sdk/occt/inc/BRepOffset_Mode.hxx
-- Installing: C:/Users/Davi/Downloads/oma/.release/native-build/sdk/occt/inc/BRepOffset_Offset.hxx
-- Installing: C:/Users/Davi/Downloads/oma/.release/native-build/sdk/occt/inc/BRepOffset_Offset.lxx
-- Installing: C:/Users/Davi/Downloads/oma/.release/native-build/sdk/occt/inc/BRepOffset_SimpleOffset.hxx
-- Installing: C:/Users/Davi/Downloads/oma/.release/native-build/sdk/occt/inc/BRepOffset_Status.hxx
-- Installing: C:/Users/Davi/Downloads/oma/.release/native-build/sdk/occt/inc/BRepOffset_Tool.hxx
-- Installing: C:/Users/Davi/Downloads/oma/.release/native-build/sdk/occt/inc/BiTgte_Blend.hxx
-- Installing: C:/Users/Davi/Downloads/oma/.release/native-build/sdk/occt/inc/BiTgte_ContactType.hxx
-- Installing: C:/Users/Davi/Downloads/oma/.release/native-build/sdk/occt/inc/BiTgte_CurveOnEdge.hxx
-- Installing: C:/Users/Davi/Downloads/oma/.release/native-build/sdk/occt/inc/BiTgte_CurveOnVertex.hxx
-- Installing: C:/Users/Davi/Downloads/oma/.release/native-build/sdk/occt/inc/LocOpe.hxx
-- Installing: C:/Users/Davi/Downloads/oma/.release/native-build/sdk/occt/inc/LocOpe_BuildShape.hxx
-- Installing: C:/Users/Davi/Downloads/oma/.release/native-build/sdk/occt/inc/LocOpe_BuildShape.lxx
-- Installing: C:/Users/Davi/Downloads/oma/.release/native-build/sdk/occt/inc/LocOpe_BuildWires.hxx
-- Installing: C:/Users/Davi/Downloads/oma/.release/native-build/sdk/occt/inc/LocOpe_CSIntersector.hxx
-- Installing: C:/Users/Davi/Downloads/oma/.release/native-build/sdk/occt/inc/LocOpe_CSIntersector.lxx
-- Installing: C:/Users/Davi/Downloads/oma/.release/native-build/sdk/occt/inc/LocOpe_CurveShapeIntersector.hxx
-- Installing: C:/Users/Davi/Downloads/oma/.release/native-build/sdk/occt/inc/LocOpe_CurveShapeIntersector.lxx
-- Installing: C:/Users/Davi/Downloads/oma/.release/native-build/sdk/occt/inc/LocOpe_DPrism.hxx
-- Installing: C:/Users/Davi/Downloads/oma/.release/native-build/sdk/occt/inc/LocOpe_DataMapIteratorOfDataMapOfShapePnt.hxx
-- Installing: C:/Users/Davi/Downloads/oma/.release/native-build/sdk/occt/inc/LocOpe_DataMapOfShapePnt.hxx
-- Installing: C:/Users/Davi/Downloads/oma/.release/native-build/sdk/occt/inc/LocOpe_FindEdges.hxx
-- Installing: C:/Users/Davi/Downloads/oma/.release/native-build/sdk/occt/inc/LocOpe_FindEdges.lxx
-- Installing: C:/Users/Davi/Downloads/oma/.release/native-build/sdk/occt/inc/LocOpe_FindEdgesInFace.hxx
-- Installing: C:/Users/Davi/Downloads/oma/.release/native-build/sdk/occt/inc/LocOpe_FindEdgesInFace.lxx
-- Installing: C:/Users/Davi/Downloads/oma/.release/native-build/sdk/occt/inc/LocOpe_GeneratedShape.hxx
-- Installing: C:/Users/Davi/Downloads/oma/.release/native-build/sdk/occt/inc/LocOpe_Generator.hxx
-- Installing: C:/Users/Davi/Downloads/oma/.release/native-build/sdk/occt/inc/LocOpe_Generator.lxx
-- Installing: C:/Users/Davi/Downloads/oma/.release/native-build/sdk/occt/inc/LocOpe_GluedShape.hxx
-- Installing: C:/Users/Davi/Downloads/oma/.release/native-build/sdk/occt/inc/LocOpe_Gluer.hxx
-- Installing: C:/Users/Davi/Downloads/oma/.release/native-build/sdk/occt/inc/LocOpe_Gluer.lxx
-- Installing: C:/Users/Davi/Downloads/oma/.release/native-build/sdk/occt/inc/LocOpe_LinearForm.hxx
-- Installing: C:/Users/Davi/Downloads/oma/.release/native-build/sdk/occt/inc/LocOpe_LinearForm.lxx
-- Installing: C:/Users/Davi/Downloads/oma/.release/native-build/sdk/occt/inc/LocOpe_Operation.hxx
-- Installing: C:/Users/Davi/Downloads/oma/.release/native-build/sdk/occt/inc/LocOpe_Pipe.hxx
-- Installing: C:/Users/Davi/Downloads/oma/.release/native-build/sdk/occt/inc/LocOpe_Pipe.lxx
-- Installing: C:/Users/Davi/Downloads/oma/.release/native-build/sdk/occt/inc/LocOpe_PntFace.hxx
-- Installing: C:/Users/Davi/Downloads/oma/.release/native-build/sdk/occt/inc/LocOpe_Prism.hxx
-- Installing: C:/Users/Davi/Downloads/oma/.release/native-build/sdk/occt/inc/LocOpe_Revol.hxx
-- Installing: C:/Users/Davi/Downloads/oma/.release/native-build/sdk/occt/inc/LocOpe_RevolutionForm.hxx
-- Installing: C:/Users/Davi/Downloads/oma/.release/native-build/sdk/occt/inc/LocOpe_SequenceOfCirc.hxx
-- Installing: C:/Users/Davi/Downloads/oma/.release/native-build/sdk/occt/inc/LocOpe_SequenceOfLin.hxx
-- Installing: C:/Users/Davi/Downloads/oma/.release/native-build/sdk/occt/inc/LocOpe_SequenceOfPntFace.hxx
-- Installing: C:/Users/Davi/Downloads/oma/.release/native-build/sdk/occt/inc/LocOpe_SplitDrafts.hxx
-- Installing: C:/Users/Davi/Downloads/oma/.release/native-build/sdk/occt/inc/LocOpe_SplitShape.hxx
-- Installing: C:/Users/Davi/Downloads/oma/.release/native-build/sdk/occt/inc/LocOpe_SplitShape.lxx
-- Installing: C:/Users/Davi/Downloads/oma/.release/native-build/sdk/occt/inc/LocOpe_Spliter.hxx
-- Installing: C:/Users/Davi/Downloads/oma/.release/native-build/sdk/occt/inc/LocOpe_Spliter.lxx
-- Installing: C:/Users/Davi/Downloads/oma/.release/native-build/sdk/occt/inc/LocOpe_WiresOnShape.hxx
-- Installing: C:/Users/Davi/Downloads/oma/.release/native-build/sdk/occt/inc/LocOpe_WiresOnShape.lxx
-- Installing: C:/Users/Davi/Downloads/oma/.release/native-build/sdk/occt/inc/BRepFeat.hxx
-- Installing: C:/Users/Davi/Downloads/oma/.release/native-build/sdk/occt/inc/BRepFeat_Builder.hxx
-- Installing: C:/Users/Davi/Downloads/oma/.release/native-build/sdk/occt/inc/BRepFeat_Form.hxx
-- Installing: C:/Users/Davi/Downloads/oma/.release/native-build/sdk/occt/inc/BRepFeat_Form.lxx
-- Installing: C:/Users/Davi/Downloads/oma/.release/native-build/sdk/occt/inc/BRepFeat_Gluer.hxx
-- Installing: C:/Users/Davi/Downloads/oma/.release/native-build/sdk/occt/inc/BRepFeat_Gluer.lxx
-- Installing: C:/Users/Davi/Downloads/oma/.release/native-build/sdk/occt/inc/BRepFeat_MakeCylindricalHole.hxx
-- Installing: C:/Users/Davi/Downloads/oma/.release/native-build/sdk/occt/inc/BRepFeat_MakeCylindricalHole.lxx
-- Installing: C:/Users/Davi/Downloads/oma/.release/native-build/sdk/occt/inc/BRepFeat_MakeDPrism.hxx
-- Installing: C:/Users/Davi/Downloads/oma/.release/native-build/sdk/occt/inc/BRepFeat_MakeLinearForm.hxx
-- Installing: C:/Users/Davi/Downloads/oma/.release/native-build/sdk/occt/inc/BRepFeat_MakeLinearForm.lxx
-- Installing: C:/Users/Davi/Downloads/oma/.release/native-build/sdk/occt/inc/BRepFeat_MakePipe.hxx
-- Installing: C:/Users/Davi/Downloads/oma/.release/native-build/sdk/occt/inc/BRepFeat_MakePipe.lxx
-- Installing: C:/Users/Davi/Downloads/oma/.release/native-build/sdk/occt/inc/BRepFeat_MakePrism.hxx
-- Installing: C:/Users/Davi/Downloads/oma/.release/native-build/sdk/occt/inc/BRepFeat_MakePrism.lxx
-- Installing: C:/Users/Davi/Downloads/oma/.release/native-build/sdk/occt/inc/BRepFeat_MakeRevol.hxx
-- Installing: C:/Users/Davi/Downloads/oma/.release/native-build/sdk/occt/inc/BRepFeat_MakeRevol.lxx
-- Installing: C:/Users/Davi/Downloads/oma/.release/native-build/sdk/occt/inc/BRepFeat_MakeRevolutionForm.hxx
-- Installing: C:/Users/Davi/Downloads/oma/.release/native-build/sdk/occt/inc/BRepFeat_MakeRevolutionForm.lxx
-- Installing: C:/Users/Davi/Downloads/oma/.release/native-build/sdk/occt/inc/BRepFeat_PerfSelection.hxx
-- Installing: C:/Users/Davi/Downloads/oma/.release/native-build/sdk/occt/inc/BRepFeat_RibSlot.hxx
-- Installing: C:/Users/Davi/Downloads/oma/.release/native-build/sdk/occt/inc/BRepFeat_RibSlot.lxx
-- Installing: C:/Users/Davi/Downloads/oma/.release/native-build/sdk/occt/inc/BRepFeat_SplitShape.hxx
-- Installing: C:/Users/Davi/Downloads/oma/.release/native-build/sdk/occt/inc/BRepFeat_SplitShape.lxx
-- Installing: C:/Users/Davi/Downloads/oma/.release/native-build/sdk/occt/inc/BRepFeat_Status.hxx
-- Installing: C:/Users/Davi/Downloads/oma/.release/native-build/sdk/occt/inc/BRepFeat_StatusError.hxx
-- Installing: C:/Users/Davi/Downloads/oma/.release/native-build/sdk/occt/inc/IMeshData_Curve.hxx
-- Installing: C:/Users/Davi/Downloads/oma/.release/native-build/sdk/occt/inc/IMeshData_Edge.hxx
-- Installing: C:/Users/Davi/Downloads/oma/.release/native-build/sdk/occt/inc/IMeshData_Face.hxx
-- Installing: C:/Users/Davi/Downloads/oma/.release/native-build/sdk/occt/inc/IMeshData_Model.hxx
-- Installing: C:/Users/Davi/Downloads/oma/.release/native-build/sdk/occt/inc/IMeshData_PCurve.hxx
-- Installing: C:/Users/Davi/Downloads/oma/.release/native-build/sdk/occt/inc/IMeshData_ParametersList.hxx
-- Installing: C:/Users/Davi/Downloads/oma/.release/native-build/sdk/occt/inc/IMeshData_ParametersListArrayAdaptor.hxx
-- Installing: C:/Users/Davi/Downloads/oma/.release/native-build/sdk/occt/inc/IMeshData_Shape.hxx
-- Installing: C:/Users/Davi/Downloads/oma/.release/native-build/sdk/occt/inc/IMeshData_Status.hxx
-- Installing: C:/Users/Davi/Downloads/oma/.release/native-build/sdk/occt/inc/IMeshData_StatusOwner.hxx
-- Installing: C:/Users/Davi/Downloads/oma/.release/native-build/sdk/occt/inc/IMeshData_TessellatedShape.hxx
-- Installing: C:/Users/Davi/Downloads/oma/.release/native-build/sdk/occt/inc/IMeshData_Types.hxx
-- Installing: C:/Users/Davi/Downloads/oma/.release/native-build/sdk/occt/inc/IMeshData_Wire.hxx
-- Installing: C:/Users/Davi/Downloads/oma/.release/native-build/sdk/occt/inc/IMeshTools_Context.hxx
-- Installing: C:/Users/Davi/Downloads/oma/.release/native-build/sdk/occt/inc/IMeshTools_CurveTessellator.hxx
-- Installing: C:/Users/Davi/Downloads/oma/.release/native-build/sdk/occt/inc/IMeshTools_MeshAlgo.hxx
-- Installing: C:/Users/Davi/Downloads/oma/.release/native-build/sdk/occt/inc/IMeshTools_MeshAlgoFactory.hxx
-- Installing: C:/Users/Davi/Downloads/oma/.release/native-build/sdk/occt/inc/IMeshTools_MeshAlgoType.hxx
-- Installing: C:/Users/Davi/Downloads/oma/.release/native-build/sdk/occt/inc/IMeshTools_MeshBuilder.hxx
-- Installing: C:/Users/Davi/Downloads/oma/.release/native-build/sdk/occt/inc/IMeshTools_ModelAlgo.hxx
-- Installing: C:/Users/Davi/Downloads/oma/.release/native-build/sdk/occt/inc/IMeshTools_ModelBuilder.hxx
-- Installing: C:/Users/Davi/Downloads/oma/.release/native-build/sdk/occt/inc/IMeshTools_Parameters.hxx
-- Installing: C:/Users/Davi/Downloads/oma/.release/native-build/sdk/occt/inc/IMeshTools_ShapeExplorer.hxx
-- Installing: C:/Users/Davi/Downloads/oma/.release/native-build/sdk/occt/inc/IMeshTools_ShapeVisitor.hxx
-- Installing: C:/Users/Davi/Downloads/oma/.release/native-build/sdk/occt/inc/BRepMeshData_Curve.hxx
-- Installing: C:/Users/Davi/Downloads/oma/.release/native-build/sdk/occt/inc/BRepMeshData_Edge.hxx
-- Installing: C:/Users/Davi/Downloads/oma/.release/native-build/sdk/occt/inc/BRepMeshData_Face.hxx
-- Installing: C:/Users/Davi/Downloads/oma/.release/native-build/sdk/occt/inc/BRepMeshData_Model.hxx
-- Installing: C:/Users/Davi/Downloads/oma/.release/native-build/sdk/occt/inc/BRepMeshData_PCurve.hxx
-- Installing: C:/Users/Davi/Downloads/oma/.release/native-build/sdk/occt/inc/BRepMeshData_Wire.hxx
-- Installing: C:/Users/Davi/Downloads/oma/.release/native-build/sdk/occt/inc/BRepMesh_BaseMeshAlgo.hxx
-- Installing: C:/Users/Davi/Downloads/oma/.release/native-build/sdk/occt/inc/BRepMesh_BoundaryParamsRangeSplitter.hxx
-- Installing: C:/Users/Davi/Downloads/oma/.release/native-build/sdk/occt/inc/BRepMesh_Circle.hxx
-- Installing: C:/Users/Davi/Downloads/oma/.release/native-build/sdk/occt/inc/BRepMesh_CircleInspector.hxx
-- Installing: C:/Users/Davi/Downloads/oma/.release/native-build/sdk/occt/inc/BRepMesh_CircleTool.hxx
-- Installing: C:/Users/Davi/Downloads/oma/.release/native-build/sdk/occt/inc/BRepMesh_Classifier.hxx
-- Installing: C:/Users/Davi/Downloads/oma/.release/native-build/sdk/occt/inc/BRepMesh_ConeRangeSplitter.hxx
-- Installing: C:/Users/Davi/Downloads/oma/.release/native-build/sdk/occt/inc/BRepMesh_ConstrainedBaseMeshAlgo.hxx
-- Installing: C:/Users/Davi/Downloads/oma/.release/native-build/sdk/occt/inc/BRepMesh_Context.hxx
-- Installing: C:/Users/Davi/Downloads/oma/.release/native-build/sdk/occt/inc/BRepMesh_CurveTessellator.hxx
-- Installing: C:/Users/Davi/Downloads/oma/.release/native-build/sdk/occt/inc/BRepMesh_CustomBaseMeshAlgo.hxx
-- Installing: C:/Users/Davi/Downloads/oma/.release/native-build/sdk/occt/inc/BRepMesh_CustomDelaunayBaseMeshAlgo.hxx
-- Installing: C:/Users/Davi/Downloads/oma/.release/native-build/sdk/occt/inc/BRepMesh_CylinderRangeSplitter.hxx
-- Installing: C:/Users/Davi/Downloads/oma/.release/native-build/sdk/occt/inc/BRepMesh_DataStructureOfDelaun.hxx
-- Installing: C:/Users/Davi/Downloads/oma/.release/native-build/sdk/occt/inc/BRepMesh_DefaultRangeSplitter.hxx
-- Installing: C:/Users/Davi/Downloads/oma/.release/native-build/sdk/occt/inc/BRepMesh_Deflection.hxx
-- Installing: C:/Users/Davi/Downloads/oma/.release/native-build/sdk/occt/inc/BRepMesh_DegreeOfFreedom.hxx
-- Installing: C:/Users/Davi/Downloads/oma/.release/native-build/sdk/occt/inc/BRepMesh_DelabellaBaseMeshAlgo.hxx
-- Installing: C:/Users/Davi/Downloads/oma/.release/native-build/sdk/occt/inc/BRepMesh_DelabellaMeshAlgoFactory.hxx
-- Installing: C:/Users/Davi/Downloads/oma/.release/native-build/sdk/occt/inc/BRepMesh_Delaun.hxx
-- Installing: C:/Users/Davi/Downloads/oma/.release/native-build/sdk/occt/inc/BRepMesh_DelaunayBaseMeshAlgo.hxx
-- Installing: C:/Users/Davi/Downloads/oma/.release/native-build/sdk/occt/inc/BRepMesh_DelaunayDeflectionControlMeshAlgo.hxx
-- Installing: C:/Users/Davi/Downloads/oma/.release/native-build/sdk/occt/inc/BRepMesh_DelaunayNodeInsertionMeshAlgo.hxx
-- Installing: C:/Users/Davi/Downloads/oma/.release/native-build/sdk/occt/inc/BRepMesh_DiscretFactory.hxx
-- Installing: C:/Users/Davi/Downloads/oma/.release/native-build/sdk/occt/inc/BRepMesh_DiscretRoot.hxx
-- Installing: C:/Users/Davi/Downloads/oma/.release/native-build/sdk/occt/inc/BRepMesh_Edge.hxx
-- Installing: C:/Users/Davi/Downloads/oma/.release/native-build/sdk/occt/inc/BRepMesh_EdgeDiscret.hxx
-- Installing: C:/Users/Davi/Downloads/oma/.release/native-build/sdk/occt/inc/BRepMesh_EdgeParameterProvider.hxx
-- Installing: C:/Users/Davi/Downloads/oma/.release/native-build/sdk/occt/inc/BRepMesh_EdgeTessellationExtractor.hxx
-- Installing: C:/Users/Davi/Downloads/oma/.release/native-build/sdk/occt/inc/BRepMesh_ExtrusionRangeSplitter.hxx
-- Installing: C:/Users/Davi/Downloads/oma/.release/native-build/sdk/occt/inc/BRepMesh_FaceChecker.hxx
-- Installing: C:/Users/Davi/Downloads/oma/.release/native-build/sdk/occt/inc/BRepMesh_FaceDiscret.hxx
-- Installing: C:/Users/Davi/Downloads/oma/.release/native-build/sdk/occt/inc/BRepMesh_FactoryError.hxx
-- Installing: C:/Users/Davi/Downloads/oma/.release/native-build/sdk/occt/inc/BRepMesh_FastDiscret.hxx
-- Installing: C:/Users/Davi/Downloads/oma/.release/native-build/sdk/occt/inc/BRepMesh_GeomTool.hxx
-- Installing: C:/Users/Davi/Downloads/oma/.release/native-build/sdk/occt/inc/BRepMesh_IncrementalMesh.hxx
-- Installing: C:/Users/Davi/Downloads/oma/.release/native-build/sdk/occt/inc/BRepMesh_MeshAlgoFactory.hxx
-- Installing: C:/Users/Davi/Downloads/oma/.release/native-build/sdk/occt/inc/BRepMesh_MeshTool.hxx
-- Installing: C:/Users/Davi/Downloads/oma/.release/native-build/sdk/occt/inc/BRepMesh_ModelBuilder.hxx
-- Installing: C:/Users/Davi/Downloads/oma/.release/native-build/sdk/occt/inc/BRepMesh_ModelHealer.hxx
-- Installing: C:/Users/Davi/Downloads/oma/.release/native-build/sdk/occt/inc/BRepMesh_ModelPostProcessor.hxx
-- Installing: C:/Users/Davi/Downloads/oma/.release/native-build/sdk/occt/inc/BRepMesh_ModelPreProcessor.hxx
-- Installing: C:/Users/Davi/Downloads/oma/.release/native-build/sdk/occt/inc/BRepMesh_NURBSRangeSplitter.hxx
-- Installing: C:/Users/Davi/Downloads/oma/.release/native-build/sdk/occt/inc/BRepMesh_NodeInsertionMeshAlgo.hxx
-- Installing: C:/Users/Davi/Downloads/oma/.release/native-build/sdk/occt/inc/BRepMesh_OrientedEdge.hxx
-- Installing: C:/Users/Davi/Downloads/oma/.release/native-build/sdk/occt/inc/BRepMesh_PairOfIndex.hxx
-- Installing: C:/Users/Davi/Downloads/oma/.release/native-build/sdk/occt/inc/BRepMesh_PluginEntryType.hxx
-- Installing: C:/Users/Davi/Downloads/oma/.release/native-build/sdk/occt/inc/BRepMesh_PluginMacro.hxx
-- Installing: C:/Users/Davi/Downloads/oma/.release/native-build/sdk/occt/inc/BRepMesh_SelectorOfDataStructureOfDelaun.hxx
-- Installing: C:/Users/Davi/Downloads/oma/.release/native-build/sdk/occt/inc/BRepMesh_ShapeTool.hxx
-- Installing: C:/Users/Davi/Downloads/oma/.release/native-build/sdk/occt/inc/BRepMesh_ShapeVisitor.hxx
-- Installing: C:/Users/Davi/Downloads/oma/.release/native-build/sdk/occt/inc/BRepMesh_SphereRangeSplitter.hxx
-- Installing: C:/Users/Davi/Downloads/oma/.release/native-build/sdk/occt/inc/BRepMesh_TorusRangeSplitter.hxx
-- Installing: C:/Users/Davi/Downloads/oma/.release/native-build/sdk/occt/inc/BRepMesh_Triangle.hxx
-- Installing: C:/Users/Davi/Downloads/oma/.release/native-build/sdk/occt/inc/BRepMesh_Triangulator.hxx
-- Installing: C:/Users/Davi/Downloads/oma/.release/native-build/sdk/occt/inc/BRepMesh_UVParamRangeSplitter.hxx
-- Installing: C:/Users/Davi/Downloads/oma/.release/native-build/sdk/occt/inc/BRepMesh_UndefinedRangeSplitter.hxx
-- Installing: C:/Users/Davi/Downloads/oma/.release/native-build/sdk/occt/inc/BRepMesh_Vertex.hxx
-- Installing: C:/Users/Davi/Downloads/oma/.release/native-build/sdk/occt/inc/BRepMesh_VertexInspector.hxx
-- Installing: C:/Users/Davi/Downloads/oma/.release/native-build/sdk/occt/inc/BRepMesh_VertexTool.hxx
-- Installing: C:/Users/Davi/Downloads/oma/.release/native-build/sdk/occt/inc/XBRepMesh.hxx
-- Installing: C:/Users/Davi/Downloads/oma/.release/native-build/sdk/occt/inc/Aspect_AspectFillAreaDefinitionError.hxx
-- Installing: C:/Users/Davi/Downloads/oma/.release/native-build/sdk/occt/inc/Aspect_AspectLineDefinitionError.hxx
-- Installing: C:/Users/Davi/Downloads/oma/.release/native-build/sdk/occt/inc/Aspect_AspectMarkerDefinitionError.hxx
-- Installing: C:/Users/Davi/Downloads/oma/.release/native-build/sdk/occt/inc/Aspect_Background.hxx
-- Installing: C:/Users/Davi/Downloads/oma/.release/native-build/sdk/occt/inc/Aspect_CircularGrid.hxx
-- Installing: C:/Users/Davi/Downloads/oma/.release/native-build/sdk/occt/inc/Aspect_ColorSpace.hxx
-- Installing: C:/Users/Davi/Downloads/oma/.release/native-build/sdk/occt/inc/Aspect_Display.hxx
-- Installing: C:/Users/Davi/Downloads/oma/.release/native-build/sdk/occt/inc/Aspect_DisplayConnection.hxx
-- Installing: C:/Users/Davi/Downloads/oma/.release/native-build/sdk/occt/inc/Aspect_DisplayConnectionDefinitionError.hxx
-- Installing: C:/Users/Davi/Downloads/oma/.release/native-build/sdk/occt/inc/Aspect_Drawable.hxx
-- Installing: C:/Users/Davi/Downloads/oma/.release/native-build/sdk/occt/inc/Aspect_Eye.hxx
-- Installing: C:/Users/Davi/Downloads/oma/.release/native-build/sdk/occt/inc/Aspect_FBConfig.hxx
-- Installing: C:/Users/Davi/Downloads/oma/.release/native-build/sdk/occt/inc/Aspect_FillMethod.hxx
-- Installing: C:/Users/Davi/Downloads/oma/.release/native-build/sdk/occt/inc/Aspect_FrustumLRBT.hxx
-- Installing: C:/Users/Davi/Downloads/oma/.release/native-build/sdk/occt/inc/Aspect_GenId.hxx
-- Installing: C:/Users/Davi/Downloads/oma/.release/native-build/sdk/occt/inc/Aspect_GradientBackground.hxx
-- Installing: C:/Users/Davi/Downloads/oma/.release/native-build/sdk/occt/inc/Aspect_GradientFillMethod.hxx
-- Installing: C:/Users/Davi/Downloads/oma/.release/native-build/sdk/occt/inc/Aspect_GraphicDeviceDefinitionError.hxx
-- Installing: C:/Users/Davi/Downloads/oma/.release/native-build/sdk/occt/inc/Aspect_GraphicsLibrary.hxx
-- Installing: C:/Users/Davi/Downloads/oma/.release/native-build/sdk/occt/inc/Aspect_Grid.hxx
-- Installing: C:/Users/Davi/Downloads/oma/.release/native-build/sdk/occt/inc/Aspect_GridDrawMode.hxx
-- Installing: C:/Users/Davi/Downloads/oma/.release/native-build/sdk/occt/inc/Aspect_GridType.hxx
-- Installing: C:/Users/Davi/Downloads/oma/.release/native-build/sdk/occt/inc/Aspect_Handle.hxx
-- Installing: C:/Users/Davi/Downloads/oma/.release/native-build/sdk/occt/inc/Aspect_HatchStyle.hxx
-- Installing: C:/Users/Davi/Downloads/oma/.release/native-build/sdk/occt/inc/Aspect_IdentDefinitionError.hxx
-- Installing: C:/Users/Davi/Downloads/oma/.release/native-build/sdk/occt/inc/Aspect_InteriorStyle.hxx
-- Installing: C:/Users/Davi/Downloads/oma/.release/native-build/sdk/occt/inc/Aspect_NeutralWindow.hxx
-- Installing: C:/Users/Davi/Downloads/oma/.release/native-build/sdk/occt/inc/Aspect_OpenVRSession.hxx
-- Installing: C:/Users/Davi/Downloads/oma/.release/native-build/sdk/occt/inc/Aspect_PolygonOffsetMode.hxx
-- Installing: C:/Users/Davi/Downloads/oma/.release/native-build/sdk/occt/inc/Aspect_RectangularGrid.hxx
-- Installing: C:/Users/Davi/Downloads/oma/.release/native-build/sdk/occt/inc/Aspect_RenderingContext.hxx
-- Installing: C:/Users/Davi/Downloads/oma/.release/native-build/sdk/occt/inc/Aspect_ScrollDelta.hxx
-- Installing: C:/Users/Davi/Downloads/oma/.release/native-build/sdk/occt/inc/Aspect_SequenceOfColor.hxx
-- Installing: C:/Users/Davi/Downloads/oma/.release/native-build/sdk/occt/inc/Aspect_SkydomeBackground.hxx
-- Installing: C:/Users/Davi/Downloads/oma/.release/native-build/sdk/occt/inc/Aspect_Touch.hxx
-- Installing: C:/Users/Davi/Downloads/oma/.release/native-build/sdk/occt/inc/Aspect_TouchMap.hxx
-- Installing: C:/Users/Davi/Downloads/oma/.release/native-build/sdk/occt/inc/Aspect_TrackedDevicePose.hxx
-- Installing: C:/Users/Davi/Downloads/oma/.release/native-build/sdk/occt/inc/Aspect_TypeOfColorScaleData.hxx
-- Installing: C:/Users/Davi/Downloads/oma/.release/native-build/sdk/occt/inc/Aspect_TypeOfColorScaleOrientation.hxx
-- Installing: C:/Users/Davi/Downloads/oma/.release/native-build/sdk/occt/inc/Aspect_TypeOfColorScalePosition.hxx
-- Installing: C:/Users/Davi/Downloads/oma/.release/native-build/sdk/occt/inc/Aspect_TypeOfDeflection.hxx
-- Installing: C:/Users/Davi/Downloads/oma/.release/native-build/sdk/occt/inc/Aspect_TypeOfDisplayText.hxx
-- Installing: C:/Users/Davi/Downloads/oma/.release/native-build/sdk/occt/inc/Aspect_TypeOfFacingModel.hxx
-- Installing: C:/Users/Davi/Downloads/oma/.release/native-build/sdk/occt/inc/Aspect_TypeOfHighlightMethod.hxx
-- Installing: C:/Users/Davi/Downloads/oma/.release/native-build/sdk/occt/inc/Aspect_TypeOfLine.hxx
-- Installing: C:/Users/Davi/Downloads/oma/.release/native-build/sdk/occt/inc/Aspect_TypeOfMarker.hxx
-- Installing: C:/Users/Davi/Downloads/oma/.release/native-build/sdk/occt/inc/Aspect_TypeOfResize.hxx
-- Installing: C:/Users/Davi/Downloads/oma/.release/native-build/sdk/occt/inc/Aspect_TypeOfStyleText.hxx
-- Installing: C:/Users/Davi/Downloads/oma/.release/native-build/sdk/occt/inc/Aspect_TypeOfTriedronPosition.hxx
-- Installing: C:/Users/Davi/Downloads/oma/.release/native-build/sdk/occt/inc/Aspect_Units.hxx
-- Installing: C:/Users/Davi/Downloads/oma/.release/native-build/sdk/occt/inc/Aspect_VKey.hxx
-- Installing: C:/Users/Davi/Downloads/oma/.release/native-build/sdk/occt/inc/Aspect_VKeyFlags.hxx
-- Installing: C:/Users/Davi/Downloads/oma/.release/native-build/sdk/occt/inc/Aspect_VKeySet.hxx
-- Installing: C:/Users/Davi/Downloads/oma/.release/native-build/sdk/occt/inc/Aspect_WidthOfLine.hxx
-- Installing: C:/Users/Davi/Downloads/oma/.release/native-build/sdk/occt/inc/Aspect_Window.hxx
-- Installing: C:/Users/Davi/Downloads/oma/.release/native-build/sdk/occt/inc/Aspect_WindowDefinitionError.hxx
-- Installing: C:/Users/Davi/Downloads/oma/.release/native-build/sdk/occt/inc/Aspect_WindowError.hxx
-- Installing: C:/Users/Davi/Downloads/oma/.release/native-build/sdk/occt/inc/Aspect_WindowInputListener.hxx
-- Installing: C:/Users/Davi/Downloads/oma/.release/native-build/sdk/occt/inc/Aspect_XAtom.hxx
-- Installing: C:/Users/Davi/Downloads/oma/.release/native-build/sdk/occt/inc/Aspect_XRAction.hxx
-- Installing: C:/Users/Davi/Downloads/oma/.release/native-build/sdk/occt/inc/Aspect_XRActionSet.hxx
-- Installing: C:/Users/Davi/Downloads/oma/.release/native-build/sdk/occt/inc/Aspect_XRActionType.hxx
-- Installing: C:/Users/Davi/Downloads/oma/.release/native-build/sdk/occt/inc/Aspect_XRAnalogActionData.hxx
-- Installing: C:/Users/Davi/Downloads/oma/.release/native-build/sdk/occt/inc/Aspect_XRDigitalActionData.hxx
-- Installing: C:/Users/Davi/Downloads/oma/.release/native-build/sdk/occt/inc/Aspect_XRGenericAction.hxx
-- Installing: C:/Users/Davi/Downloads/oma/.release/native-build/sdk/occt/inc/Aspect_XRHapticActionData.hxx
-- Installing: C:/Users/Davi/Downloads/oma/.release/native-build/sdk/occt/inc/Aspect_XRPoseActionData.hxx
-- Installing: C:/Users/Davi/Downloads/oma/.release/native-build/sdk/occt/inc/Aspect_XRSession.hxx
-- Installing: C:/Users/Davi/Downloads/oma/.release/native-build/sdk/occt/inc/Aspect_XRTrackedDeviceRole.hxx
-- Installing: C:/Users/Davi/Downloads/oma/.release/native-build/sdk/occt/inc/Graphic3d_AlphaMode.hxx
-- Installing: C:/Users/Davi/Downloads/oma/.release/native-build/sdk/occt/inc/Graphic3d_ArrayFlags.hxx
-- Installing: C:/Users/Davi/Downloads/oma/.release/native-build/sdk/occt/inc/Graphic3d_ArrayOfPoints.hxx
-- Installing: C:/Users/Davi/Downloads/oma/.release/native-build/sdk/occt/inc/Graphic3d_ArrayOfPolygons.hxx
-- Installing: C:/Users/Davi/Downloads/oma/.release/native-build/sdk/occt/inc/Graphic3d_ArrayOfPolylines.hxx
-- Installing: C:/Users/Davi/Downloads/oma/.release/native-build/sdk/occt/inc/Graphic3d_ArrayOfPrimitives.hxx
-- Installing: C:/Users/Davi/Downloads/oma/.release/native-build/sdk/occt/inc/Graphic3d_ArrayOfQuadrangleStrips.hxx
-- Installing: C:/Users/Davi/Downloads/oma/.release/native-build/sdk/occt/inc/Graphic3d_ArrayOfQuadrangles.hxx
-- Installing: C:/Users/Davi/Downloads/oma/.release/native-build/sdk/occt/inc/Graphic3d_ArrayOfSegments.hxx
-- Installing: C:/Users/Davi/Downloads/oma/.release/native-build/sdk/occt/inc/Graphic3d_ArrayOfTriangleFans.hxx
-- Installing: C:/Users/Davi/Downloads/oma/.release/native-build/sdk/occt/inc/Graphic3d_ArrayOfTriangleStrips.hxx
-- Installing: C:/Users/Davi/Downloads/oma/.release/native-build/sdk/occt/inc/Graphic3d_ArrayOfTriangles.hxx
-- Installing: C:/Users/Davi/Downloads/oma/.release/native-build/sdk/occt/inc/Graphic3d_AspectFillArea3d.hxx
-- Installing: C:/Users/Davi/Downloads/oma/.release/native-build/sdk/occt/inc/Graphic3d_AspectLine3d.hxx
-- Installing: C:/Users/Davi/Downloads/oma/.release/native-build/sdk/occt/inc/Graphic3d_AspectMarker3d.hxx
-- Installing: C:/Users/Davi/Downloads/oma/.release/native-build/sdk/occt/inc/Graphic3d_AspectText3d.hxx
-- Installing: C:/Users/Davi/Downloads/oma/.release/native-build/sdk/occt/inc/Graphic3d_Aspects.hxx
-- Installing: C:/Users/Davi/Downloads/oma/.release/native-build/sdk/occt/inc/Graphic3d_AttribBuffer.hxx
-- Installing: C:/Users/Davi/Downloads/oma/.release/native-build/sdk/occt/inc/Graphic3d_BSDF.hxx
-- Installing: C:/Users/Davi/Downloads/oma/.release/native-build/sdk/occt/inc/Graphic3d_BndBox3d.hxx
-- Installing: C:/Users/Davi/Downloads/oma/.release/native-build/sdk/occt/inc/Graphic3d_BndBox4d.hxx
-- Installing: C:/Users/Davi/Downloads/oma/.release/native-build/sdk/occt/inc/Graphic3d_BndBox4f.hxx
-- Installing: C:/Users/Davi/Downloads/oma/.release/native-build/sdk/occt/inc/Graphic3d_BoundBuffer.hxx
-- Installing: C:/Users/Davi/Downloads/oma/.release/native-build/sdk/occt/inc/Graphic3d_Buffer.hxx
-- Installing: C:/Users/Davi/Downloads/oma/.release/native-build/sdk/occt/inc/Graphic3d_BufferRange.hxx
-- Installing: C:/Users/Davi/Downloads/oma/.release/native-build/sdk/occt/inc/Graphic3d_BufferType.hxx
-- Installing: C:/Users/Davi/Downloads/oma/.release/native-build/sdk/occt/inc/Graphic3d_BvhCStructureSet.hxx
-- Installing: C:/Users/Davi/Downloads/oma/.release/native-build/sdk/occt/inc/Graphic3d_BvhCStructureSetTrsfPers.hxx
-- Installing: C:/Users/Davi/Downloads/oma/.release/native-build/sdk/occt/inc/Graphic3d_CLight.hxx
-- Installing: C:/Users/Davi/Downloads/oma/.release/native-build/sdk/occt/inc/Graphic3d_CStructure.hxx
-- Installing: C:/Users/Davi/Downloads/oma/.release/native-build/sdk/occt/inc/Graphic3d_CView.hxx
-- Installing: C:/Users/Davi/Downloads/oma/.release/native-build/sdk/occt/inc/Graphic3d_Camera.hxx
-- Installing: C:/Users/Davi/Downloads/oma/.release/native-build/sdk/occt/inc/Graphic3d_CameraTile.hxx
-- Installing: C:/Users/Davi/Downloads/oma/.release/native-build/sdk/occt/inc/Graphic3d_CappingFlags.hxx
-- Installing: C:/Users/Davi/Downloads/oma/.release/native-build/sdk/occt/inc/Graphic3d_ClipPlane.hxx
-- Installing: C:/Users/Davi/Downloads/oma/.release/native-build/sdk/occt/inc/Graphic3d_CubeMap.hxx
-- Installing: C:/Users/Davi/Downloads/oma/.release/native-build/sdk/occt/inc/Graphic3d_CubeMapOrder.hxx
-- Installing: C:/Users/Davi/Downloads/oma/.release/native-build/sdk/occt/inc/Graphic3d_CubeMapPacked.hxx
-- Installing: C:/Users/Davi/Downloads/oma/.release/native-build/sdk/occt/inc/Graphic3d_CubeMapSeparate.hxx
-- Installing: C:/Users/Davi/Downloads/oma/.release/native-build/sdk/occt/inc/Graphic3d_CubeMapSide.hxx
-- Installing: C:/Users/Davi/Downloads/oma/.release/native-build/sdk/occt/inc/Graphic3d_CullingTool.hxx
-- Installing: C:/Users/Davi/Downloads/oma/.release/native-build/sdk/occt/inc/Graphic3d_DataStructureManager.hxx
-- Installing: C:/Users/Davi/Downloads/oma/.release/native-build/sdk/occt/inc/Graphic3d_DiagnosticInfo.hxx
-- Installing: C:/Users/Davi/Downloads/oma/.release/native-build/sdk/occt/inc/Graphic3d_DisplayPriority.hxx
-- Installing: C:/Users/Davi/Downloads/oma/.release/native-build/sdk/occt/inc/Graphic3d_FrameStats.hxx
-- Installing: C:/Users/Davi/Downloads/oma/.release/native-build/sdk/occt/inc/Graphic3d_FrameStatsCounter.hxx
-- Installing: C:/Users/Davi/Downloads/oma/.release/native-build/sdk/occt/inc/Graphic3d_FrameStatsData.hxx
-- Installing: C:/Users/Davi/Downloads/oma/.release/native-build/sdk/occt/inc/Graphic3d_FrameStatsTimer.hxx
-- Installing: C:/Users/Davi/Downloads/oma/.release/native-build/sdk/occt/inc/Graphic3d_GraduatedTrihedron.hxx
-- Installing: C:/Users/Davi/Downloads/oma/.release/native-build/sdk/occt/inc/Graphic3d_GraphicDriver.hxx
-- Installing: C:/Users/Davi/Downloads/oma/.release/native-build/sdk/occt/inc/Graphic3d_GraphicDriverFactory.hxx
-- Installing: C:/Users/Davi/Downloads/oma/.release/native-build/sdk/occt/inc/Graphic3d_Group.hxx
-- Installing: C:/Users/Davi/Downloads/oma/.release/native-build/sdk/occt/inc/Graphic3d_GroupAspect.hxx
-- Installing: C:/Users/Davi/Downloads/oma/.release/native-build/sdk/occt/inc/Graphic3d_GroupDefinitionError.hxx
-- Installing: C:/Users/Davi/Downloads/oma/.release/native-build/sdk/occt/inc/Graphic3d_HatchStyle.hxx
-- Installing: C:/Users/Davi/Downloads/oma/.release/native-build/sdk/occt/inc/Graphic3d_HorizontalTextAlignment.hxx
-- Installing: C:/Users/Davi/Downloads/oma/.release/native-build/sdk/occt/inc/Graphic3d_IndexBuffer.hxx
-- Installing: C:/Users/Davi/Downloads/oma/.release/native-build/sdk/occt/inc/Graphic3d_Layer.hxx
-- Installing: C:/Users/Davi/Downloads/oma/.release/native-build/sdk/occt/inc/Graphic3d_LevelOfTextureAnisotropy.hxx
-- Installing: C:/Users/Davi/Downloads/oma/.release/native-build/sdk/occt/inc/Graphic3d_LightSet.hxx
-- Installing: C:/Users/Davi/Downloads/oma/.release/native-build/sdk/occt/inc/Graphic3d_MapIteratorOfMapOfStructure.hxx
-- Installing: C:/Users/Davi/Downloads/oma/.release/native-build/sdk/occt/inc/Graphic3d_MapOfAspectsToAspects.hxx
-- Installing: C:/Users/Davi/Downloads/oma/.release/native-build/sdk/occt/inc/Graphic3d_MapOfObject.hxx
-- Installing: C:/Users/Davi/Downloads/oma/.release/native-build/sdk/occt/inc/Graphic3d_MapOfStructure.hxx
-- Installing: C:/Users/Davi/Downloads/oma/.release/native-build/sdk/occt/inc/Graphic3d_MarkerImage.hxx
-- Installing: C:/Users/Davi/Downloads/oma/.release/native-build/sdk/occt/inc/Graphic3d_Mat4.hxx
-- Installing: C:/Users/Davi/Downloads/oma/.release/native-build/sdk/occt/inc/Graphic3d_Mat4d.hxx
-- Installing: C:/Users/Davi/Downloads/oma/.release/native-build/sdk/occt/inc/Graphic3d_MaterialAspect.hxx
-- Installing: C:/Users/Davi/Downloads/oma/.release/native-build/sdk/occt/inc/Graphic3d_MaterialDefinitionError.hxx
-- Installing: C:/Users/Davi/Downloads/oma/.release/native-build/sdk/occt/inc/Graphic3d_MediaTexture.hxx
-- Installing: C:/Users/Davi/Downloads/oma/.release/native-build/sdk/occt/inc/Graphic3d_MediaTextureSet.hxx
-- Installing: C:/Users/Davi/Downloads/oma/.release/native-build/sdk/occt/inc/Graphic3d_MutableIndexBuffer.hxx
-- Installing: C:/Users/Davi/Downloads/oma/.release/native-build/sdk/occt/inc/Graphic3d_NMapOfTransient.hxx
-- Installing: C:/Users/Davi/Downloads/oma/.release/native-build/sdk/occt/inc/Graphic3d_NameOfMaterial.hxx
-- Installing: C:/Users/Davi/Downloads/oma/.release/native-build/sdk/occt/inc/Graphic3d_NameOfTexture1D.hxx
-- Installing: C:/Users/Davi/Downloads/oma/.release/native-build/sdk/occt/inc/Graphic3d_NameOfTexture2D.hxx
-- Installing: C:/Users/Davi/Downloads/oma/.release/native-build/sdk/occt/inc/Graphic3d_NameOfTextureEnv.hxx
-- Installing: C:/Users/Davi/Downloads/oma/.release/native-build/sdk/occt/inc/Graphic3d_NameOfTexturePlane.hxx
-- Installing: C:/Users/Davi/Downloads/oma/.release/native-build/sdk/occt/inc/Graphic3d_PBRMaterial.hxx
-- Installing: C:/Users/Davi/Downloads/oma/.release/native-build/sdk/occt/inc/Graphic3d_PolygonOffset.hxx
-- Installing: C:/Users/Davi/Downloads/oma/.release/native-build/sdk/occt/inc/Graphic3d_PresentationAttributes.hxx
-- Installing: C:/Users/Davi/Downloads/oma/.release/native-build/sdk/occt/inc/Graphic3d_PriorityDefinitionError.hxx
-- Installing: C:/Users/Davi/Downloads/oma/.release/native-build/sdk/occt/inc/Graphic3d_RenderTransparentMethod.hxx
-- Installing: C:/Users/Davi/Downloads/oma/.release/native-build/sdk/occt/inc/Graphic3d_RenderingMode.hxx
-- Installing: C:/Users/Davi/Downloads/oma/.release/native-build/sdk/occt/inc/Graphic3d_RenderingParams.hxx
-- Installing: C:/Users/Davi/Downloads/oma/.release/native-build/sdk/occt/inc/Graphic3d_SequenceOfGroup.hxx
-- Installing: C:/Users/Davi/Downloads/oma/.release/native-build/sdk/occt/inc/Graphic3d_SequenceOfHClipPlane.hxx
-- Installing: C:/Users/Davi/Downloads/oma/.release/native-build/sdk/occt/inc/Graphic3d_SequenceOfStructure.hxx
-- Installing: C:/Users/Davi/Downloads/oma/.release/native-build/sdk/occt/inc/Graphic3d_ShaderAttribute.hxx
-- Installing: C:/Users/Davi/Downloads/oma/.release/native-build/sdk/occt/inc/Graphic3d_ShaderFlags.hxx
-- Installing: C:/Users/Davi/Downloads/oma/.release/native-build/sdk/occt/inc/Graphic3d_ShaderManager.hxx
-- Installing: C:/Users/Davi/Downloads/oma/.release/native-build/sdk/occt/inc/Graphic3d_ShaderObject.hxx
-- Installing: C:/Users/Davi/Downloads/oma/.release/native-build/sdk/occt/inc/Graphic3d_ShaderProgram.hxx
-- Installing: C:/Users/Davi/Downloads/oma/.release/native-build/sdk/occt/inc/Graphic3d_ShaderVariable.hxx
-- Installing: C:/Users/Davi/Downloads/oma/.release/native-build/sdk/occt/inc/Graphic3d_ShaderVariable.lxx
-- Installing: C:/Users/Davi/Downloads/oma/.release/native-build/sdk/occt/inc/Graphic3d_StereoMode.hxx
-- Installing: C:/Users/Davi/Downloads/oma/.release/native-build/sdk/occt/inc/Graphic3d_Structure.hxx
-- Installing: C:/Users/Davi/Downloads/oma/.release/native-build/sdk/occt/inc/Graphic3d_StructureDefinitionError.hxx
-- Installing: C:/Users/Davi/Downloads/oma/.release/native-build/sdk/occt/inc/Graphic3d_StructureManager.hxx
-- Installing: C:/Users/Davi/Downloads/oma/.release/native-build/sdk/occt/inc/Graphic3d_Text.hxx
-- Installing: C:/Users/Davi/Downloads/oma/.release/native-build/sdk/occt/inc/Graphic3d_TextPath.hxx
-- Installing: C:/Users/Davi/Downloads/oma/.release/native-build/sdk/occt/inc/Graphic3d_Texture1D.hxx
-- Installing: C:/Users/Davi/Downloads/oma/.release/native-build/sdk/occt/inc/Graphic3d_Texture1Dmanual.hxx
-- Installing: C:/Users/Davi/Downloads/oma/.release/native-build/sdk/occt/inc/Graphic3d_Texture1Dsegment.hxx
-- Installing: C:/Users/Davi/Downloads/oma/.release/native-build/sdk/occt/inc/Graphic3d_Texture2D.hxx
-- Installing: C:/Users/Davi/Downloads/oma/.release/native-build/sdk/occt/inc/Graphic3d_Texture2Dmanual.hxx
-- Installing: C:/Users/Davi/Downloads/oma/.release/native-build/sdk/occt/inc/Graphic3d_Texture2Dplane.hxx
-- Installing: C:/Users/Davi/Downloads/oma/.release/native-build/sdk/occt/inc/Graphic3d_Texture3D.hxx
-- Installing: C:/Users/Davi/Downloads/oma/.release/native-build/sdk/occt/inc/Graphic3d_TextureEnv.hxx
-- Installing: C:/Users/Davi/Downloads/oma/.release/native-build/sdk/occt/inc/Graphic3d_TextureMap.hxx
-- Installing: C:/Users/Davi/Downloads/oma/.release/native-build/sdk/occt/inc/Graphic3d_TextureParams.hxx
-- Installing: C:/Users/Davi/Downloads/oma/.release/native-build/sdk/occt/inc/Graphic3d_TextureRoot.hxx
-- Installing: C:/Users/Davi/Downloads/oma/.release/native-build/sdk/occt/inc/Graphic3d_TextureSet.hxx
-- Installing: C:/Users/Davi/Downloads/oma/.release/native-build/sdk/occt/inc/Graphic3d_TextureSetBits.hxx
-- Installing: C:/Users/Davi/Downloads/oma/.release/native-build/sdk/occt/inc/Graphic3d_TextureUnit.hxx
-- Installing: C:/Users/Davi/Downloads/oma/.release/native-build/sdk/occt/inc/Graphic3d_ToneMappingMethod.hxx
-- Installing: C:/Users/Davi/Downloads/oma/.release/native-build/sdk/occt/inc/Graphic3d_TransModeFlags.hxx
-- Installing: C:/Users/Davi/Downloads/oma/.release/native-build/sdk/occt/inc/Graphic3d_TransformPers.hxx
-- Installing: C:/Users/Davi/Downloads/oma/.release/native-build/sdk/occt/inc/Graphic3d_TransformPersScaledAbove.hxx
-- Installing: C:/Users/Davi/Downloads/oma/.release/native-build/sdk/occt/inc/Graphic3d_TransformUtils.hxx
-- Installing: C:/Users/Davi/Downloads/oma/.release/native-build/sdk/occt/inc/Graphic3d_TypeOfAnswer.hxx
-- Installing: C:/Users/Davi/Downloads/oma/.release/native-build/sdk/occt/inc/Graphic3d_TypeOfBackfacingModel.hxx
-- Installing: C:/Users/Davi/Downloads/oma/.release/native-build/sdk/occt/inc/Graphic3d_TypeOfBackground.hxx
-- Installing: C:/Users/Davi/Downloads/oma/.release/native-build/sdk/occt/inc/Graphic3d_TypeOfConnection.hxx
-- Installing: C:/Users/Davi/Downloads/oma/.release/native-build/sdk/occt/inc/Graphic3d_TypeOfLightSource.hxx
-- Installing: C:/Users/Davi/Downloads/oma/.release/native-build/sdk/occt/inc/Graphic3d_TypeOfLimit.hxx
-- Installing: C:/Users/Davi/Downloads/oma/.release/native-build/sdk/occt/inc/Graphic3d_TypeOfMaterial.hxx
-- Installing: C:/Users/Davi/Downloads/oma/.release/native-build/sdk/occt/inc/Graphic3d_TypeOfPrimitiveArray.hxx
-- Installing: C:/Users/Davi/Downloads/oma/.release/native-build/sdk/occt/inc/Graphic3d_TypeOfReflection.hxx
-- Installing: C:/Users/Davi/Downloads/oma/.release/native-build/sdk/occt/inc/Graphic3d_TypeOfShaderObject.hxx
-- Installing: C:/Users/Davi/Downloads/oma/.release/native-build/sdk/occt/inc/Graphic3d_TypeOfShadingModel.hxx
-- Installing: C:/Users/Davi/Downloads/oma/.release/native-build/sdk/occt/inc/Graphic3d_TypeOfStructure.hxx
-- Installing: C:/Users/Davi/Downloads/oma/.release/native-build/sdk/occt/inc/Graphic3d_TypeOfTexture.hxx
-- Installing: C:/Users/Davi/Downloads/oma/.release/native-build/sdk/occt/inc/Graphic3d_TypeOfTextureFilter.hxx
-- Installing: C:/Users/Davi/Downloads/oma/.release/native-build/sdk/occt/inc/Graphic3d_TypeOfTextureMode.hxx
-- Installing: C:/Users/Davi/Downloads/oma/.release/native-build/sdk/occt/inc/Graphic3d_TypeOfVisualization.hxx
-- Installing: C:/Users/Davi/Downloads/oma/.release/native-build/sdk/occt/inc/Graphic3d_Vec.hxx
-- Installing: C:/Users/Davi/Downloads/oma/.release/native-build/sdk/occt/inc/Graphic3d_Vec2.hxx
-- Installing: C:/Users/Davi/Downloads/oma/.release/native-build/sdk/occt/inc/Graphic3d_Vec3.hxx
-- Installing: C:/Users/Davi/Downloads/oma/.release/native-build/sdk/occt/inc/Graphic3d_Vec4.hxx
-- Installing: C:/Users/Davi/Downloads/oma/.release/native-build/sdk/occt/inc/Graphic3d_Vertex.hxx
-- Installing: C:/Users/Davi/Downloads/oma/.release/native-build/sdk/occt/inc/Graphic3d_VerticalTextAlignment.hxx
-- Installing: C:/Users/Davi/Downloads/oma/.release/native-build/sdk/occt/inc/Graphic3d_ViewAffinity.hxx
-- Installing: C:/Users/Davi/Downloads/oma/.release/native-build/sdk/occt/inc/Graphic3d_WorldViewProjState.hxx
-- Installing: C:/Users/Davi/Downloads/oma/.release/native-build/sdk/occt/inc/Graphic3d_ZLayerId.hxx
-- Installing: C:/Users/Davi/Downloads/oma/.release/native-build/sdk/occt/inc/Graphic3d_ZLayerSettings.hxx
-- Installing: C:/Users/Davi/Downloads/oma/.release/native-build/sdk/occt/inc/Xw_Window.hxx
-- Installing: C:/Users/Davi/Downloads/oma/.release/native-build/sdk/occt/inc/Image_AlienPixMap.hxx
-- Installing: C:/Users/Davi/Downloads/oma/.release/native-build/sdk/occt/inc/Image_Color.hxx
-- Installing: C:/Users/Davi/Downloads/oma/.release/native-build/sdk/occt/inc/Image_CompressedFormat.hxx
-- Installing: C:/Users/Davi/Downloads/oma/.release/native-build/sdk/occt/inc/Image_CompressedPixMap.hxx
-- Installing: C:/Users/Davi/Downloads/oma/.release/native-build/sdk/occt/inc/Image_DDSParser.hxx
-- Installing: C:/Users/Davi/Downloads/oma/.release/native-build/sdk/occt/inc/Image_Diff.hxx
-- Installing: C:/Users/Davi/Downloads/oma/.release/native-build/sdk/occt/inc/Image_Format.hxx
-- Installing: C:/Users/Davi/Downloads/oma/.release/native-build/sdk/occt/inc/Image_PixMap.hxx
-- Installing: C:/Users/Davi/Downloads/oma/.release/native-build/sdk/occt/inc/Image_PixMapData.hxx
-- Installing: C:/Users/Davi/Downloads/oma/.release/native-build/sdk/occt/inc/Image_PixMapTypedData.hxx
-- Installing: C:/Users/Davi/Downloads/oma/.release/native-build/sdk/occt/inc/Image_SupportedFormats.hxx
-- Installing: C:/Users/Davi/Downloads/oma/.release/native-build/sdk/occt/inc/Image_Texture.hxx
-- Installing: C:/Users/Davi/Downloads/oma/.release/native-build/sdk/occt/inc/Image_VideoRecorder.hxx
-- Installing: C:/Users/Davi/Downloads/oma/.release/native-build/sdk/occt/inc/Media_BufferPool.hxx
-- Installing: C:/Users/Davi/Downloads/oma/.release/native-build/sdk/occt/inc/Media_CodecContext.hxx
-- Installing: C:/Users/Davi/Downloads/oma/.release/native-build/sdk/occt/inc/Media_FormatContext.hxx
-- Installing: C:/Users/Davi/Downloads/oma/.release/native-build/sdk/occt/inc/Media_Frame.hxx
-- Installing: C:/Users/Davi/Downloads/oma/.release/native-build/sdk/occt/inc/Media_IFrameQueue.hxx
-- Installing: C:/Users/Davi/Downloads/oma/.release/native-build/sdk/occt/inc/Media_Packet.hxx
-- Installing: C:/Users/Davi/Downloads/oma/.release/native-build/sdk/occt/inc/Media_PlayerContext.hxx
-- Installing: C:/Users/Davi/Downloads/oma/.release/native-build/sdk/occt/inc/Media_Scaler.hxx
-- Installing: C:/Users/Davi/Downloads/oma/.release/native-build/sdk/occt/inc/Media_Timer.hxx
-- Installing: C:/Users/Davi/Downloads/oma/.release/native-build/sdk/occt/inc/Wasm_Window.hxx
-- Installing: C:/Users/Davi/Downloads/oma/.release/native-build/sdk/occt/inc/WNT_ClassDefinitionError.hxx
-- Installing: C:/Users/Davi/Downloads/oma/.release/native-build/sdk/occt/inc/WNT_Dword.hxx
-- Installing: C:/Users/Davi/Downloads/oma/.release/native-build/sdk/occt/inc/WNT_HIDSpaceMouse.hxx
-- Installing: C:/Users/Davi/Downloads/oma/.release/native-build/sdk/occt/inc/WNT_OrientationType.hxx
-- Installing: C:/Users/Davi/Downloads/oma/.release/native-build/sdk/occt/inc/WNT_WClass.hxx
-- Installing: C:/Users/Davi/Downloads/oma/.release/native-build/sdk/occt/inc/WNT_Window.hxx
-- Installing: C:/Users/Davi/Downloads/oma/.release/native-build/sdk/occt/inc/WNT_WindowPtr.hxx
-- Installing: C:/Users/Davi/Downloads/oma/.release/native-build/sdk/occt/inc/Cocoa_LocalPool.hxx
-- Installing: C:/Users/Davi/Downloads/oma/.release/native-build/sdk/occt/inc/Cocoa_Window.hxx
-- Installing: C:/Users/Davi/Downloads/oma/.release/native-build/sdk/occt/inc/Font_BRepFont.hxx
-- Installing: C:/Users/Davi/Downloads/oma/.release/native-build/sdk/occt/inc/Font_BRepTextBuilder.hxx
-- Installing: C:/Users/Davi/Downloads/oma/.release/native-build/sdk/occt/inc/Font_FTFont.hxx
-- Installing: C:/Users/Davi/Downloads/oma/.release/native-build/sdk/occt/inc/Font_FTLibrary.hxx
-- Installing: C:/Users/Davi/Downloads/oma/.release/native-build/sdk/occt/inc/Font_FontAspect.hxx
-- Installing: C:/Users/Davi/Downloads/oma/.release/native-build/sdk/occt/inc/Font_FontMgr.hxx
-- Installing: C:/Users/Davi/Downloads/oma/.release/native-build/sdk/occt/inc/Font_Hinting.hxx
-- Installing: C:/Users/Davi/Downloads/oma/.release/native-build/sdk/occt/inc/Font_NListOfSystemFont.hxx
-- Installing: C:/Users/Davi/Downloads/oma/.release/native-build/sdk/occt/inc/Font_NameOfFont.hxx
-- Installing: C:/Users/Davi/Downloads/oma/.release/native-build/sdk/occt/inc/Font_Rect.hxx
-- Installing: C:/Users/Davi/Downloads/oma/.release/native-build/sdk/occt/inc/Font_StrictLevel.hxx
-- Installing: C:/Users/Davi/Downloads/oma/.release/native-build/sdk/occt/inc/Font_SystemFont.hxx
-- Installing: C:/Users/Davi/Downloads/oma/.release/native-build/sdk/occt/inc/Font_TextFormatter.hxx
-- Installing: C:/Users/Davi/Downloads/oma/.release/native-build/sdk/occt/inc/Font_UnicodeSubset.hxx
-- Installing: C:/Users/Davi/Downloads/oma/.release/native-build/sdk/occt/inc/V3d.hxx
-- Installing: C:/Users/Davi/Downloads/oma/.release/native-build/sdk/occt/inc/V3d_AmbientLight.hxx
-- Installing: C:/Users/Davi/Downloads/oma/.release/native-build/sdk/occt/inc/V3d_BadValue.hxx
-- Installing: C:/Users/Davi/Downloads/oma/.release/native-build/sdk/occt/inc/V3d_CircularGrid.hxx
-- Installing: C:/Users/Davi/Downloads/oma/.release/native-build/sdk/occt/inc/V3d_DirectionalLight.hxx
-- Installing: C:/Users/Davi/Downloads/oma/.release/native-build/sdk/occt/inc/V3d_ImageDumpOptions.hxx
-- Installing: C:/Users/Davi/Downloads/oma/.release/native-build/sdk/occt/inc/V3d_Light.hxx
-- Installing: C:/Users/Davi/Downloads/oma/.release/native-build/sdk/occt/inc/V3d_ListOfLight.hxx
-- Installing: C:/Users/Davi/Downloads/oma/.release/native-build/sdk/occt/inc/V3d_ListOfView.hxx
-- Installing: C:/Users/Davi/Downloads/oma/.release/native-build/sdk/occt/inc/V3d_Plane.hxx
-- Installing: C:/Users/Davi/Downloads/oma/.release/native-build/sdk/occt/inc/V3d_PositionLight.hxx
-- Installing: C:/Users/Davi/Downloads/oma/.release/native-build/sdk/occt/inc/V3d_PositionalLight.hxx
-- Installing: C:/Users/Davi/Downloads/oma/.release/native-build/sdk/occt/inc/V3d_RectangularGrid.hxx
-- Installing: C:/Users/Davi/Downloads/oma/.release/native-build/sdk/occt/inc/V3d_SpotLight.hxx
-- Installing: C:/Users/Davi/Downloads/oma/.release/native-build/sdk/occt/inc/V3d_StereoDumpOptions.hxx
-- Installing: C:/Users/Davi/Downloads/oma/.release/native-build/sdk/occt/inc/V3d_Trihedron.hxx
-- Installing: C:/Users/Davi/Downloads/oma/.release/native-build/sdk/occt/inc/V3d_TypeOfAxe.hxx
-- Installing: C:/Users/Davi/Downloads/oma/.release/native-build/sdk/occt/inc/V3d_TypeOfBackfacingModel.hxx
-- Installing: C:/Users/Davi/Downloads/oma/.release/native-build/sdk/occt/inc/V3d_TypeOfLight.hxx
-- Installing: C:/Users/Davi/Downloads/oma/.release/native-build/sdk/occt/inc/V3d_TypeOfOrientation.hxx
-- Installing: C:/Users/Davi/Downloads/oma/.release/native-build/sdk/occt/inc/V3d_TypeOfShadingModel.hxx
-- Installing: C:/Users/Davi/Downloads/oma/.release/native-build/sdk/occt/inc/V3d_TypeOfView.hxx
-- Installing: C:/Users/Davi/Downloads/oma/.release/native-build/sdk/occt/inc/V3d_TypeOfVisualization.hxx
-- Installing: C:/Users/Davi/Downloads/oma/.release/native-build/sdk/occt/inc/V3d_UnMapped.hxx
-- Installing: C:/Users/Davi/Downloads/oma/.release/native-build/sdk/occt/inc/V3d_View.hxx
-- Installing: C:/Users/Davi/Downloads/oma/.release/native-build/sdk/occt/inc/V3d_Viewer.hxx
-- Installing: C:/Users/Davi/Downloads/oma/.release/native-build/sdk/occt/inc/V3d_ViewerPointer.hxx
-- Installing: C:/Users/Davi/Downloads/oma/.release/native-build/sdk/occt/inc/Select3D_BVHBuilder3d.hxx
-- Installing: C:/Users/Davi/Downloads/oma/.release/native-build/sdk/occt/inc/Select3D_BVHIndexBuffer.hxx
-- Installing: C:/Users/Davi/Downloads/oma/.release/native-build/sdk/occt/inc/Select3D_BndBox3d.hxx
-- Installing: C:/Users/Davi/Downloads/oma/.release/native-build/sdk/occt/inc/Select3D_EntitySequence.hxx
-- Installing: C:/Users/Davi/Downloads/oma/.release/native-build/sdk/occt/inc/Select3D_IndexedMapOfEntity.hxx
-- Installing: C:/Users/Davi/Downloads/oma/.release/native-build/sdk/occt/inc/Select3D_InteriorSensitivePointSet.hxx
-- Installing: C:/Users/Davi/Downloads/oma/.release/native-build/sdk/occt/inc/Select3D_Pnt.hxx
-- Installing: C:/Users/Davi/Downloads/oma/.release/native-build/sdk/occt/inc/Select3D_PointData.hxx
-- Installing: C:/Users/Davi/Downloads/oma/.release/native-build/sdk/occt/inc/Select3D_SensitiveBox.hxx
-- Installing: C:/Users/Davi/Downloads/oma/.release/native-build/sdk/occt/inc/Select3D_SensitiveCircle.hxx
-- Installing: C:/Users/Davi/Downloads/oma/.release/native-build/sdk/occt/inc/Select3D_SensitiveCurve.hxx
-- Installing: C:/Users/Davi/Downloads/oma/.release/native-build/sdk/occt/inc/Select3D_SensitiveCylinder.hxx
-- Installing: C:/Users/Davi/Downloads/oma/.release/native-build/sdk/occt/inc/Select3D_SensitiveEntity.hxx
-- Installing: C:/Users/Davi/Downloads/oma/.release/native-build/sdk/occt/inc/Select3D_SensitiveFace.hxx
-- Installing: C:/Users/Davi/Downloads/oma/.release/native-build/sdk/occt/inc/Select3D_SensitiveGroup.hxx
-- Installing: C:/Users/Davi/Downloads/oma/.release/native-build/sdk/occt/inc/Select3D_SensitivePoint.hxx
-- Installing: C:/Users/Davi/Downloads/oma/.release/native-build/sdk/occt/inc/Select3D_SensitivePoly.hxx
-- Installing: C:/Users/Davi/Downloads/oma/.release/native-build/sdk/occt/inc/Select3D_SensitivePrimitiveArray.hxx
-- Installing: C:/Users/Davi/Downloads/oma/.release/native-build/sdk/occt/inc/Select3D_SensitiveSegment.hxx
-- Installing: C:/Users/Davi/Downloads/oma/.release/native-build/sdk/occt/inc/Select3D_SensitiveSet.hxx
-- Installing: C:/Users/Davi/Downloads/oma/.release/native-build/sdk/occt/inc/Select3D_SensitiveSphere.hxx
-- Installing: C:/Users/Davi/Downloads/oma/.release/native-build/sdk/occt/inc/Select3D_SensitiveTriangle.hxx
-- Installing: C:/Users/Davi/Downloads/oma/.release/native-build/sdk/occt/inc/Select3D_SensitiveTriangulation.hxx
-- Installing: C:/Users/Davi/Downloads/oma/.release/native-build/sdk/occt/inc/Select3D_SensitiveWire.hxx
-- Installing: C:/Users/Davi/Downloads/oma/.release/native-build/sdk/occt/inc/Select3D_TypeOfSensitivity.hxx
-- Installing: C:/Users/Davi/Downloads/oma/.release/native-build/sdk/occt/inc/Prs3d.hxx
-- Installing: C:/Users/Davi/Downloads/oma/.release/native-build/sdk/occt/inc/Prs3d_Arrow.hxx
-- Installing: C:/Users/Davi/Downloads/oma/.release/native-build/sdk/occt/inc/Prs3d_ArrowAspect.hxx
-- Installing: C:/Users/Davi/Downloads/oma/.release/native-build/sdk/occt/inc/Prs3d_BasicAspect.hxx
-- Installing: C:/Users/Davi/Downloads/oma/.release/native-build/sdk/occt/inc/Prs3d_BndBox.hxx
-- Installing: C:/Users/Davi/Downloads/oma/.release/native-build/sdk/occt/inc/Prs3d_DatumAspect.hxx
-- Installing: C:/Users/Davi/Downloads/oma/.release/native-build/sdk/occt/inc/Prs3d_DatumAttribute.hxx
-- Installing: C:/Users/Davi/Downloads/oma/.release/native-build/sdk/occt/inc/Prs3d_DatumAxes.hxx
-- Installing: C:/Users/Davi/Downloads/oma/.release/native-build/sdk/occt/inc/Prs3d_DatumMode.hxx
-- Installing: C:/Users/Davi/Downloads/oma/.release/native-build/sdk/occt/inc/Prs3d_DatumParts.hxx
-- Installing: C:/Users/Davi/Downloads/oma/.release/native-build/sdk/occt/inc/Prs3d_DimensionArrowOrientation.hxx
-- Installing: C:/Users/Davi/Downloads/oma/.release/native-build/sdk/occt/inc/Prs3d_DimensionAspect.hxx
-- Installing: C:/Users/Davi/Downloads/oma/.release/native-build/sdk/occt/inc/Prs3d_DimensionTextHorizontalPosition.hxx
-- Installing: C:/Users/Davi/Downloads/oma/.release/native-build/sdk/occt/inc/Prs3d_DimensionTextVerticalPosition.hxx
-- Installing: C:/Users/Davi/Downloads/oma/.release/native-build/sdk/occt/inc/Prs3d_DimensionUnits.hxx
-- Installing: C:/Users/Davi/Downloads/oma/.release/native-build/sdk/occt/inc/Prs3d_Drawer.hxx
-- Installing: C:/Users/Davi/Downloads/oma/.release/native-build/sdk/occt/inc/Prs3d_InvalidAngle.hxx
-- Installing: C:/Users/Davi/Downloads/oma/.release/native-build/sdk/occt/inc/Prs3d_IsoAspect.hxx
-- Installing: C:/Users/Davi/Downloads/oma/.release/native-build/sdk/occt/inc/Prs3d_LineAspect.hxx
-- Installing: C:/Users/Davi/Downloads/oma/.release/native-build/sdk/occt/inc/Prs3d_NListIteratorOfListOfSequenceOfPnt.hxx
-- Installing: C:/Users/Davi/Downloads/oma/.release/native-build/sdk/occt/inc/Prs3d_NListOfSequenceOfPnt.hxx
-- Installing: C:/Users/Davi/Downloads/oma/.release/native-build/sdk/occt/inc/Prs3d_PlaneAspect.hxx
-- Installing: C:/Users/Davi/Downloads/oma/.release/native-build/sdk/occt/inc/Prs3d_Point.hxx
-- Installing: C:/Users/Davi/Downloads/oma/.release/native-build/sdk/occt/inc/Prs3d_PointAspect.hxx
-- Installing: C:/Users/Davi/Downloads/oma/.release/native-build/sdk/occt/inc/Prs3d_Presentation.hxx
-- Installing: C:/Users/Davi/Downloads/oma/.release/native-build/sdk/occt/inc/Prs3d_PresentationShadow.hxx
-- Installing: C:/Users/Davi/Downloads/oma/.release/native-build/sdk/occt/inc/Prs3d_Root.hxx
-- Installing: C:/Users/Davi/Downloads/oma/.release/native-build/sdk/occt/inc/Prs3d_ShadingAspect.hxx
-- Installing: C:/Users/Davi/Downloads/oma/.release/native-build/sdk/occt/inc/Prs3d_ShapeTool.hxx
-- Installing: C:/Users/Davi/Downloads/oma/.release/native-build/sdk/occt/inc/Prs3d_Text.hxx
-- Installing: C:/Users/Davi/Downloads/oma/.release/native-build/sdk/occt/inc/Prs3d_TextAspect.hxx
-- Installing: C:/Users/Davi/Downloads/oma/.release/native-build/sdk/occt/inc/Prs3d_ToolCylinder.hxx
-- Installing: C:/Users/Davi/Downloads/oma/.release/native-build/sdk/occt/inc/Prs3d_ToolDisk.hxx
-- Installing: C:/Users/Davi/Downloads/oma/.release/native-build/sdk/occt/inc/Prs3d_ToolQuadric.hxx
-- Installing: C:/Users/Davi/Downloads/oma/.release/native-build/sdk/occt/inc/Prs3d_ToolSector.hxx
-- Installing: C:/Users/Davi/Downloads/oma/.release/native-build/sdk/occt/inc/Prs3d_ToolSphere.hxx
-- Installing: C:/Users/Davi/Downloads/oma/.release/native-build/sdk/occt/inc/Prs3d_ToolTorus.hxx
-- Installing: C:/Users/Davi/Downloads/oma/.release/native-build/sdk/occt/inc/Prs3d_TypeOfHLR.hxx
-- Installing: C:/Users/Davi/Downloads/oma/.release/native-build/sdk/occt/inc/Prs3d_TypeOfHighlight.hxx
-- Installing: C:/Users/Davi/Downloads/oma/.release/native-build/sdk/occt/inc/Prs3d_TypeOfLinePicking.hxx
-- Installing: C:/Users/Davi/Downloads/oma/.release/native-build/sdk/occt/inc/Prs3d_VertexDrawMode.hxx
-- Installing: C:/Users/Davi/Downloads/oma/.release/native-build/sdk/occt/inc/StdPrs_BRepFont.hxx
-- Installing: C:/Users/Davi/Downloads/oma/.release/native-build/sdk/occt/inc/StdPrs_BRepTextBuilder.hxx
-- Installing: C:/Users/Davi/Downloads/oma/.release/native-build/sdk/occt/inc/StdPrs_BndBox.hxx
-- Installing: C:/Users/Davi/Downloads/oma/.release/native-build/sdk/occt/inc/StdPrs_Curve.hxx
-- Installing: C:/Users/Davi/Downloads/oma/.release/native-build/sdk/occt/inc/StdPrs_DeflectionCurve.hxx
-- Installing: C:/Users/Davi/Downloads/oma/.release/native-build/sdk/occt/inc/StdPrs_HLRPolyShape.hxx
-- Installing: C:/Users/Davi/Downloads/oma/.release/native-build/sdk/occt/inc/StdPrs_HLRShape.hxx
-- Installing: C:/Users/Davi/Downloads/oma/.release/native-build/sdk/occt/inc/StdPrs_HLRShapeI.hxx
-- Installing: C:/Users/Davi/Downloads/oma/.release/native-build/sdk/occt/inc/StdPrs_HLRToolShape.hxx
-- Installing: C:/Users/Davi/Downloads/oma/.release/native-build/sdk/occt/inc/StdPrs_Isolines.hxx
-- Installing: C:/Users/Davi/Downloads/oma/.release/native-build/sdk/occt/inc/StdPrs_Plane.hxx
-- Installing: C:/Users/Davi/Downloads/oma/.release/native-build/sdk/occt/inc/StdPrs_Point.hxx
-- Installing: C:/Users/Davi/Downloads/oma/.release/native-build/sdk/occt/inc/StdPrs_PoleCurve.hxx
-- Installing: C:/Users/Davi/Downloads/oma/.release/native-build/sdk/occt/inc/StdPrs_ShadedShape.hxx
-- Installing: C:/Users/Davi/Downloads/oma/.release/native-build/sdk/occt/inc/StdPrs_ShadedSurface.hxx
-- Installing: C:/Users/Davi/Downloads/oma/.release/native-build/sdk/occt/inc/StdPrs_ShapeTool.hxx
-- Installing: C:/Users/Davi/Downloads/oma/.release/native-build/sdk/occt/inc/StdPrs_ToolPoint.hxx
-- Installing: C:/Users/Davi/Downloads/oma/.release/native-build/sdk/occt/inc/StdPrs_ToolRFace.hxx
-- Installing: C:/Users/Davi/Downloads/oma/.release/native-build/sdk/occt/inc/StdPrs_ToolTriangulatedShape.hxx
-- Installing: C:/Users/Davi/Downloads/oma/.release/native-build/sdk/occt/inc/StdPrs_ToolVertex.hxx
-- Installing: C:/Users/Davi/Downloads/oma/.release/native-build/sdk/occt/inc/StdPrs_Vertex.hxx
-- Installing: C:/Users/Davi/Downloads/oma/.release/native-build/sdk/occt/inc/StdPrs_Volume.hxx
-- Installing: C:/Users/Davi/Downloads/oma/.release/native-build/sdk/occt/inc/StdPrs_WFDeflectionRestrictedFace.hxx
-- Installing: C:/Users/Davi/Downloads/oma/.release/native-build/sdk/occt/inc/StdPrs_WFDeflectionSurface.hxx
-- Installing: C:/Users/Davi/Downloads/oma/.release/native-build/sdk/occt/inc/StdPrs_WFPoleSurface.hxx
-- Installing: C:/Users/Davi/Downloads/oma/.release/native-build/sdk/occt/inc/StdPrs_WFRestrictedFace.hxx
-- Installing: C:/Users/Davi/Downloads/oma/.release/native-build/sdk/occt/inc/StdPrs_WFShape.hxx
-- Installing: C:/Users/Davi/Downloads/oma/.release/native-build/sdk/occt/inc/StdPrs_WFSurface.hxx
-- Installing: C:/Users/Davi/Downloads/oma/.release/native-build/sdk/occt/inc/SelectBasics.hxx
-- Installing: C:/Users/Davi/Downloads/oma/.release/native-build/sdk/occt/inc/SelectBasics_EntityOwner.hxx
-- Installing: C:/Users/Davi/Downloads/oma/.release/native-build/sdk/occt/inc/SelectBasics_PickResult.hxx
-- Installing: C:/Users/Davi/Downloads/oma/.release/native-build/sdk/occt/inc/SelectBasics_SelectingVolumeManager.hxx
-- Installing: C:/Users/Davi/Downloads/oma/.release/native-build/sdk/occt/inc/SelectBasics_SensitiveEntity.hxx
-- Installing: C:/Users/Davi/Downloads/oma/.release/native-build/sdk/occt/inc/SelectMgr.hxx
-- Installing: C:/Users/Davi/Downloads/oma/.release/native-build/sdk/occt/inc/SelectMgr_AndFilter.hxx
-- Installing: C:/Users/Davi/Downloads/oma/.release/native-build/sdk/occt/inc/SelectMgr_AndOrFilter.hxx
-- Installing: C:/Users/Davi/Downloads/oma/.release/native-build/sdk/occt/inc/SelectMgr_AxisIntersector.hxx
-- Installing: C:/Users/Davi/Downloads/oma/.release/native-build/sdk/occt/inc/SelectMgr_BVHThreadPool.hxx
-- Installing: C:/Users/Davi/Downloads/oma/.release/native-build/sdk/occt/inc/SelectMgr_BaseFrustum.hxx
-- Installing: C:/Users/Davi/Downloads/oma/.release/native-build/sdk/occt/inc/SelectMgr_BaseIntersector.hxx
-- Installing: C:/Users/Davi/Downloads/oma/.release/native-build/sdk/occt/inc/SelectMgr_CompositionFilter.hxx
-- Installing: C:/Users/Davi/Downloads/oma/.release/native-build/sdk/occt/inc/SelectMgr_EntityOwner.hxx
-- Installing: C:/Users/Davi/Downloads/oma/.release/native-build/sdk/occt/inc/SelectMgr_Filter.hxx
-- Installing: C:/Users/Davi/Downloads/oma/.release/native-build/sdk/occt/inc/SelectMgr_FilterType.hxx
-- Installing: C:/Users/Davi/Downloads/oma/.release/native-build/sdk/occt/inc/SelectMgr_Frustum.hxx
-- Installing: C:/Users/Davi/Downloads/oma/.release/native-build/sdk/occt/inc/SelectMgr_Frustum.lxx
-- Installing: C:/Users/Davi/Downloads/oma/.release/native-build/sdk/occt/inc/SelectMgr_FrustumBuilder.hxx
-- Installing: C:/Users/Davi/Downloads/oma/.release/native-build/sdk/occt/inc/SelectMgr_IndexedDataMapOfOwnerCriterion.hxx
-- Installing: C:/Users/Davi/Downloads/oma/.release/native-build/sdk/occt/inc/SelectMgr_IndexedMapOfOwner.hxx
-- Installing: C:/Users/Davi/Downloads/oma/.release/native-build/sdk/occt/inc/SelectMgr_ListIteratorOfListOfFilter.hxx
-- Installing: C:/Users/Davi/Downloads/oma/.release/native-build/sdk/occt/inc/SelectMgr_ListOfFilter.hxx
-- Installing: C:/Users/Davi/Downloads/oma/.release/native-build/sdk/occt/inc/SelectMgr_OrFilter.hxx
-- Installing: C:/Users/Davi/Downloads/oma/.release/native-build/sdk/occt/inc/SelectMgr_PickingStrategy.hxx
-- Installing: C:/Users/Davi/Downloads/oma/.release/native-build/sdk/occt/inc/SelectMgr_RectangularFrustum.hxx
-- Installing: C:/Users/Davi/Downloads/oma/.release/native-build/sdk/occt/inc/SelectMgr_SelectableObject.hxx
-- Installing: C:/Users/Davi/Downloads/oma/.release/native-build/sdk/occt/inc/SelectMgr_SelectableObjectSet.hxx
-- Installing: C:/Users/Davi/Downloads/oma/.release/native-build/sdk/occt/inc/SelectMgr_SelectingVolumeManager.hxx
-- Installing: C:/Users/Davi/Downloads/oma/.release/native-build/sdk/occt/inc/SelectMgr_Selection.hxx
-- Installing: C:/Users/Davi/Downloads/oma/.release/native-build/sdk/occt/inc/SelectMgr_SelectionImageFiller.hxx
-- Installing: C:/Users/Davi/Downloads/oma/.release/native-build/sdk/occt/inc/SelectMgr_SelectionManager.hxx
-- Installing: C:/Users/Davi/Downloads/oma/.release/native-build/sdk/occt/inc/SelectMgr_SelectionType.hxx
-- Installing: C:/Users/Davi/Downloads/oma/.release/native-build/sdk/occt/inc/SelectMgr_SensitiveEntity.hxx
-- Installing: C:/Users/Davi/Downloads/oma/.release/native-build/sdk/occt/inc/SelectMgr_SensitiveEntitySet.hxx
-- Installing: C:/Users/Davi/Downloads/oma/.release/native-build/sdk/occt/inc/SelectMgr_SequenceOfOwner.hxx
-- Installing: C:/Users/Davi/Downloads/oma/.release/native-build/sdk/occt/inc/SelectMgr_SequenceOfSelection.hxx
-- Installing: C:/Users/Davi/Downloads/oma/.release/native-build/sdk/occt/inc/SelectMgr_SortCriterion.hxx
-- Installing: C:/Users/Davi/Downloads/oma/.release/native-build/sdk/occt/inc/SelectMgr_StateOfSelection.hxx
-- Installing: C:/Users/Davi/Downloads/oma/.release/native-build/sdk/occt/inc/SelectMgr_ToleranceMap.hxx
-- Installing: C:/Users/Davi/Downloads/oma/.release/native-build/sdk/occt/inc/SelectMgr_TriangularFrustum.hxx
-- Installing: C:/Users/Davi/Downloads/oma/.release/native-build/sdk/occt/inc/SelectMgr_TriangularFrustumSet.hxx
-- Installing: C:/Users/Davi/Downloads/oma/.release/native-build/sdk/occt/inc/SelectMgr_TypeOfBVHUpdate.hxx
-- Installing: C:/Users/Davi/Downloads/oma/.release/native-build/sdk/occt/inc/SelectMgr_TypeOfDepthTolerance.hxx
-- Installing: C:/Users/Davi/Downloads/oma/.release/native-build/sdk/occt/inc/SelectMgr_TypeOfUpdate.hxx
-- Installing: C:/Users/Davi/Downloads/oma/.release/native-build/sdk/occt/inc/SelectMgr_VectorTypes.hxx
-- Installing: C:/Users/Davi/Downloads/oma/.release/native-build/sdk/occt/inc/SelectMgr_ViewClipRange.hxx
-- Installing: C:/Users/Davi/Downloads/oma/.release/native-build/sdk/occt/inc/SelectMgr_ViewerSelector.hxx
-- Installing: C:/Users/Davi/Downloads/oma/.release/native-build/sdk/occt/inc/SelectMgr_ViewerSelector3d.hxx
-- Installing: C:/Users/Davi/Downloads/oma/.release/native-build/sdk/occt/inc/PrsMgr_DisplayStatus.hxx
-- Installing: C:/Users/Davi/Downloads/oma/.release/native-build/sdk/occt/inc/PrsMgr_ListOfPresentableObjects.hxx
-- Installing: C:/Users/Davi/Downloads/oma/.release/native-build/sdk/occt/inc/PrsMgr_ListOfPresentations.hxx
-- Installing: C:/Users/Davi/Downloads/oma/.release/native-build/sdk/occt/inc/PrsMgr_PresentableObject.hxx
-- Installing: C:/Users/Davi/Downloads/oma/.release/native-build/sdk/occt/inc/PrsMgr_Presentation.hxx
-- Installing: C:/Users/Davi/Downloads/oma/.release/native-build/sdk/occt/inc/PrsMgr_Presentation3d.hxx
-- Installing: C:/Users/Davi/Downloads/oma/.release/native-build/sdk/occt/inc/PrsMgr_PresentationManager.hxx
-- Installing: C:/Users/Davi/Downloads/oma/.release/native-build/sdk/occt/inc/PrsMgr_PresentationManager3d.hxx
-- Installing: C:/Users/Davi/Downloads/oma/.release/native-build/sdk/occt/inc/PrsMgr_Presentations.hxx
-- Installing: C:/Users/Davi/Downloads/oma/.release/native-build/sdk/occt/inc/PrsMgr_TypeOfPresentation3d.hxx
-- Installing: C:/Users/Davi/Downloads/oma/.release/native-build/sdk/occt/inc/AIS.hxx
-- Installing: C:/Users/Davi/Downloads/oma/.release/native-build/sdk/occt/inc/AIS_AngleDimension.hxx
-- Installing: C:/Users/Davi/Downloads/oma/.release/native-build/sdk/occt/inc/AIS_Animation.hxx
-- Installing: C:/Users/Davi/Downloads/oma/.release/native-build/sdk/occt/inc/AIS_AnimationAxisRotation.hxx
-- Installing: C:/Users/Davi/Downloads/oma/.release/native-build/sdk/occt/inc/AIS_AnimationCamera.hxx
-- Installing: C:/Users/Davi/Downloads/oma/.release/native-build/sdk/occt/inc/AIS_AnimationObject.hxx
-- Installing: C:/Users/Davi/Downloads/oma/.release/native-build/sdk/occt/inc/AIS_AnimationTimer.hxx
-- Installing: C:/Users/Davi/Downloads/oma/.release/native-build/sdk/occt/inc/AIS_AttributeFilter.hxx
-- Installing: C:/Users/Davi/Downloads/oma/.release/native-build/sdk/occt/inc/AIS_Axis.hxx
-- Installing: C:/Users/Davi/Downloads/oma/.release/native-build/sdk/occt/inc/AIS_BadEdgeFilter.hxx
-- Installing: C:/Users/Davi/Downloads/oma/.release/native-build/sdk/occt/inc/AIS_BaseAnimationObject.hxx
-- Installing: C:/Users/Davi/Downloads/oma/.release/native-build/sdk/occt/inc/AIS_C0RegularityFilter.hxx
-- Installing: C:/Users/Davi/Downloads/oma/.release/native-build/sdk/occt/inc/AIS_CameraFrustum.hxx
-- Installing: C:/Users/Davi/Downloads/oma/.release/native-build/sdk/occt/inc/AIS_Chamf2dDimension.hxx
-- Installing: C:/Users/Davi/Downloads/oma/.release/native-build/sdk/occt/inc/AIS_Chamf3dDimension.hxx
-- Installing: C:/Users/Davi/Downloads/oma/.release/native-build/sdk/occt/inc/AIS_Circle.hxx
-- Installing: C:/Users/Davi/Downloads/oma/.release/native-build/sdk/occt/inc/AIS_ColorScale.hxx
-- Installing: C:/Users/Davi/Downloads/oma/.release/native-build/sdk/occt/inc/AIS_ColoredDrawer.hxx
-- Installing: C:/Users/Davi/Downloads/oma/.release/native-build/sdk/occt/inc/AIS_ColoredShape.hxx
-- Installing: C:/Users/Davi/Downloads/oma/.release/native-build/sdk/occt/inc/AIS_ConcentricRelation.hxx
-- Installing: C:/Users/Davi/Downloads/oma/.release/native-build/sdk/occt/inc/AIS_ConnectedInteractive.hxx
-- Installing: C:/Users/Davi/Downloads/oma/.release/native-build/sdk/occt/inc/AIS_DataMapIteratorOfDataMapOfIOStatus.hxx
-- Installing: C:/Users/Davi/Downloads/oma/.release/native-build/sdk/occt/inc/AIS_DataMapOfIOStatus.hxx
-- Installing: C:/Users/Davi/Downloads/oma/.release/native-build/sdk/occt/inc/AIS_DataMapOfShapeDrawer.hxx
-- Installing: C:/Users/Davi/Downloads/oma/.release/native-build/sdk/occt/inc/AIS_DiameterDimension.hxx
-- Installing: C:/Users/Davi/Downloads/oma/.release/native-build/sdk/occt/inc/AIS_Dimension.hxx
-- Installing: C:/Users/Davi/Downloads/oma/.release/native-build/sdk/occt/inc/AIS_DimensionOwner.hxx
-- Installing: C:/Users/Davi/Downloads/oma/.release/native-build/sdk/occt/inc/AIS_DisplayMode.hxx
-- Installing: C:/Users/Davi/Downloads/oma/.release/native-build/sdk/occt/inc/AIS_DisplayStatus.hxx
-- Installing: C:/Users/Davi/Downloads/oma/.release/native-build/sdk/occt/inc/AIS_DragAction.hxx
-- Installing: C:/Users/Davi/Downloads/oma/.release/native-build/sdk/occt/inc/AIS_EllipseRadiusDimension.hxx
-- Installing: C:/Users/Davi/Downloads/oma/.release/native-build/sdk/occt/inc/AIS_EqualDistanceRelation.hxx
-- Installing: C:/Users/Davi/Downloads/oma/.release/native-build/sdk/occt/inc/AIS_EqualRadiusRelation.hxx
-- Installing: C:/Users/Davi/Downloads/oma/.release/native-build/sdk/occt/inc/AIS_ExclusionFilter.hxx
-- Installing: C:/Users/Davi/Downloads/oma/.release/native-build/sdk/occt/inc/AIS_FixRelation.hxx
-- Installing: C:/Users/Davi/Downloads/oma/.release/native-build/sdk/occt/inc/AIS_GlobalStatus.hxx
-- Installing: C:/Users/Davi/Downloads/oma/.release/native-build/sdk/occt/inc/AIS_GraphicTool.hxx
-- Installing: C:/Users/Davi/Downloads/oma/.release/native-build/sdk/occt/inc/AIS_IdenticRelation.hxx
-- Installing: C:/Users/Davi/Downloads/oma/.release/native-build/sdk/occt/inc/AIS_InteractiveContext.hxx
-- Installing: C:/Users/Davi/Downloads/oma/.release/native-build/sdk/occt/inc/AIS_InteractiveObject.hxx
-- Installing: C:/Users/Davi/Downloads/oma/.release/native-build/sdk/occt/inc/AIS_KindOfInteractive.hxx
-- Installing: C:/Users/Davi/Downloads/oma/.release/native-build/sdk/occt/inc/AIS_LengthDimension.hxx
-- Installing: C:/Users/Davi/Downloads/oma/.release/native-build/sdk/occt/inc/AIS_LightSource.hxx
-- Installing: C:/Users/Davi/Downloads/oma/.release/native-build/sdk/occt/inc/AIS_Line.hxx
-- Installing: C:/Users/Davi/Downloads/oma/.release/native-build/sdk/occt/inc/AIS_ListIteratorOfListOfInteractive.hxx
-- Installing: C:/Users/Davi/Downloads/oma/.release/native-build/sdk/occt/inc/AIS_ListOfInteractive.hxx
-- Installing: C:/Users/Davi/Downloads/oma/.release/native-build/sdk/occt/inc/AIS_Manipulator.hxx
-- Installing: C:/Users/Davi/Downloads/oma/.release/native-build/sdk/occt/inc/AIS_ManipulatorMode.hxx
-- Installing: C:/Users/Davi/Downloads/oma/.release/native-build/sdk/occt/inc/AIS_ManipulatorOwner.hxx
-- Installing: C:/Users/Davi/Downloads/oma/.release/native-build/sdk/occt/inc/AIS_MaxRadiusDimension.hxx
-- Installing: C:/Users/Davi/Downloads/oma/.release/native-build/sdk/occt/inc/AIS_MediaPlayer.hxx
-- Installing: C:/Users/Davi/Downloads/oma/.release/native-build/sdk/occt/inc/AIS_MidPointRelation.hxx
-- Installing: C:/Users/Davi/Downloads/oma/.release/native-build/sdk/occt/inc/AIS_MinRadiusDimension.hxx
-- Installing: C:/Users/Davi/Downloads/oma/.release/native-build/sdk/occt/inc/AIS_MouseGesture.hxx
-- Installing: C:/Users/Davi/Downloads/oma/.release/native-build/sdk/occt/inc/AIS_MultipleConnectedInteractive.hxx
-- Installing: C:/Users/Davi/Downloads/oma/.release/native-build/sdk/occt/inc/AIS_NArray1OfEntityOwner.hxx
-- Installing: C:/Users/Davi/Downloads/oma/.release/native-build/sdk/occt/inc/AIS_NListOfEntityOwner.hxx
-- Installing: C:/Users/Davi/Downloads/oma/.release/native-build/sdk/occt/inc/AIS_NavigationMode.hxx
-- Installing: C:/Users/Davi/Downloads/oma/.release/native-build/sdk/occt/inc/AIS_OffsetDimension.hxx
-- Installing: C:/Users/Davi/Downloads/oma/.release/native-build/sdk/occt/inc/AIS_ParallelRelation.hxx
-- Installing: C:/Users/Davi/Downloads/oma/.release/native-build/sdk/occt/inc/AIS_PerpendicularRelation.hxx
-- Installing: C:/Users/Davi/Downloads/oma/.release/native-build/sdk/occt/inc/AIS_Plane.hxx
-- Installing: C:/Users/Davi/Downloads/oma/.release/native-build/sdk/occt/inc/AIS_PlaneTrihedron.hxx
-- Installing: C:/Users/Davi/Downloads/oma/.release/native-build/sdk/occt/inc/AIS_Point.hxx
-- Installing: C:/Users/Davi/Downloads/oma/.release/native-build/sdk/occt/inc/AIS_PointCloud.hxx
-- Installing: C:/Users/Davi/Downloads/oma/.release/native-build/sdk/occt/inc/AIS_RadiusDimension.hxx
-- Installing: C:/Users/Davi/Downloads/oma/.release/native-build/sdk/occt/inc/AIS_Relation.hxx
-- Installing: C:/Users/Davi/Downloads/oma/.release/native-build/sdk/occt/inc/AIS_RotationMode.hxx
-- Installing: C:/Users/Davi/Downloads/oma/.release/native-build/sdk/occt/inc/AIS_RubberBand.hxx
-- Installing: C:/Users/Davi/Downloads/oma/.release/native-build/sdk/occt/inc/AIS_SelectStatus.hxx
-- Installing: C:/Users/Davi/Downloads/oma/.release/native-build/sdk/occt/inc/AIS_Selection.hxx
-- Installing: C:/Users/Davi/Downloads/oma/.release/native-build/sdk/occt/inc/AIS_SelectionModesConcurrency.hxx
-- Installing: C:/Users/Davi/Downloads/oma/.release/native-build/sdk/occt/inc/AIS_SelectionScheme.hxx
-- Installing: C:/Users/Davi/Downloads/oma/.release/native-build/sdk/occt/inc/AIS_Shape.hxx
-- Installing: C:/Users/Davi/Downloads/oma/.release/native-build/sdk/occt/inc/AIS_SignatureFilter.hxx
-- Installing: C:/Users/Davi/Downloads/oma/.release/native-build/sdk/occt/inc/AIS_StatusOfDetection.hxx
-- Installing: C:/Users/Davi/Downloads/oma/.release/native-build/sdk/occt/inc/AIS_StatusOfPick.hxx
-- Installing: C:/Users/Davi/Downloads/oma/.release/native-build/sdk/occt/inc/AIS_SymmetricRelation.hxx
-- Installing: C:/Users/Davi/Downloads/oma/.release/native-build/sdk/occt/inc/AIS_TangentRelation.hxx
-- Installing: C:/Users/Davi/Downloads/oma/.release/native-build/sdk/occt/inc/AIS_TextLabel.hxx
-- Installing: C:/Users/Davi/Downloads/oma/.release/native-build/sdk/occt/inc/AIS_TexturedShape.hxx
-- Installing: C:/Users/Davi/Downloads/oma/.release/native-build/sdk/occt/inc/AIS_Triangulation.hxx
-- Installing: C:/Users/Davi/Downloads/oma/.release/native-build/sdk/occt/inc/AIS_Trihedron.hxx
-- Installing: C:/Users/Davi/Downloads/oma/.release/native-build/sdk/occt/inc/AIS_TrihedronOwner.hxx
-- Installing: C:/Users/Davi/Downloads/oma/.release/native-build/sdk/occt/inc/AIS_TrihedronSelectionMode.hxx
-- Installing: C:/Users/Davi/Downloads/oma/.release/native-build/sdk/occt/inc/AIS_TypeFilter.hxx
-- Installing: C:/Users/Davi/Downloads/oma/.release/native-build/sdk/occt/inc/AIS_TypeOfAttribute.hxx
-- Installing: C:/Users/Davi/Downloads/oma/.release/native-build/sdk/occt/inc/AIS_TypeOfAxis.hxx
-- Installing: C:/Users/Davi/Downloads/oma/.release/native-build/sdk/occt/inc/AIS_TypeOfIso.hxx
-- Installing: C:/Users/Davi/Downloads/oma/.release/native-build/sdk/occt/inc/AIS_TypeOfPlane.hxx
-- Installing: C:/Users/Davi/Downloads/oma/.release/native-build/sdk/occt/inc/AIS_ViewController.hxx
-- Installing: C:/Users/Davi/Downloads/oma/.release/native-build/sdk/occt/inc/AIS_ViewCube.hxx
-- Installing: C:/Users/Davi/Downloads/oma/.release/native-build/sdk/occt/inc/AIS_ViewInputBuffer.hxx
-- Installing: C:/Users/Davi/Downloads/oma/.release/native-build/sdk/occt/inc/AIS_WalkDelta.hxx
-- Installing: C:/Users/Davi/Downloads/oma/.release/native-build/sdk/occt/inc/AIS_XRTrackedDevice.hxx
-- Installing: C:/Users/Davi/Downloads/oma/.release/native-build/sdk/occt/inc/StdSelect.hxx
-- Installing: C:/Users/Davi/Downloads/oma/.release/native-build/sdk/occt/inc/StdSelect_BRepOwner.hxx
-- Installing: C:/Users/Davi/Downloads/oma/.release/native-build/sdk/occt/inc/StdSelect_BRepSelectionTool.hxx
-- Installing: C:/Users/Davi/Downloads/oma/.release/native-build/sdk/occt/inc/StdSelect_EdgeFilter.hxx
-- Installing: C:/Users/Davi/Downloads/oma/.release/native-build/sdk/occt/inc/StdSelect_FaceFilter.hxx
-- Installing: C:/Users/Davi/Downloads/oma/.release/native-build/sdk/occt/inc/StdSelect_Shape.hxx
-- Installing: C:/Users/Davi/Downloads/oma/.release/native-build/sdk/occt/inc/StdSelect_ShapeTypeFilter.hxx
-- Installing: C:/Users/Davi/Downloads/oma/.release/native-build/sdk/occt/inc/StdSelect_TypeOfEdge.hxx
-- Installing: C:/Users/Davi/Downloads/oma/.release/native-build/sdk/occt/inc/StdSelect_TypeOfFace.hxx
-- Installing: C:/Users/Davi/Downloads/oma/.release/native-build/sdk/occt/inc/StdSelect_TypeOfSelectionImage.hxx
-- Installing: C:/Users/Davi/Downloads/oma/.release/native-build/sdk/occt/inc/StdSelect_ViewerSelector3d.hxx
-- Installing: C:/Users/Davi/Downloads/oma/.release/native-build/sdk/occt/inc/DsgPrs.hxx
-- Installing: C:/Users/Davi/Downloads/oma/.release/native-build/sdk/occt/inc/DsgPrs_AnglePresentation.hxx
-- Installing: C:/Users/Davi/Downloads/oma/.release/native-build/sdk/occt/inc/DsgPrs_ArrowSide.hxx
-- Installing: C:/Users/Davi/Downloads/oma/.release/native-build/sdk/occt/inc/DsgPrs_Chamf2dPresentation.hxx
-- Installing: C:/Users/Davi/Downloads/oma/.release/native-build/sdk/occt/inc/DsgPrs_ConcentricPresentation.hxx
-- Installing: C:/Users/Davi/Downloads/oma/.release/native-build/sdk/occt/inc/DsgPrs_DatumPrs.hxx
-- Installing: C:/Users/Davi/Downloads/oma/.release/native-build/sdk/occt/inc/DsgPrs_DiameterPresentation.hxx
-- Installing: C:/Users/Davi/Downloads/oma/.release/native-build/sdk/occt/inc/DsgPrs_EllipseRadiusPresentation.hxx
-- Installing: C:/Users/Davi/Downloads/oma/.release/native-build/sdk/occt/inc/DsgPrs_EqualDistancePresentation.hxx
-- Installing: C:/Users/Davi/Downloads/oma/.release/native-build/sdk/occt/inc/DsgPrs_EqualRadiusPresentation.hxx
-- Installing: C:/Users/Davi/Downloads/oma/.release/native-build/sdk/occt/inc/DsgPrs_FilletRadiusPresentation.hxx
-- Installing: C:/Users/Davi/Downloads/oma/.release/native-build/sdk/occt/inc/DsgPrs_FixPresentation.hxx
-- Installing: C:/Users/Davi/Downloads/oma/.release/native-build/sdk/occt/inc/DsgPrs_IdenticPresentation.hxx
-- Installing: C:/Users/Davi/Downloads/oma/.release/native-build/sdk/occt/inc/DsgPrs_LengthPresentation.hxx
-- Installing: C:/Users/Davi/Downloads/oma/.release/native-build/sdk/occt/inc/DsgPrs_MidPointPresentation.hxx
-- Installing: C:/Users/Davi/Downloads/oma/.release/native-build/sdk/occt/inc/DsgPrs_OffsetPresentation.hxx
-- Installing: C:/Users/Davi/Downloads/oma/.release/native-build/sdk/occt/inc/DsgPrs_ParalPresentation.hxx
-- Installing: C:/Users/Davi/Downloads/oma/.release/native-build/sdk/occt/inc/DsgPrs_PerpenPresentation.hxx
-- Installing: C:/Users/Davi/Downloads/oma/.release/native-build/sdk/occt/inc/DsgPrs_RadiusPresentation.hxx
-- Installing: C:/Users/Davi/Downloads/oma/.release/native-build/sdk/occt/inc/DsgPrs_ShadedPlanePresentation.hxx
-- Installing: C:/Users/Davi/Downloads/oma/.release/native-build/sdk/occt/inc/DsgPrs_ShapeDirPresentation.hxx
-- Installing: C:/Users/Davi/Downloads/oma/.release/native-build/sdk/occt/inc/DsgPrs_SymbPresentation.hxx
-- Installing: C:/Users/Davi/Downloads/oma/.release/native-build/sdk/occt/inc/DsgPrs_SymmetricPresentation.hxx
-- Installing: C:/Users/Davi/Downloads/oma/.release/native-build/sdk/occt/inc/DsgPrs_TangentPresentation.hxx
-- Installing: C:/Users/Davi/Downloads/oma/.release/native-build/sdk/occt/inc/DsgPrs_XYZAxisPresentation.hxx
-- Installing: C:/Users/Davi/Downloads/oma/.release/native-build/sdk/occt/inc/DsgPrs_XYZPlanePresentation.hxx
-- Installing: C:/Users/Davi/Downloads/oma/.release/native-build/sdk/occt/inc/PrsDim.hxx
-- Installing: C:/Users/Davi/Downloads/oma/.release/native-build/sdk/occt/inc/PrsDim_AngleDimension.hxx
-- Installing: C:/Users/Davi/Downloads/oma/.release/native-build/sdk/occt/inc/PrsDim_Chamf2dDimension.hxx
-- Installing: C:/Users/Davi/Downloads/oma/.release/native-build/sdk/occt/inc/PrsDim_Chamf3dDimension.hxx
-- Installing: C:/Users/Davi/Downloads/oma/.release/native-build/sdk/occt/inc/PrsDim_ConcentricRelation.hxx
-- Installing: C:/Users/Davi/Downloads/oma/.release/native-build/sdk/occt/inc/PrsDim_DiameterDimension.hxx
-- Installing: C:/Users/Davi/Downloads/oma/.release/native-build/sdk/occt/inc/PrsDim_Dimension.hxx
-- Installing: C:/Users/Davi/Downloads/oma/.release/native-build/sdk/occt/inc/PrsDim_DimensionOwner.hxx
-- Installing: C:/Users/Davi/Downloads/oma/.release/native-build/sdk/occt/inc/PrsDim_DimensionSelectionMode.hxx
-- Installing: C:/Users/Davi/Downloads/oma/.release/native-build/sdk/occt/inc/PrsDim_DisplaySpecialSymbol.hxx
-- Installing: C:/Users/Davi/Downloads/oma/.release/native-build/sdk/occt/inc/PrsDim_EllipseRadiusDimension.hxx
-- Installing: C:/Users/Davi/Downloads/oma/.release/native-build/sdk/occt/inc/PrsDim_EqualDistanceRelation.hxx
-- Installing: C:/Users/Davi/Downloads/oma/.release/native-build/sdk/occt/inc/PrsDim_EqualRadiusRelation.hxx
-- Installing: C:/Users/Davi/Downloads/oma/.release/native-build/sdk/occt/inc/PrsDim_FixRelation.hxx
-- Installing: C:/Users/Davi/Downloads/oma/.release/native-build/sdk/occt/inc/PrsDim_IdenticRelation.hxx
-- Installing: C:/Users/Davi/Downloads/oma/.release/native-build/sdk/occt/inc/PrsDim_KindOfDimension.hxx
-- Installing: C:/Users/Davi/Downloads/oma/.release/native-build/sdk/occt/inc/PrsDim_KindOfRelation.hxx
-- Installing: C:/Users/Davi/Downloads/oma/.release/native-build/sdk/occt/inc/PrsDim_KindOfSurface.hxx
-- Installing: C:/Users/Davi/Downloads/oma/.release/native-build/sdk/occt/inc/PrsDim_LengthDimension.hxx
-- Installing: C:/Users/Davi/Downloads/oma/.release/native-build/sdk/occt/inc/PrsDim_MaxRadiusDimension.hxx
-- Installing: C:/Users/Davi/Downloads/oma/.release/native-build/sdk/occt/inc/PrsDim_MidPointRelation.hxx
-- Installing: C:/Users/Davi/Downloads/oma/.release/native-build/sdk/occt/inc/PrsDim_MinRadiusDimension.hxx
-- Installing: C:/Users/Davi/Downloads/oma/.release/native-build/sdk/occt/inc/PrsDim_OffsetDimension.hxx
-- Installing: C:/Users/Davi/Downloads/oma/.release/native-build/sdk/occt/inc/PrsDim_ParallelRelation.hxx
-- Installing: C:/Users/Davi/Downloads/oma/.release/native-build/sdk/occt/inc/PrsDim_PerpendicularRelation.hxx
-- Installing: C:/Users/Davi/Downloads/oma/.release/native-build/sdk/occt/inc/PrsDim_RadiusDimension.hxx
-- Installing: C:/Users/Davi/Downloads/oma/.release/native-build/sdk/occt/inc/PrsDim_Relation.hxx
-- Installing: C:/Users/Davi/Downloads/oma/.release/native-build/sdk/occt/inc/PrsDim_SymmetricRelation.hxx
-- Installing: C:/Users/Davi/Downloads/oma/.release/native-build/sdk/occt/inc/PrsDim_TangentRelation.hxx
-- Installing: C:/Users/Davi/Downloads/oma/.release/native-build/sdk/occt/inc/PrsDim_TypeOfAngle.hxx
-- Installing: C:/Users/Davi/Downloads/oma/.release/native-build/sdk/occt/inc/PrsDim_TypeOfAngleArrowVisibility.hxx
-- Installing: C:/Users/Davi/Downloads/oma/.release/native-build/sdk/occt/inc/PrsDim_TypeOfDist.hxx
-- Installing: C:/Users/Davi/Downloads/oma/.release/native-build/sdk/occt/inc/MeshVS_Array1OfSequenceOfInteger.hxx
-- Installing: C:/Users/Davi/Downloads/oma/.release/native-build/sdk/occt/inc/MeshVS_Buffer.hxx
-- Installing: C:/Users/Davi/Downloads/oma/.release/native-build/sdk/occt/inc/MeshVS_BuilderPriority.hxx
-- Installing: C:/Users/Davi/Downloads/oma/.release/native-build/sdk/occt/inc/MeshVS_CommonSensitiveEntity.hxx
-- Installing: C:/Users/Davi/Downloads/oma/.release/native-build/sdk/occt/inc/MeshVS_DataMapIteratorOfDataMapOfColorMapOfInteger.hxx
-- Installing: C:/Users/Davi/Downloads/oma/.release/native-build/sdk/occt/inc/MeshVS_DataMapIteratorOfDataMapOfHArray1OfSequenceOfInteger.hxx
-- Installing: C:/Users/Davi/Downloads/oma/.release/native-build/sdk/occt/inc/MeshVS_DataMapIteratorOfDataMapOfIntegerAsciiString.hxx
-- Installing: C:/Users/Davi/Downloads/oma/.release/native-build/sdk/occt/inc/MeshVS_DataMapIteratorOfDataMapOfIntegerBoolean.hxx
-- Installing: C:/Users/Davi/Downloads/oma/.release/native-build/sdk/occt/inc/MeshVS_DataMapIteratorOfDataMapOfIntegerColor.hxx
-- Installing: C:/Users/Davi/Downloads/oma/.release/native-build/sdk/occt/inc/MeshVS_DataMapIteratorOfDataMapOfIntegerMaterial.hxx
-- Installing: C:/Users/Davi/Downloads/oma/.release/native-build/sdk/occt/inc/MeshVS_DataMapIteratorOfDataMapOfIntegerMeshEntityOwner.hxx
-- Installing: C:/Users/Davi/Downloads/oma/.release/native-build/sdk/occt/inc/MeshVS_DataMapIteratorOfDataMapOfIntegerOwner.hxx
-- Installing: C:/Users/Davi/Downloads/oma/.release/native-build/sdk/occt/inc/MeshVS_DataMapIteratorOfDataMapOfIntegerTwoColors.hxx
-- Installing: C:/Users/Davi/Downloads/oma/.release/native-build/sdk/occt/inc/MeshVS_DataMapIteratorOfDataMapOfIntegerVector.hxx
-- Installing: C:/Users/Davi/Downloads/oma/.release/native-build/sdk/occt/inc/MeshVS_DataMapIteratorOfDataMapOfTwoColorsMapOfInteger.hxx
-- Installing: C:/Users/Davi/Downloads/oma/.release/native-build/sdk/occt/inc/MeshVS_DataMapOfColorMapOfInteger.hxx
-- Installing: C:/Users/Davi/Downloads/oma/.release/native-build/sdk/occt/inc/MeshVS_DataMapOfHArray1OfSequenceOfInteger.hxx
-- Installing: C:/Users/Davi/Downloads/oma/.release/native-build/sdk/occt/inc/MeshVS_DataMapOfIntegerAsciiString.hxx
-- Installing: C:/Users/Davi/Downloads/oma/.release/native-build/sdk/occt/inc/MeshVS_DataMapOfIntegerBoolean.hxx
-- Installing: C:/Users/Davi/Downloads/oma/.release/native-build/sdk/occt/inc/MeshVS_DataMapOfIntegerColor.hxx
-- Installing: C:/Users/Davi/Downloads/oma/.release/native-build/sdk/occt/inc/MeshVS_DataMapOfIntegerMaterial.hxx
-- Installing: C:/Users/Davi/Downloads/oma/.release/native-build/sdk/occt/inc/MeshVS_DataMapOfIntegerMeshEntityOwner.hxx
-- Installing: C:/Users/Davi/Downloads/oma/.release/native-build/sdk/occt/inc/MeshVS_DataMapOfIntegerOwner.hxx
-- Installing: C:/Users/Davi/Downloads/oma/.release/native-build/sdk/occt/inc/MeshVS_DataMapOfIntegerTwoColors.hxx
-- Installing: C:/Users/Davi/Downloads/oma/.release/native-build/sdk/occt/inc/MeshVS_DataMapOfIntegerVector.hxx
-- Installing: C:/Users/Davi/Downloads/oma/.release/native-build/sdk/occt/inc/MeshVS_DataMapOfTwoColorsMapOfInteger.hxx
-- Installing: C:/Users/Davi/Downloads/oma/.release/native-build/sdk/occt/inc/MeshVS_DataSource.hxx
-- Installing: C:/Users/Davi/Downloads/oma/.release/native-build/sdk/occt/inc/MeshVS_DataSource3D.hxx
-- Installing: C:/Users/Davi/Downloads/oma/.release/native-build/sdk/occt/inc/MeshVS_DeformedDataSource.hxx
-- Installing: C:/Users/Davi/Downloads/oma/.release/native-build/sdk/occt/inc/MeshVS_DisplayModeFlags.hxx
-- Installing: C:/Users/Davi/Downloads/oma/.release/native-build/sdk/occt/inc/MeshVS_Drawer.hxx
-- Installing: C:/Users/Davi/Downloads/oma/.release/native-build/sdk/occt/inc/MeshVS_DrawerAttribute.hxx
-- Installing: C:/Users/Davi/Downloads/oma/.release/native-build/sdk/occt/inc/MeshVS_DummySensitiveEntity.hxx
-- Installing: C:/Users/Davi/Downloads/oma/.release/native-build/sdk/occt/inc/MeshVS_ElementalColorPrsBuilder.hxx
-- Installing: C:/Users/Davi/Downloads/oma/.release/native-build/sdk/occt/inc/MeshVS_EntityType.hxx
-- Installing: C:/Users/Davi/Downloads/oma/.release/native-build/sdk/occt/inc/MeshVS_HArray1OfSequenceOfInteger.hxx
-- Installing: C:/Users/Davi/Downloads/oma/.release/native-build/sdk/occt/inc/MeshVS_MapIteratorOfMapOfTwoNodes.hxx
-- Installing: C:/Users/Davi/Downloads/oma/.release/native-build/sdk/occt/inc/MeshVS_MapOfTwoNodes.hxx
-- Installing: C:/Users/Davi/Downloads/oma/.release/native-build/sdk/occt/inc/MeshVS_Mesh.hxx
-- Installing: C:/Users/Davi/Downloads/oma/.release/native-build/sdk/occt/inc/MeshVS_MeshEntityOwner.hxx
-- Installing: C:/Users/Davi/Downloads/oma/.release/native-build/sdk/occt/inc/MeshVS_MeshOwner.hxx
-- Installing: C:/Users/Davi/Downloads/oma/.release/native-build/sdk/occt/inc/MeshVS_MeshPrsBuilder.hxx
-- Installing: C:/Users/Davi/Downloads/oma/.release/native-build/sdk/occt/inc/MeshVS_MeshPrsBuilder.lxx
-- Installing: C:/Users/Davi/Downloads/oma/.release/native-build/sdk/occt/inc/MeshVS_MeshPtr.hxx
-- Installing: C:/Users/Davi/Downloads/oma/.release/native-build/sdk/occt/inc/MeshVS_MeshSelectionMethod.hxx
-- Installing: C:/Users/Davi/Downloads/oma/.release/native-build/sdk/occt/inc/MeshVS_NodalColorPrsBuilder.hxx
-- Installing: C:/Users/Davi/Downloads/oma/.release/native-build/sdk/occt/inc/MeshVS_PrsBuilder.hxx
-- Installing: C:/Users/Davi/Downloads/oma/.release/native-build/sdk/occt/inc/MeshVS_SelectionModeFlags.hxx
-- Installing: C:/Users/Davi/Downloads/oma/.release/native-build/sdk/occt/inc/MeshVS_SensitiveFace.hxx
-- Installing: C:/Users/Davi/Downloads/oma/.release/native-build/sdk/occt/inc/MeshVS_SensitiveMesh.hxx
-- Installing: C:/Users/Davi/Downloads/oma/.release/native-build/sdk/occt/inc/MeshVS_SensitivePolyhedron.hxx
-- Installing: C:/Users/Davi/Downloads/oma/.release/native-build/sdk/occt/inc/MeshVS_SensitiveQuad.hxx
-- Installing: C:/Users/Davi/Downloads/oma/.release/native-build/sdk/occt/inc/MeshVS_SensitiveSegment.hxx
-- Installing: C:/Users/Davi/Downloads/oma/.release/native-build/sdk/occt/inc/MeshVS_SequenceOfPrsBuilder.hxx
-- Installing: C:/Users/Davi/Downloads/oma/.release/native-build/sdk/occt/inc/MeshVS_SymmetricPairHasher.hxx
-- Installing: C:/Users/Davi/Downloads/oma/.release/native-build/sdk/occt/inc/MeshVS_TextPrsBuilder.hxx
-- Installing: C:/Users/Davi/Downloads/oma/.release/native-build/sdk/occt/inc/MeshVS_Tool.hxx
-- Installing: C:/Users/Davi/Downloads/oma/.release/native-build/sdk/occt/inc/MeshVS_TwoColors.hxx
-- Installing: C:/Users/Davi/Downloads/oma/.release/native-build/sdk/occt/inc/MeshVS_TwoNodes.hxx
-- Installing: C:/Users/Davi/Downloads/oma/.release/native-build/sdk/occt/inc/MeshVS_VectorPrsBuilder.hxx
-- Installing: C:/Users/Davi/Downloads/oma/.release/native-build/sdk/occt/inc/CDM_Application.hxx
-- Installing: C:/Users/Davi/Downloads/oma/.release/native-build/sdk/occt/inc/CDM_CanCloseStatus.hxx
-- Installing: C:/Users/Davi/Downloads/oma/.release/native-build/sdk/occt/inc/CDM_DataMapIteratorOfMetaDataLookUpTable.hxx
-- Installing: C:/Users/Davi/Downloads/oma/.release/native-build/sdk/occt/inc/CDM_Document.hxx
-- Installing: C:/Users/Davi/Downloads/oma/.release/native-build/sdk/occt/inc/CDM_DocumentPointer.hxx
-- Installing: C:/Users/Davi/Downloads/oma/.release/native-build/sdk/occt/inc/CDM_ListIteratorOfListOfDocument.hxx
-- Installing: C:/Users/Davi/Downloads/oma/.release/native-build/sdk/occt/inc/CDM_ListIteratorOfListOfReferences.hxx
-- Installing: C:/Users/Davi/Downloads/oma/.release/native-build/sdk/occt/inc/CDM_ListOfDocument.hxx
-- Installing: C:/Users/Davi/Downloads/oma/.release/native-build/sdk/occt/inc/CDM_ListOfReferences.hxx
-- Installing: C:/Users/Davi/Downloads/oma/.release/native-build/sdk/occt/inc/CDM_MapIteratorOfMapOfDocument.hxx
-- Installing: C:/Users/Davi/Downloads/oma/.release/native-build/sdk/occt/inc/CDM_MapOfDocument.hxx
-- Installing: C:/Users/Davi/Downloads/oma/.release/native-build/sdk/occt/inc/CDM_MetaData.hxx
-- Installing: C:/Users/Davi/Downloads/oma/.release/native-build/sdk/occt/inc/CDM_MetaDataLookUpTable.hxx
-- Installing: C:/Users/Davi/Downloads/oma/.release/native-build/sdk/occt/inc/CDM_NamesDirectory.hxx
-- Installing: C:/Users/Davi/Downloads/oma/.release/native-build/sdk/occt/inc/CDM_Reference.hxx
-- Installing: C:/Users/Davi/Downloads/oma/.release/native-build/sdk/occt/inc/CDM_ReferenceIterator.hxx
-- Installing: C:/Users/Davi/Downloads/oma/.release/native-build/sdk/occt/inc/PCDM.hxx
-- Installing: C:/Users/Davi/Downloads/oma/.release/native-build/sdk/occt/inc/PCDM_BaseDriverPointer.hxx
-- Installing: C:/Users/Davi/Downloads/oma/.release/native-build/sdk/occt/inc/PCDM_DOMHeaderParser.hxx
-- Installing: C:/Users/Davi/Downloads/oma/.release/native-build/sdk/occt/inc/PCDM_Document.hxx
-- Installing: C:/Users/Davi/Downloads/oma/.release/native-build/sdk/occt/inc/PCDM_DriverError.hxx
-- Installing: C:/Users/Davi/Downloads/oma/.release/native-build/sdk/occt/inc/PCDM_ReadWriter.hxx
-- Installing: C:/Users/Davi/Downloads/oma/.release/native-build/sdk/occt/inc/PCDM_ReadWriter_1.hxx
-- Installing: C:/Users/Davi/Downloads/oma/.release/native-build/sdk/occt/inc/PCDM_Reader.hxx
-- Installing: C:/Users/Davi/Downloads/oma/.release/native-build/sdk/occt/inc/PCDM_Reader.lxx
-- Installing: C:/Users/Davi/Downloads/oma/.release/native-build/sdk/occt/inc/PCDM_ReaderFilter.hxx
-- Installing: C:/Users/Davi/Downloads/oma/.release/native-build/sdk/occt/inc/PCDM_ReaderStatus.hxx
-- Installing: C:/Users/Davi/Downloads/oma/.release/native-build/sdk/occt/inc/PCDM_Reference.hxx
-- Installing: C:/Users/Davi/Downloads/oma/.release/native-build/sdk/occt/inc/PCDM_ReferenceIterator.hxx
-- Installing: C:/Users/Davi/Downloads/oma/.release/native-build/sdk/occt/inc/PCDM_RetrievalDriver.hxx
-- Installing: C:/Users/Davi/Downloads/oma/.release/native-build/sdk/occt/inc/PCDM_SequenceOfDocument.hxx
-- Installing: C:/Users/Davi/Downloads/oma/.release/native-build/sdk/occt/inc/PCDM_SequenceOfReference.hxx
-- Installing: C:/Users/Davi/Downloads/oma/.release/native-build/sdk/occt/inc/PCDM_StorageDriver.hxx
-- Installing: C:/Users/Davi/Downloads/oma/.release/native-build/sdk/occt/inc/PCDM_StoreStatus.hxx
-- Installing: C:/Users/Davi/Downloads/oma/.release/native-build/sdk/occt/inc/PCDM_TypeOfFileDriver.hxx
-- Installing: C:/Users/Davi/Downloads/oma/.release/native-build/sdk/occt/inc/PCDM_Writer.hxx
-- Installing: C:/Users/Davi/Downloads/oma/.release/native-build/sdk/occt/inc/CDF_Application.hxx
-- Installing: C:/Users/Davi/Downloads/oma/.release/native-build/sdk/occt/inc/CDF_Directory.hxx
-- Installing: C:/Users/Davi/Downloads/oma/.release/native-build/sdk/occt/inc/CDF_DirectoryIterator.hxx
-- Installing: C:/Users/Davi/Downloads/oma/.release/native-build/sdk/occt/inc/CDF_FWOSDriver.hxx
-- Installing: C:/Users/Davi/Downloads/oma/.release/native-build/sdk/occt/inc/CDF_MetaDataDriver.hxx
-- Installing: C:/Users/Davi/Downloads/oma/.release/native-build/sdk/occt/inc/CDF_MetaDataDriverFactory.hxx
-- Installing: C:/Users/Davi/Downloads/oma/.release/native-build/sdk/occt/inc/CDF_Store.hxx
-- Installing: C:/Users/Davi/Downloads/oma/.release/native-build/sdk/occt/inc/CDF_StoreList.hxx
-- Installing: C:/Users/Davi/Downloads/oma/.release/native-build/sdk/occt/inc/CDF_StoreSetNameStatus.hxx
-- Installing: C:/Users/Davi/Downloads/oma/.release/native-build/sdk/occt/inc/CDF_SubComponentStatus.hxx
-- Installing: C:/Users/Davi/Downloads/oma/.release/native-build/sdk/occt/inc/CDF_TryStoreStatus.hxx
-- Installing: C:/Users/Davi/Downloads/oma/.release/native-build/sdk/occt/inc/CDF_TypeOfActivation.hxx
-- Installing: C:/Users/Davi/Downloads/oma/.release/native-build/sdk/occt/inc/UTL.hxx
-- Installing: C:/Users/Davi/Downloads/oma/.release/native-build/sdk/occt/inc/LDOMBasicString.hxx
-- Installing: C:/Users/Davi/Downloads/oma/.release/native-build/sdk/occt/inc/LDOMParser.hxx
-- Installing: C:/Users/Davi/Downloads/oma/.release/native-build/sdk/occt/inc/LDOMString.hxx
-- Installing: C:/Users/Davi/Downloads/oma/.release/native-build/sdk/occt/inc/LDOM_Attr.hxx
-- Installing: C:/Users/Davi/Downloads/oma/.release/native-build/sdk/occt/inc/LDOM_BasicAttribute.hxx
-- Installing: C:/Users/Davi/Downloads/oma/.release/native-build/sdk/occt/inc/LDOM_BasicElement.hxx
-- Installing: C:/Users/Davi/Downloads/oma/.release/native-build/sdk/occt/inc/LDOM_BasicNode.hxx
-- Installing: C:/Users/Davi/Downloads/oma/.release/native-build/sdk/occt/inc/LDOM_BasicText.hxx
-- Installing: C:/Users/Davi/Downloads/oma/.release/native-build/sdk/occt/inc/LDOM_CDATASection.hxx
-- Installing: C:/Users/Davi/Downloads/oma/.release/native-build/sdk/occt/inc/LDOM_CharReference.hxx
-- Installing: C:/Users/Davi/Downloads/oma/.release/native-build/sdk/occt/inc/LDOM_CharacterData.hxx
-- Installing: C:/Users/Davi/Downloads/oma/.release/native-build/sdk/occt/inc/LDOM_Comment.hxx
-- Installing: C:/Users/Davi/Downloads/oma/.release/native-build/sdk/occt/inc/LDOM_DeclareSequence.hxx
-- Installing: C:/Users/Davi/Downloads/oma/.release/native-build/sdk/occt/inc/LDOM_Document.hxx
-- Installing: C:/Users/Davi/Downloads/oma/.release/native-build/sdk/occt/inc/LDOM_DocumentType.hxx
-- Installing: C:/Users/Davi/Downloads/oma/.release/native-build/sdk/occt/inc/LDOM_Element.hxx
-- Installing: C:/Users/Davi/Downloads/oma/.release/native-build/sdk/occt/inc/LDOM_LDOMImplementation.hxx
-- Installing: C:/Users/Davi/Downloads/oma/.release/native-build/sdk/occt/inc/LDOM_MemManager.hxx
-- Installing: C:/Users/Davi/Downloads/oma/.release/native-build/sdk/occt/inc/LDOM_Node.hxx
-- Installing: C:/Users/Davi/Downloads/oma/.release/native-build/sdk/occt/inc/LDOM_NodeList.hxx
-- Installing: C:/Users/Davi/Downloads/oma/.release/native-build/sdk/occt/inc/LDOM_OSStream.hxx
-- Installing: C:/Users/Davi/Downloads/oma/.release/native-build/sdk/occt/inc/LDOM_Text.hxx
-- Installing: C:/Users/Davi/Downloads/oma/.release/native-build/sdk/occt/inc/LDOM_XmlReader.hxx
-- Installing: C:/Users/Davi/Downloads/oma/.release/native-build/sdk/occt/inc/LDOM_XmlWriter.hxx
-- Installing: C:/Users/Davi/Downloads/oma/.release/native-build/sdk/occt/inc/TDF.hxx
-- Installing: C:/Users/Davi/Downloads/oma/.release/native-build/sdk/occt/inc/TDF_Attribute.hxx
-- Installing: C:/Users/Davi/Downloads/oma/.release/native-build/sdk/occt/inc/TDF_Attribute.lxx
-- Installing: C:/Users/Davi/Downloads/oma/.release/native-build/sdk/occt/inc/TDF_AttributeArray1.hxx
-- Installing: C:/Users/Davi/Downloads/oma/.release/native-build/sdk/occt/inc/TDF_AttributeDataMap.hxx
-- Installing: C:/Users/Davi/Downloads/oma/.release/native-build/sdk/occt/inc/TDF_AttributeDelta.hxx
-- Installing: C:/Users/Davi/Downloads/oma/.release/native-build/sdk/occt/inc/TDF_AttributeDeltaList.hxx
-- Installing: C:/Users/Davi/Downloads/oma/.release/native-build/sdk/occt/inc/TDF_AttributeDoubleMap.hxx
-- Installing: C:/Users/Davi/Downloads/oma/.release/native-build/sdk/occt/inc/TDF_AttributeIndexedMap.hxx
-- Installing: C:/Users/Davi/Downloads/oma/.release/native-build/sdk/occt/inc/TDF_AttributeIterator.hxx
-- Installing: C:/Users/Davi/Downloads/oma/.release/native-build/sdk/occt/inc/TDF_AttributeList.hxx
-- Installing: C:/Users/Davi/Downloads/oma/.release/native-build/sdk/occt/inc/TDF_AttributeMap.hxx
-- Installing: C:/Users/Davi/Downloads/oma/.release/native-build/sdk/occt/inc/TDF_AttributeSequence.hxx
-- Installing: C:/Users/Davi/Downloads/oma/.release/native-build/sdk/occt/inc/TDF_ChildIDIterator.hxx
-- Installing: C:/Users/Davi/Downloads/oma/.release/native-build/sdk/occt/inc/TDF_ChildIDIterator.lxx
-- Installing: C:/Users/Davi/Downloads/oma/.release/native-build/sdk/occt/inc/TDF_ChildIterator.hxx
-- Installing: C:/Users/Davi/Downloads/oma/.release/native-build/sdk/occt/inc/TDF_ChildIterator.lxx
-- Installing: C:/Users/Davi/Downloads/oma/.release/native-build/sdk/occt/inc/TDF_ClosureMode.hxx
-- Installing: C:/Users/Davi/Downloads/oma/.release/native-build/sdk/occt/inc/TDF_ClosureMode.lxx
-- Installing: C:/Users/Davi/Downloads/oma/.release/native-build/sdk/occt/inc/TDF_ClosureTool.hxx
-- Installing: C:/Users/Davi/Downloads/oma/.release/native-build/sdk/occt/inc/TDF_ComparisonTool.hxx
-- Installing: C:/Users/Davi/Downloads/oma/.release/native-build/sdk/occt/inc/TDF_CopyLabel.hxx
-- Installing: C:/Users/Davi/Downloads/oma/.release/native-build/sdk/occt/inc/TDF_CopyLabel.lxx
-- Installing: C:/Users/Davi/Downloads/oma/.release/native-build/sdk/occt/inc/TDF_CopyTool.hxx
-- Installing: C:/Users/Davi/Downloads/oma/.release/native-build/sdk/occt/inc/TDF_Data.hxx
-- Installing: C:/Users/Davi/Downloads/oma/.release/native-build/sdk/occt/inc/TDF_Data.lxx
-- Installing: C:/Users/Davi/Downloads/oma/.release/native-build/sdk/occt/inc/TDF_DataMapIteratorOfAttributeDataMap.hxx
-- Installing: C:/Users/Davi/Downloads/oma/.release/native-build/sdk/occt/inc/TDF_DataMapIteratorOfLabelDataMap.hxx
-- Installing: C:/Users/Davi/Downloads/oma/.release/native-build/sdk/occt/inc/TDF_DataMapIteratorOfLabelIntegerMap.hxx
-- Installing: C:/Users/Davi/Downloads/oma/.release/native-build/sdk/occt/inc/TDF_DataSet.hxx
-- Installing: C:/Users/Davi/Downloads/oma/.release/native-build/sdk/occt/inc/TDF_DataSet.lxx
-- Installing: C:/Users/Davi/Downloads/oma/.release/native-build/sdk/occt/inc/TDF_DefaultDeltaOnModification.hxx
-- Installing: C:/Users/Davi/Downloads/oma/.release/native-build/sdk/occt/inc/TDF_DefaultDeltaOnRemoval.hxx
-- Installing: C:/Users/Davi/Downloads/oma/.release/native-build/sdk/occt/inc/TDF_Delta.hxx
-- Installing: C:/Users/Davi/Downloads/oma/.release/native-build/sdk/occt/inc/TDF_Delta.lxx
-- Installing: C:/Users/Davi/Downloads/oma/.release/native-build/sdk/occt/inc/TDF_DeltaList.hxx
-- Installing: C:/Users/Davi/Downloads/oma/.release/native-build/sdk/occt/inc/TDF_DeltaOnAddition.hxx
-- Installing: C:/Users/Davi/Downloads/oma/.release/native-build/sdk/occt/inc/TDF_DeltaOnForget.hxx
-- Installing: C:/Users/Davi/Downloads/oma/.release/native-build/sdk/occt/inc/TDF_DeltaOnModification.hxx
-- Installing: C:/Users/Davi/Downloads/oma/.release/native-build/sdk/occt/inc/TDF_DeltaOnRemoval.hxx
-- Installing: C:/Users/Davi/Downloads/oma/.release/native-build/sdk/occt/inc/TDF_DeltaOnResume.hxx
-- Installing: C:/Users/Davi/Downloads/oma/.release/native-build/sdk/occt/inc/TDF_DerivedAttribute.hxx
-- Installing: C:/Users/Davi/Downloads/oma/.release/native-build/sdk/occt/inc/TDF_DoubleMapIteratorOfAttributeDoubleMap.hxx
-- Installing: C:/Users/Davi/Downloads/oma/.release/native-build/sdk/occt/inc/TDF_DoubleMapIteratorOfGUIDProgIDMap.hxx
-- Installing: C:/Users/Davi/Downloads/oma/.release/native-build/sdk/occt/inc/TDF_DoubleMapIteratorOfLabelDoubleMap.hxx
-- Installing: C:/Users/Davi/Downloads/oma/.release/native-build/sdk/occt/inc/TDF_GUIDProgIDMap.hxx
-- Installing: C:/Users/Davi/Downloads/oma/.release/native-build/sdk/occt/inc/TDF_HAllocator.hxx
-- Installing: C:/Users/Davi/Downloads/oma/.release/native-build/sdk/occt/inc/TDF_HAttributeArray1.hxx
-- Installing: C:/Users/Davi/Downloads/oma/.release/native-build/sdk/occt/inc/TDF_IDFilter.hxx
-- Installing: C:/Users/Davi/Downloads/oma/.release/native-build/sdk/occt/inc/TDF_IDFilter.lxx
-- Installing: C:/Users/Davi/Downloads/oma/.release/native-build/sdk/occt/inc/TDF_IDList.hxx
-- Installing: C:/Users/Davi/Downloads/oma/.release/native-build/sdk/occt/inc/TDF_IDMap.hxx
-- Installing: C:/Users/Davi/Downloads/oma/.release/native-build/sdk/occt/inc/TDF_Label.hxx
-- Installing: C:/Users/Davi/Downloads/oma/.release/native-build/sdk/occt/inc/TDF_Label.lxx
-- Installing: C:/Users/Davi/Downloads/oma/.release/native-build/sdk/occt/inc/TDF_LabelDataMap.hxx
-- Installing: C:/Users/Davi/Downloads/oma/.release/native-build/sdk/occt/inc/TDF_LabelDoubleMap.hxx
-- Installing: C:/Users/Davi/Downloads/oma/.release/native-build/sdk/occt/inc/TDF_LabelIndexedMap.hxx
-- Installing: C:/Users/Davi/Downloads/oma/.release/native-build/sdk/occt/inc/TDF_LabelIntegerMap.hxx
-- Installing: C:/Users/Davi/Downloads/oma/.release/native-build/sdk/occt/inc/TDF_LabelList.hxx
-- Installing: C:/Users/Davi/Downloads/oma/.release/native-build/sdk/occt/inc/TDF_LabelMap.hxx
-- Installing: C:/Users/Davi/Downloads/oma/.release/native-build/sdk/occt/inc/TDF_LabelNode.hxx
-- Installing: C:/Users/Davi/Downloads/oma/.release/native-build/sdk/occt/inc/TDF_LabelNodePtr.hxx
-- Installing: C:/Users/Davi/Downloads/oma/.release/native-build/sdk/occt/inc/TDF_LabelSequence.hxx
-- Installing: C:/Users/Davi/Downloads/oma/.release/native-build/sdk/occt/inc/TDF_ListIteratorOfAttributeDeltaList.hxx
-- Installing: C:/Users/Davi/Downloads/oma/.release/native-build/sdk/occt/inc/TDF_ListIteratorOfAttributeList.hxx
-- Installing: C:/Users/Davi/Downloads/oma/.release/native-build/sdk/occt/inc/TDF_ListIteratorOfDeltaList.hxx
-- Installing: C:/Users/Davi/Downloads/oma/.release/native-build/sdk/occt/inc/TDF_ListIteratorOfIDList.hxx
-- Installing: C:/Users/Davi/Downloads/oma/.release/native-build/sdk/occt/inc/TDF_ListIteratorOfLabelList.hxx
-- Installing: C:/Users/Davi/Downloads/oma/.release/native-build/sdk/occt/inc/TDF_MapIteratorOfAttributeMap.hxx
-- Installing: C:/Users/Davi/Downloads/oma/.release/native-build/sdk/occt/inc/TDF_MapIteratorOfIDMap.hxx
-- Installing: C:/Users/Davi/Downloads/oma/.release/native-build/sdk/occt/inc/TDF_MapIteratorOfLabelMap.hxx
-- Installing: C:/Users/Davi/Downloads/oma/.release/native-build/sdk/occt/inc/TDF_Reference.hxx
-- Installing: C:/Users/Davi/Downloads/oma/.release/native-build/sdk/occt/inc/TDF_RelocationTable.hxx
-- Installing: C:/Users/Davi/Downloads/oma/.release/native-build/sdk/occt/inc/TDF_TagSource.hxx
-- Installing: C:/Users/Davi/Downloads/oma/.release/native-build/sdk/occt/inc/TDF_Tool.hxx
-- Installing: C:/Users/Davi/Downloads/oma/.release/native-build/sdk/occt/inc/TDF_Transaction.hxx
-- Installing: C:/Users/Davi/Downloads/oma/.release/native-build/sdk/occt/inc/TDF_Transaction.lxx
-- Installing: C:/Users/Davi/Downloads/oma/.release/native-build/sdk/occt/inc/TDataStd.hxx
-- Installing: C:/Users/Davi/Downloads/oma/.release/native-build/sdk/occt/inc/TDataStd_AsciiString.hxx
-- Installing: C:/Users/Davi/Downloads/oma/.release/native-build/sdk/occt/inc/TDataStd_BooleanArray.hxx
-- Installing: C:/Users/Davi/Downloads/oma/.release/native-build/sdk/occt/inc/TDataStd_BooleanList.hxx
-- Installing: C:/Users/Davi/Downloads/oma/.release/native-build/sdk/occt/inc/TDataStd_ByteArray.hxx
-- Installing: C:/Users/Davi/Downloads/oma/.release/native-build/sdk/occt/inc/TDataStd_ChildNodeIterator.hxx
-- Installing: C:/Users/Davi/Downloads/oma/.release/native-build/sdk/occt/inc/TDataStd_Comment.hxx
-- Installing: C:/Users/Davi/Downloads/oma/.release/native-build/sdk/occt/inc/TDataStd_Current.hxx
-- Installing: C:/Users/Davi/Downloads/oma/.release/native-build/sdk/occt/inc/TDataStd_DataMapIteratorOfDataMapOfStringByte.hxx
-- Installing: C:/Users/Davi/Downloads/oma/.release/native-build/sdk/occt/inc/TDataStd_DataMapIteratorOfDataMapOfStringHArray1OfInteger.hxx
-- Installing: C:/Users/Davi/Downloads/oma/.release/native-build/sdk/occt/inc/TDataStd_DataMapIteratorOfDataMapOfStringHArray1OfReal.hxx
-- Installing: C:/Users/Davi/Downloads/oma/.release/native-build/sdk/occt/inc/TDataStd_DataMapIteratorOfDataMapOfStringReal.hxx
-- Installing: C:/Users/Davi/Downloads/oma/.release/native-build/sdk/occt/inc/TDataStd_DataMapIteratorOfDataMapOfStringString.hxx
-- Installing: C:/Users/Davi/Downloads/oma/.release/native-build/sdk/occt/inc/TDataStd_DataMapOfStringByte.hxx
-- Installing: C:/Users/Davi/Downloads/oma/.release/native-build/sdk/occt/inc/TDataStd_DataMapOfStringHArray1OfInteger.hxx
-- Installing: C:/Users/Davi/Downloads/oma/.release/native-build/sdk/occt/inc/TDataStd_DataMapOfStringHArray1OfReal.hxx
-- Installing: C:/Users/Davi/Downloads/oma/.release/native-build/sdk/occt/inc/TDataStd_DataMapOfStringReal.hxx
-- Installing: C:/Users/Davi/Downloads/oma/.release/native-build/sdk/occt/inc/TDataStd_DataMapOfStringString.hxx
-- Installing: C:/Users/Davi/Downloads/oma/.release/native-build/sdk/occt/inc/TDataStd_DeltaOnModificationOfByteArray.hxx
-- Installing: C:/Users/Davi/Downloads/oma/.release/native-build/sdk/occt/inc/TDataStd_DeltaOnModificationOfExtStringArray.hxx
-- Installing: C:/Users/Davi/Downloads/oma/.release/native-build/sdk/occt/inc/TDataStd_DeltaOnModificationOfIntArray.hxx
-- Installing: C:/Users/Davi/Downloads/oma/.release/native-build/sdk/occt/inc/TDataStd_DeltaOnModificationOfIntPackedMap.hxx
-- Installing: C:/Users/Davi/Downloads/oma/.release/native-build/sdk/occt/inc/TDataStd_DeltaOnModificationOfRealArray.hxx
-- Installing: C:/Users/Davi/Downloads/oma/.release/native-build/sdk/occt/inc/TDataStd_Directory.hxx
-- Installing: C:/Users/Davi/Downloads/oma/.release/native-build/sdk/occt/inc/TDataStd_Expression.hxx
-- Installing: C:/Users/Davi/Downloads/oma/.release/native-build/sdk/occt/inc/TDataStd_ExtStringArray.hxx
-- Installing: C:/Users/Davi/Downloads/oma/.release/native-build/sdk/occt/inc/TDataStd_ExtStringList.hxx
-- Installing: C:/Users/Davi/Downloads/oma/.release/native-build/sdk/occt/inc/TDataStd_GenericEmpty.hxx
-- Installing: C:/Users/Davi/Downloads/oma/.release/native-build/sdk/occt/inc/TDataStd_GenericExtString.hxx
-- Installing: C:/Users/Davi/Downloads/oma/.release/native-build/sdk/occt/inc/TDataStd_HDataMapOfStringByte.hxx
-- Installing: C:/Users/Davi/Downloads/oma/.release/native-build/sdk/occt/inc/TDataStd_HDataMapOfStringHArray1OfInteger.hxx
-- Installing: C:/Users/Davi/Downloads/oma/.release/native-build/sdk/occt/inc/TDataStd_HDataMapOfStringHArray1OfReal.hxx
-- Installing: C:/Users/Davi/Downloads/oma/.release/native-build/sdk/occt/inc/TDataStd_HDataMapOfStringInteger.hxx
-- Installing: C:/Users/Davi/Downloads/oma/.release/native-build/sdk/occt/inc/TDataStd_HDataMapOfStringReal.hxx
-- Installing: C:/Users/Davi/Downloads/oma/.release/native-build/sdk/occt/inc/TDataStd_HDataMapOfStringString.hxx
-- Installing: C:/Users/Davi/Downloads/oma/.release/native-build/sdk/occt/inc/TDataStd_HLabelArray1.hxx
-- Installing: C:/Users/Davi/Downloads/oma/.release/native-build/sdk/occt/inc/TDataStd_IntPackedMap.hxx
-- Installing: C:/Users/Davi/Downloads/oma/.release/native-build/sdk/occt/inc/TDataStd_Integer.hxx
-- Installing: C:/Users/Davi/Downloads/oma/.release/native-build/sdk/occt/inc/TDataStd_IntegerArray.hxx
-- Installing: C:/Users/Davi/Downloads/oma/.release/native-build/sdk/occt/inc/TDataStd_IntegerList.hxx
-- Installing: C:/Users/Davi/Downloads/oma/.release/native-build/sdk/occt/inc/TDataStd_LabelArray1.hxx
-- Installing: C:/Users/Davi/Downloads/oma/.release/native-build/sdk/occt/inc/TDataStd_ListIteratorOfListOfByte.hxx
-- Installing: C:/Users/Davi/Downloads/oma/.release/native-build/sdk/occt/inc/TDataStd_ListIteratorOfListOfExtendedString.hxx
-- Installing: C:/Users/Davi/Downloads/oma/.release/native-build/sdk/occt/inc/TDataStd_ListOfByte.hxx
-- Installing: C:/Users/Davi/Downloads/oma/.release/native-build/sdk/occt/inc/TDataStd_ListOfExtendedString.hxx
-- Installing: C:/Users/Davi/Downloads/oma/.release/native-build/sdk/occt/inc/TDataStd_Name.hxx
-- Installing: C:/Users/Davi/Downloads/oma/.release/native-build/sdk/occt/inc/TDataStd_NamedData.hxx
-- Installing: C:/Users/Davi/Downloads/oma/.release/native-build/sdk/occt/inc/TDataStd_NoteBook.hxx
-- Installing: C:/Users/Davi/Downloads/oma/.release/native-build/sdk/occt/inc/TDataStd_PtrTreeNode.hxx
-- Installing: C:/Users/Davi/Downloads/oma/.release/native-build/sdk/occt/inc/TDataStd_Real.hxx
-- Installing: C:/Users/Davi/Downloads/oma/.release/native-build/sdk/occt/inc/TDataStd_RealArray.hxx
-- Installing: C:/Users/Davi/Downloads/oma/.release/native-build/sdk/occt/inc/TDataStd_RealEnum.hxx
-- Installing: C:/Users/Davi/Downloads/oma/.release/native-build/sdk/occt/inc/TDataStd_RealList.hxx
-- Installing: C:/Users/Davi/Downloads/oma/.release/native-build/sdk/occt/inc/TDataStd_ReferenceArray.hxx
-- Installing: C:/Users/Davi/Downloads/oma/.release/native-build/sdk/occt/inc/TDataStd_ReferenceList.hxx
-- Installing: C:/Users/Davi/Downloads/oma/.release/native-build/sdk/occt/inc/TDataStd_Relation.hxx
-- Installing: C:/Users/Davi/Downloads/oma/.release/native-build/sdk/occt/inc/TDataStd_Tick.hxx
-- Installing: C:/Users/Davi/Downloads/oma/.release/native-build/sdk/occt/inc/TDataStd_TreeNode.hxx
-- Installing: C:/Users/Davi/Downloads/oma/.release/native-build/sdk/occt/inc/TDataStd_TreeNode.lxx
-- Installing: C:/Users/Davi/Downloads/oma/.release/native-build/sdk/occt/inc/TDataStd_UAttribute.hxx
-- Installing: C:/Users/Davi/Downloads/oma/.release/native-build/sdk/occt/inc/TDataStd_Variable.hxx
-- Installing: C:/Users/Davi/Downloads/oma/.release/native-build/sdk/occt/inc/TFunction_Array1OfDataMapOfGUIDDriver.hxx
-- Installing: C:/Users/Davi/Downloads/oma/.release/native-build/sdk/occt/inc/TFunction_DataMapIteratorOfDataMapOfGUIDDriver.hxx
-- Installing: C:/Users/Davi/Downloads/oma/.release/native-build/sdk/occt/inc/TFunction_DataMapIteratorOfDataMapOfLabelListOfLabel.hxx
-- Installing: C:/Users/Davi/Downloads/oma/.release/native-build/sdk/occt/inc/TFunction_DataMapOfGUIDDriver.hxx
-- Installing: C:/Users/Davi/Downloads/oma/.release/native-build/sdk/occt/inc/TFunction_DataMapOfLabelListOfLabel.hxx
-- Installing: C:/Users/Davi/Downloads/oma/.release/native-build/sdk/occt/inc/TFunction_DoubleMapIteratorOfDoubleMapOfIntegerLabel.hxx
-- Installing: C:/Users/Davi/Downloads/oma/.release/native-build/sdk/occt/inc/TFunction_DoubleMapOfIntegerLabel.hxx
-- Installing: C:/Users/Davi/Downloads/oma/.release/native-build/sdk/occt/inc/TFunction_Driver.hxx
-- Installing: C:/Users/Davi/Downloads/oma/.release/native-build/sdk/occt/inc/TFunction_Driver.lxx
-- Installing: C:/Users/Davi/Downloads/oma/.release/native-build/sdk/occt/inc/TFunction_DriverTable.hxx
-- Installing: C:/Users/Davi/Downloads/oma/.release/native-build/sdk/occt/inc/TFunction_ExecutionStatus.hxx
-- Installing: C:/Users/Davi/Downloads/oma/.release/native-build/sdk/occt/inc/TFunction_Function.hxx
-- Installing: C:/Users/Davi/Downloads/oma/.release/native-build/sdk/occt/inc/TFunction_GraphNode.hxx
-- Installing: C:/Users/Davi/Downloads/oma/.release/native-build/sdk/occt/inc/TFunction_HArray1OfDataMapOfGUIDDriver.hxx
-- Installing: C:/Users/Davi/Downloads/oma/.release/native-build/sdk/occt/inc/TFunction_IFunction.hxx
-- Installing: C:/Users/Davi/Downloads/oma/.release/native-build/sdk/occt/inc/TFunction_Iterator.hxx
-- Installing: C:/Users/Davi/Downloads/oma/.release/native-build/sdk/occt/inc/TFunction_Logbook.hxx
-- Installing: C:/Users/Davi/Downloads/oma/.release/native-build/sdk/occt/inc/TFunction_Logbook.lxx
-- Installing: C:/Users/Davi/Downloads/oma/.release/native-build/sdk/occt/inc/TFunction_Scope.hxx
-- Installing: C:/Users/Davi/Downloads/oma/.release/native-build/sdk/occt/inc/TDocStd.hxx
-- Installing: C:/Users/Davi/Downloads/oma/.release/native-build/sdk/occt/inc/TDocStd_Application.hxx
-- Installing: C:/Users/Davi/Downloads/oma/.release/native-build/sdk/occt/inc/TDocStd_ApplicationDelta.hxx
-- Installing: C:/Users/Davi/Downloads/oma/.release/native-build/sdk/occt/inc/TDocStd_ApplicationDelta.lxx
-- Installing: C:/Users/Davi/Downloads/oma/.release/native-build/sdk/occt/inc/TDocStd_CompoundDelta.hxx
-- Installing: C:/Users/Davi/Downloads/oma/.release/native-build/sdk/occt/inc/TDocStd_Context.hxx
-- Installing: C:/Users/Davi/Downloads/oma/.release/native-build/sdk/occt/inc/TDocStd_DataMapIteratorOfLabelIDMapDataMap.hxx
-- Installing: C:/Users/Davi/Downloads/oma/.release/native-build/sdk/occt/inc/TDocStd_Document.hxx
-- Installing: C:/Users/Davi/Downloads/oma/.release/native-build/sdk/occt/inc/TDocStd_Document.lxx
-- Installing: C:/Users/Davi/Downloads/oma/.release/native-build/sdk/occt/inc/TDocStd_FormatVersion.hxx
-- Installing: C:/Users/Davi/Downloads/oma/.release/native-build/sdk/occt/inc/TDocStd_LabelIDMapDataMap.hxx
-- Installing: C:/Users/Davi/Downloads/oma/.release/native-build/sdk/occt/inc/TDocStd_Modified.hxx
-- Installing: C:/Users/Davi/Downloads/oma/.release/native-build/sdk/occt/inc/TDocStd_MultiTransactionManager.hxx
-- Installing: C:/Users/Davi/Downloads/oma/.release/native-build/sdk/occt/inc/TDocStd_MultiTransactionManager.lxx
-- Installing: C:/Users/Davi/Downloads/oma/.release/native-build/sdk/occt/inc/TDocStd_Owner.hxx
-- Installing: C:/Users/Davi/Downloads/oma/.release/native-build/sdk/occt/inc/TDocStd_PathParser.hxx
-- Installing: C:/Users/Davi/Downloads/oma/.release/native-build/sdk/occt/inc/TDocStd_SequenceOfApplicationDelta.hxx
-- Installing: C:/Users/Davi/Downloads/oma/.release/native-build/sdk/occt/inc/TDocStd_SequenceOfDocument.hxx
-- Installing: C:/Users/Davi/Downloads/oma/.release/native-build/sdk/occt/inc/TDocStd_XLink.hxx
-- Installing: C:/Users/Davi/Downloads/oma/.release/native-build/sdk/occt/inc/TDocStd_XLink.lxx
-- Installing: C:/Users/Davi/Downloads/oma/.release/native-build/sdk/occt/inc/TDocStd_XLinkIterator.hxx
-- Installing: C:/Users/Davi/Downloads/oma/.release/native-build/sdk/occt/inc/TDocStd_XLinkIterator.lxx
-- Installing: C:/Users/Davi/Downloads/oma/.release/native-build/sdk/occt/inc/TDocStd_XLinkPtr.hxx
-- Installing: C:/Users/Davi/Downloads/oma/.release/native-build/sdk/occt/inc/TDocStd_XLinkRoot.hxx
-- Installing: C:/Users/Davi/Downloads/oma/.release/native-build/sdk/occt/inc/TDocStd_XLinkRoot.lxx
-- Installing: C:/Users/Davi/Downloads/oma/.release/native-build/sdk/occt/inc/TDocStd_XLinkTool.hxx
-- Installing: C:/Users/Davi/Downloads/oma/.release/native-build/sdk/occt/inc/AppStdL_Application.hxx
-- Installing: C:/Users/Davi/Downloads/oma/.release/native-build/sdk/occt/inc/TDataXtd.hxx
-- Installing: C:/Users/Davi/Downloads/oma/.release/native-build/sdk/occt/inc/TDataXtd_Array1OfTrsf.hxx
-- Installing: C:/Users/Davi/Downloads/oma/.release/native-build/sdk/occt/inc/TDataXtd_Axis.hxx
-- Installing: C:/Users/Davi/Downloads/oma/.release/native-build/sdk/occt/inc/TDataXtd_Constraint.hxx
-- Installing: C:/Users/Davi/Downloads/oma/.release/native-build/sdk/occt/inc/TDataXtd_ConstraintEnum.hxx
-- Installing: C:/Users/Davi/Downloads/oma/.release/native-build/sdk/occt/inc/TDataXtd_Geometry.hxx
-- Installing: C:/Users/Davi/Downloads/oma/.release/native-build/sdk/occt/inc/TDataXtd_GeometryEnum.hxx
-- Installing: C:/Users/Davi/Downloads/oma/.release/native-build/sdk/occt/inc/TDataXtd_HArray1OfTrsf.hxx
-- Installing: C:/Users/Davi/Downloads/oma/.release/native-build/sdk/occt/inc/TDataXtd_Pattern.hxx
-- Installing: C:/Users/Davi/Downloads/oma/.release/native-build/sdk/occt/inc/TDataXtd_PatternStd.hxx
-- Installing: C:/Users/Davi/Downloads/oma/.release/native-build/sdk/occt/inc/TDataXtd_PatternStd.lxx
-- Installing: C:/Users/Davi/Downloads/oma/.release/native-build/sdk/occt/inc/TDataXtd_Placement.hxx
-- Installing: C:/Users/Davi/Downloads/oma/.release/native-build/sdk/occt/inc/TDataXtd_Plane.hxx
-- Installing: C:/Users/Davi/Downloads/oma/.release/native-build/sdk/occt/inc/TDataXtd_Point.hxx
-- Installing: C:/Users/Davi/Downloads/oma/.release/native-build/sdk/occt/inc/TDataXtd_Position.hxx
-- Installing: C:/Users/Davi/Downloads/oma/.release/native-build/sdk/occt/inc/TDataXtd_Presentation.hxx
-- Installing: C:/Users/Davi/Downloads/oma/.release/native-build/sdk/occt/inc/TDataXtd_Shape.hxx
-- Installing: C:/Users/Davi/Downloads/oma/.release/native-build/sdk/occt/inc/TDataXtd_Triangulation.hxx
-- Installing: C:/Users/Davi/Downloads/oma/.release/native-build/sdk/occt/inc/TNaming.hxx
-- Installing: C:/Users/Davi/Downloads/oma/.release/native-build/sdk/occt/inc/TNaming_Builder.hxx
-- Installing: C:/Users/Davi/Downloads/oma/.release/native-build/sdk/occt/inc/TNaming_CopyShape.hxx
-- Installing: C:/Users/Davi/Downloads/oma/.release/native-build/sdk/occt/inc/TNaming_DataMapIteratorOfDataMapOfShapePtrRefShape.hxx
-- Installing: C:/Users/Davi/Downloads/oma/.release/native-build/sdk/occt/inc/TNaming_DataMapIteratorOfDataMapOfShapeShapesSet.hxx
-- Installing: C:/Users/Davi/Downloads/oma/.release/native-build/sdk/occt/inc/TNaming_DataMapOfShapePtrRefShape.hxx
-- Installing: C:/Users/Davi/Downloads/oma/.release/native-build/sdk/occt/inc/TNaming_DataMapOfShapeShapesSet.hxx
-- Installing: C:/Users/Davi/Downloads/oma/.release/native-build/sdk/occt/inc/TNaming_DeltaOnModification.hxx
-- Installing: C:/Users/Davi/Downloads/oma/.release/native-build/sdk/occt/inc/TNaming_DeltaOnRemoval.hxx
-- Installing: C:/Users/Davi/Downloads/oma/.release/native-build/sdk/occt/inc/TNaming_Evolution.hxx
-- Installing: C:/Users/Davi/Downloads/oma/.release/native-build/sdk/occt/inc/TNaming_Identifier.hxx
-- Installing: C:/Users/Davi/Downloads/oma/.release/native-build/sdk/occt/inc/TNaming_Iterator.hxx
-- Installing: C:/Users/Davi/Downloads/oma/.release/native-build/sdk/occt/inc/TNaming_Iterator.lxx
-- Installing: C:/Users/Davi/Downloads/oma/.release/native-build/sdk/occt/inc/TNaming_IteratorOnShapesSet.hxx
-- Installing: C:/Users/Davi/Downloads/oma/.release/native-build/sdk/occt/inc/TNaming_IteratorOnShapesSet.lxx
-- Installing: C:/Users/Davi/Downloads/oma/.release/native-build/sdk/occt/inc/TNaming_ListIteratorOfListOfIndexedDataMapOfShapeListOfShape.hxx
-- Installing: C:/Users/Davi/Downloads/oma/.release/native-build/sdk/occt/inc/TNaming_ListIteratorOfListOfMapOfShape.hxx
-- Installing: C:/Users/Davi/Downloads/oma/.release/native-build/sdk/occt/inc/TNaming_ListIteratorOfListOfNamedShape.hxx
-- Installing: C:/Users/Davi/Downloads/oma/.release/native-build/sdk/occt/inc/TNaming_ListOfIndexedDataMapOfShapeListOfShape.hxx
-- Installing: C:/Users/Davi/Downloads/oma/.release/native-build/sdk/occt/inc/TNaming_ListOfMapOfShape.hxx
-- Installing: C:/Users/Davi/Downloads/oma/.release/native-build/sdk/occt/inc/TNaming_ListOfNamedShape.hxx
-- Installing: C:/Users/Davi/Downloads/oma/.release/native-build/sdk/occt/inc/TNaming_Localizer.hxx
-- Installing: C:/Users/Davi/Downloads/oma/.release/native-build/sdk/occt/inc/TNaming_MapIteratorOfMapOfNamedShape.hxx
-- Installing: C:/Users/Davi/Downloads/oma/.release/native-build/sdk/occt/inc/TNaming_MapOfNamedShape.hxx
-- Installing: C:/Users/Davi/Downloads/oma/.release/native-build/sdk/occt/inc/TNaming_NCollections.hxx
-- Installing: C:/Users/Davi/Downloads/oma/.release/native-build/sdk/occt/inc/TNaming_Name.hxx
-- Installing: C:/Users/Davi/Downloads/oma/.release/native-build/sdk/occt/inc/TNaming_NameType.hxx
-- Installing: C:/Users/Davi/Downloads/oma/.release/native-build/sdk/occt/inc/TNaming_NamedShape.hxx
-- Installing: C:/Users/Davi/Downloads/oma/.release/native-build/sdk/occt/inc/TNaming_NamedShape.lxx
-- Installing: C:/Users/Davi/Downloads/oma/.release/native-build/sdk/occt/inc/TNaming_Naming.hxx
-- Installing: C:/Users/Davi/Downloads/oma/.release/native-build/sdk/occt/inc/TNaming_NamingTool.hxx
-- Installing: C:/Users/Davi/Downloads/oma/.release/native-build/sdk/occt/inc/TNaming_NewShapeIterator.hxx
-- Installing: C:/Users/Davi/Downloads/oma/.release/native-build/sdk/occt/inc/TNaming_NewShapeIterator.lxx
-- Installing: C:/Users/Davi/Downloads/oma/.release/native-build/sdk/occt/inc/TNaming_OldShapeIterator.hxx
-- Installing: C:/Users/Davi/Downloads/oma/.release/native-build/sdk/occt/inc/TNaming_OldShapeIterator.lxx
-- Installing: C:/Users/Davi/Downloads/oma/.release/native-build/sdk/occt/inc/TNaming_PtrAttribute.hxx
-- Installing: C:/Users/Davi/Downloads/oma/.release/native-build/sdk/occt/inc/TNaming_PtrNode.hxx
-- Installing: C:/Users/Davi/Downloads/oma/.release/native-build/sdk/occt/inc/TNaming_PtrRefShape.hxx
-- Installing: C:/Users/Davi/Downloads/oma/.release/native-build/sdk/occt/inc/TNaming_RefShape.hxx
-- Installing: C:/Users/Davi/Downloads/oma/.release/native-build/sdk/occt/inc/TNaming_RefShape.lxx
-- Installing: C:/Users/Davi/Downloads/oma/.release/native-build/sdk/occt/inc/TNaming_SameShapeIterator.hxx
-- Installing: C:/Users/Davi/Downloads/oma/.release/native-build/sdk/occt/inc/TNaming_SameShapeIterator.lxx
-- Installing: C:/Users/Davi/Downloads/oma/.release/native-build/sdk/occt/inc/TNaming_Scope.hxx
-- Installing: C:/Users/Davi/Downloads/oma/.release/native-build/sdk/occt/inc/TNaming_Selector.hxx
-- Installing: C:/Users/Davi/Downloads/oma/.release/native-build/sdk/occt/inc/TNaming_ShapesSet.hxx
-- Installing: C:/Users/Davi/Downloads/oma/.release/native-build/sdk/occt/inc/TNaming_ShapesSet.lxx
-- Installing: C:/Users/Davi/Downloads/oma/.release/native-build/sdk/occt/inc/TNaming_Tool.hxx
-- Installing: C:/Users/Davi/Downloads/oma/.release/native-build/sdk/occt/inc/TNaming_TranslateTool.hxx
-- Installing: C:/Users/Davi/Downloads/oma/.release/native-build/sdk/occt/inc/TNaming_Translator.hxx
-- Installing: C:/Users/Davi/Downloads/oma/.release/native-build/sdk/occt/inc/TNaming_UsedShapes.hxx
-- Installing: C:/Users/Davi/Downloads/oma/.release/native-build/sdk/occt/inc/TNaming_UsedShapes.lxx
-- Installing: C:/Users/Davi/Downloads/oma/.release/native-build/sdk/occt/inc/AppStd_Application.hxx
-- Installing: C:/Users/Davi/Downloads/oma/.release/native-build/sdk/occt/inc/BinMDF.hxx
-- Installing: C:/Users/Davi/Downloads/oma/.release/native-build/sdk/occt/inc/BinMDF_ADriver.hxx
-- Installing: C:/Users/Davi/Downloads/oma/.release/native-build/sdk/occt/inc/BinMDF_ADriver.lxx
-- Installing: C:/Users/Davi/Downloads/oma/.release/native-build/sdk/occt/inc/BinMDF_ADriverTable.hxx
-- Installing: C:/Users/Davi/Downloads/oma/.release/native-build/sdk/occt/inc/BinMDF_ADriverTable.lxx
-- Installing: C:/Users/Davi/Downloads/oma/.release/native-build/sdk/occt/inc/BinMDF_DataMapIteratorOfTypeADriverMap.hxx
-- Installing: C:/Users/Davi/Downloads/oma/.release/native-build/sdk/occt/inc/BinMDF_DerivedDriver.hxx
-- Installing: C:/Users/Davi/Downloads/oma/.release/native-build/sdk/occt/inc/BinMDF_DoubleMapIteratorOfTypeIdMap.hxx
-- Installing: C:/Users/Davi/Downloads/oma/.release/native-build/sdk/occt/inc/BinMDF_ReferenceDriver.hxx
-- Installing: C:/Users/Davi/Downloads/oma/.release/native-build/sdk/occt/inc/BinMDF_StringIdMap.hxx
-- Installing: C:/Users/Davi/Downloads/oma/.release/native-build/sdk/occt/inc/BinMDF_TagSourceDriver.hxx
-- Installing: C:/Users/Davi/Downloads/oma/.release/native-build/sdk/occt/inc/BinMDF_TypeADriverMap.hxx
-- Installing: C:/Users/Davi/Downloads/oma/.release/native-build/sdk/occt/inc/BinMDF_TypeIdMap.hxx
-- Installing: C:/Users/Davi/Downloads/oma/.release/native-build/sdk/occt/inc/BinMDataStd.hxx
-- Installing: C:/Users/Davi/Downloads/oma/.release/native-build/sdk/occt/inc/BinMDataStd_AsciiStringDriver.hxx
-- Installing: C:/Users/Davi/Downloads/oma/.release/native-build/sdk/occt/inc/BinMDataStd_BooleanArrayDriver.hxx
-- Installing: C:/Users/Davi/Downloads/oma/.release/native-build/sdk/occt/inc/BinMDataStd_BooleanListDriver.hxx
-- Installing: C:/Users/Davi/Downloads/oma/.release/native-build/sdk/occt/inc/BinMDataStd_ByteArrayDriver.hxx
-- Installing: C:/Users/Davi/Downloads/oma/.release/native-build/sdk/occt/inc/BinMDataStd_ExpressionDriver.hxx
-- Installing: C:/Users/Davi/Downloads/oma/.release/native-build/sdk/occt/inc/BinMDataStd_ExtStringArrayDriver.hxx
-- Installing: C:/Users/Davi/Downloads/oma/.release/native-build/sdk/occt/inc/BinMDataStd_ExtStringListDriver.hxx
-- Installing: C:/Users/Davi/Downloads/oma/.release/native-build/sdk/occt/inc/BinMDataStd_GenericEmptyDriver.hxx
-- Installing: C:/Users/Davi/Downloads/oma/.release/native-build/sdk/occt/inc/BinMDataStd_GenericExtStringDriver.hxx
-- Installing: C:/Users/Davi/Downloads/oma/.release/native-build/sdk/occt/inc/BinMDataStd_IntPackedMapDriver.hxx
-- Installing: C:/Users/Davi/Downloads/oma/.release/native-build/sdk/occt/inc/BinMDataStd_IntegerArrayDriver.hxx
-- Installing: C:/Users/Davi/Downloads/oma/.release/native-build/sdk/occt/inc/BinMDataStd_IntegerDriver.hxx
-- Installing: C:/Users/Davi/Downloads/oma/.release/native-build/sdk/occt/inc/BinMDataStd_IntegerListDriver.hxx
-- Installing: C:/Users/Davi/Downloads/oma/.release/native-build/sdk/occt/inc/BinMDataStd_NamedDataDriver.hxx
-- Installing: C:/Users/Davi/Downloads/oma/.release/native-build/sdk/occt/inc/BinMDataStd_RealArrayDriver.hxx
-- Installing: C:/Users/Davi/Downloads/oma/.release/native-build/sdk/occt/inc/BinMDataStd_RealDriver.hxx
-- Installing: C:/Users/Davi/Downloads/oma/.release/native-build/sdk/occt/inc/BinMDataStd_RealListDriver.hxx
-- Installing: C:/Users/Davi/Downloads/oma/.release/native-build/sdk/occt/inc/BinMDataStd_ReferenceArrayDriver.hxx
-- Installing: C:/Users/Davi/Downloads/oma/.release/native-build/sdk/occt/inc/BinMDataStd_ReferenceListDriver.hxx
-- Installing: C:/Users/Davi/Downloads/oma/.release/native-build/sdk/occt/inc/BinMDataStd_TreeNodeDriver.hxx
-- Installing: C:/Users/Davi/Downloads/oma/.release/native-build/sdk/occt/inc/BinMDataStd_UAttributeDriver.hxx
-- Installing: C:/Users/Davi/Downloads/oma/.release/native-build/sdk/occt/inc/BinMDataStd_VariableDriver.hxx
-- Installing: C:/Users/Davi/Downloads/oma/.release/native-build/sdk/occt/inc/BinMFunction.hxx
-- Installing: C:/Users/Davi/Downloads/oma/.release/native-build/sdk/occt/inc/BinMFunction_FunctionDriver.hxx
-- Installing: C:/Users/Davi/Downloads/oma/.release/native-build/sdk/occt/inc/BinMFunction_GraphNodeDriver.hxx
-- Installing: C:/Users/Davi/Downloads/oma/.release/native-build/sdk/occt/inc/BinMFunction_ScopeDriver.hxx
-- Installing: C:/Users/Davi/Downloads/oma/.release/native-build/sdk/occt/inc/BinMDocStd.hxx
-- Installing: C:/Users/Davi/Downloads/oma/.release/native-build/sdk/occt/inc/BinMDocStd_XLinkDriver.hxx
-- Installing: C:/Users/Davi/Downloads/oma/.release/native-build/sdk/occt/inc/BinObjMgt_PByte.hxx
-- Installing: C:/Users/Davi/Downloads/oma/.release/native-build/sdk/occt/inc/BinObjMgt_PChar.hxx
-- Installing: C:/Users/Davi/Downloads/oma/.release/native-build/sdk/occt/inc/BinObjMgt_PExtChar.hxx
-- Installing: C:/Users/Davi/Downloads/oma/.release/native-build/sdk/occt/inc/BinObjMgt_PInteger.hxx
-- Installing: C:/Users/Davi/Downloads/oma/.release/native-build/sdk/occt/inc/BinObjMgt_PReal.hxx
-- Installing: C:/Users/Davi/Downloads/oma/.release/native-build/sdk/occt/inc/BinObjMgt_PShortReal.hxx
-- Installing: C:/Users/Davi/Downloads/oma/.release/native-build/sdk/occt/inc/BinObjMgt_Persistent.hxx
-- Installing: C:/Users/Davi/Downloads/oma/.release/native-build/sdk/occt/inc/BinObjMgt_Persistent.lxx
-- Installing: C:/Users/Davi/Downloads/oma/.release/native-build/sdk/occt/inc/BinObjMgt_Position.hxx
-- Installing: C:/Users/Davi/Downloads/oma/.release/native-build/sdk/occt/inc/BinObjMgt_RRelocationTable.hxx
-- Installing: C:/Users/Davi/Downloads/oma/.release/native-build/sdk/occt/inc/BinObjMgt_SRelocationTable.hxx
-- Installing: C:/Users/Davi/Downloads/oma/.release/native-build/sdk/occt/inc/BinLDrivers.hxx
-- Installing: C:/Users/Davi/Downloads/oma/.release/native-build/sdk/occt/inc/BinLDrivers_DocumentRetrievalDriver.hxx
-- Installing: C:/Users/Davi/Downloads/oma/.release/native-build/sdk/occt/inc/BinLDrivers_DocumentSection.hxx
-- Installing: C:/Users/Davi/Downloads/oma/.release/native-build/sdk/occt/inc/BinLDrivers_DocumentStorageDriver.hxx
-- Installing: C:/Users/Davi/Downloads/oma/.release/native-build/sdk/occt/inc/BinLDrivers_Marker.hxx
-- Installing: C:/Users/Davi/Downloads/oma/.release/native-build/sdk/occt/inc/BinLDrivers_VectorOfDocumentSection.hxx
-- Installing: C:/Users/Davi/Downloads/oma/.release/native-build/sdk/occt/inc/XmlLDrivers.hxx
-- Installing: C:/Users/Davi/Downloads/oma/.release/native-build/sdk/occt/inc/XmlLDrivers_DocumentRetrievalDriver.hxx
-- Installing: C:/Users/Davi/Downloads/oma/.release/native-build/sdk/occt/inc/XmlLDrivers_DocumentStorageDriver.hxx
-- Installing: C:/Users/Davi/Downloads/oma/.release/native-build/sdk/occt/inc/XmlLDrivers_NamespaceDef.hxx
-- Installing: C:/Users/Davi/Downloads/oma/.release/native-build/sdk/occt/inc/XmlLDrivers_SequenceOfNamespaceDef.hxx
-- Installing: C:/Users/Davi/Downloads/oma/.release/native-build/sdk/occt/inc/XmlMDF.hxx
-- Installing: C:/Users/Davi/Downloads/oma/.release/native-build/sdk/occt/inc/XmlMDF_ADriver.hxx
-- Installing: C:/Users/Davi/Downloads/oma/.release/native-build/sdk/occt/inc/XmlMDF_ADriverTable.hxx
-- Installing: C:/Users/Davi/Downloads/oma/.release/native-build/sdk/occt/inc/XmlMDF_DataMapIteratorOfMapOfDriver.hxx
-- Installing: C:/Users/Davi/Downloads/oma/.release/native-build/sdk/occt/inc/XmlMDF_DataMapIteratorOfTypeADriverMap.hxx
-- Installing: C:/Users/Davi/Downloads/oma/.release/native-build/sdk/occt/inc/XmlMDF_DerivedDriver.hxx
-- Installing: C:/Users/Davi/Downloads/oma/.release/native-build/sdk/occt/inc/XmlMDF_MapOfDriver.hxx
-- Installing: C:/Users/Davi/Downloads/oma/.release/native-build/sdk/occt/inc/XmlMDF_ReferenceDriver.hxx
-- Installing: C:/Users/Davi/Downloads/oma/.release/native-build/sdk/occt/inc/XmlMDF_TagSourceDriver.hxx
-- Installing: C:/Users/Davi/Downloads/oma/.release/native-build/sdk/occt/inc/XmlMDF_TypeADriverMap.hxx
-- Installing: C:/Users/Davi/Downloads/oma/.release/native-build/sdk/occt/inc/XmlMDataStd.hxx
-- Installing: C:/Users/Davi/Downloads/oma/.release/native-build/sdk/occt/inc/XmlMDataStd_AsciiStringDriver.hxx
-- Installing: C:/Users/Davi/Downloads/oma/.release/native-build/sdk/occt/inc/XmlMDataStd_BooleanArrayDriver.hxx
-- Installing: C:/Users/Davi/Downloads/oma/.release/native-build/sdk/occt/inc/XmlMDataStd_BooleanListDriver.hxx
-- Installing: C:/Users/Davi/Downloads/oma/.release/native-build/sdk/occt/inc/XmlMDataStd_ByteArrayDriver.hxx
-- Installing: C:/Users/Davi/Downloads/oma/.release/native-build/sdk/occt/inc/XmlMDataStd_ExpressionDriver.hxx
-- Installing: C:/Users/Davi/Downloads/oma/.release/native-build/sdk/occt/inc/XmlMDataStd_ExtStringArrayDriver.hxx
-- Installing: C:/Users/Davi/Downloads/oma/.release/native-build/sdk/occt/inc/XmlMDataStd_ExtStringListDriver.hxx
-- Installing: C:/Users/Davi/Downloads/oma/.release/native-build/sdk/occt/inc/XmlMDataStd_GenericEmptyDriver.hxx
-- Installing: C:/Users/Davi/Downloads/oma/.release/native-build/sdk/occt/inc/XmlMDataStd_GenericExtStringDriver.hxx
-- Installing: C:/Users/Davi/Downloads/oma/.release/native-build/sdk/occt/inc/XmlMDataStd_IntPackedMapDriver.hxx
-- Installing: C:/Users/Davi/Downloads/oma/.release/native-build/sdk/occt/inc/XmlMDataStd_IntegerArrayDriver.hxx
-- Installing: C:/Users/Davi/Downloads/oma/.release/native-build/sdk/occt/inc/XmlMDataStd_IntegerDriver.hxx
-- Installing: C:/Users/Davi/Downloads/oma/.release/native-build/sdk/occt/inc/XmlMDataStd_IntegerListDriver.hxx
-- Installing: C:/Users/Davi/Downloads/oma/.release/native-build/sdk/occt/inc/XmlMDataStd_NamedDataDriver.hxx
-- Installing: C:/Users/Davi/Downloads/oma/.release/native-build/sdk/occt/inc/XmlMDataStd_RealArrayDriver.hxx
-- Installing: C:/Users/Davi/Downloads/oma/.release/native-build/sdk/occt/inc/XmlMDataStd_RealDriver.hxx
-- Installing: C:/Users/Davi/Downloads/oma/.release/native-build/sdk/occt/inc/XmlMDataStd_RealListDriver.hxx
-- Installing: C:/Users/Davi/Downloads/oma/.release/native-build/sdk/occt/inc/XmlMDataStd_ReferenceArrayDriver.hxx
-- Installing: C:/Users/Davi/Downloads/oma/.release/native-build/sdk/occt/inc/XmlMDataStd_ReferenceListDriver.hxx
-- Installing: C:/Users/Davi/Downloads/oma/.release/native-build/sdk/occt/inc/XmlMDataStd_TreeNodeDriver.hxx
-- Installing: C:/Users/Davi/Downloads/oma/.release/native-build/sdk/occt/inc/XmlMDataStd_UAttributeDriver.hxx
-- Installing: C:/Users/Davi/Downloads/oma/.release/native-build/sdk/occt/inc/XmlMDataStd_VariableDriver.hxx
-- Installing: C:/Users/Davi/Downloads/oma/.release/native-build/sdk/occt/inc/XmlMDocStd.hxx
-- Installing: C:/Users/Davi/Downloads/oma/.release/native-build/sdk/occt/inc/XmlMDocStd_XLinkDriver.hxx
-- Installing: C:/Users/Davi/Downloads/oma/.release/native-build/sdk/occt/inc/XmlMFunction.hxx
-- Installing: C:/Users/Davi/Downloads/oma/.release/native-build/sdk/occt/inc/XmlMFunction_FunctionDriver.hxx
-- Installing: C:/Users/Davi/Downloads/oma/.release/native-build/sdk/occt/inc/XmlMFunction_GraphNodeDriver.hxx
-- Installing: C:/Users/Davi/Downloads/oma/.release/native-build/sdk/occt/inc/XmlMFunction_ScopeDriver.hxx
-- Installing: C:/Users/Davi/Downloads/oma/.release/native-build/sdk/occt/inc/XmlObjMgt.hxx
-- Installing: C:/Users/Davi/Downloads/oma/.release/native-build/sdk/occt/inc/XmlObjMgt_Array1.hxx
-- Installing: C:/Users/Davi/Downloads/oma/.release/native-build/sdk/occt/inc/XmlObjMgt_Array1.lxx
-- Installing: C:/Users/Davi/Downloads/oma/.release/native-build/sdk/occt/inc/XmlObjMgt_DOMString.hxx
-- Installing: C:/Users/Davi/Downloads/oma/.release/native-build/sdk/occt/inc/XmlObjMgt_Document.hxx
-- Installing: C:/Users/Davi/Downloads/oma/.release/native-build/sdk/occt/inc/XmlObjMgt_Element.hxx
-- Installing: C:/Users/Davi/Downloads/oma/.release/native-build/sdk/occt/inc/XmlObjMgt_GP.hxx
-- Installing: C:/Users/Davi/Downloads/oma/.release/native-build/sdk/occt/inc/XmlObjMgt_Persistent.hxx
-- Installing: C:/Users/Davi/Downloads/oma/.release/native-build/sdk/occt/inc/XmlObjMgt_Persistent.lxx
-- Installing: C:/Users/Davi/Downloads/oma/.release/native-build/sdk/occt/inc/XmlObjMgt_RRelocationTable.hxx
-- Installing: C:/Users/Davi/Downloads/oma/.release/native-build/sdk/occt/inc/XmlObjMgt_SRelocationTable.hxx
-- Installing: C:/Users/Davi/Downloads/oma/.release/native-build/sdk/occt/inc/BinDrivers.hxx
-- Installing: C:/Users/Davi/Downloads/oma/.release/native-build/sdk/occt/inc/BinDrivers_DocumentRetrievalDriver.hxx
-- Installing: C:/Users/Davi/Downloads/oma/.release/native-build/sdk/occt/inc/BinDrivers_DocumentStorageDriver.hxx
-- Installing: C:/Users/Davi/Downloads/oma/.release/native-build/sdk/occt/inc/BinDrivers_Marker.hxx
-- Installing: C:/Users/Davi/Downloads/oma/.release/native-build/sdk/occt/inc/BinMDataXtd.hxx
-- Installing: C:/Users/Davi/Downloads/oma/.release/native-build/sdk/occt/inc/BinMDataXtd_ConstraintDriver.hxx
-- Installing: C:/Users/Davi/Downloads/oma/.release/native-build/sdk/occt/inc/BinMDataXtd_GeometryDriver.hxx
-- Installing: C:/Users/Davi/Downloads/oma/.release/native-build/sdk/occt/inc/BinMDataXtd_PatternStdDriver.hxx
-- Installing: C:/Users/Davi/Downloads/oma/.release/native-build/sdk/occt/inc/BinMDataXtd_PositionDriver.hxx
-- Installing: C:/Users/Davi/Downloads/oma/.release/native-build/sdk/occt/inc/BinMDataXtd_PresentationDriver.hxx
-- Installing: C:/Users/Davi/Downloads/oma/.release/native-build/sdk/occt/inc/BinMDataXtd_TriangulationDriver.hxx
-- Installing: C:/Users/Davi/Downloads/oma/.release/native-build/sdk/occt/inc/BinMNaming.hxx
-- Installing: C:/Users/Davi/Downloads/oma/.release/native-build/sdk/occt/inc/BinMNaming_NamedShapeDriver.hxx
-- Installing: C:/Users/Davi/Downloads/oma/.release/native-build/sdk/occt/inc/BinMNaming_NamedShapeDriver.lxx
-- Installing: C:/Users/Davi/Downloads/oma/.release/native-build/sdk/occt/inc/BinMNaming_NamingDriver.hxx
-- Installing: C:/Users/Davi/Downloads/oma/.release/native-build/sdk/occt/inc/XmlDrivers.hxx
-- Installing: C:/Users/Davi/Downloads/oma/.release/native-build/sdk/occt/inc/XmlDrivers_DocumentRetrievalDriver.hxx
-- Installing: C:/Users/Davi/Downloads/oma/.release/native-build/sdk/occt/inc/XmlDrivers_DocumentStorageDriver.hxx
-- Installing: C:/Users/Davi/Downloads/oma/.release/native-build/sdk/occt/inc/XmlMDataXtd.hxx
-- Installing: C:/Users/Davi/Downloads/oma/.release/native-build/sdk/occt/inc/XmlMDataXtd_ConstraintDriver.hxx
-- Installing: C:/Users/Davi/Downloads/oma/.release/native-build/sdk/occt/inc/XmlMDataXtd_GeometryDriver.hxx
-- Installing: C:/Users/Davi/Downloads/oma/.release/native-build/sdk/occt/inc/XmlMDataXtd_PatternStdDriver.hxx
-- Installing: C:/Users/Davi/Downloads/oma/.release/native-build/sdk/occt/inc/XmlMDataXtd_PositionDriver.hxx
-- Installing: C:/Users/Davi/Downloads/oma/.release/native-build/sdk/occt/inc/XmlMDataXtd_PresentationDriver.hxx
-- Installing: C:/Users/Davi/Downloads/oma/.release/native-build/sdk/occt/inc/XmlMDataXtd_TriangulationDriver.hxx
-- Installing: C:/Users/Davi/Downloads/oma/.release/native-build/sdk/occt/inc/XmlMNaming.hxx
-- Installing: C:/Users/Davi/Downloads/oma/.release/native-build/sdk/occt/inc/XmlMNaming_NamedShapeDriver.hxx
-- Installing: C:/Users/Davi/Downloads/oma/.release/native-build/sdk/occt/inc/XmlMNaming_NamedShapeDriver.lxx
-- Installing: C:/Users/Davi/Downloads/oma/.release/native-build/sdk/occt/inc/XmlMNaming_NamingDriver.hxx
-- Installing: C:/Users/Davi/Downloads/oma/.release/native-build/sdk/occt/inc/XmlMNaming_Shape1.hxx
-- Installing: C:/Users/Davi/Downloads/oma/.release/native-build/sdk/occt/inc/StdLDrivers.hxx
-- Installing: C:/Users/Davi/Downloads/oma/.release/native-build/sdk/occt/inc/StdLDrivers_DocumentRetrievalDriver.hxx
-- Installing: C:/Users/Davi/Downloads/oma/.release/native-build/sdk/occt/inc/StdLPersistent.hxx
-- Installing: C:/Users/Davi/Downloads/oma/.release/native-build/sdk/occt/inc/StdLPersistent_Collection.hxx
-- Installing: C:/Users/Davi/Downloads/oma/.release/native-build/sdk/occt/inc/StdLPersistent_Data.hxx
-- Installing: C:/Users/Davi/Downloads/oma/.release/native-build/sdk/occt/inc/StdLPersistent_Dependency.hxx
-- Installing: C:/Users/Davi/Downloads/oma/.release/native-build/sdk/occt/inc/StdLPersistent_Document.hxx
-- Installing: C:/Users/Davi/Downloads/oma/.release/native-build/sdk/occt/inc/StdLPersistent_Function.hxx
-- Installing: C:/Users/Davi/Downloads/oma/.release/native-build/sdk/occt/inc/StdLPersistent_HArray1.hxx
-- Installing: C:/Users/Davi/Downloads/oma/.release/native-build/sdk/occt/inc/StdLPersistent_HArray2.hxx
-- Installing: C:/Users/Davi/Downloads/oma/.release/native-build/sdk/occt/inc/StdLPersistent_HString.hxx
-- Installing: C:/Users/Davi/Downloads/oma/.release/native-build/sdk/occt/inc/StdLPersistent_NamedData.hxx
-- Installing: C:/Users/Davi/Downloads/oma/.release/native-build/sdk/occt/inc/StdLPersistent_Real.hxx
-- Installing: C:/Users/Davi/Downloads/oma/.release/native-build/sdk/occt/inc/StdLPersistent_TreeNode.hxx
-- Installing: C:/Users/Davi/Downloads/oma/.release/native-build/sdk/occt/inc/StdLPersistent_Value.hxx
-- Installing: C:/Users/Davi/Downloads/oma/.release/native-build/sdk/occt/inc/StdLPersistent_Variable.hxx
-- Installing: C:/Users/Davi/Downloads/oma/.release/native-build/sdk/occt/inc/StdLPersistent_Void.hxx
-- Installing: C:/Users/Davi/Downloads/oma/.release/native-build/sdk/occt/inc/StdLPersistent_XLink.hxx
-- Installing: C:/Users/Davi/Downloads/oma/.release/native-build/sdk/occt/inc/StdObjMgt_Attribute.hxx
-- Installing: C:/Users/Davi/Downloads/oma/.release/native-build/sdk/occt/inc/StdObjMgt_MapOfInstantiators.hxx
-- Installing: C:/Users/Davi/Downloads/oma/.release/native-build/sdk/occt/inc/StdObjMgt_Persistent.hxx
-- Installing: C:/Users/Davi/Downloads/oma/.release/native-build/sdk/occt/inc/StdObjMgt_ReadData.hxx
-- Installing: C:/Users/Davi/Downloads/oma/.release/native-build/sdk/occt/inc/StdObjMgt_SharedObject.hxx
-- Installing: C:/Users/Davi/Downloads/oma/.release/native-build/sdk/occt/inc/StdObjMgt_TransientPersistentMap.hxx
-- Installing: C:/Users/Davi/Downloads/oma/.release/native-build/sdk/occt/inc/StdObjMgt_WriteData.hxx
-- Installing: C:/Users/Davi/Downloads/oma/.release/native-build/sdk/occt/inc/StdDrivers.hxx
-- Installing: C:/Users/Davi/Downloads/oma/.release/native-build/sdk/occt/inc/StdDrivers_DocumentRetrievalDriver.hxx
-- Installing: C:/Users/Davi/Downloads/oma/.release/native-build/sdk/occt/inc/StdObject_Location.hxx
-- Installing: C:/Users/Davi/Downloads/oma/.release/native-build/sdk/occt/inc/StdObject_Shape.hxx
-- Installing: C:/Users/Davi/Downloads/oma/.release/native-build/sdk/occt/inc/StdObject_gp_Axes.hxx
-- Installing: C:/Users/Davi/Downloads/oma/.release/native-build/sdk/occt/inc/StdObject_gp_Curves.hxx
-- Installing: C:/Users/Davi/Downloads/oma/.release/native-build/sdk/occt/inc/StdObject_gp_Surfaces.hxx
-- Installing: C:/Users/Davi/Downloads/oma/.release/native-build/sdk/occt/inc/StdObject_gp_Trsfs.hxx
-- Installing: C:/Users/Davi/Downloads/oma/.release/native-build/sdk/occt/inc/StdObject_gp_Vectors.hxx
-- Installing: C:/Users/Davi/Downloads/oma/.release/native-build/sdk/occt/inc/StdPersistent.hxx
-- Installing: C:/Users/Davi/Downloads/oma/.release/native-build/sdk/occt/inc/StdPersistent_DataXtd.hxx
-- Installing: C:/Users/Davi/Downloads/oma/.release/native-build/sdk/occt/inc/StdPersistent_DataXtd_Constraint.hxx
-- Installing: C:/Users/Davi/Downloads/oma/.release/native-build/sdk/occt/inc/StdPersistent_DataXtd_PatternStd.hxx
-- Installing: C:/Users/Davi/Downloads/oma/.release/native-build/sdk/occt/inc/StdPersistent_HArray1.hxx
-- Installing: C:/Users/Davi/Downloads/oma/.release/native-build/sdk/occt/inc/StdPersistent_Naming.hxx
-- Installing: C:/Users/Davi/Downloads/oma/.release/native-build/sdk/occt/inc/StdPersistent_PPrsStd.hxx
-- Installing: C:/Users/Davi/Downloads/oma/.release/native-build/sdk/occt/inc/StdPersistent_TopLoc.hxx
-- Installing: C:/Users/Davi/Downloads/oma/.release/native-build/sdk/occt/inc/StdPersistent_TopoDS.hxx
-- Installing: C:/Users/Davi/Downloads/oma/.release/native-build/sdk/occt/inc/StdStorage.hxx
-- Installing: C:/Users/Davi/Downloads/oma/.release/native-build/sdk/occt/inc/StdStorage_BacketOfPersistent.hxx
-- Installing: C:/Users/Davi/Downloads/oma/.release/native-build/sdk/occt/inc/StdStorage_Data.hxx
-- Installing: C:/Users/Davi/Downloads/oma/.release/native-build/sdk/occt/inc/StdStorage_HSequenceOfRoots.hxx
-- Installing: C:/Users/Davi/Downloads/oma/.release/native-build/sdk/occt/inc/StdStorage_HeaderData.hxx
-- Installing: C:/Users/Davi/Downloads/oma/.release/native-build/sdk/occt/inc/StdStorage_MapOfRoots.hxx
-- Installing: C:/Users/Davi/Downloads/oma/.release/native-build/sdk/occt/inc/StdStorage_MapOfTypes.hxx
-- Installing: C:/Users/Davi/Downloads/oma/.release/native-build/sdk/occt/inc/StdStorage_Root.hxx
-- Installing: C:/Users/Davi/Downloads/oma/.release/native-build/sdk/occt/inc/StdStorage_RootData.hxx
-- Installing: C:/Users/Davi/Downloads/oma/.release/native-build/sdk/occt/inc/StdStorage_SequenceOfRoots.hxx
-- Installing: C:/Users/Davi/Downloads/oma/.release/native-build/sdk/occt/inc/StdStorage_TypeData.hxx
-- Installing: C:/Users/Davi/Downloads/oma/.release/native-build/sdk/occt/inc/ShapePersistent.hxx
-- Installing: C:/Users/Davi/Downloads/oma/.release/native-build/sdk/occt/inc/ShapePersistent_BRep.hxx
-- Installing: C:/Users/Davi/Downloads/oma/.release/native-build/sdk/occt/inc/ShapePersistent_Geom.hxx
-- Installing: C:/Users/Davi/Downloads/oma/.release/native-build/sdk/occt/inc/ShapePersistent_Geom2d.hxx
-- Installing: C:/Users/Davi/Downloads/oma/.release/native-build/sdk/occt/inc/ShapePersistent_Geom2d_Curve.hxx
-- Installing: C:/Users/Davi/Downloads/oma/.release/native-build/sdk/occt/inc/ShapePersistent_Geom_Curve.hxx
-- Installing: C:/Users/Davi/Downloads/oma/.release/native-build/sdk/occt/inc/ShapePersistent_Geom_Surface.hxx
-- Installing: C:/Users/Davi/Downloads/oma/.release/native-build/sdk/occt/inc/ShapePersistent_HArray1.hxx
-- Installing: C:/Users/Davi/Downloads/oma/.release/native-build/sdk/occt/inc/ShapePersistent_HArray2.hxx
-- Installing: C:/Users/Davi/Downloads/oma/.release/native-build/sdk/occt/inc/ShapePersistent_HSequence.hxx
-- Installing: C:/Users/Davi/Downloads/oma/.release/native-build/sdk/occt/inc/ShapePersistent_Poly.hxx
-- Installing: C:/Users/Davi/Downloads/oma/.release/native-build/sdk/occt/inc/ShapePersistent_TopoDS.hxx
-- Installing: C:/Users/Davi/Downloads/oma/.release/native-build/sdk/occt/inc/ShapePersistent_TriangleMode.hxx
-- Installing: C:/Users/Davi/Downloads/oma/.release/native-build/sdk/occt/inc/TObj_Application.hxx
-- Installing: C:/Users/Davi/Downloads/oma/.release/native-build/sdk/occt/inc/TObj_Assistant.hxx
-- Installing: C:/Users/Davi/Downloads/oma/.release/native-build/sdk/occt/inc/TObj_CheckModel.hxx
-- Installing: C:/Users/Davi/Downloads/oma/.release/native-build/sdk/occt/inc/TObj_Container.hxx
-- Installing: C:/Users/Davi/Downloads/oma/.release/native-build/sdk/occt/inc/TObj_DeletingMode.hxx
-- Installing: C:/Users/Davi/Downloads/oma/.release/native-build/sdk/occt/inc/TObj_HiddenPartition.hxx
-- Installing: C:/Users/Davi/Downloads/oma/.release/native-build/sdk/occt/inc/TObj_LabelIterator.hxx
-- Installing: C:/Users/Davi/Downloads/oma/.release/native-build/sdk/occt/inc/TObj_Model.hxx
-- Installing: C:/Users/Davi/Downloads/oma/.release/native-build/sdk/occt/inc/TObj_ModelIterator.hxx
-- Installing: C:/Users/Davi/Downloads/oma/.release/native-build/sdk/occt/inc/TObj_Object.hxx
-- Installing: C:/Users/Davi/Downloads/oma/.release/native-build/sdk/occt/inc/TObj_ObjectIterator.hxx
-- Installing: C:/Users/Davi/Downloads/oma/.release/native-build/sdk/occt/inc/TObj_OcafObjectIterator.hxx
-- Installing: C:/Users/Davi/Downloads/oma/.release/native-build/sdk/occt/inc/TObj_Partition.hxx
-- Installing: C:/Users/Davi/Downloads/oma/.release/native-build/sdk/occt/inc/TObj_Persistence.hxx
-- Installing: C:/Users/Davi/Downloads/oma/.release/native-build/sdk/occt/inc/TObj_ReferenceIterator.hxx
-- Installing: C:/Users/Davi/Downloads/oma/.release/native-build/sdk/occt/inc/TObj_SequenceIterator.hxx
-- Installing: C:/Users/Davi/Downloads/oma/.release/native-build/sdk/occt/inc/TObj_SequenceOfIterator.hxx
-- Installing: C:/Users/Davi/Downloads/oma/.release/native-build/sdk/occt/inc/TObj_SequenceOfObject.hxx
-- Installing: C:/Users/Davi/Downloads/oma/.release/native-build/sdk/occt/inc/TObj_TIntSparseArray.hxx
-- Installing: C:/Users/Davi/Downloads/oma/.release/native-build/sdk/occt/inc/TObj_TModel.hxx
-- Installing: C:/Users/Davi/Downloads/oma/.release/native-build/sdk/occt/inc/TObj_TNameContainer.hxx
-- Installing: C:/Users/Davi/Downloads/oma/.release/native-build/sdk/occt/inc/TObj_TObject.hxx
-- Installing: C:/Users/Davi/Downloads/oma/.release/native-build/sdk/occt/inc/TObj_TReference.hxx
-- Installing: C:/Users/Davi/Downloads/oma/.release/native-build/sdk/occt/inc/TObj_TXYZ.hxx
-- Installing: C:/Users/Davi/Downloads/oma/.release/native-build/sdk/occt/inc/BinTObjDrivers.hxx
-- Installing: C:/Users/Davi/Downloads/oma/.release/native-build/sdk/occt/inc/BinTObjDrivers_DocumentRetrievalDriver.hxx
-- Installing: C:/Users/Davi/Downloads/oma/.release/native-build/sdk/occt/inc/BinTObjDrivers_DocumentStorageDriver.hxx
-- Installing: C:/Users/Davi/Downloads/oma/.release/native-build/sdk/occt/inc/BinTObjDrivers_IntSparseArrayDriver.hxx
-- Installing: C:/Users/Davi/Downloads/oma/.release/native-build/sdk/occt/inc/BinTObjDrivers_ModelDriver.hxx
-- Installing: C:/Users/Davi/Downloads/oma/.release/native-build/sdk/occt/inc/BinTObjDrivers_ObjectDriver.hxx
-- Installing: C:/Users/Davi/Downloads/oma/.release/native-build/sdk/occt/inc/BinTObjDrivers_ReferenceDriver.hxx
-- Installing: C:/Users/Davi/Downloads/oma/.release/native-build/sdk/occt/inc/BinTObjDrivers_XYZDriver.hxx
-- Installing: C:/Users/Davi/Downloads/oma/.release/native-build/sdk/occt/inc/XmlTObjDrivers.hxx
-- Installing: C:/Users/Davi/Downloads/oma/.release/native-build/sdk/occt/inc/XmlTObjDrivers_DocumentRetrievalDriver.hxx
-- Installing: C:/Users/Davi/Downloads/oma/.release/native-build/sdk/occt/inc/XmlTObjDrivers_DocumentStorageDriver.hxx
-- Installing: C:/Users/Davi/Downloads/oma/.release/native-build/sdk/occt/inc/XmlTObjDrivers_IntSparseArrayDriver.hxx
-- Installing: C:/Users/Davi/Downloads/oma/.release/native-build/sdk/occt/inc/XmlTObjDrivers_ModelDriver.hxx
-- Installing: C:/Users/Davi/Downloads/oma/.release/native-build/sdk/occt/inc/XmlTObjDrivers_ObjectDriver.hxx
-- Installing: C:/Users/Davi/Downloads/oma/.release/native-build/sdk/occt/inc/XmlTObjDrivers_ReferenceDriver.hxx
-- Installing: C:/Users/Davi/Downloads/oma/.release/native-build/sdk/occt/inc/XmlTObjDrivers_XYZDriver.hxx
-- Installing: C:/Users/Davi/Downloads/oma/.release/native-build/sdk/occt/inc/TPrsStd_AISPresentation.hxx
-- Installing: C:/Users/Davi/Downloads/oma/.release/native-build/sdk/occt/inc/TPrsStd_AISViewer.hxx
-- Installing: C:/Users/Davi/Downloads/oma/.release/native-build/sdk/occt/inc/TPrsStd_AxisDriver.hxx
-- Installing: C:/Users/Davi/Downloads/oma/.release/native-build/sdk/occt/inc/TPrsStd_ConstraintDriver.hxx
-- Installing: C:/Users/Davi/Downloads/oma/.release/native-build/sdk/occt/inc/TPrsStd_ConstraintTools.hxx
-- Installing: C:/Users/Davi/Downloads/oma/.release/native-build/sdk/occt/inc/TPrsStd_DataMapIteratorOfDataMapOfGUIDDriver.hxx
-- Installing: C:/Users/Davi/Downloads/oma/.release/native-build/sdk/occt/inc/TPrsStd_DataMapOfGUIDDriver.hxx
-- Installing: C:/Users/Davi/Downloads/oma/.release/native-build/sdk/occt/inc/TPrsStd_Driver.hxx
-- Installing: C:/Users/Davi/Downloads/oma/.release/native-build/sdk/occt/inc/TPrsStd_DriverTable.hxx
-- Installing: C:/Users/Davi/Downloads/oma/.release/native-build/sdk/occt/inc/TPrsStd_GeometryDriver.hxx
-- Installing: C:/Users/Davi/Downloads/oma/.release/native-build/sdk/occt/inc/TPrsStd_NamedShapeDriver.hxx
-- Installing: C:/Users/Davi/Downloads/oma/.release/native-build/sdk/occt/inc/TPrsStd_PlaneDriver.hxx
-- Installing: C:/Users/Davi/Downloads/oma/.release/native-build/sdk/occt/inc/TPrsStd_PointDriver.hxx
-- Installing: C:/Users/Davi/Downloads/oma/.release/native-build/sdk/occt/inc/DE_ConfigurationContext.hxx
-- Installing: C:/Users/Davi/Downloads/oma/.release/native-build/sdk/occt/inc/DE_ConfigurationNode.hxx
-- Installing: C:/Users/Davi/Downloads/oma/.release/native-build/sdk/occt/inc/DE_PluginHolder.hxx
-- Installing: C:/Users/Davi/Downloads/oma/.release/native-build/sdk/occt/inc/DE_Provider.hxx
-- Installing: C:/Users/Davi/Downloads/oma/.release/native-build/sdk/occt/inc/DE_Wrapper.hxx
-- Installing: C:/Users/Davi/Downloads/oma/.release/native-build/sdk/occt/inc/Interface_Array1OfFileParameter.hxx
-- Installing: C:/Users/Davi/Downloads/oma/.release/native-build/sdk/occt/inc/Interface_Array1OfHAsciiString.hxx
-- Installing: C:/Users/Davi/Downloads/oma/.release/native-build/sdk/occt/inc/Interface_BitMap.hxx
-- Installing: C:/Users/Davi/Downloads/oma/.release/native-build/sdk/occt/inc/Interface_Category.hxx
-- Installing: C:/Users/Davi/Downloads/oma/.release/native-build/sdk/occt/inc/Interface_Check.hxx
-- Installing: C:/Users/Davi/Downloads/oma/.release/native-build/sdk/occt/inc/Interface_CheckFailure.hxx
-- Installing: C:/Users/Davi/Downloads/oma/.release/native-build/sdk/occt/inc/Interface_CheckIterator.hxx
-- Installing: C:/Users/Davi/Downloads/oma/.release/native-build/sdk/occt/inc/Interface_CheckStatus.hxx
-- Installing: C:/Users/Davi/Downloads/oma/.release/native-build/sdk/occt/inc/Interface_CheckTool.hxx
-- Installing: C:/Users/Davi/Downloads/oma/.release/native-build/sdk/occt/inc/Interface_CopyControl.hxx
-- Installing: C:/Users/Davi/Downloads/oma/.release/native-build/sdk/occt/inc/Interface_CopyMap.hxx
-- Installing: C:/Users/Davi/Downloads/oma/.release/native-build/sdk/occt/inc/Interface_CopyTool.hxx
-- Installing: C:/Users/Davi/Downloads/oma/.release/native-build/sdk/occt/inc/Interface_DataMapIteratorOfDataMapOfTransientInteger.hxx
-- Installing: C:/Users/Davi/Downloads/oma/.release/native-build/sdk/occt/inc/Interface_DataMapOfTransientInteger.hxx
-- Installing: C:/Users/Davi/Downloads/oma/.release/native-build/sdk/occt/inc/Interface_DataState.hxx
-- Installing: C:/Users/Davi/Downloads/oma/.release/native-build/sdk/occt/inc/Interface_EntityCluster.hxx
-- Installing: C:/Users/Davi/Downloads/oma/.release/native-build/sdk/occt/inc/Interface_EntityIterator.hxx
-- Installing: C:/Users/Davi/Downloads/oma/.release/native-build/sdk/occt/inc/Interface_EntityList.hxx
-- Installing: C:/Users/Davi/Downloads/oma/.release/native-build/sdk/occt/inc/Interface_FileParameter.hxx
-- Installing: C:/Users/Davi/Downloads/oma/.release/native-build/sdk/occt/inc/Interface_FileReaderData.hxx
-- Installing: C:/Users/Davi/Downloads/oma/.release/native-build/sdk/occt/inc/Interface_FileReaderTool.hxx
-- Installing: C:/Users/Davi/Downloads/oma/.release/native-build/sdk/occt/inc/Interface_FloatWriter.hxx
-- Installing: C:/Users/Davi/Downloads/oma/.release/native-build/sdk/occt/inc/Interface_GTool.hxx
-- Installing: C:/Users/Davi/Downloads/oma/.release/native-build/sdk/occt/inc/Interface_GeneralLib.hxx
-- Installing: C:/Users/Davi/Downloads/oma/.release/native-build/sdk/occt/inc/Interface_GeneralModule.hxx
-- Installing: C:/Users/Davi/Downloads/oma/.release/native-build/sdk/occt/inc/Interface_GlobalNodeOfGeneralLib.hxx
-- Installing: C:/Users/Davi/Downloads/oma/.release/native-build/sdk/occt/inc/Interface_GlobalNodeOfReaderLib.hxx
-- Installing: C:/Users/Davi/Downloads/oma/.release/native-build/sdk/occt/inc/Interface_Graph.hxx
-- Installing: C:/Users/Davi/Downloads/oma/.release/native-build/sdk/occt/inc/Interface_GraphContent.hxx
-- Installing: C:/Users/Davi/Downloads/oma/.release/native-build/sdk/occt/inc/Interface_HArray1OfHAsciiString.hxx
-- Installing: C:/Users/Davi/Downloads/oma/.release/native-build/sdk/occt/inc/Interface_HGraph.hxx
-- Installing: C:/Users/Davi/Downloads/oma/.release/native-build/sdk/occt/inc/Interface_HSequenceOfCheck.hxx
-- Installing: C:/Users/Davi/Downloads/oma/.release/native-build/sdk/occt/inc/Interface_IndexedMapOfAsciiString.hxx
-- Installing: C:/Users/Davi/Downloads/oma/.release/native-build/sdk/occt/inc/Interface_IntList.hxx
-- Installing: C:/Users/Davi/Downloads/oma/.release/native-build/sdk/occt/inc/Interface_IntVal.hxx
-- Installing: C:/Users/Davi/Downloads/oma/.release/native-build/sdk/occt/inc/Interface_InterfaceError.hxx
-- Installing: C:/Users/Davi/Downloads/oma/.release/native-build/sdk/occt/inc/Interface_InterfaceMismatch.hxx
-- Installing: C:/Users/Davi/Downloads/oma/.release/native-build/sdk/occt/inc/Interface_InterfaceModel.hxx
-- Installing: C:/Users/Davi/Downloads/oma/.release/native-build/sdk/occt/inc/Interface_JaggedArray.gxx
-- Installing: C:/Users/Davi/Downloads/oma/.release/native-build/sdk/occt/inc/Interface_LineBuffer.hxx
-- Installing: C:/Users/Davi/Downloads/oma/.release/native-build/sdk/occt/inc/Interface_MSG.hxx
-- Installing: C:/Users/Davi/Downloads/oma/.release/native-build/sdk/occt/inc/Interface_Macros.hxx
-- Installing: C:/Users/Davi/Downloads/oma/.release/native-build/sdk/occt/inc/Interface_NodeOfGeneralLib.hxx
-- Installing: C:/Users/Davi/Downloads/oma/.release/native-build/sdk/occt/inc/Interface_NodeOfReaderLib.hxx
-- Installing: C:/Users/Davi/Downloads/oma/.release/native-build/sdk/occt/inc/Interface_ParamList.hxx
-- Installing: C:/Users/Davi/Downloads/oma/.release/native-build/sdk/occt/inc/Interface_ParamList.lxx
-- Installing: C:/Users/Davi/Downloads/oma/.release/native-build/sdk/occt/inc/Interface_ParamSet.hxx
-- Installing: C:/Users/Davi/Downloads/oma/.release/native-build/sdk/occt/inc/Interface_ParamType.hxx
-- Installing: C:/Users/Davi/Downloads/oma/.release/native-build/sdk/occt/inc/Interface_Protocol.hxx
-- Installing: C:/Users/Davi/Downloads/oma/.release/native-build/sdk/occt/inc/Interface_ReaderLib.hxx
-- Installing: C:/Users/Davi/Downloads/oma/.release/native-build/sdk/occt/inc/Interface_ReaderModule.hxx
-- Installing: C:/Users/Davi/Downloads/oma/.release/native-build/sdk/occt/inc/Interface_Recognizer.gxx
-- Installing: C:/Users/Davi/Downloads/oma/.release/native-build/sdk/occt/inc/Interface_ReportEntity.hxx
-- Installing: C:/Users/Davi/Downloads/oma/.release/native-build/sdk/occt/inc/Interface_STAT.hxx
-- Installing: C:/Users/Davi/Downloads/oma/.release/native-build/sdk/occt/inc/Interface_SequenceOfCheck.hxx
-- Installing: C:/Users/Davi/Downloads/oma/.release/native-build/sdk/occt/inc/Interface_ShareFlags.hxx
-- Installing: C:/Users/Davi/Downloads/oma/.release/native-build/sdk/occt/inc/Interface_ShareTool.hxx
-- Installing: C:/Users/Davi/Downloads/oma/.release/native-build/sdk/occt/inc/Interface_SignLabel.hxx
-- Installing: C:/Users/Davi/Downloads/oma/.release/native-build/sdk/occt/inc/Interface_SignType.hxx
-- Installing: C:/Users/Davi/Downloads/oma/.release/native-build/sdk/occt/inc/Interface_Static.hxx
-- Installing: C:/Users/Davi/Downloads/oma/.release/native-build/sdk/occt/inc/Interface_StaticSatisfies.hxx
-- Installing: C:/Users/Davi/Downloads/oma/.release/native-build/sdk/occt/inc/Interface_Statics.hxx
-- Installing: C:/Users/Davi/Downloads/oma/.release/native-build/sdk/occt/inc/Interface_Translates.hxx
-- Installing: C:/Users/Davi/Downloads/oma/.release/native-build/sdk/occt/inc/Interface_TypedValue.hxx
-- Installing: C:/Users/Davi/Downloads/oma/.release/native-build/sdk/occt/inc/Interface_UndefinedContent.hxx
-- Installing: C:/Users/Davi/Downloads/oma/.release/native-build/sdk/occt/inc/Interface_ValueInterpret.hxx
-- Installing: C:/Users/Davi/Downloads/oma/.release/native-build/sdk/occt/inc/Interface_ValueSatisfies.hxx
-- Installing: C:/Users/Davi/Downloads/oma/.release/native-build/sdk/occt/inc/Interface_VectorOfFileParameter.hxx
-- Installing: C:/Users/Davi/Downloads/oma/.release/native-build/sdk/occt/inc/Interface_Version.hxx
-- Installing: C:/Users/Davi/Downloads/oma/.release/native-build/sdk/occt/inc/Transfer_ActorDispatch.hxx
-- Installing: C:/Users/Davi/Downloads/oma/.release/native-build/sdk/occt/inc/Transfer_ActorOfFinderProcess.hxx
-- Installing: C:/Users/Davi/Downloads/oma/.release/native-build/sdk/occt/inc/Transfer_ActorOfProcessForFinder.hxx
-- Installing: C:/Users/Davi/Downloads/oma/.release/native-build/sdk/occt/inc/Transfer_ActorOfProcessForTransient.hxx
-- Installing: C:/Users/Davi/Downloads/oma/.release/native-build/sdk/occt/inc/Transfer_ActorOfTransientProcess.hxx
-- Installing: C:/Users/Davi/Downloads/oma/.release/native-build/sdk/occt/inc/Transfer_Binder.hxx
-- Installing: C:/Users/Davi/Downloads/oma/.release/native-build/sdk/occt/inc/Transfer_BinderOfTransientInteger.hxx
-- Installing: C:/Users/Davi/Downloads/oma/.release/native-build/sdk/occt/inc/Transfer_DataInfo.hxx
-- Installing: C:/Users/Davi/Downloads/oma/.release/native-build/sdk/occt/inc/Transfer_DispatchControl.hxx
-- Installing: C:/Users/Davi/Downloads/oma/.release/native-build/sdk/occt/inc/Transfer_FindHasher.hxx
-- Installing: C:/Users/Davi/Downloads/oma/.release/native-build/sdk/occt/inc/Transfer_Finder.hxx
-- Installing: C:/Users/Davi/Downloads/oma/.release/native-build/sdk/occt/inc/Transfer_FinderProcess.hxx
-- Installing: C:/Users/Davi/Downloads/oma/.release/native-build/sdk/occt/inc/Transfer_HSequenceOfBinder.hxx
-- Installing: C:/Users/Davi/Downloads/oma/.release/native-build/sdk/occt/inc/Transfer_HSequenceOfFinder.hxx
-- Installing: C:/Users/Davi/Downloads/oma/.release/native-build/sdk/occt/inc/Transfer_IteratorOfProcessForFinder.hxx
-- Installing: C:/Users/Davi/Downloads/oma/.release/native-build/sdk/occt/inc/Transfer_IteratorOfProcessForTransient.hxx
-- Installing: C:/Users/Davi/Downloads/oma/.release/native-build/sdk/occt/inc/Transfer_MapContainer.hxx
-- Installing: C:/Users/Davi/Downloads/oma/.release/native-build/sdk/occt/inc/Transfer_MultipleBinder.hxx
-- Installing: C:/Users/Davi/Downloads/oma/.release/native-build/sdk/occt/inc/Transfer_ProcessForFinder.hxx
-- Installing: C:/Users/Davi/Downloads/oma/.release/native-build/sdk/occt/inc/Transfer_ProcessForTransient.hxx
-- Installing: C:/Users/Davi/Downloads/oma/.release/native-build/sdk/occt/inc/Transfer_ResultFromModel.hxx
-- Installing: C:/Users/Davi/Downloads/oma/.release/native-build/sdk/occt/inc/Transfer_ResultFromTransient.hxx
-- Installing: C:/Users/Davi/Downloads/oma/.release/native-build/sdk/occt/inc/Transfer_SequenceOfBinder.hxx
-- Installing: C:/Users/Davi/Downloads/oma/.release/native-build/sdk/occt/inc/Transfer_SequenceOfFinder.hxx
-- Installing: C:/Users/Davi/Downloads/oma/.release/native-build/sdk/occt/inc/Transfer_SimpleBinderOfTransient.hxx
-- Installing: C:/Users/Davi/Downloads/oma/.release/native-build/sdk/occt/inc/Transfer_StatusExec.hxx
-- Installing: C:/Users/Davi/Downloads/oma/.release/native-build/sdk/occt/inc/Transfer_StatusResult.hxx
-- Installing: C:/Users/Davi/Downloads/oma/.release/native-build/sdk/occt/inc/Transfer_TransferDeadLoop.hxx
-- Installing: C:/Users/Davi/Downloads/oma/.release/native-build/sdk/occt/inc/Transfer_TransferDispatch.hxx
-- Installing: C:/Users/Davi/Downloads/oma/.release/native-build/sdk/occt/inc/Transfer_TransferFailure.hxx
-- Installing: C:/Users/Davi/Downloads/oma/.release/native-build/sdk/occt/inc/Transfer_TransferInput.hxx
-- Installing: C:/Users/Davi/Downloads/oma/.release/native-build/sdk/occt/inc/Transfer_TransferIterator.hxx
-- Installing: C:/Users/Davi/Downloads/oma/.release/native-build/sdk/occt/inc/Transfer_TransferMapOfProcessForFinder.hxx
-- Installing: C:/Users/Davi/Downloads/oma/.release/native-build/sdk/occt/inc/Transfer_TransferMapOfProcessForTransient.hxx
-- Installing: C:/Users/Davi/Downloads/oma/.release/native-build/sdk/occt/inc/Transfer_TransferOutput.hxx
-- Installing: C:/Users/Davi/Downloads/oma/.release/native-build/sdk/occt/inc/Transfer_TransientListBinder.hxx
-- Installing: C:/Users/Davi/Downloads/oma/.release/native-build/sdk/occt/inc/Transfer_TransientMapper.hxx
-- Installing: C:/Users/Davi/Downloads/oma/.release/native-build/sdk/occt/inc/Transfer_TransientProcess.hxx
-- Installing: C:/Users/Davi/Downloads/oma/.release/native-build/sdk/occt/inc/Transfer_UndefMode.hxx
-- Installing: C:/Users/Davi/Downloads/oma/.release/native-build/sdk/occt/inc/Transfer_VoidBinder.hxx
-- Installing: C:/Users/Davi/Downloads/oma/.release/native-build/sdk/occt/inc/IFGraph_AllConnected.hxx
-- Installing: C:/Users/Davi/Downloads/oma/.release/native-build/sdk/occt/inc/IFGraph_AllShared.hxx
-- Installing: C:/Users/Davi/Downloads/oma/.release/native-build/sdk/occt/inc/IFGraph_Articulations.hxx
-- Installing: C:/Users/Davi/Downloads/oma/.release/native-build/sdk/occt/inc/IFGraph_Compare.hxx
-- Installing: C:/Users/Davi/Downloads/oma/.release/native-build/sdk/occt/inc/IFGraph_ConnectedComponants.hxx
-- Installing: C:/Users/Davi/Downloads/oma/.release/native-build/sdk/occt/inc/IFGraph_Cumulate.hxx
-- Installing: C:/Users/Davi/Downloads/oma/.release/native-build/sdk/occt/inc/IFGraph_Cycles.hxx
-- Installing: C:/Users/Davi/Downloads/oma/.release/native-build/sdk/occt/inc/IFGraph_ExternalSources.hxx
-- Installing: C:/Users/Davi/Downloads/oma/.release/native-build/sdk/occt/inc/IFGraph_SCRoots.hxx
-- Installing: C:/Users/Davi/Downloads/oma/.release/native-build/sdk/occt/inc/IFGraph_StrongComponants.hxx
-- Installing: C:/Users/Davi/Downloads/oma/.release/native-build/sdk/occt/inc/IFGraph_SubPartsIterator.hxx
-- Installing: C:/Users/Davi/Downloads/oma/.release/native-build/sdk/occt/inc/IFSelect.hxx
-- Installing: C:/Users/Davi/Downloads/oma/.release/native-build/sdk/occt/inc/IFSelect_Act.hxx
-- Installing: C:/Users/Davi/Downloads/oma/.release/native-build/sdk/occt/inc/IFSelect_ActFunc.hxx
-- Installing: C:/Users/Davi/Downloads/oma/.release/native-build/sdk/occt/inc/IFSelect_Activator.hxx
-- Installing: C:/Users/Davi/Downloads/oma/.release/native-build/sdk/occt/inc/IFSelect_AppliedModifiers.hxx
-- Installing: C:/Users/Davi/Downloads/oma/.release/native-build/sdk/occt/inc/IFSelect_BasicDumper.hxx
-- Installing: C:/Users/Davi/Downloads/oma/.release/native-build/sdk/occt/inc/IFSelect_CheckCounter.hxx
-- Installing: C:/Users/Davi/Downloads/oma/.release/native-build/sdk/occt/inc/IFSelect_ContextModif.hxx
-- Installing: C:/Users/Davi/Downloads/oma/.release/native-build/sdk/occt/inc/IFSelect_ContextWrite.hxx
-- Installing: C:/Users/Davi/Downloads/oma/.release/native-build/sdk/occt/inc/IFSelect_DispGlobal.hxx
-- Installing: C:/Users/Davi/Downloads/oma/.release/native-build/sdk/occt/inc/IFSelect_DispPerCount.hxx
-- Installing: C:/Users/Davi/Downloads/oma/.release/native-build/sdk/occt/inc/IFSelect_DispPerFiles.hxx
-- Installing: C:/Users/Davi/Downloads/oma/.release/native-build/sdk/occt/inc/IFSelect_DispPerOne.hxx
-- Installing: C:/Users/Davi/Downloads/oma/.release/native-build/sdk/occt/inc/IFSelect_DispPerSignature.hxx
-- Installing: C:/Users/Davi/Downloads/oma/.release/native-build/sdk/occt/inc/IFSelect_Dispatch.hxx
-- Installing: C:/Users/Davi/Downloads/oma/.release/native-build/sdk/occt/inc/IFSelect_EditForm.hxx
-- Installing: C:/Users/Davi/Downloads/oma/.release/native-build/sdk/occt/inc/IFSelect_EditValue.hxx
-- Installing: C:/Users/Davi/Downloads/oma/.release/native-build/sdk/occt/inc/IFSelect_Editor.hxx
-- Installing: C:/Users/Davi/Downloads/oma/.release/native-build/sdk/occt/inc/IFSelect_FileModifier.gxx
-- Installing: C:/Users/Davi/Downloads/oma/.release/native-build/sdk/occt/inc/IFSelect_Functions.hxx
-- Installing: C:/Users/Davi/Downloads/oma/.release/native-build/sdk/occt/inc/IFSelect_GeneralModifier.hxx
-- Installing: C:/Users/Davi/Downloads/oma/.release/native-build/sdk/occt/inc/IFSelect_GraphCounter.hxx
-- Installing: C:/Users/Davi/Downloads/oma/.release/native-build/sdk/occt/inc/IFSelect_HSeqOfSelection.hxx
-- Installing: C:/Users/Davi/Downloads/oma/.release/native-build/sdk/occt/inc/IFSelect_IntParam.hxx
-- Installing: C:/Users/Davi/Downloads/oma/.release/native-build/sdk/occt/inc/IFSelect_ListEditor.hxx
-- Installing: C:/Users/Davi/Downloads/oma/.release/native-build/sdk/occt/inc/IFSelect_ModelCopier.hxx
-- Installing: C:/Users/Davi/Downloads/oma/.release/native-build/sdk/occt/inc/IFSelect_ModelModifier.gxx
-- Installing: C:/Users/Davi/Downloads/oma/.release/native-build/sdk/occt/inc/IFSelect_ModifEditForm.hxx
-- Installing: C:/Users/Davi/Downloads/oma/.release/native-build/sdk/occt/inc/IFSelect_ModifReorder.hxx
-- Installing: C:/Users/Davi/Downloads/oma/.release/native-build/sdk/occt/inc/IFSelect_Modifier.hxx
-- Installing: C:/Users/Davi/Downloads/oma/.release/native-build/sdk/occt/inc/IFSelect_PacketList.hxx
-- Installing: C:/Users/Davi/Downloads/oma/.release/native-build/sdk/occt/inc/IFSelect_ParamEditor.hxx
-- Installing: C:/Users/Davi/Downloads/oma/.release/native-build/sdk/occt/inc/IFSelect_PrintCount.hxx
-- Installing: C:/Users/Davi/Downloads/oma/.release/native-build/sdk/occt/inc/IFSelect_PrintFail.hxx
-- Installing: C:/Users/Davi/Downloads/oma/.release/native-build/sdk/occt/inc/IFSelect_RemainMode.hxx
-- Installing: C:/Users/Davi/Downloads/oma/.release/native-build/sdk/occt/inc/IFSelect_ReturnStatus.hxx
-- Installing: C:/Users/Davi/Downloads/oma/.release/native-build/sdk/occt/inc/IFSelect_SelectAnyList.hxx
-- Installing: C:/Users/Davi/Downloads/oma/.release/native-build/sdk/occt/inc/IFSelect_SelectAnyType.hxx
-- Installing: C:/Users/Davi/Downloads/oma/.release/native-build/sdk/occt/inc/IFSelect_SelectBase.hxx
-- Installing: C:/Users/Davi/Downloads/oma/.release/native-build/sdk/occt/inc/IFSelect_SelectCombine.hxx
-- Installing: C:/Users/Davi/Downloads/oma/.release/native-build/sdk/occt/inc/IFSelect_SelectControl.hxx
-- Installing: C:/Users/Davi/Downloads/oma/.release/native-build/sdk/occt/inc/IFSelect_SelectDeduct.hxx
-- Installing: C:/Users/Davi/Downloads/oma/.release/native-build/sdk/occt/inc/IFSelect_SelectDiff.hxx
-- Installing: C:/Users/Davi/Downloads/oma/.release/native-build/sdk/occt/inc/IFSelect_SelectEntityNumber.hxx
-- Installing: C:/Users/Davi/Downloads/oma/.release/native-build/sdk/occt/inc/IFSelect_SelectErrorEntities.hxx
-- Installing: C:/Users/Davi/Downloads/oma/.release/native-build/sdk/occt/inc/IFSelect_SelectExplore.hxx
-- Installing: C:/Users/Davi/Downloads/oma/.release/native-build/sdk/occt/inc/IFSelect_SelectExtract.hxx
-- Installing: C:/Users/Davi/Downloads/oma/.release/native-build/sdk/occt/inc/IFSelect_SelectFlag.hxx
-- Installing: C:/Users/Davi/Downloads/oma/.release/native-build/sdk/occt/inc/IFSelect_SelectInList.hxx
-- Installing: C:/Users/Davi/Downloads/oma/.release/native-build/sdk/occt/inc/IFSelect_SelectIncorrectEntities.hxx
-- Installing: C:/Users/Davi/Downloads/oma/.release/native-build/sdk/occt/inc/IFSelect_SelectIntersection.hxx
-- Installing: C:/Users/Davi/Downloads/oma/.release/native-build/sdk/occt/inc/IFSelect_SelectModelEntities.hxx
-- Installing: C:/Users/Davi/Downloads/oma/.release/native-build/sdk/occt/inc/IFSelect_SelectModelRoots.hxx
-- Installing: C:/Users/Davi/Downloads/oma/.release/native-build/sdk/occt/inc/IFSelect_SelectPointed.hxx
-- Installing: C:/Users/Davi/Downloads/oma/.release/native-build/sdk/occt/inc/IFSelect_SelectRange.hxx
-- Installing: C:/Users/Davi/Downloads/oma/.release/native-build/sdk/occt/inc/IFSelect_SelectRootComps.hxx
-- Installing: C:/Users/Davi/Downloads/oma/.release/native-build/sdk/occt/inc/IFSelect_SelectRoots.hxx
-- Installing: C:/Users/Davi/Downloads/oma/.release/native-build/sdk/occt/inc/IFSelect_SelectSent.hxx
-- Installing: C:/Users/Davi/Downloads/oma/.release/native-build/sdk/occt/inc/IFSelect_SelectShared.hxx
-- Installing: C:/Users/Davi/Downloads/oma/.release/native-build/sdk/occt/inc/IFSelect_SelectSharing.hxx
-- Installing: C:/Users/Davi/Downloads/oma/.release/native-build/sdk/occt/inc/IFSelect_SelectSignature.hxx
-- Installing: C:/Users/Davi/Downloads/oma/.release/native-build/sdk/occt/inc/IFSelect_SelectSignedShared.hxx
-- Installing: C:/Users/Davi/Downloads/oma/.release/native-build/sdk/occt/inc/IFSelect_SelectSignedSharing.hxx
-- Installing: C:/Users/Davi/Downloads/oma/.release/native-build/sdk/occt/inc/IFSelect_SelectSuite.hxx
-- Installing: C:/Users/Davi/Downloads/oma/.release/native-build/sdk/occt/inc/IFSelect_SelectType.hxx
-- Installing: C:/Users/Davi/Downloads/oma/.release/native-build/sdk/occt/inc/IFSelect_SelectUnion.hxx
-- Installing: C:/Users/Davi/Downloads/oma/.release/native-build/sdk/occt/inc/IFSelect_SelectUnknownEntities.hxx
-- Installing: C:/Users/Davi/Downloads/oma/.release/native-build/sdk/occt/inc/IFSelect_Selection.hxx
-- Installing: C:/Users/Davi/Downloads/oma/.release/native-build/sdk/occt/inc/IFSelect_SelectionIterator.hxx
-- Installing: C:/Users/Davi/Downloads/oma/.release/native-build/sdk/occt/inc/IFSelect_SequenceOfAppliedModifiers.hxx
-- Installing: C:/Users/Davi/Downloads/oma/.release/native-build/sdk/occt/inc/IFSelect_SequenceOfGeneralModifier.hxx
-- Installing: C:/Users/Davi/Downloads/oma/.release/native-build/sdk/occt/inc/IFSelect_SequenceOfInterfaceModel.hxx
-- Installing: C:/Users/Davi/Downloads/oma/.release/native-build/sdk/occt/inc/IFSelect_SessionDumper.hxx
-- Installing: C:/Users/Davi/Downloads/oma/.release/native-build/sdk/occt/inc/IFSelect_SessionFile.hxx
-- Installing: C:/Users/Davi/Downloads/oma/.release/native-build/sdk/occt/inc/IFSelect_SessionPilot.hxx
-- Installing: C:/Users/Davi/Downloads/oma/.release/native-build/sdk/occt/inc/IFSelect_ShareOut.hxx
-- Installing: C:/Users/Davi/Downloads/oma/.release/native-build/sdk/occt/inc/IFSelect_ShareOutResult.hxx
-- Installing: C:/Users/Davi/Downloads/oma/.release/native-build/sdk/occt/inc/IFSelect_SignAncestor.hxx
-- Installing: C:/Users/Davi/Downloads/oma/.release/native-build/sdk/occt/inc/IFSelect_SignCategory.hxx
-- Installing: C:/Users/Davi/Downloads/oma/.release/native-build/sdk/occt/inc/IFSelect_SignCounter.hxx
-- Installing: C:/Users/Davi/Downloads/oma/.release/native-build/sdk/occt/inc/IFSelect_SignMultiple.hxx
-- Installing: C:/Users/Davi/Downloads/oma/.release/native-build/sdk/occt/inc/IFSelect_SignType.hxx
-- Installing: C:/Users/Davi/Downloads/oma/.release/native-build/sdk/occt/inc/IFSelect_SignValidity.hxx
-- Installing: C:/Users/Davi/Downloads/oma/.release/native-build/sdk/occt/inc/IFSelect_Signature.hxx
-- Installing: C:/Users/Davi/Downloads/oma/.release/native-build/sdk/occt/inc/IFSelect_SignatureList.hxx
-- Installing: C:/Users/Davi/Downloads/oma/.release/native-build/sdk/occt/inc/IFSelect_TSeqOfDispatch.hxx
-- Installing: C:/Users/Davi/Downloads/oma/.release/native-build/sdk/occt/inc/IFSelect_TSeqOfSelection.hxx
-- Installing: C:/Users/Davi/Downloads/oma/.release/native-build/sdk/occt/inc/IFSelect_TransformStandard.hxx
-- Installing: C:/Users/Davi/Downloads/oma/.release/native-build/sdk/occt/inc/IFSelect_Transformer.hxx
-- Installing: C:/Users/Davi/Downloads/oma/.release/native-build/sdk/occt/inc/IFSelect_WorkLibrary.hxx
-- Installing: C:/Users/Davi/Downloads/oma/.release/native-build/sdk/occt/inc/IFSelect_WorkSession.hxx
-- Installing: C:/Users/Davi/Downloads/oma/.release/native-build/sdk/occt/inc/TransferBRep.hxx
-- Installing: C:/Users/Davi/Downloads/oma/.release/native-build/sdk/occt/inc/TransferBRep_BinderOfShape.hxx
-- Installing: C:/Users/Davi/Downloads/oma/.release/native-build/sdk/occt/inc/TransferBRep_HSequenceOfTransferResultInfo.hxx
-- Installing: C:/Users/Davi/Downloads/oma/.release/native-build/sdk/occt/inc/TransferBRep_Reader.hxx
-- Installing: C:/Users/Davi/Downloads/oma/.release/native-build/sdk/occt/inc/TransferBRep_SequenceOfTransferResultInfo.hxx
-- Installing: C:/Users/Davi/Downloads/oma/.release/native-build/sdk/occt/inc/TransferBRep_ShapeBinder.hxx
-- Installing: C:/Users/Davi/Downloads/oma/.release/native-build/sdk/occt/inc/TransferBRep_ShapeInfo.hxx
-- Installing: C:/Users/Davi/Downloads/oma/.release/native-build/sdk/occt/inc/TransferBRep_ShapeListBinder.hxx
-- Installing: C:/Users/Davi/Downloads/oma/.release/native-build/sdk/occt/inc/TransferBRep_ShapeMapper.hxx
-- Installing: C:/Users/Davi/Downloads/oma/.release/native-build/sdk/occt/inc/TransferBRep_TransferResultInfo.hxx
-- Installing: C:/Users/Davi/Downloads/oma/.release/native-build/sdk/occt/inc/TransferBRep_TransferResultInfo.lxx
-- Installing: C:/Users/Davi/Downloads/oma/.release/native-build/sdk/occt/inc/XSControl.hxx
-- Installing: C:/Users/Davi/Downloads/oma/.release/native-build/sdk/occt/inc/XSControl_ConnectedShapes.hxx
-- Installing: C:/Users/Davi/Downloads/oma/.release/native-build/sdk/occt/inc/XSControl_Controller.hxx
-- Installing: C:/Users/Davi/Downloads/oma/.release/native-build/sdk/occt/inc/XSControl_FuncShape.hxx
-- Installing: C:/Users/Davi/Downloads/oma/.release/native-build/sdk/occt/inc/XSControl_Functions.hxx
-- Installing: C:/Users/Davi/Downloads/oma/.release/native-build/sdk/occt/inc/XSControl_Reader.hxx
-- Installing: C:/Users/Davi/Downloads/oma/.release/native-build/sdk/occt/inc/XSControl_SelectForTransfer.hxx
-- Installing: C:/Users/Davi/Downloads/oma/.release/native-build/sdk/occt/inc/XSControl_SignTransferStatus.hxx
-- Installing: C:/Users/Davi/Downloads/oma/.release/native-build/sdk/occt/inc/XSControl_TransferReader.hxx
-- Installing: C:/Users/Davi/Downloads/oma/.release/native-build/sdk/occt/inc/XSControl_TransferWriter.hxx
-- Installing: C:/Users/Davi/Downloads/oma/.release/native-build/sdk/occt/inc/XSControl_Utils.hxx
-- Installing: C:/Users/Davi/Downloads/oma/.release/native-build/sdk/occt/inc/XSControl_Vars.hxx
-- Installing: C:/Users/Davi/Downloads/oma/.release/native-build/sdk/occt/inc/XSControl_WorkSession.hxx
-- Installing: C:/Users/Davi/Downloads/oma/.release/native-build/sdk/occt/inc/XSControl_Writer.hxx
-- Installing: C:/Users/Davi/Downloads/oma/.release/native-build/sdk/occt/inc/XSAlgo.hxx
-- Installing: C:/Users/Davi/Downloads/oma/.release/native-build/sdk/occt/inc/XSAlgo_AlgoContainer.hxx
-- Installing: C:/Users/Davi/Downloads/oma/.release/native-build/sdk/occt/inc/XSAlgo_AlgoContainer.lxx
-- Installing: C:/Users/Davi/Downloads/oma/.release/native-build/sdk/occt/inc/XSAlgo_Caller.hxx
-- Installing: C:/Users/Davi/Downloads/oma/.release/native-build/sdk/occt/inc/XSAlgo_ToolContainer.hxx
-- Installing: C:/Users/Davi/Downloads/oma/.release/native-build/sdk/occt/inc/LibCtl_GlobalNode.gxx
-- Installing: C:/Users/Davi/Downloads/oma/.release/native-build/sdk/occt/inc/LibCtl_Library.gxx
-- Installing: C:/Users/Davi/Downloads/oma/.release/native-build/sdk/occt/inc/LibCtl_Node.gxx
-- Installing: C:/Users/Davi/Downloads/oma/.release/native-build/sdk/occt/inc/MoniTool_AttrList.hxx
-- Installing: C:/Users/Davi/Downloads/oma/.release/native-build/sdk/occt/inc/MoniTool_CaseData.hxx
-- Installing: C:/Users/Davi/Downloads/oma/.release/native-build/sdk/occt/inc/MoniTool_DataInfo.hxx
-- Installing: C:/Users/Davi/Downloads/oma/.release/native-build/sdk/occt/inc/MoniTool_DataMapIteratorOfDataMapOfShapeTransient.hxx
-- Installing: C:/Users/Davi/Downloads/oma/.release/native-build/sdk/occt/inc/MoniTool_DataMapIteratorOfDataMapOfTimer.hxx
-- Installing: C:/Users/Davi/Downloads/oma/.release/native-build/sdk/occt/inc/MoniTool_DataMapOfShapeTransient.hxx
-- Installing: C:/Users/Davi/Downloads/oma/.release/native-build/sdk/occt/inc/MoniTool_DataMapOfTimer.hxx
-- Installing: C:/Users/Davi/Downloads/oma/.release/native-build/sdk/occt/inc/MoniTool_Element.hxx
-- Installing: C:/Users/Davi/Downloads/oma/.release/native-build/sdk/occt/inc/MoniTool_HSequenceOfElement.hxx
-- Installing: C:/Users/Davi/Downloads/oma/.release/native-build/sdk/occt/inc/MoniTool_IndexedDataMapOfShapeTransient.hxx
-- Installing: C:/Users/Davi/Downloads/oma/.release/native-build/sdk/occt/inc/MoniTool_IntVal.hxx
-- Installing: C:/Users/Davi/Downloads/oma/.release/native-build/sdk/occt/inc/MoniTool_Macros.hxx
-- Installing: C:/Users/Davi/Downloads/oma/.release/native-build/sdk/occt/inc/MoniTool_RealVal.hxx
-- Installing: C:/Users/Davi/Downloads/oma/.release/native-build/sdk/occt/inc/MoniTool_SequenceOfElement.hxx
-- Installing: C:/Users/Davi/Downloads/oma/.release/native-build/sdk/occt/inc/MoniTool_SignShape.hxx
-- Installing: C:/Users/Davi/Downloads/oma/.release/native-build/sdk/occt/inc/MoniTool_SignText.hxx
-- Installing: C:/Users/Davi/Downloads/oma/.release/native-build/sdk/occt/inc/MoniTool_Stat.hxx
-- Installing: C:/Users/Davi/Downloads/oma/.release/native-build/sdk/occt/inc/MoniTool_Timer.hxx
-- Installing: C:/Users/Davi/Downloads/oma/.release/native-build/sdk/occt/inc/MoniTool_Timer.lxx
-- Installing: C:/Users/Davi/Downloads/oma/.release/native-build/sdk/occt/inc/MoniTool_TimerSentry.hxx
-- Installing: C:/Users/Davi/Downloads/oma/.release/native-build/sdk/occt/inc/MoniTool_TimerSentry.lxx
-- Installing: C:/Users/Davi/Downloads/oma/.release/native-build/sdk/occt/inc/MoniTool_TransientElem.hxx
-- Installing: C:/Users/Davi/Downloads/oma/.release/native-build/sdk/occt/inc/MoniTool_TypedValue.hxx
-- Installing: C:/Users/Davi/Downloads/oma/.release/native-build/sdk/occt/inc/MoniTool_ValueInterpret.hxx
-- Installing: C:/Users/Davi/Downloads/oma/.release/native-build/sdk/occt/inc/MoniTool_ValueSatisfies.hxx
-- Installing: C:/Users/Davi/Downloads/oma/.release/native-build/sdk/occt/inc/MoniTool_ValueType.hxx
-- Installing: C:/Users/Davi/Downloads/oma/.release/native-build/sdk/occt/inc/STEPCAFControl_ActorWrite.hxx
-- Installing: C:/Users/Davi/Downloads/oma/.release/native-build/sdk/occt/inc/STEPCAFControl_ConfigurationNode.hxx
-- Installing: C:/Users/Davi/Downloads/oma/.release/native-build/sdk/occt/inc/STEPCAFControl_Controller.hxx
-- Installing: C:/Users/Davi/Downloads/oma/.release/native-build/sdk/occt/inc/STEPCAFControl_DataMapIteratorOfDataMapOfLabelExternFile.hxx
-- Installing: C:/Users/Davi/Downloads/oma/.release/native-build/sdk/occt/inc/STEPCAFControl_DataMapIteratorOfDataMapOfLabelShape.hxx
-- Installing: C:/Users/Davi/Downloads/oma/.release/native-build/sdk/occt/inc/STEPCAFControl_DataMapIteratorOfDataMapOfPDExternFile.hxx
-- Installing: C:/Users/Davi/Downloads/oma/.release/native-build/sdk/occt/inc/STEPCAFControl_DataMapIteratorOfDataMapOfSDRExternFile.hxx
-- Installing: C:/Users/Davi/Downloads/oma/.release/native-build/sdk/occt/inc/STEPCAFControl_DataMapIteratorOfDataMapOfShapePD.hxx
-- Installing: C:/Users/Davi/Downloads/oma/.release/native-build/sdk/occt/inc/STEPCAFControl_DataMapIteratorOfDataMapOfShapeSDR.hxx
-- Installing: C:/Users/Davi/Downloads/oma/.release/native-build/sdk/occt/inc/STEPCAFControl_DataMapOfLabelExternFile.hxx
-- Installing: C:/Users/Davi/Downloads/oma/.release/native-build/sdk/occt/inc/STEPCAFControl_DataMapOfLabelShape.hxx
-- Installing: C:/Users/Davi/Downloads/oma/.release/native-build/sdk/occt/inc/STEPCAFControl_DataMapOfPDExternFile.hxx
-- Installing: C:/Users/Davi/Downloads/oma/.release/native-build/sdk/occt/inc/STEPCAFControl_DataMapOfSDRExternFile.hxx
-- Installing: C:/Users/Davi/Downloads/oma/.release/native-build/sdk/occt/inc/STEPCAFControl_DataMapOfShapePD.hxx
-- Installing: C:/Users/Davi/Downloads/oma/.release/native-build/sdk/occt/inc/STEPCAFControl_DataMapOfShapeSDR.hxx
-- Installing: C:/Users/Davi/Downloads/oma/.release/native-build/sdk/occt/inc/STEPCAFControl_ExternFile.hxx
-- Installing: C:/Users/Davi/Downloads/oma/.release/native-build/sdk/occt/inc/STEPCAFControl_ExternFile.lxx
-- Installing: C:/Users/Davi/Downloads/oma/.release/native-build/sdk/occt/inc/STEPCAFControl_GDTProperty.hxx
-- Installing: C:/Users/Davi/Downloads/oma/.release/native-build/sdk/occt/inc/STEPCAFControl_Provider.hxx
-- Installing: C:/Users/Davi/Downloads/oma/.release/native-build/sdk/occt/inc/STEPCAFControl_Reader.hxx
-- Installing: C:/Users/Davi/Downloads/oma/.release/native-build/sdk/occt/inc/STEPCAFControl_Writer.hxx
-- Installing: C:/Users/Davi/Downloads/oma/.release/native-build/sdk/occt/inc/StepAP214.hxx
-- Installing: C:/Users/Davi/Downloads/oma/.release/native-build/sdk/occt/inc/StepAP214_AppliedApprovalAssignment.hxx
-- Installing: C:/Users/Davi/Downloads/oma/.release/native-build/sdk/occt/inc/StepAP214_AppliedDateAndTimeAssignment.hxx
-- Installing: C:/Users/Davi/Downloads/oma/.release/native-build/sdk/occt/inc/StepAP214_AppliedDateAssignment.hxx
-- Installing: C:/Users/Davi/Downloads/oma/.release/native-build/sdk/occt/inc/StepAP214_AppliedDocumentReference.hxx
-- Installing: C:/Users/Davi/Downloads/oma/.release/native-build/sdk/occt/inc/StepAP214_AppliedExternalIdentificationAssignment.hxx
-- Installing: C:/Users/Davi/Downloads/oma/.release/native-build/sdk/occt/inc/StepAP214_AppliedGroupAssignment.hxx
-- Installing: C:/Users/Davi/Downloads/oma/.release/native-build/sdk/occt/inc/StepAP214_AppliedOrganizationAssignment.hxx
-- Installing: C:/Users/Davi/Downloads/oma/.release/native-build/sdk/occt/inc/StepAP214_AppliedPersonAndOrganizationAssignment.hxx
-- Installing: C:/Users/Davi/Downloads/oma/.release/native-build/sdk/occt/inc/StepAP214_AppliedPresentedItem.hxx
-- Installing: C:/Users/Davi/Downloads/oma/.release/native-build/sdk/occt/inc/StepAP214_AppliedSecurityClassificationAssignment.hxx
-- Installing: C:/Users/Davi/Downloads/oma/.release/native-build/sdk/occt/inc/StepAP214_ApprovalItem.hxx
-- Installing: C:/Users/Davi/Downloads/oma/.release/native-build/sdk/occt/inc/StepAP214_Array1OfApprovalItem.hxx
-- Installing: C:/Users/Davi/Downloads/oma/.release/native-build/sdk/occt/inc/StepAP214_Array1OfAutoDesignDateAndPersonItem.hxx
-- Installing: C:/Users/Davi/Downloads/oma/.release/native-build/sdk/occt/inc/StepAP214_Array1OfAutoDesignDateAndTimeItem.hxx
-- Installing: C:/Users/Davi/Downloads/oma/.release/native-build/sdk/occt/inc/StepAP214_Array1OfAutoDesignDatedItem.hxx
-- Installing: C:/Users/Davi/Downloads/oma/.release/native-build/sdk/occt/inc/StepAP214_Array1OfAutoDesignGeneralOrgItem.hxx
-- Installing: C:/Users/Davi/Downloads/oma/.release/native-build/sdk/occt/inc/StepAP214_Array1OfAutoDesignGroupedItem.hxx
-- Installing: C:/Users/Davi/Downloads/oma/.release/native-build/sdk/occt/inc/StepAP214_Array1OfAutoDesignPresentedItemSelect.hxx
-- Installing: C:/Users/Davi/Downloads/oma/.release/native-build/sdk/occt/inc/StepAP214_Array1OfAutoDesignReferencingItem.hxx
-- Installing: C:/Users/Davi/Downloads/oma/.release/native-build/sdk/occt/inc/StepAP214_Array1OfDateAndTimeItem.hxx
-- Installing: C:/Users/Davi/Downloads/oma/.release/native-build/sdk/occt/inc/StepAP214_Array1OfDateItem.hxx
-- Installing: C:/Users/Davi/Downloads/oma/.release/native-build/sdk/occt/inc/StepAP214_Array1OfDocumentReferenceItem.hxx
-- Installing: C:/Users/Davi/Downloads/oma/.release/native-build/sdk/occt/inc/StepAP214_Array1OfExternalIdentificationItem.hxx
-- Installing: C:/Users/Davi/Downloads/oma/.release/native-build/sdk/occt/inc/StepAP214_Array1OfGroupItem.hxx
-- Installing: C:/Users/Davi/Downloads/oma/.release/native-build/sdk/occt/inc/StepAP214_Array1OfOrganizationItem.hxx
-- Installing: C:/Users/Davi/Downloads/oma/.release/native-build/sdk/occt/inc/StepAP214_Array1OfPersonAndOrganizationItem.hxx
-- Installing: C:/Users/Davi/Downloads/oma/.release/native-build/sdk/occt/inc/StepAP214_Array1OfPresentedItemSelect.hxx
-- Installing: C:/Users/Davi/Downloads/oma/.release/native-build/sdk/occt/inc/StepAP214_Array1OfSecurityClassificationItem.hxx
-- Installing: C:/Users/Davi/Downloads/oma/.release/native-build/sdk/occt/inc/StepAP214_AutoDesignActualDateAndTimeAssignment.hxx
-- Installing: C:/Users/Davi/Downloads/oma/.release/native-build/sdk/occt/inc/StepAP214_AutoDesignActualDateAssignment.hxx
-- Installing: C:/Users/Davi/Downloads/oma/.release/native-build/sdk/occt/inc/StepAP214_AutoDesignApprovalAssignment.hxx
-- Installing: C:/Users/Davi/Downloads/oma/.release/native-build/sdk/occt/inc/StepAP214_AutoDesignDateAndPersonAssignment.hxx
-- Installing: C:/Users/Davi/Downloads/oma/.release/native-build/sdk/occt/inc/StepAP214_AutoDesignDateAndPersonItem.hxx
-- Installing: C:/Users/Davi/Downloads/oma/.release/native-build/sdk/occt/inc/StepAP214_AutoDesignDateAndTimeItem.hxx
-- Installing: C:/Users/Davi/Downloads/oma/.release/native-build/sdk/occt/inc/StepAP214_AutoDesignDatedItem.hxx
-- Installing: C:/Users/Davi/Downloads/oma/.release/native-build/sdk/occt/inc/StepAP214_AutoDesignDocumentReference.hxx
-- Installing: C:/Users/Davi/Downloads/oma/.release/native-build/sdk/occt/inc/StepAP214_AutoDesignGeneralOrgItem.hxx
-- Installing: C:/Users/Davi/Downloads/oma/.release/native-build/sdk/occt/inc/StepAP214_AutoDesignGroupAssignment.hxx
-- Installing: C:/Users/Davi/Downloads/oma/.release/native-build/sdk/occt/inc/StepAP214_AutoDesignGroupedItem.hxx
-- Installing: C:/Users/Davi/Downloads/oma/.release/native-build/sdk/occt/inc/StepAP214_AutoDesignNominalDateAndTimeAssignment.hxx
-- Installing: C:/Users/Davi/Downloads/oma/.release/native-build/sdk/occt/inc/StepAP214_AutoDesignNominalDateAssignment.hxx
-- Installing: C:/Users/Davi/Downloads/oma/.release/native-build/sdk/occt/inc/StepAP214_AutoDesignOrganizationAssignment.hxx
-- Installing: C:/Users/Davi/Downloads/oma/.release/native-build/sdk/occt/inc/StepAP214_AutoDesignOrganizationItem.hxx
-- Installing: C:/Users/Davi/Downloads/oma/.release/native-build/sdk/occt/inc/StepAP214_AutoDesignPersonAndOrganizationAssignment.hxx
-- Installing: C:/Users/Davi/Downloads/oma/.release/native-build/sdk/occt/inc/StepAP214_AutoDesignPresentedItem.hxx
-- Installing: C:/Users/Davi/Downloads/oma/.release/native-build/sdk/occt/inc/StepAP214_AutoDesignPresentedItemSelect.hxx
-- Installing: C:/Users/Davi/Downloads/oma/.release/native-build/sdk/occt/inc/StepAP214_AutoDesignReferencingItem.hxx
-- Installing: C:/Users/Davi/Downloads/oma/.release/native-build/sdk/occt/inc/StepAP214_AutoDesignSecurityClassificationAssignment.hxx
-- Installing: C:/Users/Davi/Downloads/oma/.release/native-build/sdk/occt/inc/StepAP214_Class.hxx
-- Installing: C:/Users/Davi/Downloads/oma/.release/native-build/sdk/occt/inc/StepAP214_DateAndTimeItem.hxx
-- Installing: C:/Users/Davi/Downloads/oma/.release/native-build/sdk/occt/inc/StepAP214_DateItem.hxx
-- Installing: C:/Users/Davi/Downloads/oma/.release/native-build/sdk/occt/inc/StepAP214_DocumentReferenceItem.hxx
-- Installing: C:/Users/Davi/Downloads/oma/.release/native-build/sdk/occt/inc/StepAP214_ExternalIdentificationItem.hxx
-- Installing: C:/Users/Davi/Downloads/oma/.release/native-build/sdk/occt/inc/StepAP214_ExternallyDefinedClass.hxx
-- Installing: C:/Users/Davi/Downloads/oma/.release/native-build/sdk/occt/inc/StepAP214_ExternallyDefinedGeneralProperty.hxx
-- Installing: C:/Users/Davi/Downloads/oma/.release/native-build/sdk/occt/inc/StepAP214_GroupItem.hxx
-- Installing: C:/Users/Davi/Downloads/oma/.release/native-build/sdk/occt/inc/StepAP214_HArray1OfApprovalItem.hxx
-- Installing: C:/Users/Davi/Downloads/oma/.release/native-build/sdk/occt/inc/StepAP214_HArray1OfAutoDesignDateAndPersonItem.hxx
-- Installing: C:/Users/Davi/Downloads/oma/.release/native-build/sdk/occt/inc/StepAP214_HArray1OfAutoDesignDateAndTimeItem.hxx
-- Installing: C:/Users/Davi/Downloads/oma/.release/native-build/sdk/occt/inc/StepAP214_HArray1OfAutoDesignDatedItem.hxx
-- Installing: C:/Users/Davi/Downloads/oma/.release/native-build/sdk/occt/inc/StepAP214_HArray1OfAutoDesignGeneralOrgItem.hxx
-- Installing: C:/Users/Davi/Downloads/oma/.release/native-build/sdk/occt/inc/StepAP214_HArray1OfAutoDesignGroupedItem.hxx
-- Installing: C:/Users/Davi/Downloads/oma/.release/native-build/sdk/occt/inc/StepAP214_HArray1OfAutoDesignPresentedItemSelect.hxx
-- Installing: C:/Users/Davi/Downloads/oma/.release/native-build/sdk/occt/inc/StepAP214_HArray1OfAutoDesignReferencingItem.hxx
-- Installing: C:/Users/Davi/Downloads/oma/.release/native-build/sdk/occt/inc/StepAP214_HArray1OfDateAndTimeItem.hxx
-- Installing: C:/Users/Davi/Downloads/oma/.release/native-build/sdk/occt/inc/StepAP214_HArray1OfDateItem.hxx
-- Installing: C:/Users/Davi/Downloads/oma/.release/native-build/sdk/occt/inc/StepAP214_HArray1OfDocumentReferenceItem.hxx
-- Installing: C:/Users/Davi/Downloads/oma/.release/native-build/sdk/occt/inc/StepAP214_HArray1OfExternalIdentificationItem.hxx
-- Installing: C:/Users/Davi/Downloads/oma/.release/native-build/sdk/occt/inc/StepAP214_HArray1OfGroupItem.hxx
-- Installing: C:/Users/Davi/Downloads/oma/.release/native-build/sdk/occt/inc/StepAP214_HArray1OfOrganizationItem.hxx
-- Installing: C:/Users/Davi/Downloads/oma/.release/native-build/sdk/occt/inc/StepAP214_HArray1OfPersonAndOrganizationItem.hxx
-- Installing: C:/Users/Davi/Downloads/oma/.release/native-build/sdk/occt/inc/StepAP214_HArray1OfPresentedItemSelect.hxx
-- Installing: C:/Users/Davi/Downloads/oma/.release/native-build/sdk/occt/inc/StepAP214_HArray1OfSecurityClassificationItem.hxx
-- Installing: C:/Users/Davi/Downloads/oma/.release/native-build/sdk/occt/inc/StepAP214_OrganizationItem.hxx
-- Installing: C:/Users/Davi/Downloads/oma/.release/native-build/sdk/occt/inc/StepAP214_PersonAndOrganizationItem.hxx
-- Installing: C:/Users/Davi/Downloads/oma/.release/native-build/sdk/occt/inc/StepAP214_PresentedItemSelect.hxx
-- Installing: C:/Users/Davi/Downloads/oma/.release/native-build/sdk/occt/inc/StepAP214_Protocol.hxx
-- Installing: C:/Users/Davi/Downloads/oma/.release/native-build/sdk/occt/inc/StepAP214_RepItemGroup.hxx
-- Installing: C:/Users/Davi/Downloads/oma/.release/native-build/sdk/occt/inc/StepAP214_SecurityClassificationItem.hxx
-- Installing: C:/Users/Davi/Downloads/oma/.release/native-build/sdk/occt/inc/RWStepAP214.hxx
-- Installing: C:/Users/Davi/Downloads/oma/.release/native-build/sdk/occt/inc/RWStepAP214_GeneralModule.hxx
-- Installing: C:/Users/Davi/Downloads/oma/.release/native-build/sdk/occt/inc/RWStepAP214_RWAppliedApprovalAssignment.hxx
-- Installing: C:/Users/Davi/Downloads/oma/.release/native-build/sdk/occt/inc/RWStepAP214_RWAppliedDateAndTimeAssignment.hxx
-- Installing: C:/Users/Davi/Downloads/oma/.release/native-build/sdk/occt/inc/RWStepAP214_RWAppliedDateAssignment.hxx
-- Installing: C:/Users/Davi/Downloads/oma/.release/native-build/sdk/occt/inc/RWStepAP214_RWAppliedDocumentReference.hxx
-- Installing: C:/Users/Davi/Downloads/oma/.release/native-build/sdk/occt/inc/RWStepAP214_RWAppliedExternalIdentificationAssignment.hxx
-- Installing: C:/Users/Davi/Downloads/oma/.release/native-build/sdk/occt/inc/RWStepAP214_RWAppliedGroupAssignment.hxx
-- Installing: C:/Users/Davi/Downloads/oma/.release/native-build/sdk/occt/inc/RWStepAP214_RWAppliedOrganizationAssignment.hxx
-- Installing: C:/Users/Davi/Downloads/oma/.release/native-build/sdk/occt/inc/RWStepAP214_RWAppliedPersonAndOrganizationAssignment.hxx
-- Installing: C:/Users/Davi/Downloads/oma/.release/native-build/sdk/occt/inc/RWStepAP214_RWAppliedPresentedItem.hxx
-- Installing: C:/Users/Davi/Downloads/oma/.release/native-build/sdk/occt/inc/RWStepAP214_RWAppliedSecurityClassificationAssignment.hxx
-- Installing: C:/Users/Davi/Downloads/oma/.release/native-build/sdk/occt/inc/RWStepAP214_RWAutoDesignActualDateAndTimeAssignment.hxx
-- Installing: C:/Users/Davi/Downloads/oma/.release/native-build/sdk/occt/inc/RWStepAP214_RWAutoDesignActualDateAssignment.hxx
-- Installing: C:/Users/Davi/Downloads/oma/.release/native-build/sdk/occt/inc/RWStepAP214_RWAutoDesignApprovalAssignment.hxx
-- Installing: C:/Users/Davi/Downloads/oma/.release/native-build/sdk/occt/inc/RWStepAP214_RWAutoDesignDateAndPersonAssignment.hxx
-- Installing: C:/Users/Davi/Downloads/oma/.release/native-build/sdk/occt/inc/RWStepAP214_RWAutoDesignDocumentReference.hxx
-- Installing: C:/Users/Davi/Downloads/oma/.release/native-build/sdk/occt/inc/RWStepAP214_RWAutoDesignGroupAssignment.hxx
-- Installing: C:/Users/Davi/Downloads/oma/.release/native-build/sdk/occt/inc/RWStepAP214_RWAutoDesignNominalDateAndTimeAssignment.hxx
-- Installing: C:/Users/Davi/Downloads/oma/.release/native-build/sdk/occt/inc/RWStepAP214_RWAutoDesignNominalDateAssignment.hxx
-- Installing: C:/Users/Davi/Downloads/oma/.release/native-build/sdk/occt/inc/RWStepAP214_RWAutoDesignOrganizationAssignment.hxx
-- Installing: C:/Users/Davi/Downloads/oma/.release/native-build/sdk/occt/inc/RWStepAP214_RWAutoDesignPersonAndOrganizationAssignment.hxx
-- Installing: C:/Users/Davi/Downloads/oma/.release/native-build/sdk/occt/inc/RWStepAP214_RWAutoDesignPresentedItem.hxx
-- Installing: C:/Users/Davi/Downloads/oma/.release/native-build/sdk/occt/inc/RWStepAP214_RWAutoDesignSecurityClassificationAssignment.hxx
-- Installing: C:/Users/Davi/Downloads/oma/.release/native-build/sdk/occt/inc/RWStepAP214_RWClass.hxx
-- Installing: C:/Users/Davi/Downloads/oma/.release/native-build/sdk/occt/inc/RWStepAP214_RWExternallyDefinedClass.hxx
-- Installing: C:/Users/Davi/Downloads/oma/.release/native-build/sdk/occt/inc/RWStepAP214_RWExternallyDefinedGeneralProperty.hxx
-- Installing: C:/Users/Davi/Downloads/oma/.release/native-build/sdk/occt/inc/RWStepAP214_RWRepItemGroup.hxx
-- Installing: C:/Users/Davi/Downloads/oma/.release/native-build/sdk/occt/inc/RWStepAP214_ReadWriteModule.hxx
-- Installing: C:/Users/Davi/Downloads/oma/.release/native-build/sdk/occt/inc/StepAP203_ApprovedItem.hxx
-- Installing: C:/Users/Davi/Downloads/oma/.release/native-build/sdk/occt/inc/StepAP203_Array1OfApprovedItem.hxx
-- Installing: C:/Users/Davi/Downloads/oma/.release/native-build/sdk/occt/inc/StepAP203_Array1OfCertifiedItem.hxx
-- Installing: C:/Users/Davi/Downloads/oma/.release/native-build/sdk/occt/inc/StepAP203_Array1OfChangeRequestItem.hxx
-- Installing: C:/Users/Davi/Downloads/oma/.release/native-build/sdk/occt/inc/StepAP203_Array1OfClassifiedItem.hxx
-- Installing: C:/Users/Davi/Downloads/oma/.release/native-build/sdk/occt/inc/StepAP203_Array1OfContractedItem.hxx
-- Installing: C:/Users/Davi/Downloads/oma/.release/native-build/sdk/occt/inc/StepAP203_Array1OfDateTimeItem.hxx
-- Installing: C:/Users/Davi/Downloads/oma/.release/native-build/sdk/occt/inc/StepAP203_Array1OfPersonOrganizationItem.hxx
-- Installing: C:/Users/Davi/Downloads/oma/.release/native-build/sdk/occt/inc/StepAP203_Array1OfSpecifiedItem.hxx
-- Installing: C:/Users/Davi/Downloads/oma/.release/native-build/sdk/occt/inc/StepAP203_Array1OfStartRequestItem.hxx
-- Installing: C:/Users/Davi/Downloads/oma/.release/native-build/sdk/occt/inc/StepAP203_Array1OfWorkItem.hxx
-- Installing: C:/Users/Davi/Downloads/oma/.release/native-build/sdk/occt/inc/StepAP203_CcDesignApproval.hxx
-- Installing: C:/Users/Davi/Downloads/oma/.release/native-build/sdk/occt/inc/StepAP203_CcDesignCertification.hxx
-- Installing: C:/Users/Davi/Downloads/oma/.release/native-build/sdk/occt/inc/StepAP203_CcDesignContract.hxx
-- Installing: C:/Users/Davi/Downloads/oma/.release/native-build/sdk/occt/inc/StepAP203_CcDesignDateAndTimeAssignment.hxx
-- Installing: C:/Users/Davi/Downloads/oma/.release/native-build/sdk/occt/inc/StepAP203_CcDesignPersonAndOrganizationAssignment.hxx
-- Installing: C:/Users/Davi/Downloads/oma/.release/native-build/sdk/occt/inc/StepAP203_CcDesignSecurityClassification.hxx
-- Installing: C:/Users/Davi/Downloads/oma/.release/native-build/sdk/occt/inc/StepAP203_CcDesignSpecificationReference.hxx
-- Installing: C:/Users/Davi/Downloads/oma/.release/native-build/sdk/occt/inc/StepAP203_CertifiedItem.hxx
-- Installing: C:/Users/Davi/Downloads/oma/.release/native-build/sdk/occt/inc/StepAP203_Change.hxx
-- Installing: C:/Users/Davi/Downloads/oma/.release/native-build/sdk/occt/inc/StepAP203_ChangeRequest.hxx
-- Installing: C:/Users/Davi/Downloads/oma/.release/native-build/sdk/occt/inc/StepAP203_ChangeRequestItem.hxx
-- Installing: C:/Users/Davi/Downloads/oma/.release/native-build/sdk/occt/inc/StepAP203_ClassifiedItem.hxx
-- Installing: C:/Users/Davi/Downloads/oma/.release/native-build/sdk/occt/inc/StepAP203_ContractedItem.hxx
-- Installing: C:/Users/Davi/Downloads/oma/.release/native-build/sdk/occt/inc/StepAP203_DateTimeItem.hxx
-- Installing: C:/Users/Davi/Downloads/oma/.release/native-build/sdk/occt/inc/StepAP203_HArray1OfApprovedItem.hxx
-- Installing: C:/Users/Davi/Downloads/oma/.release/native-build/sdk/occt/inc/StepAP203_HArray1OfCertifiedItem.hxx
-- Installing: C:/Users/Davi/Downloads/oma/.release/native-build/sdk/occt/inc/StepAP203_HArray1OfChangeRequestItem.hxx
-- Installing: C:/Users/Davi/Downloads/oma/.release/native-build/sdk/occt/inc/StepAP203_HArray1OfClassifiedItem.hxx
-- Installing: C:/Users/Davi/Downloads/oma/.release/native-build/sdk/occt/inc/StepAP203_HArray1OfContractedItem.hxx
-- Installing: C:/Users/Davi/Downloads/oma/.release/native-build/sdk/occt/inc/StepAP203_HArray1OfDateTimeItem.hxx
-- Installing: C:/Users/Davi/Downloads/oma/.release/native-build/sdk/occt/inc/StepAP203_HArray1OfPersonOrganizationItem.hxx
-- Installing: C:/Users/Davi/Downloads/oma/.release/native-build/sdk/occt/inc/StepAP203_HArray1OfSpecifiedItem.hxx
-- Installing: C:/Users/Davi/Downloads/oma/.release/native-build/sdk/occt/inc/StepAP203_HArray1OfStartRequestItem.hxx
-- Installing: C:/Users/Davi/Downloads/oma/.release/native-build/sdk/occt/inc/StepAP203_HArray1OfWorkItem.hxx
-- Installing: C:/Users/Davi/Downloads/oma/.release/native-build/sdk/occt/inc/StepAP203_PersonOrganizationItem.hxx
-- Installing: C:/Users/Davi/Downloads/oma/.release/native-build/sdk/occt/inc/StepAP203_SpecifiedItem.hxx
-- Installing: C:/Users/Davi/Downloads/oma/.release/native-build/sdk/occt/inc/StepAP203_StartRequest.hxx
-- Installing: C:/Users/Davi/Downloads/oma/.release/native-build/sdk/occt/inc/StepAP203_StartRequestItem.hxx
-- Installing: C:/Users/Davi/Downloads/oma/.release/native-build/sdk/occt/inc/StepAP203_StartWork.hxx
-- Installing: C:/Users/Davi/Downloads/oma/.release/native-build/sdk/occt/inc/StepAP203_WorkItem.hxx
-- Installing: C:/Users/Davi/Downloads/oma/.release/native-build/sdk/occt/inc/RWStepAP203_RWCcDesignApproval.hxx
-- Installing: C:/Users/Davi/Downloads/oma/.release/native-build/sdk/occt/inc/RWStepAP203_RWCcDesignCertification.hxx
-- Installing: C:/Users/Davi/Downloads/oma/.release/native-build/sdk/occt/inc/RWStepAP203_RWCcDesignContract.hxx
-- Installing: C:/Users/Davi/Downloads/oma/.release/native-build/sdk/occt/inc/RWStepAP203_RWCcDesignDateAndTimeAssignment.hxx
-- Installing: C:/Users/Davi/Downloads/oma/.release/native-build/sdk/occt/inc/RWStepAP203_RWCcDesignPersonAndOrganizationAssignment.hxx
-- Installing: C:/Users/Davi/Downloads/oma/.release/native-build/sdk/occt/inc/RWStepAP203_RWCcDesignSecurityClassification.hxx
-- Installing: C:/Users/Davi/Downloads/oma/.release/native-build/sdk/occt/inc/RWStepAP203_RWCcDesignSpecificationReference.hxx
-- Installing: C:/Users/Davi/Downloads/oma/.release/native-build/sdk/occt/inc/RWStepAP203_RWChange.hxx
-- Installing: C:/Users/Davi/Downloads/oma/.release/native-build/sdk/occt/inc/RWStepAP203_RWChangeRequest.hxx
-- Installing: C:/Users/Davi/Downloads/oma/.release/native-build/sdk/occt/inc/RWStepAP203_RWStartRequest.hxx
-- Installing: C:/Users/Davi/Downloads/oma/.release/native-build/sdk/occt/inc/RWStepAP203_RWStartWork.hxx
-- Installing: C:/Users/Davi/Downloads/oma/.release/native-build/sdk/occt/inc/STEPConstruct.hxx
-- Installing: C:/Users/Davi/Downloads/oma/.release/native-build/sdk/occt/inc/STEPConstruct_AP203Context.hxx
-- Installing: C:/Users/Davi/Downloads/oma/.release/native-build/sdk/occt/inc/STEPConstruct_Assembly.hxx
-- Installing: C:/Users/Davi/Downloads/oma/.release/native-build/sdk/occt/inc/STEPConstruct_ContextTool.hxx
-- Installing: C:/Users/Davi/Downloads/oma/.release/native-build/sdk/occt/inc/STEPConstruct_DataMapIteratorOfDataMapOfAsciiStringTransient.hxx
-- Installing: C:/Users/Davi/Downloads/oma/.release/native-build/sdk/occt/inc/STEPConstruct_DataMapIteratorOfDataMapOfPointTransient.hxx
-- Installing: C:/Users/Davi/Downloads/oma/.release/native-build/sdk/occt/inc/STEPConstruct_DataMapOfAsciiStringTransient.hxx
-- Installing: C:/Users/Davi/Downloads/oma/.release/native-build/sdk/occt/inc/STEPConstruct_DataMapOfPointTransient.hxx
-- Installing: C:/Users/Davi/Downloads/oma/.release/native-build/sdk/occt/inc/STEPConstruct_ExternRefs.hxx
-- Installing: C:/Users/Davi/Downloads/oma/.release/native-build/sdk/occt/inc/STEPConstruct_Part.hxx
-- Installing: C:/Users/Davi/Downloads/oma/.release/native-build/sdk/occt/inc/STEPConstruct_Styles.hxx
-- Installing: C:/Users/Davi/Downloads/oma/.release/native-build/sdk/occt/inc/STEPConstruct_Tool.hxx
-- Installing: C:/Users/Davi/Downloads/oma/.release/native-build/sdk/occt/inc/STEPConstruct_Tool.lxx
-- Installing: C:/Users/Davi/Downloads/oma/.release/native-build/sdk/occt/inc/STEPConstruct_UnitContext.hxx
-- Installing: C:/Users/Davi/Downloads/oma/.release/native-build/sdk/occt/inc/STEPConstruct_ValidationProps.hxx
-- Installing: C:/Users/Davi/Downloads/oma/.release/native-build/sdk/occt/inc/STEPEdit.hxx
-- Installing: C:/Users/Davi/Downloads/oma/.release/native-build/sdk/occt/inc/STEPEdit_EditContext.hxx
-- Installing: C:/Users/Davi/Downloads/oma/.release/native-build/sdk/occt/inc/STEPEdit_EditSDR.hxx
-- Installing: C:/Users/Davi/Downloads/oma/.release/native-build/sdk/occt/inc/GeomToStep_MakeAxis1Placement.hxx
-- Installing: C:/Users/Davi/Downloads/oma/.release/native-build/sdk/occt/inc/GeomToStep_MakeAxis2Placement2d.hxx
-- Installing: C:/Users/Davi/Downloads/oma/.release/native-build/sdk/occt/inc/GeomToStep_MakeAxis2Placement3d.hxx
-- Installing: C:/Users/Davi/Downloads/oma/.release/native-build/sdk/occt/inc/GeomToStep_MakeBSplineCurveWithKnots.hxx
-- Installing: C:/Users/Davi/Downloads/oma/.release/native-build/sdk/occt/inc/GeomToStep_MakeBSplineCurveWithKnotsAndRationalBSplineCurve.hxx
-- Installing: C:/Users/Davi/Downloads/oma/.release/native-build/sdk/occt/inc/GeomToStep_MakeBSplineSurfaceWithKnots.hxx
-- Installing: C:/Users/Davi/Downloads/oma/.release/native-build/sdk/occt/inc/GeomToStep_MakeBSplineSurfaceWithKnotsAndRationalBSplineSurface.hxx
-- Installing: C:/Users/Davi/Downloads/oma/.release/native-build/sdk/occt/inc/GeomToStep_MakeBoundedCurve.hxx
-- Installing: C:/Users/Davi/Downloads/oma/.release/native-build/sdk/occt/inc/GeomToStep_MakeBoundedSurface.hxx
-- Installing: C:/Users/Davi/Downloads/oma/.release/native-build/sdk/occt/inc/GeomToStep_MakeCartesianPoint.hxx
-- Installing: C:/Users/Davi/Downloads/oma/.release/native-build/sdk/occt/inc/GeomToStep_MakeCircle.hxx
-- Installing: C:/Users/Davi/Downloads/oma/.release/native-build/sdk/occt/inc/GeomToStep_MakeConic.hxx
-- Installing: C:/Users/Davi/Downloads/oma/.release/native-build/sdk/occt/inc/GeomToStep_MakeConicalSurface.hxx
-- Installing: C:/Users/Davi/Downloads/oma/.release/native-build/sdk/occt/inc/GeomToStep_MakeCurve.hxx
-- Installing: C:/Users/Davi/Downloads/oma/.release/native-build/sdk/occt/inc/GeomToStep_MakeCylindricalSurface.hxx
-- Installing: C:/Users/Davi/Downloads/oma/.release/native-build/sdk/occt/inc/GeomToStep_MakeDirection.hxx
-- Installing: C:/Users/Davi/Downloads/oma/.release/native-build/sdk/occt/inc/GeomToStep_MakeElementarySurface.hxx
-- Installing: C:/Users/Davi/Downloads/oma/.release/native-build/sdk/occt/inc/GeomToStep_MakeEllipse.hxx
-- Installing: C:/Users/Davi/Downloads/oma/.release/native-build/sdk/occt/inc/GeomToStep_MakeHyperbola.hxx
-- Installing: C:/Users/Davi/Downloads/oma/.release/native-build/sdk/occt/inc/GeomToStep_MakeLine.hxx
-- Installing: C:/Users/Davi/Downloads/oma/.release/native-build/sdk/occt/inc/GeomToStep_MakeParabola.hxx
-- Installing: C:/Users/Davi/Downloads/oma/.release/native-build/sdk/occt/inc/GeomToStep_MakePlane.hxx
-- Installing: C:/Users/Davi/Downloads/oma/.release/native-build/sdk/occt/inc/GeomToStep_MakePolyline.hxx
-- Installing: C:/Users/Davi/Downloads/oma/.release/native-build/sdk/occt/inc/GeomToStep_MakeRectangularTrimmedSurface.hxx
-- Installing: C:/Users/Davi/Downloads/oma/.release/native-build/sdk/occt/inc/GeomToStep_MakeSphericalSurface.hxx
-- Installing: C:/Users/Davi/Downloads/oma/.release/native-build/sdk/occt/inc/GeomToStep_MakeSurface.hxx
-- Installing: C:/Users/Davi/Downloads/oma/.release/native-build/sdk/occt/inc/GeomToStep_MakeSurfaceOfLinearExtrusion.hxx
-- Installing: C:/Users/Davi/Downloads/oma/.release/native-build/sdk/occt/inc/GeomToStep_MakeSurfaceOfRevolution.hxx
-- Installing: C:/Users/Davi/Downloads/oma/.release/native-build/sdk/occt/inc/GeomToStep_MakeSweptSurface.hxx
-- Installing: C:/Users/Davi/Downloads/oma/.release/native-build/sdk/occt/inc/GeomToStep_MakeToroidalSurface.hxx
-- Installing: C:/Users/Davi/Downloads/oma/.release/native-build/sdk/occt/inc/GeomToStep_MakeVector.hxx
-- Installing: C:/Users/Davi/Downloads/oma/.release/native-build/sdk/occt/inc/GeomToStep_Root.hxx
-- Installing: C:/Users/Davi/Downloads/oma/.release/native-build/sdk/occt/inc/StepToGeom.hxx
-- Installing: C:/Users/Davi/Downloads/oma/.release/native-build/sdk/occt/inc/StepToTopoDS.hxx
-- Installing: C:/Users/Davi/Downloads/oma/.release/native-build/sdk/occt/inc/StepToTopoDS_Builder.hxx
-- Installing: C:/Users/Davi/Downloads/oma/.release/native-build/sdk/occt/inc/StepToTopoDS_BuilderError.hxx
-- Installing: C:/Users/Davi/Downloads/oma/.release/native-build/sdk/occt/inc/StepToTopoDS_DataMapIteratorOfDataMapOfRI.hxx
-- Installing: C:/Users/Davi/Downloads/oma/.release/native-build/sdk/occt/inc/StepToTopoDS_DataMapIteratorOfDataMapOfRINames.hxx
-- Installing: C:/Users/Davi/Downloads/oma/.release/native-build/sdk/occt/inc/StepToTopoDS_DataMapIteratorOfDataMapOfTRI.hxx
-- Installing: C:/Users/Davi/Downloads/oma/.release/native-build/sdk/occt/inc/StepToTopoDS_DataMapIteratorOfPointEdgeMap.hxx
-- Installing: C:/Users/Davi/Downloads/oma/.release/native-build/sdk/occt/inc/StepToTopoDS_DataMapIteratorOfPointVertexMap.hxx
-- Installing: C:/Users/Davi/Downloads/oma/.release/native-build/sdk/occt/inc/StepToTopoDS_DataMapOfRI.hxx
-- Installing: C:/Users/Davi/Downloads/oma/.release/native-build/sdk/occt/inc/StepToTopoDS_DataMapOfRINames.hxx
-- Installing: C:/Users/Davi/Downloads/oma/.release/native-build/sdk/occt/inc/StepToTopoDS_DataMapOfTRI.hxx
-- Installing: C:/Users/Davi/Downloads/oma/.release/native-build/sdk/occt/inc/StepToTopoDS_GeometricTool.hxx
-- Installing: C:/Users/Davi/Downloads/oma/.release/native-build/sdk/occt/inc/StepToTopoDS_GeometricToolError.hxx
-- Installing: C:/Users/Davi/Downloads/oma/.release/native-build/sdk/occt/inc/StepToTopoDS_MakeTransformed.hxx
-- Installing: C:/Users/Davi/Downloads/oma/.release/native-build/sdk/occt/inc/StepToTopoDS_NMTool.hxx
-- Installing: C:/Users/Davi/Downloads/oma/.release/native-build/sdk/occt/inc/StepToTopoDS_PointEdgeMap.hxx
-- Installing: C:/Users/Davi/Downloads/oma/.release/native-build/sdk/occt/inc/StepToTopoDS_PointPair.hxx
-- Installing: C:/Users/Davi/Downloads/oma/.release/native-build/sdk/occt/inc/StepToTopoDS_PointVertexMap.hxx
-- Installing: C:/Users/Davi/Downloads/oma/.release/native-build/sdk/occt/inc/StepToTopoDS_Root.hxx
-- Installing: C:/Users/Davi/Downloads/oma/.release/native-build/sdk/occt/inc/StepToTopoDS_Root.lxx
-- Installing: C:/Users/Davi/Downloads/oma/.release/native-build/sdk/occt/inc/StepToTopoDS_Tool.hxx
-- Installing: C:/Users/Davi/Downloads/oma/.release/native-build/sdk/occt/inc/StepToTopoDS_TranslateCompositeCurve.hxx
-- Installing: C:/Users/Davi/Downloads/oma/.release/native-build/sdk/occt/inc/StepToTopoDS_TranslateCompositeCurve.lxx
-- Installing: C:/Users/Davi/Downloads/oma/.release/native-build/sdk/occt/inc/StepToTopoDS_TranslateCurveBoundedSurface.hxx
-- Installing: C:/Users/Davi/Downloads/oma/.release/native-build/sdk/occt/inc/StepToTopoDS_TranslateEdge.hxx
-- Installing: C:/Users/Davi/Downloads/oma/.release/native-build/sdk/occt/inc/StepToTopoDS_TranslateEdgeError.hxx
-- Installing: C:/Users/Davi/Downloads/oma/.release/native-build/sdk/occt/inc/StepToTopoDS_TranslateEdgeLoop.hxx
-- Installing: C:/Users/Davi/Downloads/oma/.release/native-build/sdk/occt/inc/StepToTopoDS_TranslateEdgeLoopError.hxx
-- Installing: C:/Users/Davi/Downloads/oma/.release/native-build/sdk/occt/inc/StepToTopoDS_TranslateFace.hxx
-- Installing: C:/Users/Davi/Downloads/oma/.release/native-build/sdk/occt/inc/StepToTopoDS_TranslateFaceError.hxx
-- Installing: C:/Users/Davi/Downloads/oma/.release/native-build/sdk/occt/inc/StepToTopoDS_TranslatePolyLoop.hxx
-- Installing: C:/Users/Davi/Downloads/oma/.release/native-build/sdk/occt/inc/StepToTopoDS_TranslatePolyLoopError.hxx
-- Installing: C:/Users/Davi/Downloads/oma/.release/native-build/sdk/occt/inc/StepToTopoDS_TranslateShell.hxx
-- Installing: C:/Users/Davi/Downloads/oma/.release/native-build/sdk/occt/inc/StepToTopoDS_TranslateShellError.hxx
-- Installing: C:/Users/Davi/Downloads/oma/.release/native-build/sdk/occt/inc/StepToTopoDS_TranslateSolid.hxx
-- Installing: C:/Users/Davi/Downloads/oma/.release/native-build/sdk/occt/inc/StepToTopoDS_TranslateSolidError.hxx
-- Installing: C:/Users/Davi/Downloads/oma/.release/native-build/sdk/occt/inc/StepToTopoDS_TranslateVertex.hxx
-- Installing: C:/Users/Davi/Downloads/oma/.release/native-build/sdk/occt/inc/StepToTopoDS_TranslateVertexError.hxx
-- Installing: C:/Users/Davi/Downloads/oma/.release/native-build/sdk/occt/inc/StepToTopoDS_TranslateVertexLoop.hxx
-- Installing: C:/Users/Davi/Downloads/oma/.release/native-build/sdk/occt/inc/StepToTopoDS_TranslateVertexLoopError.hxx
-- Installing: C:/Users/Davi/Downloads/oma/.release/native-build/sdk/occt/inc/TopoDSToStep.hxx
-- Installing: C:/Users/Davi/Downloads/oma/.release/native-build/sdk/occt/inc/TopoDSToStep_Builder.hxx
-- Installing: C:/Users/Davi/Downloads/oma/.release/native-build/sdk/occt/inc/TopoDSToStep_BuilderError.hxx
-- Installing: C:/Users/Davi/Downloads/oma/.release/native-build/sdk/occt/inc/TopoDSToStep_FacetedError.hxx
-- Installing: C:/Users/Davi/Downloads/oma/.release/native-build/sdk/occt/inc/TopoDSToStep_FacetedTool.hxx
-- Installing: C:/Users/Davi/Downloads/oma/.release/native-build/sdk/occt/inc/TopoDSToStep_MakeBrepWithVoids.hxx
-- Installing: C:/Users/Davi/Downloads/oma/.release/native-build/sdk/occt/inc/TopoDSToStep_MakeEdgeError.hxx
-- Installing: C:/Users/Davi/Downloads/oma/.release/native-build/sdk/occt/inc/TopoDSToStep_MakeFaceError.hxx
-- Installing: C:/Users/Davi/Downloads/oma/.release/native-build/sdk/occt/inc/TopoDSToStep_MakeFacetedBrep.hxx
-- Installing: C:/Users/Davi/Downloads/oma/.release/native-build/sdk/occt/inc/TopoDSToStep_MakeFacetedBrepAndBrepWithVoids.hxx
-- Installing: C:/Users/Davi/Downloads/oma/.release/native-build/sdk/occt/inc/TopoDSToStep_MakeGeometricCurveSet.hxx
-- Installing: C:/Users/Davi/Downloads/oma/.release/native-build/sdk/occt/inc/TopoDSToStep_MakeManifoldSolidBrep.hxx
-- Installing: C:/Users/Davi/Downloads/oma/.release/native-build/sdk/occt/inc/TopoDSToStep_MakeShellBasedSurfaceModel.hxx
-- Installing: C:/Users/Davi/Downloads/oma/.release/native-build/sdk/occt/inc/TopoDSToStep_MakeStepEdge.hxx
-- Installing: C:/Users/Davi/Downloads/oma/.release/native-build/sdk/occt/inc/TopoDSToStep_MakeStepFace.hxx
-- Installing: C:/Users/Davi/Downloads/oma/.release/native-build/sdk/occt/inc/TopoDSToStep_MakeStepVertex.hxx
-- Installing: C:/Users/Davi/Downloads/oma/.release/native-build/sdk/occt/inc/TopoDSToStep_MakeStepWire.hxx
-- Installing: C:/Users/Davi/Downloads/oma/.release/native-build/sdk/occt/inc/TopoDSToStep_MakeTessellatedItem.hxx
-- Installing: C:/Users/Davi/Downloads/oma/.release/native-build/sdk/occt/inc/TopoDSToStep_MakeVertexError.hxx
-- Installing: C:/Users/Davi/Downloads/oma/.release/native-build/sdk/occt/inc/TopoDSToStep_MakeWireError.hxx
-- Installing: C:/Users/Davi/Downloads/oma/.release/native-build/sdk/occt/inc/TopoDSToStep_Root.hxx
-- Installing: C:/Users/Davi/Downloads/oma/.release/native-build/sdk/occt/inc/TopoDSToStep_Tool.hxx
-- Installing: C:/Users/Davi/Downloads/oma/.release/native-build/sdk/occt/inc/TopoDSToStep_WireframeBuilder.hxx
-- Installing: C:/Users/Davi/Downloads/oma/.release/native-build/sdk/occt/inc/STEPControl_ActorRead.hxx
-- Installing: C:/Users/Davi/Downloads/oma/.release/native-build/sdk/occt/inc/STEPControl_ActorWrite.hxx
-- Installing: C:/Users/Davi/Downloads/oma/.release/native-build/sdk/occt/inc/STEPControl_Controller.hxx
-- Installing: C:/Users/Davi/Downloads/oma/.release/native-build/sdk/occt/inc/STEPControl_Reader.hxx
-- Installing: C:/Users/Davi/Downloads/oma/.release/native-build/sdk/occt/inc/STEPControl_StepModelType.hxx
-- Installing: C:/Users/Davi/Downloads/oma/.release/native-build/sdk/occt/inc/STEPControl_Writer.hxx
-- Installing: C:/Users/Davi/Downloads/oma/.release/native-build/sdk/occt/inc/STEPSelections_AssemblyComponent.hxx
-- Installing: C:/Users/Davi/Downloads/oma/.release/native-build/sdk/occt/inc/STEPSelections_AssemblyComponent.lxx
-- Installing: C:/Users/Davi/Downloads/oma/.release/native-build/sdk/occt/inc/STEPSelections_AssemblyExplorer.hxx
-- Installing: C:/Users/Davi/Downloads/oma/.release/native-build/sdk/occt/inc/STEPSelections_AssemblyExplorer.lxx
-- Installing: C:/Users/Davi/Downloads/oma/.release/native-build/sdk/occt/inc/STEPSelections_AssemblyLink.hxx
-- Installing: C:/Users/Davi/Downloads/oma/.release/native-build/sdk/occt/inc/STEPSelections_AssemblyLink.lxx
-- Installing: C:/Users/Davi/Downloads/oma/.release/native-build/sdk/occt/inc/STEPSelections_Counter.hxx
-- Installing: C:/Users/Davi/Downloads/oma/.release/native-build/sdk/occt/inc/STEPSelections_Counter.lxx
-- Installing: C:/Users/Davi/Downloads/oma/.release/native-build/sdk/occt/inc/STEPSelections_HSequenceOfAssemblyLink.hxx
-- Installing: C:/Users/Davi/Downloads/oma/.release/native-build/sdk/occt/inc/STEPSelections_SelectAssembly.hxx
-- Installing: C:/Users/Davi/Downloads/oma/.release/native-build/sdk/occt/inc/STEPSelections_SelectDerived.hxx
-- Installing: C:/Users/Davi/Downloads/oma/.release/native-build/sdk/occt/inc/STEPSelections_SelectFaces.hxx
-- Installing: C:/Users/Davi/Downloads/oma/.release/native-build/sdk/occt/inc/STEPSelections_SelectForTransfer.hxx
-- Installing: C:/Users/Davi/Downloads/oma/.release/native-build/sdk/occt/inc/STEPSelections_SelectGSCurves.hxx
-- Installing: C:/Users/Davi/Downloads/oma/.release/native-build/sdk/occt/inc/STEPSelections_SelectInstances.hxx
-- Installing: C:/Users/Davi/Downloads/oma/.release/native-build/sdk/occt/inc/STEPSelections_SequenceOfAssemblyComponent.hxx
-- Installing: C:/Users/Davi/Downloads/oma/.release/native-build/sdk/occt/inc/STEPSelections_SequenceOfAssemblyLink.hxx
-- Installing: C:/Users/Davi/Downloads/oma/.release/native-build/sdk/occt/inc/StepAP209_Construct.hxx
-- Installing: C:/Users/Davi/Downloads/oma/.release/native-build/sdk/occt/inc/RWStepAP242_RWDraughtingModelItemAssociation.hxx
-- Installing: C:/Users/Davi/Downloads/oma/.release/native-build/sdk/occt/inc/RWStepAP242_RWGeometricItemSpecificUsage.hxx
-- Installing: C:/Users/Davi/Downloads/oma/.release/native-build/sdk/occt/inc/RWStepAP242_RWIdAttribute.hxx
-- Installing: C:/Users/Davi/Downloads/oma/.release/native-build/sdk/occt/inc/RWStepAP242_RWItemIdentifiedRepresentationUsage.hxx
-- Installing: C:/Users/Davi/Downloads/oma/.release/native-build/sdk/occt/inc/StepAP242_DraughtingModelItemAssociation.hxx
-- Installing: C:/Users/Davi/Downloads/oma/.release/native-build/sdk/occt/inc/StepAP242_GeometricItemSpecificUsage.hxx
-- Installing: C:/Users/Davi/Downloads/oma/.release/native-build/sdk/occt/inc/StepAP242_IdAttribute.hxx
-- Installing: C:/Users/Davi/Downloads/oma/.release/native-build/sdk/occt/inc/StepAP242_IdAttributeSelect.hxx
-- Installing: C:/Users/Davi/Downloads/oma/.release/native-build/sdk/occt/inc/StepAP242_ItemIdentifiedRepresentationUsage.hxx
-- Installing: C:/Users/Davi/Downloads/oma/.release/native-build/sdk/occt/inc/StepAP242_ItemIdentifiedRepresentationUsageDefinition.hxx
-- Installing: C:/Users/Davi/Downloads/oma/.release/native-build/sdk/occt/inc/StepElement_AnalysisItemWithinRepresentation.hxx
-- Installing: C:/Users/Davi/Downloads/oma/.release/native-build/sdk/occt/inc/StepElement_Array1OfCurveElementEndReleasePacket.hxx
-- Installing: C:/Users/Davi/Downloads/oma/.release/native-build/sdk/occt/inc/StepElement_Array1OfCurveElementSectionDefinition.hxx
-- Installing: C:/Users/Davi/Downloads/oma/.release/native-build/sdk/occt/inc/StepElement_Array1OfHSequenceOfCurveElementPurposeMember.hxx
-- Installing: C:/Users/Davi/Downloads/oma/.release/native-build/sdk/occt/inc/StepElement_Array1OfHSequenceOfSurfaceElementPurposeMember.hxx
-- Installing: C:/Users/Davi/Downloads/oma/.release/native-build/sdk/occt/inc/StepElement_Array1OfMeasureOrUnspecifiedValue.hxx
-- Installing: C:/Users/Davi/Downloads/oma/.release/native-build/sdk/occt/inc/StepElement_Array1OfSurfaceSection.hxx
-- Installing: C:/Users/Davi/Downloads/oma/.release/native-build/sdk/occt/inc/StepElement_Array1OfVolumeElementPurpose.hxx
-- Installing: C:/Users/Davi/Downloads/oma/.release/native-build/sdk/occt/inc/StepElement_Array1OfVolumeElementPurposeMember.hxx
-- Installing: C:/Users/Davi/Downloads/oma/.release/native-build/sdk/occt/inc/StepElement_Array2OfCurveElementPurposeMember.hxx
-- Installing: C:/Users/Davi/Downloads/oma/.release/native-build/sdk/occt/inc/StepElement_Array2OfSurfaceElementPurpose.hxx
-- Installing: C:/Users/Davi/Downloads/oma/.release/native-build/sdk/occt/inc/StepElement_Array2OfSurfaceElementPurposeMember.hxx
-- Installing: C:/Users/Davi/Downloads/oma/.release/native-build/sdk/occt/inc/StepElement_Curve3dElementDescriptor.hxx
-- Installing: C:/Users/Davi/Downloads/oma/.release/native-build/sdk/occt/inc/StepElement_CurveEdge.hxx
-- Installing: C:/Users/Davi/Downloads/oma/.release/native-build/sdk/occt/inc/StepElement_CurveElementEndReleasePacket.hxx
-- Installing: C:/Users/Davi/Downloads/oma/.release/native-build/sdk/occt/inc/StepElement_CurveElementFreedom.hxx
-- Installing: C:/Users/Davi/Downloads/oma/.release/native-build/sdk/occt/inc/StepElement_CurveElementFreedomMember.hxx
-- Installing: C:/Users/Davi/Downloads/oma/.release/native-build/sdk/occt/inc/StepElement_CurveElementPurpose.hxx
-- Installing: C:/Users/Davi/Downloads/oma/.release/native-build/sdk/occt/inc/StepElement_CurveElementPurposeMember.hxx
-- Installing: C:/Users/Davi/Downloads/oma/.release/native-build/sdk/occt/inc/StepElement_CurveElementSectionDefinition.hxx
-- Installing: C:/Users/Davi/Downloads/oma/.release/native-build/sdk/occt/inc/StepElement_CurveElementSectionDerivedDefinitions.hxx
-- Installing: C:/Users/Davi/Downloads/oma/.release/native-build/sdk/occt/inc/StepElement_Element2dShape.hxx
-- Installing: C:/Users/Davi/Downloads/oma/.release/native-build/sdk/occt/inc/StepElement_ElementAspect.hxx
-- Installing: C:/Users/Davi/Downloads/oma/.release/native-build/sdk/occt/inc/StepElement_ElementAspectMember.hxx
-- Installing: C:/Users/Davi/Downloads/oma/.release/native-build/sdk/occt/inc/StepElement_ElementDescriptor.hxx
-- Installing: C:/Users/Davi/Downloads/oma/.release/native-build/sdk/occt/inc/StepElement_ElementMaterial.hxx
-- Installing: C:/Users/Davi/Downloads/oma/.release/native-build/sdk/occt/inc/StepElement_ElementOrder.hxx
-- Installing: C:/Users/Davi/Downloads/oma/.release/native-build/sdk/occt/inc/StepElement_ElementVolume.hxx
-- Installing: C:/Users/Davi/Downloads/oma/.release/native-build/sdk/occt/inc/StepElement_EnumeratedCurveElementFreedom.hxx
-- Installing: C:/Users/Davi/Downloads/oma/.release/native-build/sdk/occt/inc/StepElement_EnumeratedCurveElementPurpose.hxx
-- Installing: C:/Users/Davi/Downloads/oma/.release/native-build/sdk/occt/inc/StepElement_EnumeratedSurfaceElementPurpose.hxx
-- Installing: C:/Users/Davi/Downloads/oma/.release/native-build/sdk/occt/inc/StepElement_EnumeratedVolumeElementPurpose.hxx
-- Installing: C:/Users/Davi/Downloads/oma/.release/native-build/sdk/occt/inc/StepElement_HArray1OfCurveElementEndReleasePacket.hxx
-- Installing: C:/Users/Davi/Downloads/oma/.release/native-build/sdk/occt/inc/StepElement_HArray1OfCurveElementSectionDefinition.hxx
-- Installing: C:/Users/Davi/Downloads/oma/.release/native-build/sdk/occt/inc/StepElement_HArray1OfHSequenceOfCurveElementPurposeMember.hxx
-- Installing: C:/Users/Davi/Downloads/oma/.release/native-build/sdk/occt/inc/StepElement_HArray1OfHSequenceOfSurfaceElementPurposeMember.hxx
-- Installing: C:/Users/Davi/Downloads/oma/.release/native-build/sdk/occt/inc/StepElement_HArray1OfMeasureOrUnspecifiedValue.hxx
-- Installing: C:/Users/Davi/Downloads/oma/.release/native-build/sdk/occt/inc/StepElement_HArray1OfSurfaceSection.hxx
-- Installing: C:/Users/Davi/Downloads/oma/.release/native-build/sdk/occt/inc/StepElement_HArray1OfVolumeElementPurpose.hxx
-- Installing: C:/Users/Davi/Downloads/oma/.release/native-build/sdk/occt/inc/StepElement_HArray1OfVolumeElementPurposeMember.hxx
-- Installing: C:/Users/Davi/Downloads/oma/.release/native-build/sdk/occt/inc/StepElement_HArray2OfCurveElementPurposeMember.hxx
-- Installing: C:/Users/Davi/Downloads/oma/.release/native-build/sdk/occt/inc/StepElement_HArray2OfSurfaceElementPurpose.hxx
-- Installing: C:/Users/Davi/Downloads/oma/.release/native-build/sdk/occt/inc/StepElement_HArray2OfSurfaceElementPurposeMember.hxx
-- Installing: C:/Users/Davi/Downloads/oma/.release/native-build/sdk/occt/inc/StepElement_HSequenceOfCurveElementPurposeMember.hxx
-- Installing: C:/Users/Davi/Downloads/oma/.release/native-build/sdk/occt/inc/StepElement_HSequenceOfCurveElementSectionDefinition.hxx
-- Installing: C:/Users/Davi/Downloads/oma/.release/native-build/sdk/occt/inc/StepElement_HSequenceOfElementMaterial.hxx
-- Installing: C:/Users/Davi/Downloads/oma/.release/native-build/sdk/occt/inc/StepElement_HSequenceOfSurfaceElementPurposeMember.hxx
-- Installing: C:/Users/Davi/Downloads/oma/.release/native-build/sdk/occt/inc/StepElement_MeasureOrUnspecifiedValue.hxx
-- Installing: C:/Users/Davi/Downloads/oma/.release/native-build/sdk/occt/inc/StepElement_MeasureOrUnspecifiedValueMember.hxx
-- Installing: C:/Users/Davi/Downloads/oma/.release/native-build/sdk/occt/inc/StepElement_SequenceOfCurveElementPurposeMember.hxx
-- Installing: C:/Users/Davi/Downloads/oma/.release/native-build/sdk/occt/inc/StepElement_SequenceOfCurveElementSectionDefinition.hxx
-- Installing: C:/Users/Davi/Downloads/oma/.release/native-build/sdk/occt/inc/StepElement_SequenceOfElementMaterial.hxx
-- Installing: C:/Users/Davi/Downloads/oma/.release/native-build/sdk/occt/inc/StepElement_SequenceOfSurfaceElementPurposeMember.hxx
-- Installing: C:/Users/Davi/Downloads/oma/.release/native-build/sdk/occt/inc/StepElement_Surface3dElementDescriptor.hxx
-- Installing: C:/Users/Davi/Downloads/oma/.release/native-build/sdk/occt/inc/StepElement_SurfaceElementProperty.hxx
-- Installing: C:/Users/Davi/Downloads/oma/.release/native-build/sdk/occt/inc/StepElement_SurfaceElementPurpose.hxx
-- Installing: C:/Users/Davi/Downloads/oma/.release/native-build/sdk/occt/inc/StepElement_SurfaceElementPurposeMember.hxx
-- Installing: C:/Users/Davi/Downloads/oma/.release/native-build/sdk/occt/inc/StepElement_SurfaceSection.hxx
-- Installing: C:/Users/Davi/Downloads/oma/.release/native-build/sdk/occt/inc/StepElement_SurfaceSectionField.hxx
-- Installing: C:/Users/Davi/Downloads/oma/.release/native-build/sdk/occt/inc/StepElement_SurfaceSectionFieldConstant.hxx
-- Installing: C:/Users/Davi/Downloads/oma/.release/native-build/sdk/occt/inc/StepElement_SurfaceSectionFieldVarying.hxx
-- Installing: C:/Users/Davi/Downloads/oma/.release/native-build/sdk/occt/inc/StepElement_UniformSurfaceSection.hxx
-- Installing: C:/Users/Davi/Downloads/oma/.release/native-build/sdk/occt/inc/StepElement_UnspecifiedValue.hxx
-- Installing: C:/Users/Davi/Downloads/oma/.release/native-build/sdk/occt/inc/StepElement_Volume3dElementDescriptor.hxx
-- Installing: C:/Users/Davi/Downloads/oma/.release/native-build/sdk/occt/inc/StepElement_Volume3dElementShape.hxx
-- Installing: C:/Users/Davi/Downloads/oma/.release/native-build/sdk/occt/inc/StepElement_VolumeElementPurpose.hxx
-- Installing: C:/Users/Davi/Downloads/oma/.release/native-build/sdk/occt/inc/StepElement_VolumeElementPurposeMember.hxx
-- Installing: C:/Users/Davi/Downloads/oma/.release/native-build/sdk/occt/inc/StepFEA_AlignedCurve3dElementCoordinateSystem.hxx
-- Installing: C:/Users/Davi/Downloads/oma/.release/native-build/sdk/occt/inc/StepFEA_AlignedSurface3dElementCoordinateSystem.hxx
-- Installing: C:/Users/Davi/Downloads/oma/.release/native-build/sdk/occt/inc/StepFEA_ArbitraryVolume3dElementCoordinateSystem.hxx
-- Installing: C:/Users/Davi/Downloads/oma/.release/native-build/sdk/occt/inc/StepFEA_Array1OfCurveElementEndOffset.hxx
-- Installing: C:/Users/Davi/Downloads/oma/.release/native-build/sdk/occt/inc/StepFEA_Array1OfCurveElementEndRelease.hxx
-- Installing: C:/Users/Davi/Downloads/oma/.release/native-build/sdk/occt/inc/StepFEA_Array1OfCurveElementInterval.hxx
-- Installing: C:/Users/Davi/Downloads/oma/.release/native-build/sdk/occt/inc/StepFEA_Array1OfDegreeOfFreedom.hxx
-- Installing: C:/Users/Davi/Downloads/oma/.release/native-build/sdk/occt/inc/StepFEA_Array1OfElementRepresentation.hxx
-- Installing: C:/Users/Davi/Downloads/oma/.release/native-build/sdk/occt/inc/StepFEA_Array1OfNodeRepresentation.hxx
-- Installing: C:/Users/Davi/Downloads/oma/.release/native-build/sdk/occt/inc/StepFEA_ConstantSurface3dElementCoordinateSystem.hxx
-- Installing: C:/Users/Davi/Downloads/oma/.release/native-build/sdk/occt/inc/StepFEA_CoordinateSystemType.hxx
-- Installing: C:/Users/Davi/Downloads/oma/.release/native-build/sdk/occt/inc/StepFEA_Curve3dElementProperty.hxx
-- Installing: C:/Users/Davi/Downloads/oma/.release/native-build/sdk/occt/inc/StepFEA_Curve3dElementRepresentation.hxx
-- Installing: C:/Users/Davi/Downloads/oma/.release/native-build/sdk/occt/inc/StepFEA_CurveEdge.hxx
-- Installing: C:/Users/Davi/Downloads/oma/.release/native-build/sdk/occt/inc/StepFEA_CurveElementEndCoordinateSystem.hxx
-- Installing: C:/Users/Davi/Downloads/oma/.release/native-build/sdk/occt/inc/StepFEA_CurveElementEndOffset.hxx
-- Installing: C:/Users/Davi/Downloads/oma/.release/native-build/sdk/occt/inc/StepFEA_CurveElementEndRelease.hxx
-- Installing: C:/Users/Davi/Downloads/oma/.release/native-build/sdk/occt/inc/StepFEA_CurveElementInterval.hxx
-- Installing: C:/Users/Davi/Downloads/oma/.release/native-build/sdk/occt/inc/StepFEA_CurveElementIntervalConstant.hxx
-- Installing: C:/Users/Davi/Downloads/oma/.release/native-build/sdk/occt/inc/StepFEA_CurveElementIntervalLinearlyVarying.hxx
-- Installing: C:/Users/Davi/Downloads/oma/.release/native-build/sdk/occt/inc/StepFEA_CurveElementLocation.hxx
-- Installing: C:/Users/Davi/Downloads/oma/.release/native-build/sdk/occt/inc/StepFEA_DegreeOfFreedom.hxx
-- Installing: C:/Users/Davi/Downloads/oma/.release/native-build/sdk/occt/inc/StepFEA_DegreeOfFreedomMember.hxx
-- Installing: C:/Users/Davi/Downloads/oma/.release/native-build/sdk/occt/inc/StepFEA_DummyNode.hxx
-- Installing: C:/Users/Davi/Downloads/oma/.release/native-build/sdk/occt/inc/StepFEA_ElementGeometricRelationship.hxx
-- Installing: C:/Users/Davi/Downloads/oma/.release/native-build/sdk/occt/inc/StepFEA_ElementGroup.hxx
-- Installing: C:/Users/Davi/Downloads/oma/.release/native-build/sdk/occt/inc/StepFEA_ElementOrElementGroup.hxx
-- Installing: C:/Users/Davi/Downloads/oma/.release/native-build/sdk/occt/inc/StepFEA_ElementRepresentation.hxx
-- Installing: C:/Users/Davi/Downloads/oma/.release/native-build/sdk/occt/inc/StepFEA_ElementVolume.hxx
-- Installing: C:/Users/Davi/Downloads/oma/.release/native-build/sdk/occt/inc/StepFEA_EnumeratedDegreeOfFreedom.hxx
-- Installing: C:/Users/Davi/Downloads/oma/.release/native-build/sdk/occt/inc/StepFEA_FeaAreaDensity.hxx
-- Installing: C:/Users/Davi/Downloads/oma/.release/native-build/sdk/occt/inc/StepFEA_FeaAxis2Placement3d.hxx
-- Installing: C:/Users/Davi/Downloads/oma/.release/native-build/sdk/occt/inc/StepFEA_FeaCurveSectionGeometricRelationship.hxx
-- Installing: C:/Users/Davi/Downloads/oma/.release/native-build/sdk/occt/inc/StepFEA_FeaGroup.hxx
-- Installing: C:/Users/Davi/Downloads/oma/.release/native-build/sdk/occt/inc/StepFEA_FeaLinearElasticity.hxx
-- Installing: C:/Users/Davi/Downloads/oma/.release/native-build/sdk/occt/inc/StepFEA_FeaMassDensity.hxx
-- Installing: C:/Users/Davi/Downloads/oma/.release/native-build/sdk/occt/inc/StepFEA_FeaMaterialPropertyRepresentation.hxx
-- Installing: C:/Users/Davi/Downloads/oma/.release/native-build/sdk/occt/inc/StepFEA_FeaMaterialPropertyRepresentationItem.hxx
-- Installing: C:/Users/Davi/Downloads/oma/.release/native-build/sdk/occt/inc/StepFEA_FeaModel.hxx
-- Installing: C:/Users/Davi/Downloads/oma/.release/native-build/sdk/occt/inc/StepFEA_FeaModel3d.hxx
-- Installing: C:/Users/Davi/Downloads/oma/.release/native-build/sdk/occt/inc/StepFEA_FeaModelDefinition.hxx
-- Installing: C:/Users/Davi/Downloads/oma/.release/native-build/sdk/occt/inc/StepFEA_FeaMoistureAbsorption.hxx
-- Installing: C:/Users/Davi/Downloads/oma/.release/native-build/sdk/occt/inc/StepFEA_FeaParametricPoint.hxx
-- Installing: C:/Users/Davi/Downloads/oma/.release/native-build/sdk/occt/inc/StepFEA_FeaRepresentationItem.hxx
-- Installing: C:/Users/Davi/Downloads/oma/.release/native-build/sdk/occt/inc/StepFEA_FeaSecantCoefficientOfLinearThermalExpansion.hxx
-- Installing: C:/Users/Davi/Downloads/oma/.release/native-build/sdk/occt/inc/StepFEA_FeaShellBendingStiffness.hxx
-- Installing: C:/Users/Davi/Downloads/oma/.release/native-build/sdk/occt/inc/StepFEA_FeaShellMembraneBendingCouplingStiffness.hxx
-- Installing: C:/Users/Davi/Downloads/oma/.release/native-build/sdk/occt/inc/StepFEA_FeaShellMembraneStiffness.hxx
-- Installing: C:/Users/Davi/Downloads/oma/.release/native-build/sdk/occt/inc/StepFEA_FeaShellShearStiffness.hxx
-- Installing: C:/Users/Davi/Downloads/oma/.release/native-build/sdk/occt/inc/StepFEA_FeaSurfaceSectionGeometricRelationship.hxx
-- Installing: C:/Users/Davi/Downloads/oma/.release/native-build/sdk/occt/inc/StepFEA_FeaTangentialCoefficientOfLinearThermalExpansion.hxx
-- Installing: C:/Users/Davi/Downloads/oma/.release/native-build/sdk/occt/inc/StepFEA_FreedomAndCoefficient.hxx
-- Installing: C:/Users/Davi/Downloads/oma/.release/native-build/sdk/occt/inc/StepFEA_FreedomsList.hxx
-- Installing: C:/Users/Davi/Downloads/oma/.release/native-build/sdk/occt/inc/StepFEA_GeometricNode.hxx
-- Installing: C:/Users/Davi/Downloads/oma/.release/native-build/sdk/occt/inc/StepFEA_HArray1OfCurveElementEndOffset.hxx
-- Installing: C:/Users/Davi/Downloads/oma/.release/native-build/sdk/occt/inc/StepFEA_HArray1OfCurveElementEndRelease.hxx
-- Installing: C:/Users/Davi/Downloads/oma/.release/native-build/sdk/occt/inc/StepFEA_HArray1OfCurveElementInterval.hxx
-- Installing: C:/Users/Davi/Downloads/oma/.release/native-build/sdk/occt/inc/StepFEA_HArray1OfDegreeOfFreedom.hxx
-- Installing: C:/Users/Davi/Downloads/oma/.release/native-build/sdk/occt/inc/StepFEA_HArray1OfElementRepresentation.hxx
-- Installing: C:/Users/Davi/Downloads/oma/.release/native-build/sdk/occt/inc/StepFEA_HArray1OfNodeRepresentation.hxx
-- Installing: C:/Users/Davi/Downloads/oma/.release/native-build/sdk/occt/inc/StepFEA_HSequenceOfCurve3dElementProperty.hxx
-- Installing: C:/Users/Davi/Downloads/oma/.release/native-build/sdk/occt/inc/StepFEA_HSequenceOfElementGeometricRelationship.hxx
-- Installing: C:/Users/Davi/Downloads/oma/.release/native-build/sdk/occt/inc/StepFEA_HSequenceOfElementRepresentation.hxx
-- Installing: C:/Users/Davi/Downloads/oma/.release/native-build/sdk/occt/inc/StepFEA_HSequenceOfNodeRepresentation.hxx
-- Installing: C:/Users/Davi/Downloads/oma/.release/native-build/sdk/occt/inc/StepFEA_Node.hxx
-- Installing: C:/Users/Davi/Downloads/oma/.release/native-build/sdk/occt/inc/StepFEA_NodeDefinition.hxx
-- Installing: C:/Users/Davi/Downloads/oma/.release/native-build/sdk/occt/inc/StepFEA_NodeGroup.hxx
-- Installing: C:/Users/Davi/Downloads/oma/.release/native-build/sdk/occt/inc/StepFEA_NodeRepresentation.hxx
-- Installing: C:/Users/Davi/Downloads/oma/.release/native-build/sdk/occt/inc/StepFEA_NodeSet.hxx
-- Installing: C:/Users/Davi/Downloads/oma/.release/native-build/sdk/occt/inc/StepFEA_NodeWithSolutionCoordinateSystem.hxx
-- Installing: C:/Users/Davi/Downloads/oma/.release/native-build/sdk/occt/inc/StepFEA_NodeWithVector.hxx
-- Installing: C:/Users/Davi/Downloads/oma/.release/native-build/sdk/occt/inc/StepFEA_ParametricCurve3dElementCoordinateDirection.hxx
-- Installing: C:/Users/Davi/Downloads/oma/.release/native-build/sdk/occt/inc/StepFEA_ParametricCurve3dElementCoordinateSystem.hxx
-- Installing: C:/Users/Davi/Downloads/oma/.release/native-build/sdk/occt/inc/StepFEA_ParametricSurface3dElementCoordinateSystem.hxx
-- Installing: C:/Users/Davi/Downloads/oma/.release/native-build/sdk/occt/inc/StepFEA_SequenceOfCurve3dElementProperty.hxx
-- Installing: C:/Users/Davi/Downloads/oma/.release/native-build/sdk/occt/inc/StepFEA_SequenceOfElementGeometricRelationship.hxx
-- Installing: C:/Users/Davi/Downloads/oma/.release/native-build/sdk/occt/inc/StepFEA_SequenceOfElementRepresentation.hxx
-- Installing: C:/Users/Davi/Downloads/oma/.release/native-build/sdk/occt/inc/StepFEA_SequenceOfNodeRepresentation.hxx
-- Installing: C:/Users/Davi/Downloads/oma/.release/native-build/sdk/occt/inc/StepFEA_Surface3dElementRepresentation.hxx
-- Installing: C:/Users/Davi/Downloads/oma/.release/native-build/sdk/occt/inc/StepFEA_SymmetricTensor22d.hxx
-- Installing: C:/Users/Davi/Downloads/oma/.release/native-build/sdk/occt/inc/StepFEA_SymmetricTensor23d.hxx
-- Installing: C:/Users/Davi/Downloads/oma/.release/native-build/sdk/occt/inc/StepFEA_SymmetricTensor23dMember.hxx
-- Installing: C:/Users/Davi/Downloads/oma/.release/native-build/sdk/occt/inc/StepFEA_SymmetricTensor42d.hxx
-- Installing: C:/Users/Davi/Downloads/oma/.release/native-build/sdk/occt/inc/StepFEA_SymmetricTensor43d.hxx
-- Installing: C:/Users/Davi/Downloads/oma/.release/native-build/sdk/occt/inc/StepFEA_SymmetricTensor43dMember.hxx
-- Installing: C:/Users/Davi/Downloads/oma/.release/native-build/sdk/occt/inc/StepFEA_UnspecifiedValue.hxx
-- Installing: C:/Users/Davi/Downloads/oma/.release/native-build/sdk/occt/inc/StepFEA_Volume3dElementRepresentation.hxx
-- Installing: C:/Users/Davi/Downloads/oma/.release/native-build/sdk/occt/inc/RWStepElement_RWAnalysisItemWithinRepresentation.hxx
-- Installing: C:/Users/Davi/Downloads/oma/.release/native-build/sdk/occt/inc/RWStepElement_RWCurve3dElementDescriptor.hxx
-- Installing: C:/Users/Davi/Downloads/oma/.release/native-build/sdk/occt/inc/RWStepElement_RWCurveElementEndReleasePacket.hxx
-- Installing: C:/Users/Davi/Downloads/oma/.release/native-build/sdk/occt/inc/RWStepElement_RWCurveElementSectionDefinition.hxx
-- Installing: C:/Users/Davi/Downloads/oma/.release/native-build/sdk/occt/inc/RWStepElement_RWCurveElementSectionDerivedDefinitions.hxx
-- Installing: C:/Users/Davi/Downloads/oma/.release/native-build/sdk/occt/inc/RWStepElement_RWElementDescriptor.hxx
-- Installing: C:/Users/Davi/Downloads/oma/.release/native-build/sdk/occt/inc/RWStepElement_RWElementMaterial.hxx
-- Installing: C:/Users/Davi/Downloads/oma/.release/native-build/sdk/occt/inc/RWStepElement_RWSurface3dElementDescriptor.hxx
-- Installing: C:/Users/Davi/Downloads/oma/.release/native-build/sdk/occt/inc/RWStepElement_RWSurfaceElementProperty.hxx
-- Installing: C:/Users/Davi/Downloads/oma/.release/native-build/sdk/occt/inc/RWStepElement_RWSurfaceSection.hxx
-- Installing: C:/Users/Davi/Downloads/oma/.release/native-build/sdk/occt/inc/RWStepElement_RWSurfaceSectionField.hxx
-- Installing: C:/Users/Davi/Downloads/oma/.release/native-build/sdk/occt/inc/RWStepElement_RWSurfaceSectionFieldConstant.hxx
-- Installing: C:/Users/Davi/Downloads/oma/.release/native-build/sdk/occt/inc/RWStepElement_RWSurfaceSectionFieldVarying.hxx
-- Installing: C:/Users/Davi/Downloads/oma/.release/native-build/sdk/occt/inc/RWStepElement_RWUniformSurfaceSection.hxx
-- Installing: C:/Users/Davi/Downloads/oma/.release/native-build/sdk/occt/inc/RWStepElement_RWVolume3dElementDescriptor.hxx
-- Installing: C:/Users/Davi/Downloads/oma/.release/native-build/sdk/occt/inc/RWStepFEA_RWAlignedCurve3dElementCoordinateSystem.hxx
-- Installing: C:/Users/Davi/Downloads/oma/.release/native-build/sdk/occt/inc/RWStepFEA_RWAlignedSurface3dElementCoordinateSystem.hxx
-- Installing: C:/Users/Davi/Downloads/oma/.release/native-build/sdk/occt/inc/RWStepFEA_RWArbitraryVolume3dElementCoordinateSystem.hxx
-- Installing: C:/Users/Davi/Downloads/oma/.release/native-build/sdk/occt/inc/RWStepFEA_RWConstantSurface3dElementCoordinateSystem.hxx
-- Installing: C:/Users/Davi/Downloads/oma/.release/native-build/sdk/occt/inc/RWStepFEA_RWCurve3dElementProperty.hxx
-- Installing: C:/Users/Davi/Downloads/oma/.release/native-build/sdk/occt/inc/RWStepFEA_RWCurve3dElementRepresentation.hxx
-- Installing: C:/Users/Davi/Downloads/oma/.release/native-build/sdk/occt/inc/RWStepFEA_RWCurveElementEndOffset.hxx
-- Installing: C:/Users/Davi/Downloads/oma/.release/native-build/sdk/occt/inc/RWStepFEA_RWCurveElementEndRelease.hxx
-- Installing: C:/Users/Davi/Downloads/oma/.release/native-build/sdk/occt/inc/RWStepFEA_RWCurveElementInterval.hxx
-- Installing: C:/Users/Davi/Downloads/oma/.release/native-build/sdk/occt/inc/RWStepFEA_RWCurveElementIntervalConstant.hxx
-- Installing: C:/Users/Davi/Downloads/oma/.release/native-build/sdk/occt/inc/RWStepFEA_RWCurveElementIntervalLinearlyVarying.hxx
-- Installing: C:/Users/Davi/Downloads/oma/.release/native-build/sdk/occt/inc/RWStepFEA_RWCurveElementLocation.hxx
-- Installing: C:/Users/Davi/Downloads/oma/.release/native-build/sdk/occt/inc/RWStepFEA_RWDummyNode.hxx
-- Installing: C:/Users/Davi/Downloads/oma/.release/native-build/sdk/occt/inc/RWStepFEA_RWElementGeometricRelationship.hxx
-- Installing: C:/Users/Davi/Downloads/oma/.release/native-build/sdk/occt/inc/RWStepFEA_RWElementGroup.hxx
-- Installing: C:/Users/Davi/Downloads/oma/.release/native-build/sdk/occt/inc/RWStepFEA_RWElementRepresentation.hxx
-- Installing: C:/Users/Davi/Downloads/oma/.release/native-build/sdk/occt/inc/RWStepFEA_RWFeaAreaDensity.hxx
-- Installing: C:/Users/Davi/Downloads/oma/.release/native-build/sdk/occt/inc/RWStepFEA_RWFeaAxis2Placement3d.hxx
-- Installing: C:/Users/Davi/Downloads/oma/.release/native-build/sdk/occt/inc/RWStepFEA_RWFeaCurveSectionGeometricRelationship.hxx
-- Installing: C:/Users/Davi/Downloads/oma/.release/native-build/sdk/occt/inc/RWStepFEA_RWFeaGroup.hxx
-- Installing: C:/Users/Davi/Downloads/oma/.release/native-build/sdk/occt/inc/RWStepFEA_RWFeaLinearElasticity.hxx
-- Installing: C:/Users/Davi/Downloads/oma/.release/native-build/sdk/occt/inc/RWStepFEA_RWFeaMassDensity.hxx
-- Installing: C:/Users/Davi/Downloads/oma/.release/native-build/sdk/occt/inc/RWStepFEA_RWFeaMaterialPropertyRepresentation.hxx
-- Installing: C:/Users/Davi/Downloads/oma/.release/native-build/sdk/occt/inc/RWStepFEA_RWFeaMaterialPropertyRepresentationItem.hxx
-- Installing: C:/Users/Davi/Downloads/oma/.release/native-build/sdk/occt/inc/RWStepFEA_RWFeaModel.hxx
-- Installing: C:/Users/Davi/Downloads/oma/.release/native-build/sdk/occt/inc/RWStepFEA_RWFeaModel3d.hxx
-- Installing: C:/Users/Davi/Downloads/oma/.release/native-build/sdk/occt/inc/RWStepFEA_RWFeaModelDefinition.hxx
-- Installing: C:/Users/Davi/Downloads/oma/.release/native-build/sdk/occt/inc/RWStepFEA_RWFeaMoistureAbsorption.hxx
-- Installing: C:/Users/Davi/Downloads/oma/.release/native-build/sdk/occt/inc/RWStepFEA_RWFeaParametricPoint.hxx
-- Installing: C:/Users/Davi/Downloads/oma/.release/native-build/sdk/occt/inc/RWStepFEA_RWFeaRepresentationItem.hxx
-- Installing: C:/Users/Davi/Downloads/oma/.release/native-build/sdk/occt/inc/RWStepFEA_RWFeaSecantCoefficientOfLinearThermalExpansion.hxx
-- Installing: C:/Users/Davi/Downloads/oma/.release/native-build/sdk/occt/inc/RWStepFEA_RWFeaShellBendingStiffness.hxx
-- Installing: C:/Users/Davi/Downloads/oma/.release/native-build/sdk/occt/inc/RWStepFEA_RWFeaShellMembraneBendingCouplingStiffness.hxx
-- Installing: C:/Users/Davi/Downloads/oma/.release/native-build/sdk/occt/inc/RWStepFEA_RWFeaShellMembraneStiffness.hxx
-- Installing: C:/Users/Davi/Downloads/oma/.release/native-build/sdk/occt/inc/RWStepFEA_RWFeaShellShearStiffness.hxx
-- Installing: C:/Users/Davi/Downloads/oma/.release/native-build/sdk/occt/inc/RWStepFEA_RWFeaSurfaceSectionGeometricRelationship.hxx
-- Installing: C:/Users/Davi/Downloads/oma/.release/native-build/sdk/occt/inc/RWStepFEA_RWFeaTangentialCoefficientOfLinearThermalExpansion.hxx
-- Installing: C:/Users/Davi/Downloads/oma/.release/native-build/sdk/occt/inc/RWStepFEA_RWFreedomAndCoefficient.hxx
-- Installing: C:/Users/Davi/Downloads/oma/.release/native-build/sdk/occt/inc/RWStepFEA_RWFreedomsList.hxx
-- Installing: C:/Users/Davi/Downloads/oma/.release/native-build/sdk/occt/inc/RWStepFEA_RWGeometricNode.hxx
-- Installing: C:/Users/Davi/Downloads/oma/.release/native-build/sdk/occt/inc/RWStepFEA_RWNode.hxx
-- Installing: C:/Users/Davi/Downloads/oma/.release/native-build/sdk/occt/inc/RWStepFEA_RWNodeDefinition.hxx
-- Installing: C:/Users/Davi/Downloads/oma/.release/native-build/sdk/occt/inc/RWStepFEA_RWNodeGroup.hxx
-- Installing: C:/Users/Davi/Downloads/oma/.release/native-build/sdk/occt/inc/RWStepFEA_RWNodeRepresentation.hxx
-- Installing: C:/Users/Davi/Downloads/oma/.release/native-build/sdk/occt/inc/RWStepFEA_RWNodeSet.hxx
-- Installing: C:/Users/Davi/Downloads/oma/.release/native-build/sdk/occt/inc/RWStepFEA_RWNodeWithSolutionCoordinateSystem.hxx
-- Installing: C:/Users/Davi/Downloads/oma/.release/native-build/sdk/occt/inc/RWStepFEA_RWNodeWithVector.hxx
-- Installing: C:/Users/Davi/Downloads/oma/.release/native-build/sdk/occt/inc/RWStepFEA_RWParametricCurve3dElementCoordinateDirection.hxx
-- Installing: C:/Users/Davi/Downloads/oma/.release/native-build/sdk/occt/inc/RWStepFEA_RWParametricCurve3dElementCoordinateSystem.hxx
-- Installing: C:/Users/Davi/Downloads/oma/.release/native-build/sdk/occt/inc/RWStepFEA_RWParametricSurface3dElementCoordinateSystem.hxx
-- Installing: C:/Users/Davi/Downloads/oma/.release/native-build/sdk/occt/inc/RWStepFEA_RWSurface3dElementRepresentation.hxx
-- Installing: C:/Users/Davi/Downloads/oma/.release/native-build/sdk/occt/inc/RWStepFEA_RWVolume3dElementRepresentation.hxx
-- Installing: C:/Users/Davi/Downloads/oma/.release/native-build/sdk/occt/inc/StepVisual_AnnotationCurveOccurrence.hxx
-- Installing: C:/Users/Davi/Downloads/oma/.release/native-build/sdk/occt/inc/StepVisual_AnnotationCurveOccurrenceAndGeomReprItem.hxx
-- Installing: C:/Users/Davi/Downloads/oma/.release/native-build/sdk/occt/inc/StepVisual_AnnotationFillArea.hxx
-- Installing: C:/Users/Davi/Downloads/oma/.release/native-build/sdk/occt/inc/StepVisual_AnnotationFillAreaOccurrence.hxx
-- Installing: C:/Users/Davi/Downloads/oma/.release/native-build/sdk/occt/inc/StepVisual_AnnotationOccurrence.hxx
-- Installing: C:/Users/Davi/Downloads/oma/.release/native-build/sdk/occt/inc/StepVisual_AnnotationPlane.hxx
-- Installing: C:/Users/Davi/Downloads/oma/.release/native-build/sdk/occt/inc/StepVisual_AnnotationPlaneElement.hxx
-- Installing: C:/Users/Davi/Downloads/oma/.release/native-build/sdk/occt/inc/StepVisual_AnnotationText.hxx
-- Installing: C:/Users/Davi/Downloads/oma/.release/native-build/sdk/occt/inc/StepVisual_AnnotationTextOccurrence.hxx
-- Installing: C:/Users/Davi/Downloads/oma/.release/native-build/sdk/occt/inc/StepVisual_AreaInSet.hxx
-- Installing: C:/Users/Davi/Downloads/oma/.release/native-build/sdk/occt/inc/StepVisual_AreaOrView.hxx
-- Installing: C:/Users/Davi/Downloads/oma/.release/native-build/sdk/occt/inc/StepVisual_Array1OfAnnotationPlaneElement.hxx
-- Installing: C:/Users/Davi/Downloads/oma/.release/native-build/sdk/occt/inc/StepVisual_Array1OfBoxCharacteristicSelect.hxx
-- Installing: C:/Users/Davi/Downloads/oma/.release/native-build/sdk/occt/inc/StepVisual_Array1OfCameraModelD3MultiClippingInterectionSelect.hxx
-- Installing: C:/Users/Davi/Downloads/oma/.release/native-build/sdk/occt/inc/StepVisual_Array1OfCameraModelD3MultiClippingUnionSelect.hxx
-- Installing: C:/Users/Davi/Downloads/oma/.release/native-build/sdk/occt/inc/StepVisual_Array1OfCurveStyleFontPattern.hxx
-- Installing: C:/Users/Davi/Downloads/oma/.release/native-build/sdk/occt/inc/StepVisual_Array1OfDirectionCountSelect.hxx
-- Installing: C:/Users/Davi/Downloads/oma/.release/native-build/sdk/occt/inc/StepVisual_Array1OfDraughtingCalloutElement.hxx
-- Installing: C:/Users/Davi/Downloads/oma/.release/native-build/sdk/occt/inc/StepVisual_Array1OfFillStyleSelect.hxx
-- Installing: C:/Users/Davi/Downloads/oma/.release/native-build/sdk/occt/inc/StepVisual_Array1OfInvisibleItem.hxx
-- Installing: C:/Users/Davi/Downloads/oma/.release/native-build/sdk/occt/inc/StepVisual_Array1OfLayeredItem.hxx
-- Installing: C:/Users/Davi/Downloads/oma/.release/native-build/sdk/occt/inc/StepVisual_Array1OfPresentationStyleAssignment.hxx
-- Installing: C:/Users/Davi/Downloads/oma/.release/native-build/sdk/occt/inc/StepVisual_Array1OfPresentationStyleSelect.hxx
-- Installing: C:/Users/Davi/Downloads/oma/.release/native-build/sdk/occt/inc/StepVisual_Array1OfRenderingPropertiesSelect.hxx
-- Installing: C:/Users/Davi/Downloads/oma/.release/native-build/sdk/occt/inc/StepVisual_Array1OfStyleContextSelect.hxx
-- Installing: C:/Users/Davi/Downloads/oma/.release/native-build/sdk/occt/inc/StepVisual_Array1OfSurfaceStyleElementSelect.hxx
-- Installing: C:/Users/Davi/Downloads/oma/.release/native-build/sdk/occt/inc/StepVisual_Array1OfTessellatedEdgeOrVertex.hxx
-- Installing: C:/Users/Davi/Downloads/oma/.release/native-build/sdk/occt/inc/StepVisual_Array1OfTessellatedStructuredItem.hxx
-- Installing: C:/Users/Davi/Downloads/oma/.release/native-build/sdk/occt/inc/StepVisual_Array1OfTextOrCharacter.hxx
-- Installing: C:/Users/Davi/Downloads/oma/.release/native-build/sdk/occt/inc/StepVisual_BackgroundColour.hxx
-- Installing: C:/Users/Davi/Downloads/oma/.release/native-build/sdk/occt/inc/StepVisual_BoxCharacteristicSelect.hxx
-- Installing: C:/Users/Davi/Downloads/oma/.release/native-build/sdk/occt/inc/StepVisual_CameraImage.hxx
-- Installing: C:/Users/Davi/Downloads/oma/.release/native-build/sdk/occt/inc/StepVisual_CameraImage2dWithScale.hxx
-- Installing: C:/Users/Davi/Downloads/oma/.release/native-build/sdk/occt/inc/StepVisual_CameraImage3dWithScale.hxx
-- Installing: C:/Users/Davi/Downloads/oma/.release/native-build/sdk/occt/inc/StepVisual_CameraModel.hxx
-- Installing: C:/Users/Davi/Downloads/oma/.release/native-build/sdk/occt/inc/StepVisual_CameraModelD2.hxx
-- Installing: C:/Users/Davi/Downloads/oma/.release/native-build/sdk/occt/inc/StepVisual_CameraModelD3.hxx
-- Installing: C:/Users/Davi/Downloads/oma/.release/native-build/sdk/occt/inc/StepVisual_CameraModelD3MultiClipping.hxx
-- Installing: C:/Users/Davi/Downloads/oma/.release/native-build/sdk/occt/inc/StepVisual_CameraModelD3MultiClippingInterectionSelect.hxx
-- Installing: C:/Users/Davi/Downloads/oma/.release/native-build/sdk/occt/inc/StepVisual_CameraModelD3MultiClippingIntersection.hxx
-- Installing: C:/Users/Davi/Downloads/oma/.release/native-build/sdk/occt/inc/StepVisual_CameraModelD3MultiClippingUnion.hxx
-- Installing: C:/Users/Davi/Downloads/oma/.release/native-build/sdk/occt/inc/StepVisual_CameraModelD3MultiClippingUnionSelect.hxx
-- Installing: C:/Users/Davi/Downloads/oma/.release/native-build/sdk/occt/inc/StepVisual_CameraUsage.hxx
-- Installing: C:/Users/Davi/Downloads/oma/.release/native-build/sdk/occt/inc/StepVisual_CentralOrParallel.hxx
-- Installing: C:/Users/Davi/Downloads/oma/.release/native-build/sdk/occt/inc/StepVisual_CharacterizedObjAndRepresentationAndDraughtingModel.hxx
-- Installing: C:/Users/Davi/Downloads/oma/.release/native-build/sdk/occt/inc/StepVisual_Colour.hxx
-- Installing: C:/Users/Davi/Downloads/oma/.release/native-build/sdk/occt/inc/StepVisual_ColourRgb.hxx
-- Installing: C:/Users/Davi/Downloads/oma/.release/native-build/sdk/occt/inc/StepVisual_ColourSpecification.hxx
-- Installing: C:/Users/Davi/Downloads/oma/.release/native-build/sdk/occt/inc/StepVisual_ComplexTriangulatedFace.hxx
-- Installing: C:/Users/Davi/Downloads/oma/.release/native-build/sdk/occt/inc/StepVisual_ComplexTriangulatedSurfaceSet.hxx
-- Installing: C:/Users/Davi/Downloads/oma/.release/native-build/sdk/occt/inc/StepVisual_CompositeText.hxx
-- Installing: C:/Users/Davi/Downloads/oma/.release/native-build/sdk/occt/inc/StepVisual_CompositeTextWithExtent.hxx
-- Installing: C:/Users/Davi/Downloads/oma/.release/native-build/sdk/occt/inc/StepVisual_ContextDependentInvisibility.hxx
-- Installing: C:/Users/Davi/Downloads/oma/.release/native-build/sdk/occt/inc/StepVisual_ContextDependentOverRidingStyledItem.hxx
-- Installing: C:/Users/Davi/Downloads/oma/.release/native-build/sdk/occt/inc/StepVisual_CoordinatesList.hxx
-- Installing: C:/Users/Davi/Downloads/oma/.release/native-build/sdk/occt/inc/StepVisual_CubicBezierTessellatedEdge.hxx
-- Installing: C:/Users/Davi/Downloads/oma/.release/native-build/sdk/occt/inc/StepVisual_CubicBezierTriangulatedFace.hxx
-- Installing: C:/Users/Davi/Downloads/oma/.release/native-build/sdk/occt/inc/StepVisual_CurveStyle.hxx
-- Installing: C:/Users/Davi/Downloads/oma/.release/native-build/sdk/occt/inc/StepVisual_CurveStyleFont.hxx
-- Installing: C:/Users/Davi/Downloads/oma/.release/native-build/sdk/occt/inc/StepVisual_CurveStyleFontPattern.hxx
-- Installing: C:/Users/Davi/Downloads/oma/.release/native-build/sdk/occt/inc/StepVisual_CurveStyleFontSelect.hxx
-- Installing: C:/Users/Davi/Downloads/oma/.release/native-build/sdk/occt/inc/StepVisual_DirectionCountSelect.hxx
-- Installing: C:/Users/Davi/Downloads/oma/.release/native-build/sdk/occt/inc/StepVisual_DraughtingAnnotationOccurrence.hxx
-- Installing: C:/Users/Davi/Downloads/oma/.release/native-build/sdk/occt/inc/StepVisual_DraughtingCallout.hxx
-- Installing: C:/Users/Davi/Downloads/oma/.release/native-build/sdk/occt/inc/StepVisual_DraughtingCalloutElement.hxx
-- Installing: C:/Users/Davi/Downloads/oma/.release/native-build/sdk/occt/inc/StepVisual_DraughtingModel.hxx
-- Installing: C:/Users/Davi/Downloads/oma/.release/native-build/sdk/occt/inc/StepVisual_DraughtingPreDefinedColour.hxx
-- Installing: C:/Users/Davi/Downloads/oma/.release/native-build/sdk/occt/inc/StepVisual_DraughtingPreDefinedCurveFont.hxx
-- Installing: C:/Users/Davi/Downloads/oma/.release/native-build/sdk/occt/inc/StepVisual_EdgeOrCurve.hxx
-- Installing: C:/Users/Davi/Downloads/oma/.release/native-build/sdk/occt/inc/StepVisual_ExternallyDefinedCurveFont.hxx
-- Installing: C:/Users/Davi/Downloads/oma/.release/native-build/sdk/occt/inc/StepVisual_ExternallyDefinedTextFont.hxx
-- Installing: C:/Users/Davi/Downloads/oma/.release/native-build/sdk/occt/inc/StepVisual_FaceOrSurface.hxx
-- Installing: C:/Users/Davi/Downloads/oma/.release/native-build/sdk/occt/inc/StepVisual_FillAreaStyle.hxx
-- Installing: C:/Users/Davi/Downloads/oma/.release/native-build/sdk/occt/inc/StepVisual_FillAreaStyleColour.hxx
-- Installing: C:/Users/Davi/Downloads/oma/.release/native-build/sdk/occt/inc/StepVisual_FillStyleSelect.hxx
-- Installing: C:/Users/Davi/Downloads/oma/.release/native-build/sdk/occt/inc/StepVisual_FontSelect.hxx
-- Installing: C:/Users/Davi/Downloads/oma/.release/native-build/sdk/occt/inc/StepVisual_HArray1OfAnnotationPlaneElement.hxx
-- Installing: C:/Users/Davi/Downloads/oma/.release/native-build/sdk/occt/inc/StepVisual_HArray1OfBoxCharacteristicSelect.hxx
-- Installing: C:/Users/Davi/Downloads/oma/.release/native-build/sdk/occt/inc/StepVisual_HArray1OfCameraModelD3MultiClippingInterectionSelect.hxx
-- Installing: C:/Users/Davi/Downloads/oma/.release/native-build/sdk/occt/inc/StepVisual_HArray1OfCameraModelD3MultiClippingUnionSelect.hxx
-- Installing: C:/Users/Davi/Downloads/oma/.release/native-build/sdk/occt/inc/StepVisual_HArray1OfCurveStyleFontPattern.hxx
-- Installing: C:/Users/Davi/Downloads/oma/.release/native-build/sdk/occt/inc/StepVisual_HArray1OfDirectionCountSelect.hxx
-- Installing: C:/Users/Davi/Downloads/oma/.release/native-build/sdk/occt/inc/StepVisual_HArray1OfDraughtingCalloutElement.hxx
-- Installing: C:/Users/Davi/Downloads/oma/.release/native-build/sdk/occt/inc/StepVisual_HArray1OfFillStyleSelect.hxx
-- Installing: C:/Users/Davi/Downloads/oma/.release/native-build/sdk/occt/inc/StepVisual_HArray1OfInvisibleItem.hxx
-- Installing: C:/Users/Davi/Downloads/oma/.release/native-build/sdk/occt/inc/StepVisual_HArray1OfLayeredItem.hxx
-- Installing: C:/Users/Davi/Downloads/oma/.release/native-build/sdk/occt/inc/StepVisual_HArray1OfPresentationStyleAssignment.hxx
-- Installing: C:/Users/Davi/Downloads/oma/.release/native-build/sdk/occt/inc/StepVisual_HArray1OfPresentationStyleSelect.hxx
-- Installing: C:/Users/Davi/Downloads/oma/.release/native-build/sdk/occt/inc/StepVisual_HArray1OfRenderingPropertiesSelect.hxx
-- Installing: C:/Users/Davi/Downloads/oma/.release/native-build/sdk/occt/inc/StepVisual_HArray1OfStyleContextSelect.hxx
-- Installing: C:/Users/Davi/Downloads/oma/.release/native-build/sdk/occt/inc/StepVisual_HArray1OfSurfaceStyleElementSelect.hxx
-- Installing: C:/Users/Davi/Downloads/oma/.release/native-build/sdk/occt/inc/StepVisual_HArray1OfTessellatedEdgeOrVertex.hxx
-- Installing: C:/Users/Davi/Downloads/oma/.release/native-build/sdk/occt/inc/StepVisual_HArray1OfTessellatedStructuredItem.hxx
-- Installing: C:/Users/Davi/Downloads/oma/.release/native-build/sdk/occt/inc/StepVisual_HArray1OfTextOrCharacter.hxx
-- Installing: C:/Users/Davi/Downloads/oma/.release/native-build/sdk/occt/inc/StepVisual_Invisibility.hxx
-- Installing: C:/Users/Davi/Downloads/oma/.release/native-build/sdk/occt/inc/StepVisual_InvisibilityContext.hxx
-- Installing: C:/Users/Davi/Downloads/oma/.release/native-build/sdk/occt/inc/StepVisual_InvisibleItem.hxx
-- Installing: C:/Users/Davi/Downloads/oma/.release/native-build/sdk/occt/inc/StepVisual_LayeredItem.hxx
-- Installing: C:/Users/Davi/Downloads/oma/.release/native-build/sdk/occt/inc/StepVisual_MarkerMember.hxx
-- Installing: C:/Users/Davi/Downloads/oma/.release/native-build/sdk/occt/inc/StepVisual_MarkerSelect.hxx
-- Installing: C:/Users/Davi/Downloads/oma/.release/native-build/sdk/occt/inc/StepVisual_MarkerType.hxx
-- Installing: C:/Users/Davi/Downloads/oma/.release/native-build/sdk/occt/inc/StepVisual_MechanicalDesignGeometricPresentationArea.hxx
-- Installing: C:/Users/Davi/Downloads/oma/.release/native-build/sdk/occt/inc/StepVisual_MechanicalDesignGeometricPresentationRepresentation.hxx
-- Installing: C:/Users/Davi/Downloads/oma/.release/native-build/sdk/occt/inc/StepVisual_NullStyle.hxx
-- Installing: C:/Users/Davi/Downloads/oma/.release/native-build/sdk/occt/inc/StepVisual_NullStyleMember.hxx
-- Installing: C:/Users/Davi/Downloads/oma/.release/native-build/sdk/occt/inc/StepVisual_OverRidingStyledItem.hxx
-- Installing: C:/Users/Davi/Downloads/oma/.release/native-build/sdk/occt/inc/StepVisual_PathOrCompositeCurve.hxx
-- Installing: C:/Users/Davi/Downloads/oma/.release/native-build/sdk/occt/inc/StepVisual_PlanarBox.hxx
-- Installing: C:/Users/Davi/Downloads/oma/.release/native-build/sdk/occt/inc/StepVisual_PlanarExtent.hxx
-- Installing: C:/Users/Davi/Downloads/oma/.release/native-build/sdk/occt/inc/StepVisual_PointStyle.hxx
-- Installing: C:/Users/Davi/Downloads/oma/.release/native-build/sdk/occt/inc/StepVisual_PreDefinedColour.hxx
-- Installing: C:/Users/Davi/Downloads/oma/.release/native-build/sdk/occt/inc/StepVisual_PreDefinedCurveFont.hxx
-- Installing: C:/Users/Davi/Downloads/oma/.release/native-build/sdk/occt/inc/StepVisual_PreDefinedItem.hxx
-- Installing: C:/Users/Davi/Downloads/oma/.release/native-build/sdk/occt/inc/StepVisual_PreDefinedTextFont.hxx
-- Installing: C:/Users/Davi/Downloads/oma/.release/native-build/sdk/occt/inc/StepVisual_PresentationArea.hxx
-- Installing: C:/Users/Davi/Downloads/oma/.release/native-build/sdk/occt/inc/StepVisual_PresentationLayerAssignment.hxx
-- Installing: C:/Users/Davi/Downloads/oma/.release/native-build/sdk/occt/inc/StepVisual_PresentationLayerUsage.hxx
-- Installing: C:/Users/Davi/Downloads/oma/.release/native-build/sdk/occt/inc/StepVisual_PresentationRepresentation.hxx
-- Installing: C:/Users/Davi/Downloads/oma/.release/native-build/sdk/occt/inc/StepVisual_PresentationRepresentationSelect.hxx
-- Installing: C:/Users/Davi/Downloads/oma/.release/native-build/sdk/occt/inc/StepVisual_PresentationSet.hxx
-- Installing: C:/Users/Davi/Downloads/oma/.release/native-build/sdk/occt/inc/StepVisual_PresentationSize.hxx
-- Installing: C:/Users/Davi/Downloads/oma/.release/native-build/sdk/occt/inc/StepVisual_PresentationSizeAssignmentSelect.hxx
-- Installing: C:/Users/Davi/Downloads/oma/.release/native-build/sdk/occt/inc/StepVisual_PresentationStyleAssignment.hxx
-- Installing: C:/Users/Davi/Downloads/oma/.release/native-build/sdk/occt/inc/StepVisual_PresentationStyleByContext.hxx
-- Installing: C:/Users/Davi/Downloads/oma/.release/native-build/sdk/occt/inc/StepVisual_PresentationStyleSelect.hxx
-- Installing: C:/Users/Davi/Downloads/oma/.release/native-build/sdk/occt/inc/StepVisual_PresentationView.hxx
-- Installing: C:/Users/Davi/Downloads/oma/.release/native-build/sdk/occt/inc/StepVisual_PresentedItem.hxx
-- Installing: C:/Users/Davi/Downloads/oma/.release/native-build/sdk/occt/inc/StepVisual_PresentedItemRepresentation.hxx
-- Installing: C:/Users/Davi/Downloads/oma/.release/native-build/sdk/occt/inc/StepVisual_RenderingPropertiesSelect.hxx
-- Installing: C:/Users/Davi/Downloads/oma/.release/native-build/sdk/occt/inc/StepVisual_RepositionedTessellatedGeometricSet.hxx
-- Installing: C:/Users/Davi/Downloads/oma/.release/native-build/sdk/occt/inc/StepVisual_RepositionedTessellatedItem.hxx
-- Installing: C:/Users/Davi/Downloads/oma/.release/native-build/sdk/occt/inc/StepVisual_ShadingSurfaceMethod.hxx
-- Installing: C:/Users/Davi/Downloads/oma/.release/native-build/sdk/occt/inc/StepVisual_StyleContextSelect.hxx
-- Installing: C:/Users/Davi/Downloads/oma/.release/native-build/sdk/occt/inc/StepVisual_StyledItem.hxx
-- Installing: C:/Users/Davi/Downloads/oma/.release/native-build/sdk/occt/inc/StepVisual_StyledItemTarget.hxx
-- Installing: C:/Users/Davi/Downloads/oma/.release/native-build/sdk/occt/inc/StepVisual_SurfaceSide.hxx
-- Installing: C:/Users/Davi/Downloads/oma/.release/native-build/sdk/occt/inc/StepVisual_SurfaceSideStyle.hxx
-- Installing: C:/Users/Davi/Downloads/oma/.release/native-build/sdk/occt/inc/StepVisual_SurfaceStyleBoundary.hxx
-- Installing: C:/Users/Davi/Downloads/oma/.release/native-build/sdk/occt/inc/StepVisual_SurfaceStyleControlGrid.hxx
-- Installing: C:/Users/Davi/Downloads/oma/.release/native-build/sdk/occt/inc/StepVisual_SurfaceStyleElementSelect.hxx
-- Installing: C:/Users/Davi/Downloads/oma/.release/native-build/sdk/occt/inc/StepVisual_SurfaceStyleFillArea.hxx
-- Installing: C:/Users/Davi/Downloads/oma/.release/native-build/sdk/occt/inc/StepVisual_SurfaceStyleParameterLine.hxx
-- Installing: C:/Users/Davi/Downloads/oma/.release/native-build/sdk/occt/inc/StepVisual_SurfaceStyleReflectanceAmbient.hxx
-- Installing: C:/Users/Davi/Downloads/oma/.release/native-build/sdk/occt/inc/StepVisual_SurfaceStyleRendering.hxx
-- Installing: C:/Users/Davi/Downloads/oma/.release/native-build/sdk/occt/inc/StepVisual_SurfaceStyleRenderingWithProperties.hxx
-- Installing: C:/Users/Davi/Downloads/oma/.release/native-build/sdk/occt/inc/StepVisual_SurfaceStyleSegmentationCurve.hxx
-- Installing: C:/Users/Davi/Downloads/oma/.release/native-build/sdk/occt/inc/StepVisual_SurfaceStyleSilhouette.hxx
-- Installing: C:/Users/Davi/Downloads/oma/.release/native-build/sdk/occt/inc/StepVisual_SurfaceStyleTransparent.hxx
-- Installing: C:/Users/Davi/Downloads/oma/.release/native-build/sdk/occt/inc/StepVisual_SurfaceStyleUsage.hxx
-- Installing: C:/Users/Davi/Downloads/oma/.release/native-build/sdk/occt/inc/StepVisual_Template.hxx
-- Installing: C:/Users/Davi/Downloads/oma/.release/native-build/sdk/occt/inc/StepVisual_TemplateInstance.hxx
-- Installing: C:/Users/Davi/Downloads/oma/.release/native-build/sdk/occt/inc/StepVisual_TessellatedAnnotationOccurrence.hxx
-- Installing: C:/Users/Davi/Downloads/oma/.release/native-build/sdk/occt/inc/StepVisual_TessellatedConnectingEdge.hxx
-- Installing: C:/Users/Davi/Downloads/oma/.release/native-build/sdk/occt/inc/StepVisual_TessellatedCurveSet.hxx
-- Installing: C:/Users/Davi/Downloads/oma/.release/native-build/sdk/occt/inc/StepVisual_TessellatedEdge.hxx
-- Installing: C:/Users/Davi/Downloads/oma/.release/native-build/sdk/occt/inc/StepVisual_TessellatedEdgeOrVertex.hxx
-- Installing: C:/Users/Davi/Downloads/oma/.release/native-build/sdk/occt/inc/StepVisual_TessellatedFace.hxx
-- Installing: C:/Users/Davi/Downloads/oma/.release/native-build/sdk/occt/inc/StepVisual_TessellatedGeometricSet.hxx
-- Installing: C:/Users/Davi/Downloads/oma/.release/native-build/sdk/occt/inc/StepVisual_TessellatedItem.hxx
-- Installing: C:/Users/Davi/Downloads/oma/.release/native-build/sdk/occt/inc/StepVisual_TessellatedPointSet.hxx
-- Installing: C:/Users/Davi/Downloads/oma/.release/native-build/sdk/occt/inc/StepVisual_TessellatedShapeRepresentation.hxx
-- Installing: C:/Users/Davi/Downloads/oma/.release/native-build/sdk/occt/inc/StepVisual_TessellatedShapeRepresentationWithAccuracyParameters.hxx
-- Installing: C:/Users/Davi/Downloads/oma/.release/native-build/sdk/occt/inc/StepVisual_TessellatedShell.hxx
-- Installing: C:/Users/Davi/Downloads/oma/.release/native-build/sdk/occt/inc/StepVisual_TessellatedSolid.hxx
-- Installing: C:/Users/Davi/Downloads/oma/.release/native-build/sdk/occt/inc/StepVisual_TessellatedStructuredItem.hxx
-- Installing: C:/Users/Davi/Downloads/oma/.release/native-build/sdk/occt/inc/StepVisual_TessellatedSurfaceSet.hxx
-- Installing: C:/Users/Davi/Downloads/oma/.release/native-build/sdk/occt/inc/StepVisual_TessellatedVertex.hxx
-- Installing: C:/Users/Davi/Downloads/oma/.release/native-build/sdk/occt/inc/StepVisual_TessellatedWire.hxx
-- Installing: C:/Users/Davi/Downloads/oma/.release/native-build/sdk/occt/inc/StepVisual_TextLiteral.hxx
-- Installing: C:/Users/Davi/Downloads/oma/.release/native-build/sdk/occt/inc/StepVisual_TextOrCharacter.hxx
-- Installing: C:/Users/Davi/Downloads/oma/.release/native-build/sdk/occt/inc/StepVisual_TextPath.hxx
-- Installing: C:/Users/Davi/Downloads/oma/.release/native-build/sdk/occt/inc/StepVisual_TextStyle.hxx
-- Installing: C:/Users/Davi/Downloads/oma/.release/native-build/sdk/occt/inc/StepVisual_TextStyleForDefinedFont.hxx
-- Installing: C:/Users/Davi/Downloads/oma/.release/native-build/sdk/occt/inc/StepVisual_TextStyleWithBoxCharacteristics.hxx
-- Installing: C:/Users/Davi/Downloads/oma/.release/native-build/sdk/occt/inc/StepVisual_TriangulatedFace.hxx
-- Installing: C:/Users/Davi/Downloads/oma/.release/native-build/sdk/occt/inc/StepVisual_TriangulatedSurfaceSet.hxx
-- Installing: C:/Users/Davi/Downloads/oma/.release/native-build/sdk/occt/inc/StepVisual_ViewVolume.hxx
-- Installing: C:/Users/Davi/Downloads/oma/.release/native-build/sdk/occt/inc/RWStepVisual_RWAnnotationCurveOccurrence.hxx
-- Installing: C:/Users/Davi/Downloads/oma/.release/native-build/sdk/occt/inc/RWStepVisual_RWAnnotationCurveOccurrenceAndGeomReprItem.hxx
-- Installing: C:/Users/Davi/Downloads/oma/.release/native-build/sdk/occt/inc/RWStepVisual_RWAnnotationFillArea.hxx
-- Installing: C:/Users/Davi/Downloads/oma/.release/native-build/sdk/occt/inc/RWStepVisual_RWAnnotationFillAreaOccurrence.hxx
-- Installing: C:/Users/Davi/Downloads/oma/.release/native-build/sdk/occt/inc/RWStepVisual_RWAnnotationOccurrence.hxx
-- Installing: C:/Users/Davi/Downloads/oma/.release/native-build/sdk/occt/inc/RWStepVisual_RWAnnotationPlane.hxx
-- Installing: C:/Users/Davi/Downloads/oma/.release/native-build/sdk/occt/inc/RWStepVisual_RWAreaInSet.hxx
-- Installing: C:/Users/Davi/Downloads/oma/.release/native-build/sdk/occt/inc/RWStepVisual_RWBackgroundColour.hxx
-- Installing: C:/Users/Davi/Downloads/oma/.release/native-build/sdk/occt/inc/RWStepVisual_RWCameraImage.hxx
-- Installing: C:/Users/Davi/Downloads/oma/.release/native-build/sdk/occt/inc/RWStepVisual_RWCameraModel.hxx
-- Installing: C:/Users/Davi/Downloads/oma/.release/native-build/sdk/occt/inc/RWStepVisual_RWCameraModelD2.hxx
-- Installing: C:/Users/Davi/Downloads/oma/.release/native-build/sdk/occt/inc/RWStepVisual_RWCameraModelD3.hxx
-- Installing: C:/Users/Davi/Downloads/oma/.release/native-build/sdk/occt/inc/RWStepVisual_RWCameraModelD3MultiClipping.hxx
-- Installing: C:/Users/Davi/Downloads/oma/.release/native-build/sdk/occt/inc/RWStepVisual_RWCameraModelD3MultiClippingIntersection.hxx
-- Installing: C:/Users/Davi/Downloads/oma/.release/native-build/sdk/occt/inc/RWStepVisual_RWCameraModelD3MultiClippingUnion.hxx
-- Installing: C:/Users/Davi/Downloads/oma/.release/native-build/sdk/occt/inc/RWStepVisual_RWCameraUsage.hxx
-- Installing: C:/Users/Davi/Downloads/oma/.release/native-build/sdk/occt/inc/RWStepVisual_RWCharacterizedObjAndRepresentationAndDraughtingModel.hxx
-- Installing: C:/Users/Davi/Downloads/oma/.release/native-build/sdk/occt/inc/RWStepVisual_RWColour.hxx
-- Installing: C:/Users/Davi/Downloads/oma/.release/native-build/sdk/occt/inc/RWStepVisual_RWColourRgb.hxx
-- Installing: C:/Users/Davi/Downloads/oma/.release/native-build/sdk/occt/inc/RWStepVisual_RWColourSpecification.hxx
-- Installing: C:/Users/Davi/Downloads/oma/.release/native-build/sdk/occt/inc/RWStepVisual_RWComplexTriangulatedFace.hxx
-- Installing: C:/Users/Davi/Downloads/oma/.release/native-build/sdk/occt/inc/RWStepVisual_RWComplexTriangulatedSurfaceSet.hxx
-- Installing: C:/Users/Davi/Downloads/oma/.release/native-build/sdk/occt/inc/RWStepVisual_RWCompositeText.hxx
-- Installing: C:/Users/Davi/Downloads/oma/.release/native-build/sdk/occt/inc/RWStepVisual_RWCompositeTextWithExtent.hxx
-- Installing: C:/Users/Davi/Downloads/oma/.release/native-build/sdk/occt/inc/RWStepVisual_RWContextDependentInvisibility.hxx
-- Installing: C:/Users/Davi/Downloads/oma/.release/native-build/sdk/occt/inc/RWStepVisual_RWContextDependentOverRidingStyledItem.hxx
-- Installing: C:/Users/Davi/Downloads/oma/.release/native-build/sdk/occt/inc/RWStepVisual_RWCoordinatesList.hxx
-- Installing: C:/Users/Davi/Downloads/oma/.release/native-build/sdk/occt/inc/RWStepVisual_RWCubicBezierTessellatedEdge.hxx
-- Installing: C:/Users/Davi/Downloads/oma/.release/native-build/sdk/occt/inc/RWStepVisual_RWCubicBezierTriangulatedFace.hxx
-- Installing: C:/Users/Davi/Downloads/oma/.release/native-build/sdk/occt/inc/RWStepVisual_RWCurveStyle.hxx
-- Installing: C:/Users/Davi/Downloads/oma/.release/native-build/sdk/occt/inc/RWStepVisual_RWCurveStyleFont.hxx
-- Installing: C:/Users/Davi/Downloads/oma/.release/native-build/sdk/occt/inc/RWStepVisual_RWCurveStyleFontPattern.hxx
-- Installing: C:/Users/Davi/Downloads/oma/.release/native-build/sdk/occt/inc/RWStepVisual_RWDraughtingCallout.hxx
-- Installing: C:/Users/Davi/Downloads/oma/.release/native-build/sdk/occt/inc/RWStepVisual_RWDraughtingModel.hxx
-- Installing: C:/Users/Davi/Downloads/oma/.release/native-build/sdk/occt/inc/RWStepVisual_RWDraughtingPreDefinedColour.hxx
-- Installing: C:/Users/Davi/Downloads/oma/.release/native-build/sdk/occt/inc/RWStepVisual_RWDraughtingPreDefinedCurveFont.hxx
-- Installing: C:/Users/Davi/Downloads/oma/.release/native-build/sdk/occt/inc/RWStepVisual_RWExternallyDefinedCurveFont.hxx
-- Installing: C:/Users/Davi/Downloads/oma/.release/native-build/sdk/occt/inc/RWStepVisual_RWFillAreaStyle.hxx
-- Installing: C:/Users/Davi/Downloads/oma/.release/native-build/sdk/occt/inc/RWStepVisual_RWFillAreaStyleColour.hxx
-- Installing: C:/Users/Davi/Downloads/oma/.release/native-build/sdk/occt/inc/RWStepVisual_RWInvisibility.hxx
-- Installing: C:/Users/Davi/Downloads/oma/.release/native-build/sdk/occt/inc/RWStepVisual_RWMechanicalDesignGeometricPresentationArea.hxx
-- Installing: C:/Users/Davi/Downloads/oma/.release/native-build/sdk/occt/inc/RWStepVisual_RWMechanicalDesignGeometricPresentationRepresentation.hxx
-- Installing: C:/Users/Davi/Downloads/oma/.release/native-build/sdk/occt/inc/RWStepVisual_RWOverRidingStyledItem.hxx
-- Installing: C:/Users/Davi/Downloads/oma/.release/native-build/sdk/occt/inc/RWStepVisual_RWPlanarBox.hxx
-- Installing: C:/Users/Davi/Downloads/oma/.release/native-build/sdk/occt/inc/RWStepVisual_RWPlanarExtent.hxx
-- Installing: C:/Users/Davi/Downloads/oma/.release/native-build/sdk/occt/inc/RWStepVisual_RWPointStyle.hxx
-- Installing: C:/Users/Davi/Downloads/oma/.release/native-build/sdk/occt/inc/RWStepVisual_RWPreDefinedColour.hxx
-- Installing: C:/Users/Davi/Downloads/oma/.release/native-build/sdk/occt/inc/RWStepVisual_RWPreDefinedCurveFont.hxx
-- Installing: C:/Users/Davi/Downloads/oma/.release/native-build/sdk/occt/inc/RWStepVisual_RWPreDefinedItem.hxx
-- Installing: C:/Users/Davi/Downloads/oma/.release/native-build/sdk/occt/inc/RWStepVisual_RWPresentationArea.hxx
-- Installing: C:/Users/Davi/Downloads/oma/.release/native-build/sdk/occt/inc/RWStepVisual_RWPresentationLayerAssignment.hxx
-- Installing: C:/Users/Davi/Downloads/oma/.release/native-build/sdk/occt/inc/RWStepVisual_RWPresentationLayerUsage.hxx
-- Installing: C:/Users/Davi/Downloads/oma/.release/native-build/sdk/occt/inc/RWStepVisual_RWPresentationRepresentation.hxx
-- Installing: C:/Users/Davi/Downloads/oma/.release/native-build/sdk/occt/inc/RWStepVisual_RWPresentationSet.hxx
-- Installing: C:/Users/Davi/Downloads/oma/.release/native-build/sdk/occt/inc/RWStepVisual_RWPresentationSize.hxx
-- Installing: C:/Users/Davi/Downloads/oma/.release/native-build/sdk/occt/inc/RWStepVisual_RWPresentationStyleAssignment.hxx
-- Installing: C:/Users/Davi/Downloads/oma/.release/native-build/sdk/occt/inc/RWStepVisual_RWPresentationStyleByContext.hxx
-- Installing: C:/Users/Davi/Downloads/oma/.release/native-build/sdk/occt/inc/RWStepVisual_RWPresentationView.hxx
-- Installing: C:/Users/Davi/Downloads/oma/.release/native-build/sdk/occt/inc/RWStepVisual_RWPresentedItemRepresentation.hxx
-- Installing: C:/Users/Davi/Downloads/oma/.release/native-build/sdk/occt/inc/RWStepVisual_RWRepositionedTessellatedGeometricSet.hxx
-- Installing: C:/Users/Davi/Downloads/oma/.release/native-build/sdk/occt/inc/RWStepVisual_RWRepositionedTessellatedItem.hxx
-- Installing: C:/Users/Davi/Downloads/oma/.release/native-build/sdk/occt/inc/RWStepVisual_RWStyledItem.hxx
-- Installing: C:/Users/Davi/Downloads/oma/.release/native-build/sdk/occt/inc/RWStepVisual_RWSurfaceSideStyle.hxx
-- Installing: C:/Users/Davi/Downloads/oma/.release/native-build/sdk/occt/inc/RWStepVisual_RWSurfaceStyleBoundary.hxx
-- Installing: C:/Users/Davi/Downloads/oma/.release/native-build/sdk/occt/inc/RWStepVisual_RWSurfaceStyleControlGrid.hxx
-- Installing: C:/Users/Davi/Downloads/oma/.release/native-build/sdk/occt/inc/RWStepVisual_RWSurfaceStyleFillArea.hxx
-- Installing: C:/Users/Davi/Downloads/oma/.release/native-build/sdk/occt/inc/RWStepVisual_RWSurfaceStyleParameterLine.hxx
-- Installing: C:/Users/Davi/Downloads/oma/.release/native-build/sdk/occt/inc/RWStepVisual_RWSurfaceStyleReflectanceAmbient.hxx
-- Installing: C:/Users/Davi/Downloads/oma/.release/native-build/sdk/occt/inc/RWStepVisual_RWSurfaceStyleRendering.hxx
-- Installing: C:/Users/Davi/Downloads/oma/.release/native-build/sdk/occt/inc/RWStepVisual_RWSurfaceStyleRenderingWithProperties.hxx
-- Installing: C:/Users/Davi/Downloads/oma/.release/native-build/sdk/occt/inc/RWStepVisual_RWSurfaceStyleSegmentationCurve.hxx
-- Installing: C:/Users/Davi/Downloads/oma/.release/native-build/sdk/occt/inc/RWStepVisual_RWSurfaceStyleSilhouette.hxx
-- Installing: C:/Users/Davi/Downloads/oma/.release/native-build/sdk/occt/inc/RWStepVisual_RWSurfaceStyleTransparent.hxx
-- Installing: C:/Users/Davi/Downloads/oma/.release/native-build/sdk/occt/inc/RWStepVisual_RWSurfaceStyleUsage.hxx
-- Installing: C:/Users/Davi/Downloads/oma/.release/native-build/sdk/occt/inc/RWStepVisual_RWTemplate.hxx
-- Installing: C:/Users/Davi/Downloads/oma/.release/native-build/sdk/occt/inc/RWStepVisual_RWTemplateInstance.hxx
-- Installing: C:/Users/Davi/Downloads/oma/.release/native-build/sdk/occt/inc/RWStepVisual_RWTessellatedAnnotationOccurrence.hxx
-- Installing: C:/Users/Davi/Downloads/oma/.release/native-build/sdk/occt/inc/RWStepVisual_RWTessellatedConnectingEdge.hxx
-- Installing: C:/Users/Davi/Downloads/oma/.release/native-build/sdk/occt/inc/RWStepVisual_RWTessellatedCurveSet.hxx
-- Installing: C:/Users/Davi/Downloads/oma/.release/native-build/sdk/occt/inc/RWStepVisual_RWTessellatedEdge.hxx
-- Installing: C:/Users/Davi/Downloads/oma/.release/native-build/sdk/occt/inc/RWStepVisual_RWTessellatedGeometricSet.hxx
-- Installing: C:/Users/Davi/Downloads/oma/.release/native-build/sdk/occt/inc/RWStepVisual_RWTessellatedItem.hxx
-- Installing: C:/Users/Davi/Downloads/oma/.release/native-build/sdk/occt/inc/RWStepVisual_RWTessellatedPointSet.hxx
-- Installing: C:/Users/Davi/Downloads/oma/.release/native-build/sdk/occt/inc/RWStepVisual_RWTessellatedShapeRepresentation.hxx
-- Installing: C:/Users/Davi/Downloads/oma/.release/native-build/sdk/occt/inc/RWStepVisual_RWTessellatedShapeRepresentationWithAccuracyParameters.hxx
-- Installing: C:/Users/Davi/Downloads/oma/.release/native-build/sdk/occt/inc/RWStepVisual_RWTessellatedShell.hxx
-- Installing: C:/Users/Davi/Downloads/oma/.release/native-build/sdk/occt/inc/RWStepVisual_RWTessellatedSolid.hxx
-- Installing: C:/Users/Davi/Downloads/oma/.release/native-build/sdk/occt/inc/RWStepVisual_RWTessellatedStructuredItem.hxx
-- Installing: C:/Users/Davi/Downloads/oma/.release/native-build/sdk/occt/inc/RWStepVisual_RWTessellatedVertex.hxx
-- Installing: C:/Users/Davi/Downloads/oma/.release/native-build/sdk/occt/inc/RWStepVisual_RWTessellatedWire.hxx
-- Installing: C:/Users/Davi/Downloads/oma/.release/native-build/sdk/occt/inc/RWStepVisual_RWTextLiteral.hxx
-- Installing: C:/Users/Davi/Downloads/oma/.release/native-build/sdk/occt/inc/RWStepVisual_RWTextStyle.hxx
-- Installing: C:/Users/Davi/Downloads/oma/.release/native-build/sdk/occt/inc/RWStepVisual_RWTextStyleForDefinedFont.hxx
-- Installing: C:/Users/Davi/Downloads/oma/.release/native-build/sdk/occt/inc/RWStepVisual_RWTextStyleWithBoxCharacteristics.hxx
-- Installing: C:/Users/Davi/Downloads/oma/.release/native-build/sdk/occt/inc/RWStepVisual_RWTriangulatedFace.hxx
-- Installing: C:/Users/Davi/Downloads/oma/.release/native-build/sdk/occt/inc/RWStepVisual_RWTriangulatedSurfaceSet.hxx
-- Installing: C:/Users/Davi/Downloads/oma/.release/native-build/sdk/occt/inc/RWStepVisual_RWViewVolume.hxx
-- Installing: C:/Users/Davi/Downloads/oma/.release/native-build/sdk/occt/inc/StepDimTol_AngularityTolerance.hxx
-- Installing: C:/Users/Davi/Downloads/oma/.release/native-build/sdk/occt/inc/StepDimTol_AreaUnitType.hxx
-- Installing: C:/Users/Davi/Downloads/oma/.release/native-build/sdk/occt/inc/StepDimTol_Array1OfDatumReference.hxx
-- Installing: C:/Users/Davi/Downloads/oma/.release/native-build/sdk/occt/inc/StepDimTol_Array1OfDatumReferenceCompartment.hxx
-- Installing: C:/Users/Davi/Downloads/oma/.release/native-build/sdk/occt/inc/StepDimTol_Array1OfDatumReferenceElement.hxx
-- Installing: C:/Users/Davi/Downloads/oma/.release/native-build/sdk/occt/inc/StepDimTol_Array1OfDatumReferenceModifier.hxx
-- Installing: C:/Users/Davi/Downloads/oma/.release/native-build/sdk/occt/inc/StepDimTol_Array1OfDatumSystemOrReference.hxx
-- Installing: C:/Users/Davi/Downloads/oma/.release/native-build/sdk/occt/inc/StepDimTol_Array1OfGeometricToleranceModifier.hxx
-- Installing: C:/Users/Davi/Downloads/oma/.release/native-build/sdk/occt/inc/StepDimTol_Array1OfToleranceZoneTarget.hxx
-- Installing: C:/Users/Davi/Downloads/oma/.release/native-build/sdk/occt/inc/StepDimTol_CircularRunoutTolerance.hxx
-- Installing: C:/Users/Davi/Downloads/oma/.release/native-build/sdk/occt/inc/StepDimTol_CoaxialityTolerance.hxx
-- Installing: C:/Users/Davi/Downloads/oma/.release/native-build/sdk/occt/inc/StepDimTol_CommonDatum.hxx
-- Installing: C:/Users/Davi/Downloads/oma/.release/native-build/sdk/occt/inc/StepDimTol_ConcentricityTolerance.hxx
-- Installing: C:/Users/Davi/Downloads/oma/.release/native-build/sdk/occt/inc/StepDimTol_CylindricityTolerance.hxx
-- Installing: C:/Users/Davi/Downloads/oma/.release/native-build/sdk/occt/inc/StepDimTol_Datum.hxx
-- Installing: C:/Users/Davi/Downloads/oma/.release/native-build/sdk/occt/inc/StepDimTol_DatumFeature.hxx
-- Installing: C:/Users/Davi/Downloads/oma/.release/native-build/sdk/occt/inc/StepDimTol_DatumOrCommonDatum.hxx
-- Installing: C:/Users/Davi/Downloads/oma/.release/native-build/sdk/occt/inc/StepDimTol_DatumReference.hxx
-- Installing: C:/Users/Davi/Downloads/oma/.release/native-build/sdk/occt/inc/StepDimTol_DatumReferenceCompartment.hxx
-- Installing: C:/Users/Davi/Downloads/oma/.release/native-build/sdk/occt/inc/StepDimTol_DatumReferenceElement.hxx
-- Installing: C:/Users/Davi/Downloads/oma/.release/native-build/sdk/occt/inc/StepDimTol_DatumReferenceModifier.hxx
-- Installing: C:/Users/Davi/Downloads/oma/.release/native-build/sdk/occt/inc/StepDimTol_DatumReferenceModifierType.hxx
-- Installing: C:/Users/Davi/Downloads/oma/.release/native-build/sdk/occt/inc/StepDimTol_DatumReferenceModifierWithValue.hxx
-- Installing: C:/Users/Davi/Downloads/oma/.release/native-build/sdk/occt/inc/StepDimTol_DatumSystem.hxx
-- Installing: C:/Users/Davi/Downloads/oma/.release/native-build/sdk/occt/inc/StepDimTol_DatumSystemOrReference.hxx
-- Installing: C:/Users/Davi/Downloads/oma/.release/native-build/sdk/occt/inc/StepDimTol_DatumTarget.hxx
-- Installing: C:/Users/Davi/Downloads/oma/.release/native-build/sdk/occt/inc/StepDimTol_FlatnessTolerance.hxx
-- Installing: C:/Users/Davi/Downloads/oma/.release/native-build/sdk/occt/inc/StepDimTol_GeneralDatumReference.hxx
-- Installing: C:/Users/Davi/Downloads/oma/.release/native-build/sdk/occt/inc/StepDimTol_GeoTolAndGeoTolWthDatRef.hxx
-- Installing: C:/Users/Davi/Downloads/oma/.release/native-build/sdk/occt/inc/StepDimTol_GeoTolAndGeoTolWthDatRefAndGeoTolWthMaxTol.hxx
-- Installing: C:/Users/Davi/Downloads/oma/.release/native-build/sdk/occt/inc/StepDimTol_GeoTolAndGeoTolWthDatRefAndGeoTolWthMod.hxx
-- Installing: C:/Users/Davi/Downloads/oma/.release/native-build/sdk/occt/inc/StepDimTol_GeoTolAndGeoTolWthDatRefAndModGeoTolAndPosTol.hxx
-- Installing: C:/Users/Davi/Downloads/oma/.release/native-build/sdk/occt/inc/StepDimTol_GeoTolAndGeoTolWthDatRefAndUneqDisGeoTol.hxx
-- Installing: C:/Users/Davi/Downloads/oma/.release/native-build/sdk/occt/inc/StepDimTol_GeoTolAndGeoTolWthMaxTol.hxx
-- Installing: C:/Users/Davi/Downloads/oma/.release/native-build/sdk/occt/inc/StepDimTol_GeoTolAndGeoTolWthMod.hxx
-- Installing: C:/Users/Davi/Downloads/oma/.release/native-build/sdk/occt/inc/StepDimTol_GeometricTolerance.hxx
-- Installing: C:/Users/Davi/Downloads/oma/.release/native-build/sdk/occt/inc/StepDimTol_GeometricToleranceModifier.hxx
-- Installing: C:/Users/Davi/Downloads/oma/.release/native-build/sdk/occt/inc/StepDimTol_GeometricToleranceRelationship.hxx
-- Installing: C:/Users/Davi/Downloads/oma/.release/native-build/sdk/occt/inc/StepDimTol_GeometricToleranceTarget.hxx
-- Installing: C:/Users/Davi/Downloads/oma/.release/native-build/sdk/occt/inc/StepDimTol_GeometricToleranceType.hxx
-- Installing: C:/Users/Davi/Downloads/oma/.release/native-build/sdk/occt/inc/StepDimTol_GeometricToleranceWithDatumReference.hxx
-- Installing: C:/Users/Davi/Downloads/oma/.release/native-build/sdk/occt/inc/StepDimTol_GeometricToleranceWithDefinedAreaUnit.hxx
-- Installing: C:/Users/Davi/Downloads/oma/.release/native-build/sdk/occt/inc/StepDimTol_GeometricToleranceWithDefinedUnit.hxx
-- Installing: C:/Users/Davi/Downloads/oma/.release/native-build/sdk/occt/inc/StepDimTol_GeometricToleranceWithMaximumTolerance.hxx
-- Installing: C:/Users/Davi/Downloads/oma/.release/native-build/sdk/occt/inc/StepDimTol_GeometricToleranceWithModifiers.hxx
-- Installing: C:/Users/Davi/Downloads/oma/.release/native-build/sdk/occt/inc/StepDimTol_HArray1OfDatumReference.hxx
-- Installing: C:/Users/Davi/Downloads/oma/.release/native-build/sdk/occt/inc/StepDimTol_HArray1OfDatumReferenceCompartment.hxx
-- Installing: C:/Users/Davi/Downloads/oma/.release/native-build/sdk/occt/inc/StepDimTol_HArray1OfDatumReferenceElement.hxx
-- Installing: C:/Users/Davi/Downloads/oma/.release/native-build/sdk/occt/inc/StepDimTol_HArray1OfDatumReferenceModifier.hxx
-- Installing: C:/Users/Davi/Downloads/oma/.release/native-build/sdk/occt/inc/StepDimTol_HArray1OfDatumSystemOrReference.hxx
-- Installing: C:/Users/Davi/Downloads/oma/.release/native-build/sdk/occt/inc/StepDimTol_HArray1OfGeometricToleranceModifier.hxx
-- Installing: C:/Users/Davi/Downloads/oma/.release/native-build/sdk/occt/inc/StepDimTol_HArray1OfToleranceZoneTarget.hxx
-- Installing: C:/Users/Davi/Downloads/oma/.release/native-build/sdk/occt/inc/StepDimTol_LimitCondition.hxx
-- Installing: C:/Users/Davi/Downloads/oma/.release/native-build/sdk/occt/inc/StepDimTol_LineProfileTolerance.hxx
-- Installing: C:/Users/Davi/Downloads/oma/.release/native-build/sdk/occt/inc/StepDimTol_ModifiedGeometricTolerance.hxx
-- Installing: C:/Users/Davi/Downloads/oma/.release/native-build/sdk/occt/inc/StepDimTol_NonUniformZoneDefinition.hxx
-- Installing: C:/Users/Davi/Downloads/oma/.release/native-build/sdk/occt/inc/StepDimTol_ParallelismTolerance.hxx
-- Installing: C:/Users/Davi/Downloads/oma/.release/native-build/sdk/occt/inc/StepDimTol_PerpendicularityTolerance.hxx
-- Installing: C:/Users/Davi/Downloads/oma/.release/native-build/sdk/occt/inc/StepDimTol_PlacedDatumTargetFeature.hxx
-- Installing: C:/Users/Davi/Downloads/oma/.release/native-build/sdk/occt/inc/StepDimTol_PositionTolerance.hxx
-- Installing: C:/Users/Davi/Downloads/oma/.release/native-build/sdk/occt/inc/StepDimTol_ProjectedZoneDefinition.hxx
-- Installing: C:/Users/Davi/Downloads/oma/.release/native-build/sdk/occt/inc/StepDimTol_RoundnessTolerance.hxx
-- Installing: C:/Users/Davi/Downloads/oma/.release/native-build/sdk/occt/inc/StepDimTol_RunoutZoneDefinition.hxx
-- Installing: C:/Users/Davi/Downloads/oma/.release/native-build/sdk/occt/inc/StepDimTol_RunoutZoneOrientation.hxx
-- Installing: C:/Users/Davi/Downloads/oma/.release/native-build/sdk/occt/inc/StepDimTol_ShapeToleranceSelect.hxx
-- Installing: C:/Users/Davi/Downloads/oma/.release/native-build/sdk/occt/inc/StepDimTol_SimpleDatumReferenceModifier.hxx
-- Installing: C:/Users/Davi/Downloads/oma/.release/native-build/sdk/occt/inc/StepDimTol_SimpleDatumReferenceModifierMember.hxx
-- Installing: C:/Users/Davi/Downloads/oma/.release/native-build/sdk/occt/inc/StepDimTol_StraightnessTolerance.hxx
-- Installing: C:/Users/Davi/Downloads/oma/.release/native-build/sdk/occt/inc/StepDimTol_SurfaceProfileTolerance.hxx
-- Installing: C:/Users/Davi/Downloads/oma/.release/native-build/sdk/occt/inc/StepDimTol_SymmetryTolerance.hxx
-- Installing: C:/Users/Davi/Downloads/oma/.release/native-build/sdk/occt/inc/StepDimTol_ToleranceZone.hxx
-- Installing: C:/Users/Davi/Downloads/oma/.release/native-build/sdk/occt/inc/StepDimTol_ToleranceZoneDefinition.hxx
-- Installing: C:/Users/Davi/Downloads/oma/.release/native-build/sdk/occt/inc/StepDimTol_ToleranceZoneForm.hxx
-- Installing: C:/Users/Davi/Downloads/oma/.release/native-build/sdk/occt/inc/StepDimTol_ToleranceZoneTarget.hxx
-- Installing: C:/Users/Davi/Downloads/oma/.release/native-build/sdk/occt/inc/StepDimTol_TotalRunoutTolerance.hxx
-- Installing: C:/Users/Davi/Downloads/oma/.release/native-build/sdk/occt/inc/StepDimTol_UnequallyDisposedGeometricTolerance.hxx
-- Installing: C:/Users/Davi/Downloads/oma/.release/native-build/sdk/occt/inc/RWStepDimTol_RWAngularityTolerance.hxx
-- Installing: C:/Users/Davi/Downloads/oma/.release/native-build/sdk/occt/inc/RWStepDimTol_RWCircularRunoutTolerance.hxx
-- Installing: C:/Users/Davi/Downloads/oma/.release/native-build/sdk/occt/inc/RWStepDimTol_RWCoaxialityTolerance.hxx
-- Installing: C:/Users/Davi/Downloads/oma/.release/native-build/sdk/occt/inc/RWStepDimTol_RWCommonDatum.hxx
-- Installing: C:/Users/Davi/Downloads/oma/.release/native-build/sdk/occt/inc/RWStepDimTol_RWConcentricityTolerance.hxx
-- Installing: C:/Users/Davi/Downloads/oma/.release/native-build/sdk/occt/inc/RWStepDimTol_RWCylindricityTolerance.hxx
-- Installing: C:/Users/Davi/Downloads/oma/.release/native-build/sdk/occt/inc/RWStepDimTol_RWDatum.hxx
-- Installing: C:/Users/Davi/Downloads/oma/.release/native-build/sdk/occt/inc/RWStepDimTol_RWDatumFeature.hxx
-- Installing: C:/Users/Davi/Downloads/oma/.release/native-build/sdk/occt/inc/RWStepDimTol_RWDatumReference.hxx
-- Installing: C:/Users/Davi/Downloads/oma/.release/native-build/sdk/occt/inc/RWStepDimTol_RWDatumReferenceCompartment.hxx
-- Installing: C:/Users/Davi/Downloads/oma/.release/native-build/sdk/occt/inc/RWStepDimTol_RWDatumReferenceElement.hxx
-- Installing: C:/Users/Davi/Downloads/oma/.release/native-build/sdk/occt/inc/RWStepDimTol_RWDatumReferenceModifierWithValue.hxx
-- Installing: C:/Users/Davi/Downloads/oma/.release/native-build/sdk/occt/inc/RWStepDimTol_RWDatumSystem.hxx
-- Installing: C:/Users/Davi/Downloads/oma/.release/native-build/sdk/occt/inc/RWStepDimTol_RWDatumTarget.hxx
-- Installing: C:/Users/Davi/Downloads/oma/.release/native-build/sdk/occt/inc/RWStepDimTol_RWFlatnessTolerance.hxx
-- Installing: C:/Users/Davi/Downloads/oma/.release/native-build/sdk/occt/inc/RWStepDimTol_RWGeneralDatumReference.hxx
-- Installing: C:/Users/Davi/Downloads/oma/.release/native-build/sdk/occt/inc/RWStepDimTol_RWGeoTolAndGeoTolWthDatRef.hxx
-- Installing: C:/Users/Davi/Downloads/oma/.release/native-build/sdk/occt/inc/RWStepDimTol_RWGeoTolAndGeoTolWthDatRefAndGeoTolWthMaxTol.hxx
-- Installing: C:/Users/Davi/Downloads/oma/.release/native-build/sdk/occt/inc/RWStepDimTol_RWGeoTolAndGeoTolWthDatRefAndGeoTolWthMod.hxx
-- Installing: C:/Users/Davi/Downloads/oma/.release/native-build/sdk/occt/inc/RWStepDimTol_RWGeoTolAndGeoTolWthDatRefAndModGeoTolAndPosTol.hxx
-- Installing: C:/Users/Davi/Downloads/oma/.release/native-build/sdk/occt/inc/RWStepDimTol_RWGeoTolAndGeoTolWthDatRefAndUneqDisGeoTol.hxx
-- Installing: C:/Users/Davi/Downloads/oma/.release/native-build/sdk/occt/inc/RWStepDimTol_RWGeoTolAndGeoTolWthMaxTol.hxx
-- Installing: C:/Users/Davi/Downloads/oma/.release/native-build/sdk/occt/inc/RWStepDimTol_RWGeoTolAndGeoTolWthMod.hxx
-- Installing: C:/Users/Davi/Downloads/oma/.release/native-build/sdk/occt/inc/RWStepDimTol_RWGeometricTolerance.hxx
-- Installing: C:/Users/Davi/Downloads/oma/.release/native-build/sdk/occt/inc/RWStepDimTol_RWGeometricToleranceRelationship.hxx
-- Installing: C:/Users/Davi/Downloads/oma/.release/native-build/sdk/occt/inc/RWStepDimTol_RWGeometricToleranceWithDatumReference.hxx
-- Installing: C:/Users/Davi/Downloads/oma/.release/native-build/sdk/occt/inc/RWStepDimTol_RWGeometricToleranceWithDefinedAreaUnit.hxx
-- Installing: C:/Users/Davi/Downloads/oma/.release/native-build/sdk/occt/inc/RWStepDimTol_RWGeometricToleranceWithDefinedUnit.hxx
-- Installing: C:/Users/Davi/Downloads/oma/.release/native-build/sdk/occt/inc/RWStepDimTol_RWGeometricToleranceWithMaximumTolerance.hxx
-- Installing: C:/Users/Davi/Downloads/oma/.release/native-build/sdk/occt/inc/RWStepDimTol_RWGeometricToleranceWithModifiers.hxx
-- Installing: C:/Users/Davi/Downloads/oma/.release/native-build/sdk/occt/inc/RWStepDimTol_RWLineProfileTolerance.hxx
-- Installing: C:/Users/Davi/Downloads/oma/.release/native-build/sdk/occt/inc/RWStepDimTol_RWModifiedGeometricTolerance.hxx
-- Installing: C:/Users/Davi/Downloads/oma/.release/native-build/sdk/occt/inc/RWStepDimTol_RWNonUniformZoneDefinition.hxx
-- Installing: C:/Users/Davi/Downloads/oma/.release/native-build/sdk/occt/inc/RWStepDimTol_RWParallelismTolerance.hxx
-- Installing: C:/Users/Davi/Downloads/oma/.release/native-build/sdk/occt/inc/RWStepDimTol_RWPerpendicularityTolerance.hxx
-- Installing: C:/Users/Davi/Downloads/oma/.release/native-build/sdk/occt/inc/RWStepDimTol_RWPlacedDatumTargetFeature.hxx
-- Installing: C:/Users/Davi/Downloads/oma/.release/native-build/sdk/occt/inc/RWStepDimTol_RWPositionTolerance.hxx
-- Installing: C:/Users/Davi/Downloads/oma/.release/native-build/sdk/occt/inc/RWStepDimTol_RWProjectedZoneDefinition.hxx
-- Installing: C:/Users/Davi/Downloads/oma/.release/native-build/sdk/occt/inc/RWStepDimTol_RWRoundnessTolerance.hxx
-- Installing: C:/Users/Davi/Downloads/oma/.release/native-build/sdk/occt/inc/RWStepDimTol_RWRunoutZoneDefinition.hxx
-- Installing: C:/Users/Davi/Downloads/oma/.release/native-build/sdk/occt/inc/RWStepDimTol_RWRunoutZoneOrientation.hxx
-- Installing: C:/Users/Davi/Downloads/oma/.release/native-build/sdk/occt/inc/RWStepDimTol_RWStraightnessTolerance.hxx
-- Installing: C:/Users/Davi/Downloads/oma/.release/native-build/sdk/occt/inc/RWStepDimTol_RWSurfaceProfileTolerance.hxx
-- Installing: C:/Users/Davi/Downloads/oma/.release/native-build/sdk/occt/inc/RWStepDimTol_RWSymmetryTolerance.hxx
-- Installing: C:/Users/Davi/Downloads/oma/.release/native-build/sdk/occt/inc/RWStepDimTol_RWToleranceZone.hxx
-- Installing: C:/Users/Davi/Downloads/oma/.release/native-build/sdk/occt/inc/RWStepDimTol_RWToleranceZoneDefinition.hxx
-- Installing: C:/Users/Davi/Downloads/oma/.release/native-build/sdk/occt/inc/RWStepDimTol_RWToleranceZoneForm.hxx
-- Installing: C:/Users/Davi/Downloads/oma/.release/native-build/sdk/occt/inc/RWStepDimTol_RWTotalRunoutTolerance.hxx
-- Installing: C:/Users/Davi/Downloads/oma/.release/native-build/sdk/occt/inc/RWStepDimTol_RWUnequallyDisposedGeometricTolerance.hxx
-- Installing: C:/Users/Davi/Downloads/oma/.release/native-build/sdk/occt/inc/StepKinematics_ActuatedDirection.hxx
-- Installing: C:/Users/Davi/Downloads/oma/.release/native-build/sdk/occt/inc/StepKinematics_ActuatedKinPairAndOrderKinPair.hxx
-- Installing: C:/Users/Davi/Downloads/oma/.release/native-build/sdk/occt/inc/StepKinematics_ActuatedKinematicPair.hxx
-- Installing: C:/Users/Davi/Downloads/oma/.release/native-build/sdk/occt/inc/StepKinematics_ContextDependentKinematicLinkRepresentation.hxx
-- Installing: C:/Users/Davi/Downloads/oma/.release/native-build/sdk/occt/inc/StepKinematics_CylindricalPair.hxx
-- Installing: C:/Users/Davi/Downloads/oma/.release/native-build/sdk/occt/inc/StepKinematics_CylindricalPairValue.hxx
-- Installing: C:/Users/Davi/Downloads/oma/.release/native-build/sdk/occt/inc/StepKinematics_CylindricalPairWithRange.hxx
-- Installing: C:/Users/Davi/Downloads/oma/.release/native-build/sdk/occt/inc/StepKinematics_FullyConstrainedPair.hxx
-- Installing: C:/Users/Davi/Downloads/oma/.release/native-build/sdk/occt/inc/StepKinematics_GearPair.hxx
-- Installing: C:/Users/Davi/Downloads/oma/.release/native-build/sdk/occt/inc/StepKinematics_GearPairValue.hxx
-- Installing: C:/Users/Davi/Downloads/oma/.release/native-build/sdk/occt/inc/StepKinematics_GearPairWithRange.hxx
-- Installing: C:/Users/Davi/Downloads/oma/.release/native-build/sdk/occt/inc/StepKinematics_HighOrderKinematicPair.hxx
-- Installing: C:/Users/Davi/Downloads/oma/.release/native-build/sdk/occt/inc/StepKinematics_HomokineticPair.hxx
-- Installing: C:/Users/Davi/Downloads/oma/.release/native-build/sdk/occt/inc/StepKinematics_KinematicJoint.hxx
-- Installing: C:/Users/Davi/Downloads/oma/.release/native-build/sdk/occt/inc/StepKinematics_KinematicLink.hxx
-- Installing: C:/Users/Davi/Downloads/oma/.release/native-build/sdk/occt/inc/StepKinematics_KinematicLinkRepresentation.hxx
-- Installing: C:/Users/Davi/Downloads/oma/.release/native-build/sdk/occt/inc/StepKinematics_KinematicLinkRepresentationAssociation.hxx
-- Installing: C:/Users/Davi/Downloads/oma/.release/native-build/sdk/occt/inc/StepKinematics_KinematicPair.hxx
-- Installing: C:/Users/Davi/Downloads/oma/.release/native-build/sdk/occt/inc/StepKinematics_KinematicPropertyDefinitionRepresentation.hxx
-- Installing: C:/Users/Davi/Downloads/oma/.release/native-build/sdk/occt/inc/StepKinematics_KinematicPropertyMechanismRepresentation.hxx
-- Installing: C:/Users/Davi/Downloads/oma/.release/native-build/sdk/occt/inc/StepKinematics_KinematicTopologyDirectedStructure.hxx
-- Installing: C:/Users/Davi/Downloads/oma/.release/native-build/sdk/occt/inc/StepKinematics_KinematicTopologyNetworkStructure.hxx
-- Installing: C:/Users/Davi/Downloads/oma/.release/native-build/sdk/occt/inc/StepKinematics_KinematicTopologyRepresentationSelect.hxx
-- Installing: C:/Users/Davi/Downloads/oma/.release/native-build/sdk/occt/inc/StepKinematics_KinematicTopologyStructure.hxx
-- Installing: C:/Users/Davi/Downloads/oma/.release/native-build/sdk/occt/inc/StepKinematics_LinearFlexibleAndPinionPair.hxx
-- Installing: C:/Users/Davi/Downloads/oma/.release/native-build/sdk/occt/inc/StepKinematics_LinearFlexibleAndPlanarCurvePair.hxx
-- Installing: C:/Users/Davi/Downloads/oma/.release/native-build/sdk/occt/inc/StepKinematics_LinearFlexibleLinkRepresentation.hxx
-- Installing: C:/Users/Davi/Downloads/oma/.release/native-build/sdk/occt/inc/StepKinematics_LowOrderKinematicPair.hxx
-- Installing: C:/Users/Davi/Downloads/oma/.release/native-build/sdk/occt/inc/StepKinematics_LowOrderKinematicPairValue.hxx
-- Installing: C:/Users/Davi/Downloads/oma/.release/native-build/sdk/occt/inc/StepKinematics_LowOrderKinematicPairWithMotionCoupling.hxx
-- Installing: C:/Users/Davi/Downloads/oma/.release/native-build/sdk/occt/inc/StepKinematics_LowOrderKinematicPairWithRange.hxx
-- Installing: C:/Users/Davi/Downloads/oma/.release/native-build/sdk/occt/inc/StepKinematics_MechanismRepresentation.hxx
-- Installing: C:/Users/Davi/Downloads/oma/.release/native-build/sdk/occt/inc/StepKinematics_MechanismStateRepresentation.hxx
-- Installing: C:/Users/Davi/Downloads/oma/.release/native-build/sdk/occt/inc/StepKinematics_OrientedJoint.hxx
-- Installing: C:/Users/Davi/Downloads/oma/.release/native-build/sdk/occt/inc/StepKinematics_PairRepresentationRelationship.hxx
-- Installing: C:/Users/Davi/Downloads/oma/.release/native-build/sdk/occt/inc/StepKinematics_PairValue.hxx
-- Installing: C:/Users/Davi/Downloads/oma/.release/native-build/sdk/occt/inc/StepKinematics_PlanarCurvePair.hxx
-- Installing: C:/Users/Davi/Downloads/oma/.release/native-build/sdk/occt/inc/StepKinematics_PlanarCurvePairRange.hxx
-- Installing: C:/Users/Davi/Downloads/oma/.release/native-build/sdk/occt/inc/StepKinematics_PlanarPair.hxx
-- Installing: C:/Users/Davi/Downloads/oma/.release/native-build/sdk/occt/inc/StepKinematics_PlanarPairValue.hxx
-- Installing: C:/Users/Davi/Downloads/oma/.release/native-build/sdk/occt/inc/StepKinematics_PlanarPairWithRange.hxx
-- Installing: C:/Users/Davi/Downloads/oma/.release/native-build/sdk/occt/inc/StepKinematics_PointOnPlanarCurvePair.hxx
-- Installing: C:/Users/Davi/Downloads/oma/.release/native-build/sdk/occt/inc/StepKinematics_PointOnPlanarCurvePairValue.hxx
-- Installing: C:/Users/Davi/Downloads/oma/.release/native-build/sdk/occt/inc/StepKinematics_PointOnPlanarCurvePairWithRange.hxx
-- Installing: C:/Users/Davi/Downloads/oma/.release/native-build/sdk/occt/inc/StepKinematics_PointOnSurfacePair.hxx
-- Installing: C:/Users/Davi/Downloads/oma/.release/native-build/sdk/occt/inc/StepKinematics_PointOnSurfacePairValue.hxx
-- Installing: C:/Users/Davi/Downloads/oma/.release/native-build/sdk/occt/inc/StepKinematics_PointOnSurfacePairWithRange.hxx
-- Installing: C:/Users/Davi/Downloads/oma/.release/native-build/sdk/occt/inc/StepKinematics_PrismaticPair.hxx
-- Installing: C:/Users/Davi/Downloads/oma/.release/native-build/sdk/occt/inc/StepKinematics_PrismaticPairValue.hxx
-- Installing: C:/Users/Davi/Downloads/oma/.release/native-build/sdk/occt/inc/StepKinematics_PrismaticPairWithRange.hxx
-- Installing: C:/Users/Davi/Downloads/oma/.release/native-build/sdk/occt/inc/StepKinematics_ProductDefinitionKinematics.hxx
-- Installing: C:/Users/Davi/Downloads/oma/.release/native-build/sdk/occt/inc/StepKinematics_ProductDefinitionRelationshipKinematics.hxx
-- Installing: C:/Users/Davi/Downloads/oma/.release/native-build/sdk/occt/inc/StepKinematics_RackAndPinionPair.hxx
-- Installing: C:/Users/Davi/Downloads/oma/.release/native-build/sdk/occt/inc/StepKinematics_RackAndPinionPairValue.hxx
-- Installing: C:/Users/Davi/Downloads/oma/.release/native-build/sdk/occt/inc/StepKinematics_RackAndPinionPairWithRange.hxx
-- Installing: C:/Users/Davi/Downloads/oma/.release/native-build/sdk/occt/inc/StepKinematics_RevolutePair.hxx
-- Installing: C:/Users/Davi/Downloads/oma/.release/native-build/sdk/occt/inc/StepKinematics_RevolutePairValue.hxx
-- Installing: C:/Users/Davi/Downloads/oma/.release/native-build/sdk/occt/inc/StepKinematics_RevolutePairWithRange.hxx
-- Installing: C:/Users/Davi/Downloads/oma/.release/native-build/sdk/occt/inc/StepKinematics_RigidLinkRepresentation.hxx
-- Installing: C:/Users/Davi/Downloads/oma/.release/native-build/sdk/occt/inc/StepKinematics_RigidPlacement.hxx
-- Installing: C:/Users/Davi/Downloads/oma/.release/native-build/sdk/occt/inc/StepKinematics_RollingCurvePair.hxx
-- Installing: C:/Users/Davi/Downloads/oma/.release/native-build/sdk/occt/inc/StepKinematics_RollingCurvePairValue.hxx
-- Installing: C:/Users/Davi/Downloads/oma/.release/native-build/sdk/occt/inc/StepKinematics_RollingSurfacePair.hxx
-- Installing: C:/Users/Davi/Downloads/oma/.release/native-build/sdk/occt/inc/StepKinematics_RollingSurfacePairValue.hxx
-- Installing: C:/Users/Davi/Downloads/oma/.release/native-build/sdk/occt/inc/StepKinematics_RotationAboutDirection.hxx
-- Installing: C:/Users/Davi/Downloads/oma/.release/native-build/sdk/occt/inc/StepKinematics_ScrewPair.hxx
-- Installing: C:/Users/Davi/Downloads/oma/.release/native-build/sdk/occt/inc/StepKinematics_ScrewPairValue.hxx
-- Installing: C:/Users/Davi/Downloads/oma/.release/native-build/sdk/occt/inc/StepKinematics_ScrewPairWithRange.hxx
-- Installing: C:/Users/Davi/Downloads/oma/.release/native-build/sdk/occt/inc/StepKinematics_SlidingCurvePair.hxx
-- Installing: C:/Users/Davi/Downloads/oma/.release/native-build/sdk/occt/inc/StepKinematics_SlidingCurvePairValue.hxx
-- Installing: C:/Users/Davi/Downloads/oma/.release/native-build/sdk/occt/inc/StepKinematics_SlidingSurfacePair.hxx
-- Installing: C:/Users/Davi/Downloads/oma/.release/native-build/sdk/occt/inc/StepKinematics_SlidingSurfacePairValue.hxx
-- Installing: C:/Users/Davi/Downloads/oma/.release/native-build/sdk/occt/inc/StepKinematics_SpatialRotation.hxx
-- Installing: C:/Users/Davi/Downloads/oma/.release/native-build/sdk/occt/inc/StepKinematics_SphericalPair.hxx
-- Installing: C:/Users/Davi/Downloads/oma/.release/native-build/sdk/occt/inc/StepKinematics_SphericalPairSelect.hxx
-- Installing: C:/Users/Davi/Downloads/oma/.release/native-build/sdk/occt/inc/StepKinematics_SphericalPairValue.hxx
-- Installing: C:/Users/Davi/Downloads/oma/.release/native-build/sdk/occt/inc/StepKinematics_SphericalPairWithPin.hxx
-- Installing: C:/Users/Davi/Downloads/oma/.release/native-build/sdk/occt/inc/StepKinematics_SphericalPairWithPinAndRange.hxx
-- Installing: C:/Users/Davi/Downloads/oma/.release/native-build/sdk/occt/inc/StepKinematics_SphericalPairWithRange.hxx
-- Installing: C:/Users/Davi/Downloads/oma/.release/native-build/sdk/occt/inc/StepKinematics_SurfacePair.hxx
-- Installing: C:/Users/Davi/Downloads/oma/.release/native-build/sdk/occt/inc/StepKinematics_SurfacePairWithRange.hxx
-- Installing: C:/Users/Davi/Downloads/oma/.release/native-build/sdk/occt/inc/StepKinematics_UnconstrainedPair.hxx
-- Installing: C:/Users/Davi/Downloads/oma/.release/native-build/sdk/occt/inc/StepKinematics_UnconstrainedPairValue.hxx
-- Installing: C:/Users/Davi/Downloads/oma/.release/native-build/sdk/occt/inc/StepKinematics_UniversalPair.hxx
-- Installing: C:/Users/Davi/Downloads/oma/.release/native-build/sdk/occt/inc/StepKinematics_UniversalPairValue.hxx
-- Installing: C:/Users/Davi/Downloads/oma/.release/native-build/sdk/occt/inc/StepKinematics_UniversalPairWithRange.hxx
-- Installing: C:/Users/Davi/Downloads/oma/.release/native-build/sdk/occt/inc/RWStepKinematics_RWActuatedKinPairAndOrderKinPair.hxx
-- Installing: C:/Users/Davi/Downloads/oma/.release/native-build/sdk/occt/inc/RWStepKinematics_RWActuatedKinematicPair.hxx
-- Installing: C:/Users/Davi/Downloads/oma/.release/native-build/sdk/occt/inc/RWStepKinematics_RWContextDependentKinematicLinkRepresentation.hxx
-- Installing: C:/Users/Davi/Downloads/oma/.release/native-build/sdk/occt/inc/RWStepKinematics_RWCylindricalPair.hxx
-- Installing: C:/Users/Davi/Downloads/oma/.release/native-build/sdk/occt/inc/RWStepKinematics_RWCylindricalPairValue.hxx
-- Installing: C:/Users/Davi/Downloads/oma/.release/native-build/sdk/occt/inc/RWStepKinematics_RWCylindricalPairWithRange.hxx
-- Installing: C:/Users/Davi/Downloads/oma/.release/native-build/sdk/occt/inc/RWStepKinematics_RWFullyConstrainedPair.hxx
-- Installing: C:/Users/Davi/Downloads/oma/.release/native-build/sdk/occt/inc/RWStepKinematics_RWGearPair.hxx
-- Installing: C:/Users/Davi/Downloads/oma/.release/native-build/sdk/occt/inc/RWStepKinematics_RWGearPairValue.hxx
-- Installing: C:/Users/Davi/Downloads/oma/.release/native-build/sdk/occt/inc/RWStepKinematics_RWGearPairWithRange.hxx
-- Installing: C:/Users/Davi/Downloads/oma/.release/native-build/sdk/occt/inc/RWStepKinematics_RWHomokineticPair.hxx
-- Installing: C:/Users/Davi/Downloads/oma/.release/native-build/sdk/occt/inc/RWStepKinematics_RWKinematicJoint.hxx
-- Installing: C:/Users/Davi/Downloads/oma/.release/native-build/sdk/occt/inc/RWStepKinematics_RWKinematicLink.hxx
-- Installing: C:/Users/Davi/Downloads/oma/.release/native-build/sdk/occt/inc/RWStepKinematics_RWKinematicLinkRepresentationAssociation.hxx
-- Installing: C:/Users/Davi/Downloads/oma/.release/native-build/sdk/occt/inc/RWStepKinematics_RWKinematicPropertyMechanismRepresentation.hxx
-- Installing: C:/Users/Davi/Downloads/oma/.release/native-build/sdk/occt/inc/RWStepKinematics_RWKinematicTopologyDirectedStructure.hxx
-- Installing: C:/Users/Davi/Downloads/oma/.release/native-build/sdk/occt/inc/RWStepKinematics_RWKinematicTopologyNetworkStructure.hxx
-- Installing: C:/Users/Davi/Downloads/oma/.release/native-build/sdk/occt/inc/RWStepKinematics_RWKinematicTopologyStructure.hxx
-- Installing: C:/Users/Davi/Downloads/oma/.release/native-build/sdk/occt/inc/RWStepKinematics_RWLinearFlexibleAndPinionPair.hxx
-- Installing: C:/Users/Davi/Downloads/oma/.release/native-build/sdk/occt/inc/RWStepKinematics_RWLinearFlexibleAndPlanarCurvePair.hxx
-- Installing: C:/Users/Davi/Downloads/oma/.release/native-build/sdk/occt/inc/RWStepKinematics_RWLinearFlexibleLinkRepresentation.hxx
-- Installing: C:/Users/Davi/Downloads/oma/.release/native-build/sdk/occt/inc/RWStepKinematics_RWLowOrderKinematicPair.hxx
-- Installing: C:/Users/Davi/Downloads/oma/.release/native-build/sdk/occt/inc/RWStepKinematics_RWLowOrderKinematicPairValue.hxx
-- Installing: C:/Users/Davi/Downloads/oma/.release/native-build/sdk/occt/inc/RWStepKinematics_RWLowOrderKinematicPairWithRange.hxx
-- Installing: C:/Users/Davi/Downloads/oma/.release/native-build/sdk/occt/inc/RWStepKinematics_RWMechanismRepresentation.hxx
-- Installing: C:/Users/Davi/Downloads/oma/.release/native-build/sdk/occt/inc/RWStepKinematics_RWMechanismStateRepresentation.hxx
-- Installing: C:/Users/Davi/Downloads/oma/.release/native-build/sdk/occt/inc/RWStepKinematics_RWOrientedJoint.hxx
-- Installing: C:/Users/Davi/Downloads/oma/.release/native-build/sdk/occt/inc/RWStepKinematics_RWPairRepresentationRelationship.hxx
-- Installing: C:/Users/Davi/Downloads/oma/.release/native-build/sdk/occt/inc/RWStepKinematics_RWPlanarCurvePair.hxx
-- Installing: C:/Users/Davi/Downloads/oma/.release/native-build/sdk/occt/inc/RWStepKinematics_RWPlanarCurvePairRange.hxx
-- Installing: C:/Users/Davi/Downloads/oma/.release/native-build/sdk/occt/inc/RWStepKinematics_RWPlanarPair.hxx
-- Installing: C:/Users/Davi/Downloads/oma/.release/native-build/sdk/occt/inc/RWStepKinematics_RWPlanarPairValue.hxx
-- Installing: C:/Users/Davi/Downloads/oma/.release/native-build/sdk/occt/inc/RWStepKinematics_RWPlanarPairWithRange.hxx
-- Installing: C:/Users/Davi/Downloads/oma/.release/native-build/sdk/occt/inc/RWStepKinematics_RWPointOnPlanarCurvePair.hxx
-- Installing: C:/Users/Davi/Downloads/oma/.release/native-build/sdk/occt/inc/RWStepKinematics_RWPointOnPlanarCurvePairValue.hxx
-- Installing: C:/Users/Davi/Downloads/oma/.release/native-build/sdk/occt/inc/RWStepKinematics_RWPointOnPlanarCurvePairWithRange.hxx
-- Installing: C:/Users/Davi/Downloads/oma/.release/native-build/sdk/occt/inc/RWStepKinematics_RWPointOnSurfacePair.hxx
-- Installing: C:/Users/Davi/Downloads/oma/.release/native-build/sdk/occt/inc/RWStepKinematics_RWPointOnSurfacePairValue.hxx
-- Installing: C:/Users/Davi/Downloads/oma/.release/native-build/sdk/occt/inc/RWStepKinematics_RWPointOnSurfacePairWithRange.hxx
-- Installing: C:/Users/Davi/Downloads/oma/.release/native-build/sdk/occt/inc/RWStepKinematics_RWPrismaticPair.hxx
-- Installing: C:/Users/Davi/Downloads/oma/.release/native-build/sdk/occt/inc/RWStepKinematics_RWPrismaticPairValue.hxx
-- Installing: C:/Users/Davi/Downloads/oma/.release/native-build/sdk/occt/inc/RWStepKinematics_RWPrismaticPairWithRange.hxx
-- Installing: C:/Users/Davi/Downloads/oma/.release/native-build/sdk/occt/inc/RWStepKinematics_RWProductDefinitionKinematics.hxx
-- Installing: C:/Users/Davi/Downloads/oma/.release/native-build/sdk/occt/inc/RWStepKinematics_RWProductDefinitionRelationshipKinematics.hxx
-- Installing: C:/Users/Davi/Downloads/oma/.release/native-build/sdk/occt/inc/RWStepKinematics_RWRackAndPinionPair.hxx
-- Installing: C:/Users/Davi/Downloads/oma/.release/native-build/sdk/occt/inc/RWStepKinematics_RWRackAndPinionPairValue.hxx
-- Installing: C:/Users/Davi/Downloads/oma/.release/native-build/sdk/occt/inc/RWStepKinematics_RWRackAndPinionPairWithRange.hxx
-- Installing: C:/Users/Davi/Downloads/oma/.release/native-build/sdk/occt/inc/RWStepKinematics_RWRevolutePair.hxx
-- Installing: C:/Users/Davi/Downloads/oma/.release/native-build/sdk/occt/inc/RWStepKinematics_RWRevolutePairValue.hxx
-- Installing: C:/Users/Davi/Downloads/oma/.release/native-build/sdk/occt/inc/RWStepKinematics_RWRevolutePairWithRange.hxx
-- Installing: C:/Users/Davi/Downloads/oma/.release/native-build/sdk/occt/inc/RWStepKinematics_RWRigidLinkRepresentation.hxx
-- Installing: C:/Users/Davi/Downloads/oma/.release/native-build/sdk/occt/inc/RWStepKinematics_RWRollingCurvePair.hxx
-- Installing: C:/Users/Davi/Downloads/oma/.release/native-build/sdk/occt/inc/RWStepKinematics_RWRollingCurvePairValue.hxx
-- Installing: C:/Users/Davi/Downloads/oma/.release/native-build/sdk/occt/inc/RWStepKinematics_RWRollingSurfacePair.hxx
-- Installing: C:/Users/Davi/Downloads/oma/.release/native-build/sdk/occt/inc/RWStepKinematics_RWRollingSurfacePairValue.hxx
-- Installing: C:/Users/Davi/Downloads/oma/.release/native-build/sdk/occt/inc/RWStepKinematics_RWRotationAboutDirection.hxx
-- Installing: C:/Users/Davi/Downloads/oma/.release/native-build/sdk/occt/inc/RWStepKinematics_RWScrewPair.hxx
-- Installing: C:/Users/Davi/Downloads/oma/.release/native-build/sdk/occt/inc/RWStepKinematics_RWScrewPairValue.hxx
-- Installing: C:/Users/Davi/Downloads/oma/.release/native-build/sdk/occt/inc/RWStepKinematics_RWScrewPairWithRange.hxx
-- Installing: C:/Users/Davi/Downloads/oma/.release/native-build/sdk/occt/inc/RWStepKinematics_RWSlidingCurvePair.hxx
-- Installing: C:/Users/Davi/Downloads/oma/.release/native-build/sdk/occt/inc/RWStepKinematics_RWSlidingCurvePairValue.hxx
-- Installing: C:/Users/Davi/Downloads/oma/.release/native-build/sdk/occt/inc/RWStepKinematics_RWSlidingSurfacePair.hxx
-- Installing: C:/Users/Davi/Downloads/oma/.release/native-build/sdk/occt/inc/RWStepKinematics_RWSlidingSurfacePairValue.hxx
-- Installing: C:/Users/Davi/Downloads/oma/.release/native-build/sdk/occt/inc/RWStepKinematics_RWSphericalPair.hxx
-- Installing: C:/Users/Davi/Downloads/oma/.release/native-build/sdk/occt/inc/RWStepKinematics_RWSphericalPairValue.hxx
-- Installing: C:/Users/Davi/Downloads/oma/.release/native-build/sdk/occt/inc/RWStepKinematics_RWSphericalPairWithPin.hxx
-- Installing: C:/Users/Davi/Downloads/oma/.release/native-build/sdk/occt/inc/RWStepKinematics_RWSphericalPairWithPinAndRange.hxx
-- Installing: C:/Users/Davi/Downloads/oma/.release/native-build/sdk/occt/inc/RWStepKinematics_RWSphericalPairWithRange.hxx
-- Installing: C:/Users/Davi/Downloads/oma/.release/native-build/sdk/occt/inc/RWStepKinematics_RWSurfacePairWithRange.hxx
-- Installing: C:/Users/Davi/Downloads/oma/.release/native-build/sdk/occt/inc/RWStepKinematics_RWUnconstrainedPair.hxx
-- Installing: C:/Users/Davi/Downloads/oma/.release/native-build/sdk/occt/inc/RWStepKinematics_RWUnconstrainedPairValue.hxx
-- Installing: C:/Users/Davi/Downloads/oma/.release/native-build/sdk/occt/inc/RWStepKinematics_RWUniversalPair.hxx
-- Installing: C:/Users/Davi/Downloads/oma/.release/native-build/sdk/occt/inc/RWStepKinematics_RWUniversalPairValue.hxx
-- Installing: C:/Users/Davi/Downloads/oma/.release/native-build/sdk/occt/inc/RWStepKinematics_RWUniversalPairWithRange.hxx
-- Installing: C:/Users/Davi/Downloads/oma/.release/native-build/sdk/occt/inc/StepBasic_Action.hxx
-- Installing: C:/Users/Davi/Downloads/oma/.release/native-build/sdk/occt/inc/StepBasic_ActionAssignment.hxx
-- Installing: C:/Users/Davi/Downloads/oma/.release/native-build/sdk/occt/inc/StepBasic_ActionMethod.hxx
-- Installing: C:/Users/Davi/Downloads/oma/.release/native-build/sdk/occt/inc/StepBasic_ActionRequestAssignment.hxx
-- Installing: C:/Users/Davi/Downloads/oma/.release/native-build/sdk/occt/inc/StepBasic_ActionRequestSolution.hxx
-- Installing: C:/Users/Davi/Downloads/oma/.release/native-build/sdk/occt/inc/StepBasic_Address.hxx
-- Installing: C:/Users/Davi/Downloads/oma/.release/native-build/sdk/occt/inc/StepBasic_AheadOrBehind.hxx
-- Installing: C:/Users/Davi/Downloads/oma/.release/native-build/sdk/occt/inc/StepBasic_ApplicationContext.hxx
-- Installing: C:/Users/Davi/Downloads/oma/.release/native-build/sdk/occt/inc/StepBasic_ApplicationContextElement.hxx
-- Installing: C:/Users/Davi/Downloads/oma/.release/native-build/sdk/occt/inc/StepBasic_ApplicationProtocolDefinition.hxx
-- Installing: C:/Users/Davi/Downloads/oma/.release/native-build/sdk/occt/inc/StepBasic_Approval.hxx
-- Installing: C:/Users/Davi/Downloads/oma/.release/native-build/sdk/occt/inc/StepBasic_ApprovalAssignment.hxx
-- Installing: C:/Users/Davi/Downloads/oma/.release/native-build/sdk/occt/inc/StepBasic_ApprovalDateTime.hxx
-- Installing: C:/Users/Davi/Downloads/oma/.release/native-build/sdk/occt/inc/StepBasic_ApprovalPersonOrganization.hxx
-- Installing: C:/Users/Davi/Downloads/oma/.release/native-build/sdk/occt/inc/StepBasic_ApprovalRelationship.hxx
-- Installing: C:/Users/Davi/Downloads/oma/.release/native-build/sdk/occt/inc/StepBasic_ApprovalRole.hxx
-- Installing: C:/Users/Davi/Downloads/oma/.release/native-build/sdk/occt/inc/StepBasic_ApprovalStatus.hxx
-- Installing: C:/Users/Davi/Downloads/oma/.release/native-build/sdk/occt/inc/StepBasic_AreaUnit.hxx
-- Installing: C:/Users/Davi/Downloads/oma/.release/native-build/sdk/occt/inc/StepBasic_Array1OfApproval.hxx
-- Installing: C:/Users/Davi/Downloads/oma/.release/native-build/sdk/occt/inc/StepBasic_Array1OfDerivedUnitElement.hxx
-- Installing: C:/Users/Davi/Downloads/oma/.release/native-build/sdk/occt/inc/StepBasic_Array1OfDocument.hxx
-- Installing: C:/Users/Davi/Downloads/oma/.release/native-build/sdk/occt/inc/StepBasic_Array1OfNamedUnit.hxx
-- Installing: C:/Users/Davi/Downloads/oma/.release/native-build/sdk/occt/inc/StepBasic_Array1OfOrganization.hxx
-- Installing: C:/Users/Davi/Downloads/oma/.release/native-build/sdk/occt/inc/StepBasic_Array1OfPerson.hxx
-- Installing: C:/Users/Davi/Downloads/oma/.release/native-build/sdk/occt/inc/StepBasic_Array1OfProduct.hxx
-- Installing: C:/Users/Davi/Downloads/oma/.release/native-build/sdk/occt/inc/StepBasic_Array1OfProductContext.hxx
-- Installing: C:/Users/Davi/Downloads/oma/.release/native-build/sdk/occt/inc/StepBasic_Array1OfProductDefinition.hxx
-- Installing: C:/Users/Davi/Downloads/oma/.release/native-build/sdk/occt/inc/StepBasic_Array1OfUncertaintyMeasureWithUnit.hxx
-- Installing: C:/Users/Davi/Downloads/oma/.release/native-build/sdk/occt/inc/StepBasic_CalendarDate.hxx
-- Installing: C:/Users/Davi/Downloads/oma/.release/native-build/sdk/occt/inc/StepBasic_Certification.hxx
-- Installing: C:/Users/Davi/Downloads/oma/.release/native-build/sdk/occt/inc/StepBasic_CertificationAssignment.hxx
-- Installing: C:/Users/Davi/Downloads/oma/.release/native-build/sdk/occt/inc/StepBasic_CertificationType.hxx
-- Installing: C:/Users/Davi/Downloads/oma/.release/native-build/sdk/occt/inc/StepBasic_CharacterizedObject.hxx
-- Installing: C:/Users/Davi/Downloads/oma/.release/native-build/sdk/occt/inc/StepBasic_Contract.hxx
-- Installing: C:/Users/Davi/Downloads/oma/.release/native-build/sdk/occt/inc/StepBasic_ContractAssignment.hxx
-- Installing: C:/Users/Davi/Downloads/oma/.release/native-build/sdk/occt/inc/StepBasic_ContractType.hxx
-- Installing: C:/Users/Davi/Downloads/oma/.release/native-build/sdk/occt/inc/StepBasic_ConversionBasedUnit.hxx
-- Installing: C:/Users/Davi/Downloads/oma/.release/native-build/sdk/occt/inc/StepBasic_ConversionBasedUnitAndAreaUnit.hxx
-- Installing: C:/Users/Davi/Downloads/oma/.release/native-build/sdk/occt/inc/StepBasic_ConversionBasedUnitAndLengthUnit.hxx
-- Installing: C:/Users/Davi/Downloads/oma/.release/native-build/sdk/occt/inc/StepBasic_ConversionBasedUnitAndMassUnit.hxx
-- Installing: C:/Users/Davi/Downloads/oma/.release/native-build/sdk/occt/inc/StepBasic_ConversionBasedUnitAndPlaneAngleUnit.hxx
-- Installing: C:/Users/Davi/Downloads/oma/.release/native-build/sdk/occt/inc/StepBasic_ConversionBasedUnitAndRatioUnit.hxx
-- Installing: C:/Users/Davi/Downloads/oma/.release/native-build/sdk/occt/inc/StepBasic_ConversionBasedUnitAndSolidAngleUnit.hxx
-- Installing: C:/Users/Davi/Downloads/oma/.release/native-build/sdk/occt/inc/StepBasic_ConversionBasedUnitAndTimeUnit.hxx
-- Installing: C:/Users/Davi/Downloads/oma/.release/native-build/sdk/occt/inc/StepBasic_ConversionBasedUnitAndVolumeUnit.hxx
-- Installing: C:/Users/Davi/Downloads/oma/.release/native-build/sdk/occt/inc/StepBasic_CoordinatedUniversalTimeOffset.hxx
-- Installing: C:/Users/Davi/Downloads/oma/.release/native-build/sdk/occt/inc/StepBasic_Date.hxx
-- Installing: C:/Users/Davi/Downloads/oma/.release/native-build/sdk/occt/inc/StepBasic_DateAndTime.hxx
-- Installing: C:/Users/Davi/Downloads/oma/.release/native-build/sdk/occt/inc/StepBasic_DateAndTimeAssignment.hxx
-- Installing: C:/Users/Davi/Downloads/oma/.release/native-build/sdk/occt/inc/StepBasic_DateAssignment.hxx
-- Installing: C:/Users/Davi/Downloads/oma/.release/native-build/sdk/occt/inc/StepBasic_DateRole.hxx
-- Installing: C:/Users/Davi/Downloads/oma/.release/native-build/sdk/occt/inc/StepBasic_DateTimeRole.hxx
-- Installing: C:/Users/Davi/Downloads/oma/.release/native-build/sdk/occt/inc/StepBasic_DateTimeSelect.hxx
-- Installing: C:/Users/Davi/Downloads/oma/.release/native-build/sdk/occt/inc/StepBasic_DerivedUnit.hxx
-- Installing: C:/Users/Davi/Downloads/oma/.release/native-build/sdk/occt/inc/StepBasic_DerivedUnitElement.hxx
-- Installing: C:/Users/Davi/Downloads/oma/.release/native-build/sdk/occt/inc/StepBasic_DesignContext.hxx
-- Installing: C:/Users/Davi/Downloads/oma/.release/native-build/sdk/occt/inc/StepBasic_DigitalDocument.hxx
-- Installing: C:/Users/Davi/Downloads/oma/.release/native-build/sdk/occt/inc/StepBasic_DimensionalExponents.hxx
-- Installing: C:/Users/Davi/Downloads/oma/.release/native-build/sdk/occt/inc/StepBasic_Document.hxx
-- Installing: C:/Users/Davi/Downloads/oma/.release/native-build/sdk/occt/inc/StepBasic_DocumentFile.hxx
-- Installing: C:/Users/Davi/Downloads/oma/.release/native-build/sdk/occt/inc/StepBasic_DocumentProductAssociation.hxx
-- Installing: C:/Users/Davi/Downloads/oma/.release/native-build/sdk/occt/inc/StepBasic_DocumentProductEquivalence.hxx
-- Installing: C:/Users/Davi/Downloads/oma/.release/native-build/sdk/occt/inc/StepBasic_DocumentReference.hxx
-- Installing: C:/Users/Davi/Downloads/oma/.release/native-build/sdk/occt/inc/StepBasic_DocumentRelationship.hxx
-- Installing: C:/Users/Davi/Downloads/oma/.release/native-build/sdk/occt/inc/StepBasic_DocumentRepresentationType.hxx
-- Installing: C:/Users/Davi/Downloads/oma/.release/native-build/sdk/occt/inc/StepBasic_DocumentType.hxx
-- Installing: C:/Users/Davi/Downloads/oma/.release/native-build/sdk/occt/inc/StepBasic_DocumentUsageConstraint.hxx
-- Installing: C:/Users/Davi/Downloads/oma/.release/native-build/sdk/occt/inc/StepBasic_Effectivity.hxx
-- Installing: C:/Users/Davi/Downloads/oma/.release/native-build/sdk/occt/inc/StepBasic_EffectivityAssignment.hxx
-- Installing: C:/Users/Davi/Downloads/oma/.release/native-build/sdk/occt/inc/StepBasic_EulerAngles.hxx
-- Installing: C:/Users/Davi/Downloads/oma/.release/native-build/sdk/occt/inc/StepBasic_ExternalIdentificationAssignment.hxx
-- Installing: C:/Users/Davi/Downloads/oma/.release/native-build/sdk/occt/inc/StepBasic_ExternalSource.hxx
-- Installing: C:/Users/Davi/Downloads/oma/.release/native-build/sdk/occt/inc/StepBasic_ExternallyDefinedItem.hxx
-- Installing: C:/Users/Davi/Downloads/oma/.release/native-build/sdk/occt/inc/StepBasic_GeneralProperty.hxx
-- Installing: C:/Users/Davi/Downloads/oma/.release/native-build/sdk/occt/inc/StepBasic_Group.hxx
-- Installing: C:/Users/Davi/Downloads/oma/.release/native-build/sdk/occt/inc/StepBasic_GroupAssignment.hxx
-- Installing: C:/Users/Davi/Downloads/oma/.release/native-build/sdk/occt/inc/StepBasic_GroupRelationship.hxx
-- Installing: C:/Users/Davi/Downloads/oma/.release/native-build/sdk/occt/inc/StepBasic_HArray1OfApproval.hxx
-- Installing: C:/Users/Davi/Downloads/oma/.release/native-build/sdk/occt/inc/StepBasic_HArray1OfDerivedUnitElement.hxx
-- Installing: C:/Users/Davi/Downloads/oma/.release/native-build/sdk/occt/inc/StepBasic_HArray1OfDocument.hxx
-- Installing: C:/Users/Davi/Downloads/oma/.release/native-build/sdk/occt/inc/StepBasic_HArray1OfNamedUnit.hxx
-- Installing: C:/Users/Davi/Downloads/oma/.release/native-build/sdk/occt/inc/StepBasic_HArray1OfOrganization.hxx
-- Installing: C:/Users/Davi/Downloads/oma/.release/native-build/sdk/occt/inc/StepBasic_HArray1OfPerson.hxx
-- Installing: C:/Users/Davi/Downloads/oma/.release/native-build/sdk/occt/inc/StepBasic_HArray1OfProduct.hxx
-- Installing: C:/Users/Davi/Downloads/oma/.release/native-build/sdk/occt/inc/StepBasic_HArray1OfProductContext.hxx
-- Installing: C:/Users/Davi/Downloads/oma/.release/native-build/sdk/occt/inc/StepBasic_HArray1OfProductDefinition.hxx
-- Installing: C:/Users/Davi/Downloads/oma/.release/native-build/sdk/occt/inc/StepBasic_HArray1OfUncertaintyMeasureWithUnit.hxx
-- Installing: C:/Users/Davi/Downloads/oma/.release/native-build/sdk/occt/inc/StepBasic_IdentificationAssignment.hxx
-- Installing: C:/Users/Davi/Downloads/oma/.release/native-build/sdk/occt/inc/StepBasic_IdentificationRole.hxx
-- Installing: C:/Users/Davi/Downloads/oma/.release/native-build/sdk/occt/inc/StepBasic_LengthMeasureWithUnit.hxx
-- Installing: C:/Users/Davi/Downloads/oma/.release/native-build/sdk/occt/inc/StepBasic_LengthUnit.hxx
-- Installing: C:/Users/Davi/Downloads/oma/.release/native-build/sdk/occt/inc/StepBasic_LocalTime.hxx
-- Installing: C:/Users/Davi/Downloads/oma/.release/native-build/sdk/occt/inc/StepBasic_MassMeasureWithUnit.hxx
-- Installing: C:/Users/Davi/Downloads/oma/.release/native-build/sdk/occt/inc/StepBasic_MassUnit.hxx
-- Installing: C:/Users/Davi/Downloads/oma/.release/native-build/sdk/occt/inc/StepBasic_MeasureValueMember.hxx
-- Installing: C:/Users/Davi/Downloads/oma/.release/native-build/sdk/occt/inc/StepBasic_MeasureWithUnit.hxx
-- Installing: C:/Users/Davi/Downloads/oma/.release/native-build/sdk/occt/inc/StepBasic_MechanicalContext.hxx
-- Installing: C:/Users/Davi/Downloads/oma/.release/native-build/sdk/occt/inc/StepBasic_NameAssignment.hxx
-- Installing: C:/Users/Davi/Downloads/oma/.release/native-build/sdk/occt/inc/StepBasic_NamedUnit.hxx
-- Installing: C:/Users/Davi/Downloads/oma/.release/native-build/sdk/occt/inc/StepBasic_ObjectRole.hxx
-- Installing: C:/Users/Davi/Downloads/oma/.release/native-build/sdk/occt/inc/StepBasic_OrdinalDate.hxx
-- Installing: C:/Users/Davi/Downloads/oma/.release/native-build/sdk/occt/inc/StepBasic_Organization.hxx
-- Installing: C:/Users/Davi/Downloads/oma/.release/native-build/sdk/occt/inc/StepBasic_OrganizationAssignment.hxx
-- Installing: C:/Users/Davi/Downloads/oma/.release/native-build/sdk/occt/inc/StepBasic_OrganizationRole.hxx
-- Installing: C:/Users/Davi/Downloads/oma/.release/native-build/sdk/occt/inc/StepBasic_OrganizationalAddress.hxx
-- Installing: C:/Users/Davi/Downloads/oma/.release/native-build/sdk/occt/inc/StepBasic_Person.hxx
-- Installing: C:/Users/Davi/Downloads/oma/.release/native-build/sdk/occt/inc/StepBasic_PersonAndOrganization.hxx
-- Installing: C:/Users/Davi/Downloads/oma/.release/native-build/sdk/occt/inc/StepBasic_PersonAndOrganizationAssignment.hxx
-- Installing: C:/Users/Davi/Downloads/oma/.release/native-build/sdk/occt/inc/StepBasic_PersonAndOrganizationRole.hxx
-- Installing: C:/Users/Davi/Downloads/oma/.release/native-build/sdk/occt/inc/StepBasic_PersonOrganizationSelect.hxx
-- Installing: C:/Users/Davi/Downloads/oma/.release/native-build/sdk/occt/inc/StepBasic_PersonalAddress.hxx
-- Installing: C:/Users/Davi/Downloads/oma/.release/native-build/sdk/occt/inc/StepBasic_PhysicallyModeledProductDefinition.hxx
-- Installing: C:/Users/Davi/Downloads/oma/.release/native-build/sdk/occt/inc/StepBasic_PlaneAngleMeasureWithUnit.hxx
-- Installing: C:/Users/Davi/Downloads/oma/.release/native-build/sdk/occt/inc/StepBasic_PlaneAngleUnit.hxx
-- Installing: C:/Users/Davi/Downloads/oma/.release/native-build/sdk/occt/inc/StepBasic_Product.hxx
-- Installing: C:/Users/Davi/Downloads/oma/.release/native-build/sdk/occt/inc/StepBasic_ProductCategory.hxx
-- Installing: C:/Users/Davi/Downloads/oma/.release/native-build/sdk/occt/inc/StepBasic_ProductCategoryRelationship.hxx
-- Installing: C:/Users/Davi/Downloads/oma/.release/native-build/sdk/occt/inc/StepBasic_ProductConceptContext.hxx
-- Installing: C:/Users/Davi/Downloads/oma/.release/native-build/sdk/occt/inc/StepBasic_ProductContext.hxx
-- Installing: C:/Users/Davi/Downloads/oma/.release/native-build/sdk/occt/inc/StepBasic_ProductDefinition.hxx
-- Installing: C:/Users/Davi/Downloads/oma/.release/native-build/sdk/occt/inc/StepBasic_ProductDefinitionContext.hxx
-- Installing: C:/Users/Davi/Downloads/oma/.release/native-build/sdk/occt/inc/StepBasic_ProductDefinitionEffectivity.hxx
-- Installing: C:/Users/Davi/Downloads/oma/.release/native-build/sdk/occt/inc/StepBasic_ProductDefinitionFormation.hxx
-- Installing: C:/Users/Davi/Downloads/oma/.release/native-build/sdk/occt/inc/StepBasic_ProductDefinitionFormationRelationship.hxx
-- Installing: C:/Users/Davi/Downloads/oma/.release/native-build/sdk/occt/inc/StepBasic_ProductDefinitionFormationWithSpecifiedSource.hxx
-- Installing: C:/Users/Davi/Downloads/oma/.release/native-build/sdk/occt/inc/StepBasic_ProductDefinitionOrReference.hxx
-- Installing: C:/Users/Davi/Downloads/oma/.release/native-build/sdk/occt/inc/StepBasic_ProductDefinitionReference.hxx
-- Installing: C:/Users/Davi/Downloads/oma/.release/native-build/sdk/occt/inc/StepBasic_ProductDefinitionReferenceWithLocalRepresentation.hxx
-- Installing: C:/Users/Davi/Downloads/oma/.release/native-build/sdk/occt/inc/StepBasic_ProductDefinitionRelationship.hxx
-- Installing: C:/Users/Davi/Downloads/oma/.release/native-build/sdk/occt/inc/StepBasic_ProductDefinitionWithAssociatedDocuments.hxx
-- Installing: C:/Users/Davi/Downloads/oma/.release/native-build/sdk/occt/inc/StepBasic_ProductOrFormationOrDefinition.hxx
-- Installing: C:/Users/Davi/Downloads/oma/.release/native-build/sdk/occt/inc/StepBasic_ProductRelatedProductCategory.hxx
-- Installing: C:/Users/Davi/Downloads/oma/.release/native-build/sdk/occt/inc/StepBasic_ProductType.hxx
-- Installing: C:/Users/Davi/Downloads/oma/.release/native-build/sdk/occt/inc/StepBasic_RatioMeasureWithUnit.hxx
-- Installing: C:/Users/Davi/Downloads/oma/.release/native-build/sdk/occt/inc/StepBasic_RatioUnit.hxx
-- Installing: C:/Users/Davi/Downloads/oma/.release/native-build/sdk/occt/inc/StepBasic_RoleAssociation.hxx
-- Installing: C:/Users/Davi/Downloads/oma/.release/native-build/sdk/occt/inc/StepBasic_RoleSelect.hxx
-- Installing: C:/Users/Davi/Downloads/oma/.release/native-build/sdk/occt/inc/StepBasic_SecurityClassification.hxx
-- Installing: C:/Users/Davi/Downloads/oma/.release/native-build/sdk/occt/inc/StepBasic_SecurityClassificationAssignment.hxx
-- Installing: C:/Users/Davi/Downloads/oma/.release/native-build/sdk/occt/inc/StepBasic_SecurityClassificationLevel.hxx
-- Installing: C:/Users/Davi/Downloads/oma/.release/native-build/sdk/occt/inc/StepBasic_SiPrefix.hxx
-- Installing: C:/Users/Davi/Downloads/oma/.release/native-build/sdk/occt/inc/StepBasic_SiUnit.hxx
-- Installing: C:/Users/Davi/Downloads/oma/.release/native-build/sdk/occt/inc/StepBasic_SiUnitAndAreaUnit.hxx
-- Installing: C:/Users/Davi/Downloads/oma/.release/native-build/sdk/occt/inc/StepBasic_SiUnitAndLengthUnit.hxx
-- Installing: C:/Users/Davi/Downloads/oma/.release/native-build/sdk/occt/inc/StepBasic_SiUnitAndMassUnit.hxx
-- Installing: C:/Users/Davi/Downloads/oma/.release/native-build/sdk/occt/inc/StepBasic_SiUnitAndPlaneAngleUnit.hxx
-- Installing: C:/Users/Davi/Downloads/oma/.release/native-build/sdk/occt/inc/StepBasic_SiUnitAndRatioUnit.hxx
-- Installing: C:/Users/Davi/Downloads/oma/.release/native-build/sdk/occt/inc/StepBasic_SiUnitAndSolidAngleUnit.hxx
-- Installing: C:/Users/Davi/Downloads/oma/.release/native-build/sdk/occt/inc/StepBasic_SiUnitAndThermodynamicTemperatureUnit.hxx
-- Installing: C:/Users/Davi/Downloads/oma/.release/native-build/sdk/occt/inc/StepBasic_SiUnitAndTimeUnit.hxx
-- Installing: C:/Users/Davi/Downloads/oma/.release/native-build/sdk/occt/inc/StepBasic_SiUnitAndVolumeUnit.hxx
-- Installing: C:/Users/Davi/Downloads/oma/.release/native-build/sdk/occt/inc/StepBasic_SiUnitName.hxx
-- Installing: C:/Users/Davi/Downloads/oma/.release/native-build/sdk/occt/inc/StepBasic_SizeMember.hxx
-- Installing: C:/Users/Davi/Downloads/oma/.release/native-build/sdk/occt/inc/StepBasic_SizeSelect.hxx
-- Installing: C:/Users/Davi/Downloads/oma/.release/native-build/sdk/occt/inc/StepBasic_SolidAngleMeasureWithUnit.hxx
-- Installing: C:/Users/Davi/Downloads/oma/.release/native-build/sdk/occt/inc/StepBasic_SolidAngleUnit.hxx
-- Installing: C:/Users/Davi/Downloads/oma/.release/native-build/sdk/occt/inc/StepBasic_Source.hxx
-- Installing: C:/Users/Davi/Downloads/oma/.release/native-build/sdk/occt/inc/StepBasic_SourceItem.hxx
-- Installing: C:/Users/Davi/Downloads/oma/.release/native-build/sdk/occt/inc/StepBasic_ThermodynamicTemperatureUnit.hxx
-- Installing: C:/Users/Davi/Downloads/oma/.release/native-build/sdk/occt/inc/StepBasic_TimeMeasureWithUnit.hxx
-- Installing: C:/Users/Davi/Downloads/oma/.release/native-build/sdk/occt/inc/StepBasic_TimeUnit.hxx
-- Installing: C:/Users/Davi/Downloads/oma/.release/native-build/sdk/occt/inc/StepBasic_UncertaintyMeasureWithUnit.hxx
-- Installing: C:/Users/Davi/Downloads/oma/.release/native-build/sdk/occt/inc/StepBasic_Unit.hxx
-- Installing: C:/Users/Davi/Downloads/oma/.release/native-build/sdk/occt/inc/StepBasic_VersionedActionRequest.hxx
-- Installing: C:/Users/Davi/Downloads/oma/.release/native-build/sdk/occt/inc/StepBasic_VolumeUnit.hxx
-- Installing: C:/Users/Davi/Downloads/oma/.release/native-build/sdk/occt/inc/StepBasic_WeekOfYearAndDayDate.hxx
-- Installing: C:/Users/Davi/Downloads/oma/.release/native-build/sdk/occt/inc/RWStepBasic_RWAction.hxx
-- Installing: C:/Users/Davi/Downloads/oma/.release/native-build/sdk/occt/inc/RWStepBasic_RWActionAssignment.hxx
-- Installing: C:/Users/Davi/Downloads/oma/.release/native-build/sdk/occt/inc/RWStepBasic_RWActionMethod.hxx
-- Installing: C:/Users/Davi/Downloads/oma/.release/native-build/sdk/occt/inc/RWStepBasic_RWActionRequestAssignment.hxx
-- Installing: C:/Users/Davi/Downloads/oma/.release/native-build/sdk/occt/inc/RWStepBasic_RWActionRequestSolution.hxx
-- Installing: C:/Users/Davi/Downloads/oma/.release/native-build/sdk/occt/inc/RWStepBasic_RWAddress.hxx
-- Installing: C:/Users/Davi/Downloads/oma/.release/native-build/sdk/occt/inc/RWStepBasic_RWApplicationContext.hxx
-- Installing: C:/Users/Davi/Downloads/oma/.release/native-build/sdk/occt/inc/RWStepBasic_RWApplicationContextElement.hxx
-- Installing: C:/Users/Davi/Downloads/oma/.release/native-build/sdk/occt/inc/RWStepBasic_RWApplicationProtocolDefinition.hxx
-- Installing: C:/Users/Davi/Downloads/oma/.release/native-build/sdk/occt/inc/RWStepBasic_RWApproval.hxx
-- Installing: C:/Users/Davi/Downloads/oma/.release/native-build/sdk/occt/inc/RWStepBasic_RWApprovalDateTime.hxx
-- Installing: C:/Users/Davi/Downloads/oma/.release/native-build/sdk/occt/inc/RWStepBasic_RWApprovalPersonOrganization.hxx
-- Installing: C:/Users/Davi/Downloads/oma/.release/native-build/sdk/occt/inc/RWStepBasic_RWApprovalRelationship.hxx
-- Installing: C:/Users/Davi/Downloads/oma/.release/native-build/sdk/occt/inc/RWStepBasic_RWApprovalRole.hxx
-- Installing: C:/Users/Davi/Downloads/oma/.release/native-build/sdk/occt/inc/RWStepBasic_RWApprovalStatus.hxx
-- Installing: C:/Users/Davi/Downloads/oma/.release/native-build/sdk/occt/inc/RWStepBasic_RWCalendarDate.hxx
-- Installing: C:/Users/Davi/Downloads/oma/.release/native-build/sdk/occt/inc/RWStepBasic_RWCertification.hxx
-- Installing: C:/Users/Davi/Downloads/oma/.release/native-build/sdk/occt/inc/RWStepBasic_RWCertificationAssignment.hxx
-- Installing: C:/Users/Davi/Downloads/oma/.release/native-build/sdk/occt/inc/RWStepBasic_RWCertificationType.hxx
-- Installing: C:/Users/Davi/Downloads/oma/.release/native-build/sdk/occt/inc/RWStepBasic_RWCharacterizedObject.hxx
-- Installing: C:/Users/Davi/Downloads/oma/.release/native-build/sdk/occt/inc/RWStepBasic_RWContract.hxx
-- Installing: C:/Users/Davi/Downloads/oma/.release/native-build/sdk/occt/inc/RWStepBasic_RWContractAssignment.hxx
-- Installing: C:/Users/Davi/Downloads/oma/.release/native-build/sdk/occt/inc/RWStepBasic_RWContractType.hxx
-- Installing: C:/Users/Davi/Downloads/oma/.release/native-build/sdk/occt/inc/RWStepBasic_RWConversionBasedUnit.hxx
-- Installing: C:/Users/Davi/Downloads/oma/.release/native-build/sdk/occt/inc/RWStepBasic_RWConversionBasedUnitAndAreaUnit.hxx
-- Installing: C:/Users/Davi/Downloads/oma/.release/native-build/sdk/occt/inc/RWStepBasic_RWConversionBasedUnitAndLengthUnit.hxx
-- Installing: C:/Users/Davi/Downloads/oma/.release/native-build/sdk/occt/inc/RWStepBasic_RWConversionBasedUnitAndMassUnit.hxx
-- Installing: C:/Users/Davi/Downloads/oma/.release/native-build/sdk/occt/inc/RWStepBasic_RWConversionBasedUnitAndPlaneAngleUnit.hxx
-- Installing: C:/Users/Davi/Downloads/oma/.release/native-build/sdk/occt/inc/RWStepBasic_RWConversionBasedUnitAndRatioUnit.hxx
-- Installing: C:/Users/Davi/Downloads/oma/.release/native-build/sdk/occt/inc/RWStepBasic_RWConversionBasedUnitAndSolidAngleUnit.hxx
-- Installing: C:/Users/Davi/Downloads/oma/.release/native-build/sdk/occt/inc/RWStepBasic_RWConversionBasedUnitAndTimeUnit.hxx
-- Installing: C:/Users/Davi/Downloads/oma/.release/native-build/sdk/occt/inc/RWStepBasic_RWConversionBasedUnitAndVolumeUnit.hxx
-- Installing: C:/Users/Davi/Downloads/oma/.release/native-build/sdk/occt/inc/RWStepBasic_RWCoordinatedUniversalTimeOffset.hxx
-- Installing: C:/Users/Davi/Downloads/oma/.release/native-build/sdk/occt/inc/RWStepBasic_RWDate.hxx
-- Installing: C:/Users/Davi/Downloads/oma/.release/native-build/sdk/occt/inc/RWStepBasic_RWDateAndTime.hxx
-- Installing: C:/Users/Davi/Downloads/oma/.release/native-build/sdk/occt/inc/RWStepBasic_RWDateRole.hxx
-- Installing: C:/Users/Davi/Downloads/oma/.release/native-build/sdk/occt/inc/RWStepBasic_RWDateTimeRole.hxx
-- Installing: C:/Users/Davi/Downloads/oma/.release/native-build/sdk/occt/inc/RWStepBasic_RWDerivedUnit.hxx
-- Installing: C:/Users/Davi/Downloads/oma/.release/native-build/sdk/occt/inc/RWStepBasic_RWDerivedUnitElement.hxx
-- Installing: C:/Users/Davi/Downloads/oma/.release/native-build/sdk/occt/inc/RWStepBasic_RWDimensionalExponents.hxx
-- Installing: C:/Users/Davi/Downloads/oma/.release/native-build/sdk/occt/inc/RWStepBasic_RWDocument.hxx
-- Installing: C:/Users/Davi/Downloads/oma/.release/native-build/sdk/occt/inc/RWStepBasic_RWDocumentFile.hxx
-- Installing: C:/Users/Davi/Downloads/oma/.release/native-build/sdk/occt/inc/RWStepBasic_RWDocumentProductAssociation.hxx
-- Installing: C:/Users/Davi/Downloads/oma/.release/native-build/sdk/occt/inc/RWStepBasic_RWDocumentProductEquivalence.hxx
-- Installing: C:/Users/Davi/Downloads/oma/.release/native-build/sdk/occt/inc/RWStepBasic_RWDocumentRelationship.hxx
-- Installing: C:/Users/Davi/Downloads/oma/.release/native-build/sdk/occt/inc/RWStepBasic_RWDocumentRepresentationType.hxx
-- Installing: C:/Users/Davi/Downloads/oma/.release/native-build/sdk/occt/inc/RWStepBasic_RWDocumentType.hxx
-- Installing: C:/Users/Davi/Downloads/oma/.release/native-build/sdk/occt/inc/RWStepBasic_RWDocumentUsageConstraint.hxx
-- Installing: C:/Users/Davi/Downloads/oma/.release/native-build/sdk/occt/inc/RWStepBasic_RWEffectivity.hxx
-- Installing: C:/Users/Davi/Downloads/oma/.release/native-build/sdk/occt/inc/RWStepBasic_RWEffectivityAssignment.hxx
-- Installing: C:/Users/Davi/Downloads/oma/.release/native-build/sdk/occt/inc/RWStepBasic_RWEulerAngles.hxx
-- Installing: C:/Users/Davi/Downloads/oma/.release/native-build/sdk/occt/inc/RWStepBasic_RWExternalIdentificationAssignment.hxx
-- Installing: C:/Users/Davi/Downloads/oma/.release/native-build/sdk/occt/inc/RWStepBasic_RWExternalSource.hxx
-- Installing: C:/Users/Davi/Downloads/oma/.release/native-build/sdk/occt/inc/RWStepBasic_RWExternallyDefinedItem.hxx
-- Installing: C:/Users/Davi/Downloads/oma/.release/native-build/sdk/occt/inc/RWStepBasic_RWGeneralProperty.hxx
-- Installing: C:/Users/Davi/Downloads/oma/.release/native-build/sdk/occt/inc/RWStepBasic_RWGroup.hxx
-- Installing: C:/Users/Davi/Downloads/oma/.release/native-build/sdk/occt/inc/RWStepBasic_RWGroupAssignment.hxx
-- Installing: C:/Users/Davi/Downloads/oma/.release/native-build/sdk/occt/inc/RWStepBasic_RWGroupRelationship.hxx
-- Installing: C:/Users/Davi/Downloads/oma/.release/native-build/sdk/occt/inc/RWStepBasic_RWIdentificationAssignment.hxx
-- Installing: C:/Users/Davi/Downloads/oma/.release/native-build/sdk/occt/inc/RWStepBasic_RWIdentificationRole.hxx
-- Installing: C:/Users/Davi/Downloads/oma/.release/native-build/sdk/occt/inc/RWStepBasic_RWLengthMeasureWithUnit.hxx
-- Installing: C:/Users/Davi/Downloads/oma/.release/native-build/sdk/occt/inc/RWStepBasic_RWLengthUnit.hxx
-- Installing: C:/Users/Davi/Downloads/oma/.release/native-build/sdk/occt/inc/RWStepBasic_RWLocalTime.hxx
-- Installing: C:/Users/Davi/Downloads/oma/.release/native-build/sdk/occt/inc/RWStepBasic_RWMassMeasureWithUnit.hxx
-- Installing: C:/Users/Davi/Downloads/oma/.release/native-build/sdk/occt/inc/RWStepBasic_RWMassUnit.hxx
-- Installing: C:/Users/Davi/Downloads/oma/.release/native-build/sdk/occt/inc/RWStepBasic_RWMeasureWithUnit.hxx
-- Installing: C:/Users/Davi/Downloads/oma/.release/native-build/sdk/occt/inc/RWStepBasic_RWMechanicalContext.hxx
-- Installing: C:/Users/Davi/Downloads/oma/.release/native-build/sdk/occt/inc/RWStepBasic_RWNameAssignment.hxx
-- Installing: C:/Users/Davi/Downloads/oma/.release/native-build/sdk/occt/inc/RWStepBasic_RWNamedUnit.hxx
-- Installing: C:/Users/Davi/Downloads/oma/.release/native-build/sdk/occt/inc/RWStepBasic_RWObjectRole.hxx
-- Installing: C:/Users/Davi/Downloads/oma/.release/native-build/sdk/occt/inc/RWStepBasic_RWOrdinalDate.hxx
-- Installing: C:/Users/Davi/Downloads/oma/.release/native-build/sdk/occt/inc/RWStepBasic_RWOrganization.hxx
-- Installing: C:/Users/Davi/Downloads/oma/.release/native-build/sdk/occt/inc/RWStepBasic_RWOrganizationRole.hxx
-- Installing: C:/Users/Davi/Downloads/oma/.release/native-build/sdk/occt/inc/RWStepBasic_RWOrganizationalAddress.hxx
-- Installing: C:/Users/Davi/Downloads/oma/.release/native-build/sdk/occt/inc/RWStepBasic_RWPerson.hxx
-- Installing: C:/Users/Davi/Downloads/oma/.release/native-build/sdk/occt/inc/RWStepBasic_RWPersonAndOrganization.hxx
-- Installing: C:/Users/Davi/Downloads/oma/.release/native-build/sdk/occt/inc/RWStepBasic_RWPersonAndOrganizationRole.hxx
-- Installing: C:/Users/Davi/Downloads/oma/.release/native-build/sdk/occt/inc/RWStepBasic_RWPersonalAddress.hxx
-- Installing: C:/Users/Davi/Downloads/oma/.release/native-build/sdk/occt/inc/RWStepBasic_RWPlaneAngleMeasureWithUnit.hxx
-- Installing: C:/Users/Davi/Downloads/oma/.release/native-build/sdk/occt/inc/RWStepBasic_RWPlaneAngleUnit.hxx
-- Installing: C:/Users/Davi/Downloads/oma/.release/native-build/sdk/occt/inc/RWStepBasic_RWProduct.hxx
-- Installing: C:/Users/Davi/Downloads/oma/.release/native-build/sdk/occt/inc/RWStepBasic_RWProductCategory.hxx
-- Installing: C:/Users/Davi/Downloads/oma/.release/native-build/sdk/occt/inc/RWStepBasic_RWProductCategoryRelationship.hxx
-- Installing: C:/Users/Davi/Downloads/oma/.release/native-build/sdk/occt/inc/RWStepBasic_RWProductConceptContext.hxx
-- Installing: C:/Users/Davi/Downloads/oma/.release/native-build/sdk/occt/inc/RWStepBasic_RWProductContext.hxx
-- Installing: C:/Users/Davi/Downloads/oma/.release/native-build/sdk/occt/inc/RWStepBasic_RWProductDefinition.hxx
-- Installing: C:/Users/Davi/Downloads/oma/.release/native-build/sdk/occt/inc/RWStepBasic_RWProductDefinitionContext.hxx
-- Installing: C:/Users/Davi/Downloads/oma/.release/native-build/sdk/occt/inc/RWStepBasic_RWProductDefinitionEffectivity.hxx
-- Installing: C:/Users/Davi/Downloads/oma/.release/native-build/sdk/occt/inc/RWStepBasic_RWProductDefinitionFormation.hxx
-- Installing: C:/Users/Davi/Downloads/oma/.release/native-build/sdk/occt/inc/RWStepBasic_RWProductDefinitionFormationRelationship.hxx
-- Installing: C:/Users/Davi/Downloads/oma/.release/native-build/sdk/occt/inc/RWStepBasic_RWProductDefinitionFormationWithSpecifiedSource.hxx
-- Installing: C:/Users/Davi/Downloads/oma/.release/native-build/sdk/occt/inc/RWStepBasic_RWProductDefinitionReference.hxx
-- Installing: C:/Users/Davi/Downloads/oma/.release/native-build/sdk/occt/inc/RWStepBasic_RWProductDefinitionReferenceWithLocalRepresentation.hxx
-- Installing: C:/Users/Davi/Downloads/oma/.release/native-build/sdk/occt/inc/RWStepBasic_RWProductDefinitionRelationship.hxx
-- Installing: C:/Users/Davi/Downloads/oma/.release/native-build/sdk/occt/inc/RWStepBasic_RWProductDefinitionWithAssociatedDocuments.hxx
-- Installing: C:/Users/Davi/Downloads/oma/.release/native-build/sdk/occt/inc/RWStepBasic_RWProductRelatedProductCategory.hxx
-- Installing: C:/Users/Davi/Downloads/oma/.release/native-build/sdk/occt/inc/RWStepBasic_RWProductType.hxx
-- Installing: C:/Users/Davi/Downloads/oma/.release/native-build/sdk/occt/inc/RWStepBasic_RWRatioMeasureWithUnit.hxx
-- Installing: C:/Users/Davi/Downloads/oma/.release/native-build/sdk/occt/inc/RWStepBasic_RWRoleAssociation.hxx
-- Installing: C:/Users/Davi/Downloads/oma/.release/native-build/sdk/occt/inc/RWStepBasic_RWSecurityClassification.hxx
-- Installing: C:/Users/Davi/Downloads/oma/.release/native-build/sdk/occt/inc/RWStepBasic_RWSecurityClassificationLevel.hxx
-- Installing: C:/Users/Davi/Downloads/oma/.release/native-build/sdk/occt/inc/RWStepBasic_RWSiUnit.hxx
-- Installing: C:/Users/Davi/Downloads/oma/.release/native-build/sdk/occt/inc/RWStepBasic_RWSiUnitAndAreaUnit.hxx
-- Installing: C:/Users/Davi/Downloads/oma/.release/native-build/sdk/occt/inc/RWStepBasic_RWSiUnitAndLengthUnit.hxx
-- Installing: C:/Users/Davi/Downloads/oma/.release/native-build/sdk/occt/inc/RWStepBasic_RWSiUnitAndMassUnit.hxx
-- Installing: C:/Users/Davi/Downloads/oma/.release/native-build/sdk/occt/inc/RWStepBasic_RWSiUnitAndPlaneAngleUnit.hxx
-- Installing: C:/Users/Davi/Downloads/oma/.release/native-build/sdk/occt/inc/RWStepBasic_RWSiUnitAndRatioUnit.hxx
-- Installing: C:/Users/Davi/Downloads/oma/.release/native-build/sdk/occt/inc/RWStepBasic_RWSiUnitAndSolidAngleUnit.hxx
-- Installing: C:/Users/Davi/Downloads/oma/.release/native-build/sdk/occt/inc/RWStepBasic_RWSiUnitAndThermodynamicTemperatureUnit.hxx
-- Installing: C:/Users/Davi/Downloads/oma/.release/native-build/sdk/occt/inc/RWStepBasic_RWSiUnitAndTimeUnit.hxx
-- Installing: C:/Users/Davi/Downloads/oma/.release/native-build/sdk/occt/inc/RWStepBasic_RWSiUnitAndVolumeUnit.hxx
-- Installing: C:/Users/Davi/Downloads/oma/.release/native-build/sdk/occt/inc/RWStepBasic_RWSolidAngleMeasureWithUnit.hxx
-- Installing: C:/Users/Davi/Downloads/oma/.release/native-build/sdk/occt/inc/RWStepBasic_RWSolidAngleUnit.hxx
-- Installing: C:/Users/Davi/Downloads/oma/.release/native-build/sdk/occt/inc/RWStepBasic_RWThermodynamicTemperatureUnit.hxx
-- Installing: C:/Users/Davi/Downloads/oma/.release/native-build/sdk/occt/inc/RWStepBasic_RWUncertaintyMeasureWithUnit.hxx
-- Installing: C:/Users/Davi/Downloads/oma/.release/native-build/sdk/occt/inc/RWStepBasic_RWVersionedActionRequest.hxx
-- Installing: C:/Users/Davi/Downloads/oma/.release/native-build/sdk/occt/inc/RWStepBasic_RWWeekOfYearAndDayDate.hxx
-- Installing: C:/Users/Davi/Downloads/oma/.release/native-build/sdk/occt/inc/StepRepr_AllAroundShapeAspect.hxx
-- Installing: C:/Users/Davi/Downloads/oma/.release/native-build/sdk/occt/inc/StepRepr_Apex.hxx
-- Installing: C:/Users/Davi/Downloads/oma/.release/native-build/sdk/occt/inc/StepRepr_Array1OfMaterialPropertyRepresentation.hxx
-- Installing: C:/Users/Davi/Downloads/oma/.release/native-build/sdk/occt/inc/StepRepr_Array1OfPropertyDefinitionRepresentation.hxx
-- Installing: C:/Users/Davi/Downloads/oma/.release/native-build/sdk/occt/inc/StepRepr_Array1OfRepresentationItem.hxx
-- Installing: C:/Users/Davi/Downloads/oma/.release/native-build/sdk/occt/inc/StepRepr_Array1OfShapeAspect.hxx
-- Installing: C:/Users/Davi/Downloads/oma/.release/native-build/sdk/occt/inc/StepRepr_AssemblyComponentUsage.hxx
-- Installing: C:/Users/Davi/Downloads/oma/.release/native-build/sdk/occt/inc/StepRepr_AssemblyComponentUsageSubstitute.hxx
-- Installing: C:/Users/Davi/Downloads/oma/.release/native-build/sdk/occt/inc/StepRepr_BetweenShapeAspect.hxx
-- Installing: C:/Users/Davi/Downloads/oma/.release/native-build/sdk/occt/inc/StepRepr_CentreOfSymmetry.hxx
-- Installing: C:/Users/Davi/Downloads/oma/.release/native-build/sdk/occt/inc/StepRepr_CharacterizedDefinition.hxx
-- Installing: C:/Users/Davi/Downloads/oma/.release/native-build/sdk/occt/inc/StepRepr_CharacterizedRepresentation.hxx
-- Installing: C:/Users/Davi/Downloads/oma/.release/native-build/sdk/occt/inc/StepRepr_CompGroupShAspAndCompShAspAndDatumFeatAndShAsp.hxx
-- Installing: C:/Users/Davi/Downloads/oma/.release/native-build/sdk/occt/inc/StepRepr_CompShAspAndDatumFeatAndShAsp.hxx
-- Installing: C:/Users/Davi/Downloads/oma/.release/native-build/sdk/occt/inc/StepRepr_CompositeGroupShapeAspect.hxx
-- Installing: C:/Users/Davi/Downloads/oma/.release/native-build/sdk/occt/inc/StepRepr_CompositeShapeAspect.hxx
-- Installing: C:/Users/Davi/Downloads/oma/.release/native-build/sdk/occt/inc/StepRepr_CompoundRepresentationItem.hxx
-- Installing: C:/Users/Davi/Downloads/oma/.release/native-build/sdk/occt/inc/StepRepr_ConfigurationDesign.hxx
-- Installing: C:/Users/Davi/Downloads/oma/.release/native-build/sdk/occt/inc/StepRepr_ConfigurationDesignItem.hxx
-- Installing: C:/Users/Davi/Downloads/oma/.release/native-build/sdk/occt/inc/StepRepr_ConfigurationEffectivity.hxx
-- Installing: C:/Users/Davi/Downloads/oma/.release/native-build/sdk/occt/inc/StepRepr_ConfigurationItem.hxx
-- Installing: C:/Users/Davi/Downloads/oma/.release/native-build/sdk/occt/inc/StepRepr_ConstructiveGeometryRepresentation.hxx
-- Installing: C:/Users/Davi/Downloads/oma/.release/native-build/sdk/occt/inc/StepRepr_ConstructiveGeometryRepresentationRelationship.hxx
-- Installing: C:/Users/Davi/Downloads/oma/.release/native-build/sdk/occt/inc/StepRepr_ContinuosShapeAspect.hxx
-- Installing: C:/Users/Davi/Downloads/oma/.release/native-build/sdk/occt/inc/StepRepr_DataEnvironment.hxx
-- Installing: C:/Users/Davi/Downloads/oma/.release/native-build/sdk/occt/inc/StepRepr_DefinitionalRepresentation.hxx
-- Installing: C:/Users/Davi/Downloads/oma/.release/native-build/sdk/occt/inc/StepRepr_DerivedShapeAspect.hxx
-- Installing: C:/Users/Davi/Downloads/oma/.release/native-build/sdk/occt/inc/StepRepr_DescriptiveRepresentationItem.hxx
-- Installing: C:/Users/Davi/Downloads/oma/.release/native-build/sdk/occt/inc/StepRepr_Extension.hxx
-- Installing: C:/Users/Davi/Downloads/oma/.release/native-build/sdk/occt/inc/StepRepr_ExternallyDefinedRepresentation.hxx
-- Installing: C:/Users/Davi/Downloads/oma/.release/native-build/sdk/occt/inc/StepRepr_FeatureForDatumTargetRelationship.hxx
-- Installing: C:/Users/Davi/Downloads/oma/.release/native-build/sdk/occt/inc/StepRepr_FunctionallyDefinedTransformation.hxx
-- Installing: C:/Users/Davi/Downloads/oma/.release/native-build/sdk/occt/inc/StepRepr_GeometricAlignment.hxx
-- Installing: C:/Users/Davi/Downloads/oma/.release/native-build/sdk/occt/inc/StepRepr_GlobalUncertaintyAssignedContext.hxx
-- Installing: C:/Users/Davi/Downloads/oma/.release/native-build/sdk/occt/inc/StepRepr_GlobalUnitAssignedContext.hxx
-- Installing: C:/Users/Davi/Downloads/oma/.release/native-build/sdk/occt/inc/StepRepr_HArray1OfMaterialPropertyRepresentation.hxx
-- Installing: C:/Users/Davi/Downloads/oma/.release/native-build/sdk/occt/inc/StepRepr_HArray1OfPropertyDefinitionRepresentation.hxx
-- Installing: C:/Users/Davi/Downloads/oma/.release/native-build/sdk/occt/inc/StepRepr_HArray1OfRepresentationItem.hxx
-- Installing: C:/Users/Davi/Downloads/oma/.release/native-build/sdk/occt/inc/StepRepr_HArray1OfShapeAspect.hxx
-- Installing: C:/Users/Davi/Downloads/oma/.release/native-build/sdk/occt/inc/StepRepr_HSequenceOfMaterialPropertyRepresentation.hxx
-- Installing: C:/Users/Davi/Downloads/oma/.release/native-build/sdk/occt/inc/StepRepr_HSequenceOfRepresentationItem.hxx
-- Installing: C:/Users/Davi/Downloads/oma/.release/native-build/sdk/occt/inc/StepRepr_IntegerRepresentationItem.hxx
-- Installing: C:/Users/Davi/Downloads/oma/.release/native-build/sdk/occt/inc/StepRepr_ItemDefinedTransformation.hxx
-- Installing: C:/Users/Davi/Downloads/oma/.release/native-build/sdk/occt/inc/StepRepr_MakeFromUsageOption.hxx
-- Installing: C:/Users/Davi/Downloads/oma/.release/native-build/sdk/occt/inc/StepRepr_MappedItem.hxx
-- Installing: C:/Users/Davi/Downloads/oma/.release/native-build/sdk/occt/inc/StepRepr_MaterialDesignation.hxx
-- Installing: C:/Users/Davi/Downloads/oma/.release/native-build/sdk/occt/inc/StepRepr_MaterialProperty.hxx
-- Installing: C:/Users/Davi/Downloads/oma/.release/native-build/sdk/occt/inc/StepRepr_MaterialPropertyRepresentation.hxx
-- Installing: C:/Users/Davi/Downloads/oma/.release/native-build/sdk/occt/inc/StepRepr_MeasureRepresentationItem.hxx
-- Installing: C:/Users/Davi/Downloads/oma/.release/native-build/sdk/occt/inc/StepRepr_NextAssemblyUsageOccurrence.hxx
-- Installing: C:/Users/Davi/Downloads/oma/.release/native-build/sdk/occt/inc/StepRepr_ParallelOffset.hxx
-- Installing: C:/Users/Davi/Downloads/oma/.release/native-build/sdk/occt/inc/StepRepr_ParametricRepresentationContext.hxx
-- Installing: C:/Users/Davi/Downloads/oma/.release/native-build/sdk/occt/inc/StepRepr_PerpendicularTo.hxx
-- Installing: C:/Users/Davi/Downloads/oma/.release/native-build/sdk/occt/inc/StepRepr_ProductConcept.hxx
-- Installing: C:/Users/Davi/Downloads/oma/.release/native-build/sdk/occt/inc/StepRepr_ProductDefinitionShape.hxx
-- Installing: C:/Users/Davi/Downloads/oma/.release/native-build/sdk/occt/inc/StepRepr_ProductDefinitionUsage.hxx
-- Installing: C:/Users/Davi/Downloads/oma/.release/native-build/sdk/occt/inc/StepRepr_PromissoryUsageOccurrence.hxx
-- Installing: C:/Users/Davi/Downloads/oma/.release/native-build/sdk/occt/inc/StepRepr_PropertyDefinition.hxx
-- Installing: C:/Users/Davi/Downloads/oma/.release/native-build/sdk/occt/inc/StepRepr_PropertyDefinitionRelationship.hxx
-- Installing: C:/Users/Davi/Downloads/oma/.release/native-build/sdk/occt/inc/StepRepr_PropertyDefinitionRepresentation.hxx
-- Installing: C:/Users/Davi/Downloads/oma/.release/native-build/sdk/occt/inc/StepRepr_QuantifiedAssemblyComponentUsage.hxx
-- Installing: C:/Users/Davi/Downloads/oma/.release/native-build/sdk/occt/inc/StepRepr_ReprItemAndLengthMeasureWithUnit.hxx
-- Installing: C:/Users/Davi/Downloads/oma/.release/native-build/sdk/occt/inc/StepRepr_ReprItemAndLengthMeasureWithUnitAndQRI.hxx
-- Installing: C:/Users/Davi/Downloads/oma/.release/native-build/sdk/occt/inc/StepRepr_ReprItemAndMeasureWithUnit.hxx
-- Installing: C:/Users/Davi/Downloads/oma/.release/native-build/sdk/occt/inc/StepRepr_ReprItemAndMeasureWithUnitAndQRI.hxx
-- Installing: C:/Users/Davi/Downloads/oma/.release/native-build/sdk/occt/inc/StepRepr_ReprItemAndPlaneAngleMeasureWithUnit.hxx
-- Installing: C:/Users/Davi/Downloads/oma/.release/native-build/sdk/occt/inc/StepRepr_ReprItemAndPlaneAngleMeasureWithUnitAndQRI.hxx
-- Installing: C:/Users/Davi/Downloads/oma/.release/native-build/sdk/occt/inc/StepRepr_Representation.hxx
-- Installing: C:/Users/Davi/Downloads/oma/.release/native-build/sdk/occt/inc/StepRepr_RepresentationContext.hxx
-- Installing: C:/Users/Davi/Downloads/oma/.release/native-build/sdk/occt/inc/StepRepr_RepresentationContextReference.hxx
-- Installing: C:/Users/Davi/Downloads/oma/.release/native-build/sdk/occt/inc/StepRepr_RepresentationItem.hxx
-- Installing: C:/Users/Davi/Downloads/oma/.release/native-build/sdk/occt/inc/StepRepr_RepresentationMap.hxx
-- Installing: C:/Users/Davi/Downloads/oma/.release/native-build/sdk/occt/inc/StepRepr_RepresentationOrRepresentationReference.hxx
-- Installing: C:/Users/Davi/Downloads/oma/.release/native-build/sdk/occt/inc/StepRepr_RepresentationReference.hxx
-- Installing: C:/Users/Davi/Downloads/oma/.release/native-build/sdk/occt/inc/StepRepr_RepresentationRelationship.hxx
-- Installing: C:/Users/Davi/Downloads/oma/.release/native-build/sdk/occt/inc/StepRepr_RepresentationRelationshipWithTransformation.hxx
-- Installing: C:/Users/Davi/Downloads/oma/.release/native-build/sdk/occt/inc/StepRepr_RepresentedDefinition.hxx
-- Installing: C:/Users/Davi/Downloads/oma/.release/native-build/sdk/occt/inc/StepRepr_SequenceOfMaterialPropertyRepresentation.hxx
-- Installing: C:/Users/Davi/Downloads/oma/.release/native-build/sdk/occt/inc/StepRepr_SequenceOfRepresentationItem.hxx
-- Installing: C:/Users/Davi/Downloads/oma/.release/native-build/sdk/occt/inc/StepRepr_ShapeAspect.hxx
-- Installing: C:/Users/Davi/Downloads/oma/.release/native-build/sdk/occt/inc/StepRepr_ShapeAspectDerivingRelationship.hxx
-- Installing: C:/Users/Davi/Downloads/oma/.release/native-build/sdk/occt/inc/StepRepr_ShapeAspectRelationship.hxx
-- Installing: C:/Users/Davi/Downloads/oma/.release/native-build/sdk/occt/inc/StepRepr_ShapeAspectTransition.hxx
-- Installing: C:/Users/Davi/Downloads/oma/.release/native-build/sdk/occt/inc/StepRepr_ShapeDefinition.hxx
-- Installing: C:/Users/Davi/Downloads/oma/.release/native-build/sdk/occt/inc/StepRepr_ShapeRepresentationRelationship.hxx
-- Installing: C:/Users/Davi/Downloads/oma/.release/native-build/sdk/occt/inc/StepRepr_ShapeRepresentationRelationshipWithTransformation.hxx
-- Installing: C:/Users/Davi/Downloads/oma/.release/native-build/sdk/occt/inc/StepRepr_SpecifiedHigherUsageOccurrence.hxx
-- Installing: C:/Users/Davi/Downloads/oma/.release/native-build/sdk/occt/inc/StepRepr_StructuralResponseProperty.hxx
-- Installing: C:/Users/Davi/Downloads/oma/.release/native-build/sdk/occt/inc/StepRepr_StructuralResponsePropertyDefinitionRepresentation.hxx
-- Installing: C:/Users/Davi/Downloads/oma/.release/native-build/sdk/occt/inc/StepRepr_SuppliedPartRelationship.hxx
-- Installing: C:/Users/Davi/Downloads/oma/.release/native-build/sdk/occt/inc/StepRepr_Tangent.hxx
-- Installing: C:/Users/Davi/Downloads/oma/.release/native-build/sdk/occt/inc/StepRepr_Transformation.hxx
-- Installing: C:/Users/Davi/Downloads/oma/.release/native-build/sdk/occt/inc/StepRepr_ValueRange.hxx
-- Installing: C:/Users/Davi/Downloads/oma/.release/native-build/sdk/occt/inc/StepRepr_ValueRepresentationItem.hxx
-- Installing: C:/Users/Davi/Downloads/oma/.release/native-build/sdk/occt/inc/RWStepRepr_RWAllAroundShapeAspect.hxx
-- Installing: C:/Users/Davi/Downloads/oma/.release/native-build/sdk/occt/inc/RWStepRepr_RWApex.hxx
-- Installing: C:/Users/Davi/Downloads/oma/.release/native-build/sdk/occt/inc/RWStepRepr_RWAssemblyComponentUsage.hxx
-- Installing: C:/Users/Davi/Downloads/oma/.release/native-build/sdk/occt/inc/RWStepRepr_RWAssemblyComponentUsageSubstitute.hxx
-- Installing: C:/Users/Davi/Downloads/oma/.release/native-build/sdk/occt/inc/RWStepRepr_RWBetweenShapeAspect.hxx
-- Installing: C:/Users/Davi/Downloads/oma/.release/native-build/sdk/occt/inc/RWStepRepr_RWCentreOfSymmetry.hxx
-- Installing: C:/Users/Davi/Downloads/oma/.release/native-build/sdk/occt/inc/RWStepRepr_RWCharacterizedRepresentation.hxx
-- Installing: C:/Users/Davi/Downloads/oma/.release/native-build/sdk/occt/inc/RWStepRepr_RWCompGroupShAspAndCompShAspAndDatumFeatAndShAsp.hxx
-- Installing: C:/Users/Davi/Downloads/oma/.release/native-build/sdk/occt/inc/RWStepRepr_RWCompShAspAndDatumFeatAndShAsp.hxx
-- Installing: C:/Users/Davi/Downloads/oma/.release/native-build/sdk/occt/inc/RWStepRepr_RWCompositeGroupShapeAspect.hxx
-- Installing: C:/Users/Davi/Downloads/oma/.release/native-build/sdk/occt/inc/RWStepRepr_RWCompositeShapeAspect.hxx
-- Installing: C:/Users/Davi/Downloads/oma/.release/native-build/sdk/occt/inc/RWStepRepr_RWCompoundRepresentationItem.hxx
-- Installing: C:/Users/Davi/Downloads/oma/.release/native-build/sdk/occt/inc/RWStepRepr_RWConfigurationDesign.hxx
-- Installing: C:/Users/Davi/Downloads/oma/.release/native-build/sdk/occt/inc/RWStepRepr_RWConfigurationEffectivity.hxx
-- Installing: C:/Users/Davi/Downloads/oma/.release/native-build/sdk/occt/inc/RWStepRepr_RWConfigurationItem.hxx
-- Installing: C:/Users/Davi/Downloads/oma/.release/native-build/sdk/occt/inc/RWStepRepr_RWConstructiveGeometryRepresentation.hxx
-- Installing: C:/Users/Davi/Downloads/oma/.release/native-build/sdk/occt/inc/RWStepRepr_RWConstructiveGeometryRepresentationRelationship.hxx
-- Installing: C:/Users/Davi/Downloads/oma/.release/native-build/sdk/occt/inc/RWStepRepr_RWContinuosShapeAspect.hxx
-- Installing: C:/Users/Davi/Downloads/oma/.release/native-build/sdk/occt/inc/RWStepRepr_RWDataEnvironment.hxx
-- Installing: C:/Users/Davi/Downloads/oma/.release/native-build/sdk/occt/inc/RWStepRepr_RWDefinitionalRepresentation.hxx
-- Installing: C:/Users/Davi/Downloads/oma/.release/native-build/sdk/occt/inc/RWStepRepr_RWDerivedShapeAspect.hxx
-- Installing: C:/Users/Davi/Downloads/oma/.release/native-build/sdk/occt/inc/RWStepRepr_RWDescriptiveRepresentationItem.hxx
-- Installing: C:/Users/Davi/Downloads/oma/.release/native-build/sdk/occt/inc/RWStepRepr_RWExtension.hxx
-- Installing: C:/Users/Davi/Downloads/oma/.release/native-build/sdk/occt/inc/RWStepRepr_RWFeatureForDatumTargetRelationship.hxx
-- Installing: C:/Users/Davi/Downloads/oma/.release/native-build/sdk/occt/inc/RWStepRepr_RWFunctionallyDefinedTransformation.hxx
-- Installing: C:/Users/Davi/Downloads/oma/.release/native-build/sdk/occt/inc/RWStepRepr_RWGeometricAlignment.hxx
-- Installing: C:/Users/Davi/Downloads/oma/.release/native-build/sdk/occt/inc/RWStepRepr_RWGlobalUncertaintyAssignedContext.hxx
-- Installing: C:/Users/Davi/Downloads/oma/.release/native-build/sdk/occt/inc/RWStepRepr_RWGlobalUnitAssignedContext.hxx
-- Installing: C:/Users/Davi/Downloads/oma/.release/native-build/sdk/occt/inc/RWStepRepr_RWIntegerRepresentationItem.hxx
-- Installing: C:/Users/Davi/Downloads/oma/.release/native-build/sdk/occt/inc/RWStepRepr_RWItemDefinedTransformation.hxx
-- Installing: C:/Users/Davi/Downloads/oma/.release/native-build/sdk/occt/inc/RWStepRepr_RWMakeFromUsageOption.hxx
-- Installing: C:/Users/Davi/Downloads/oma/.release/native-build/sdk/occt/inc/RWStepRepr_RWMappedItem.hxx
-- Installing: C:/Users/Davi/Downloads/oma/.release/native-build/sdk/occt/inc/RWStepRepr_RWMaterialDesignation.hxx
-- Installing: C:/Users/Davi/Downloads/oma/.release/native-build/sdk/occt/inc/RWStepRepr_RWMaterialProperty.hxx
-- Installing: C:/Users/Davi/Downloads/oma/.release/native-build/sdk/occt/inc/RWStepRepr_RWMaterialPropertyRepresentation.hxx
-- Installing: C:/Users/Davi/Downloads/oma/.release/native-build/sdk/occt/inc/RWStepRepr_RWMeasureRepresentationItem.hxx
-- Installing: C:/Users/Davi/Downloads/oma/.release/native-build/sdk/occt/inc/RWStepRepr_RWParallelOffset.hxx
-- Installing: C:/Users/Davi/Downloads/oma/.release/native-build/sdk/occt/inc/RWStepRepr_RWParametricRepresentationContext.hxx
-- Installing: C:/Users/Davi/Downloads/oma/.release/native-build/sdk/occt/inc/RWStepRepr_RWPerpendicularTo.hxx
-- Installing: C:/Users/Davi/Downloads/oma/.release/native-build/sdk/occt/inc/RWStepRepr_RWProductConcept.hxx
-- Installing: C:/Users/Davi/Downloads/oma/.release/native-build/sdk/occt/inc/RWStepRepr_RWProductDefinitionShape.hxx
-- Installing: C:/Users/Davi/Downloads/oma/.release/native-build/sdk/occt/inc/RWStepRepr_RWPropertyDefinition.hxx
-- Installing: C:/Users/Davi/Downloads/oma/.release/native-build/sdk/occt/inc/RWStepRepr_RWPropertyDefinitionRelationship.hxx
-- Installing: C:/Users/Davi/Downloads/oma/.release/native-build/sdk/occt/inc/RWStepRepr_RWPropertyDefinitionRepresentation.hxx
-- Installing: C:/Users/Davi/Downloads/oma/.release/native-build/sdk/occt/inc/RWStepRepr_RWQuantifiedAssemblyComponentUsage.hxx
-- Installing: C:/Users/Davi/Downloads/oma/.release/native-build/sdk/occt/inc/RWStepRepr_RWReprItemAndLengthMeasureWithUnit.hxx
-- Installing: C:/Users/Davi/Downloads/oma/.release/native-build/sdk/occt/inc/RWStepRepr_RWReprItemAndLengthMeasureWithUnitAndQRI.hxx
-- Installing: C:/Users/Davi/Downloads/oma/.release/native-build/sdk/occt/inc/RWStepRepr_RWReprItemAndPlaneAngleMeasureWithUnit.hxx
-- Installing: C:/Users/Davi/Downloads/oma/.release/native-build/sdk/occt/inc/RWStepRepr_RWReprItemAndPlaneAngleMeasureWithUnitAndQRI.hxx
-- Installing: C:/Users/Davi/Downloads/oma/.release/native-build/sdk/occt/inc/RWStepRepr_RWRepresentation.hxx
-- Installing: C:/Users/Davi/Downloads/oma/.release/native-build/sdk/occt/inc/RWStepRepr_RWRepresentationContext.hxx
-- Installing: C:/Users/Davi/Downloads/oma/.release/native-build/sdk/occt/inc/RWStepRepr_RWRepresentationContextReference.hxx
-- Installing: C:/Users/Davi/Downloads/oma/.release/native-build/sdk/occt/inc/RWStepRepr_RWRepresentationItem.hxx
-- Installing: C:/Users/Davi/Downloads/oma/.release/native-build/sdk/occt/inc/RWStepRepr_RWRepresentationMap.hxx
-- Installing: C:/Users/Davi/Downloads/oma/.release/native-build/sdk/occt/inc/RWStepRepr_RWRepresentationReference.hxx
-- Installing: C:/Users/Davi/Downloads/oma/.release/native-build/sdk/occt/inc/RWStepRepr_RWRepresentationRelationship.hxx
-- Installing: C:/Users/Davi/Downloads/oma/.release/native-build/sdk/occt/inc/RWStepRepr_RWRepresentationRelationshipWithTransformation.hxx
-- Installing: C:/Users/Davi/Downloads/oma/.release/native-build/sdk/occt/inc/RWStepRepr_RWShapeAspect.hxx
-- Installing: C:/Users/Davi/Downloads/oma/.release/native-build/sdk/occt/inc/RWStepRepr_RWShapeAspectDerivingRelationship.hxx
-- Installing: C:/Users/Davi/Downloads/oma/.release/native-build/sdk/occt/inc/RWStepRepr_RWShapeAspectRelationship.hxx
-- Installing: C:/Users/Davi/Downloads/oma/.release/native-build/sdk/occt/inc/RWStepRepr_RWShapeAspectTransition.hxx
-- Installing: C:/Users/Davi/Downloads/oma/.release/native-build/sdk/occt/inc/RWStepRepr_RWShapeRepresentationRelationshipWithTransformation.hxx
-- Installing: C:/Users/Davi/Downloads/oma/.release/native-build/sdk/occt/inc/RWStepRepr_RWSpecifiedHigherUsageOccurrence.hxx
-- Installing: C:/Users/Davi/Downloads/oma/.release/native-build/sdk/occt/inc/RWStepRepr_RWStructuralResponseProperty.hxx
-- Installing: C:/Users/Davi/Downloads/oma/.release/native-build/sdk/occt/inc/RWStepRepr_RWStructuralResponsePropertyDefinitionRepresentation.hxx
-- Installing: C:/Users/Davi/Downloads/oma/.release/native-build/sdk/occt/inc/RWStepRepr_RWTangent.hxx
-- Installing: C:/Users/Davi/Downloads/oma/.release/native-build/sdk/occt/inc/RWStepRepr_RWValueRepresentationItem.hxx
-- Installing: C:/Users/Davi/Downloads/oma/.release/native-build/sdk/occt/inc/StepGeom_Array1OfBoundaryCurve.hxx
-- Installing: C:/Users/Davi/Downloads/oma/.release/native-build/sdk/occt/inc/StepGeom_Array1OfCartesianPoint.hxx
-- Installing: C:/Users/Davi/Downloads/oma/.release/native-build/sdk/occt/inc/StepGeom_Array1OfCompositeCurveSegment.hxx
-- Installing: C:/Users/Davi/Downloads/oma/.release/native-build/sdk/occt/inc/StepGeom_Array1OfCurve.hxx
-- Installing: C:/Users/Davi/Downloads/oma/.release/native-build/sdk/occt/inc/StepGeom_Array1OfPcurveOrSurface.hxx
-- Installing: C:/Users/Davi/Downloads/oma/.release/native-build/sdk/occt/inc/StepGeom_Array1OfSurfaceBoundary.hxx
-- Installing: C:/Users/Davi/Downloads/oma/.release/native-build/sdk/occt/inc/StepGeom_Array1OfTrimmingSelect.hxx
-- Installing: C:/Users/Davi/Downloads/oma/.release/native-build/sdk/occt/inc/StepGeom_Array2OfCartesianPoint.hxx
-- Installing: C:/Users/Davi/Downloads/oma/.release/native-build/sdk/occt/inc/StepGeom_Array2OfSurfacePatch.hxx
-- Installing: C:/Users/Davi/Downloads/oma/.release/native-build/sdk/occt/inc/StepGeom_Axis1Placement.hxx
-- Installing: C:/Users/Davi/Downloads/oma/.release/native-build/sdk/occt/inc/StepGeom_Axis2Placement.hxx
-- Installing: C:/Users/Davi/Downloads/oma/.release/native-build/sdk/occt/inc/StepGeom_Axis2Placement2d.hxx
-- Installing: C:/Users/Davi/Downloads/oma/.release/native-build/sdk/occt/inc/StepGeom_Axis2Placement3d.hxx
-- Installing: C:/Users/Davi/Downloads/oma/.release/native-build/sdk/occt/inc/StepGeom_BSplineCurve.hxx
-- Installing: C:/Users/Davi/Downloads/oma/.release/native-build/sdk/occt/inc/StepGeom_BSplineCurveForm.hxx
-- Installing: C:/Users/Davi/Downloads/oma/.release/native-build/sdk/occt/inc/StepGeom_BSplineCurveWithKnots.hxx
-- Installing: C:/Users/Davi/Downloads/oma/.release/native-build/sdk/occt/inc/StepGeom_BSplineCurveWithKnotsAndRationalBSplineCurve.hxx
-- Installing: C:/Users/Davi/Downloads/oma/.release/native-build/sdk/occt/inc/StepGeom_BSplineSurface.hxx
-- Installing: C:/Users/Davi/Downloads/oma/.release/native-build/sdk/occt/inc/StepGeom_BSplineSurfaceForm.hxx
-- Installing: C:/Users/Davi/Downloads/oma/.release/native-build/sdk/occt/inc/StepGeom_BSplineSurfaceWithKnots.hxx
-- Installing: C:/Users/Davi/Downloads/oma/.release/native-build/sdk/occt/inc/StepGeom_BSplineSurfaceWithKnotsAndRationalBSplineSurface.hxx
-- Installing: C:/Users/Davi/Downloads/oma/.release/native-build/sdk/occt/inc/StepGeom_BezierCurve.hxx
-- Installing: C:/Users/Davi/Downloads/oma/.release/native-build/sdk/occt/inc/StepGeom_BezierCurveAndRationalBSplineCurve.hxx
-- Installing: C:/Users/Davi/Downloads/oma/.release/native-build/sdk/occt/inc/StepGeom_BezierSurface.hxx
-- Installing: C:/Users/Davi/Downloads/oma/.release/native-build/sdk/occt/inc/StepGeom_BezierSurfaceAndRationalBSplineSurface.hxx
-- Installing: C:/Users/Davi/Downloads/oma/.release/native-build/sdk/occt/inc/StepGeom_BoundaryCurve.hxx
-- Installing: C:/Users/Davi/Downloads/oma/.release/native-build/sdk/occt/inc/StepGeom_BoundedCurve.hxx
-- Installing: C:/Users/Davi/Downloads/oma/.release/native-build/sdk/occt/inc/StepGeom_BoundedSurface.hxx
-- Installing: C:/Users/Davi/Downloads/oma/.release/native-build/sdk/occt/inc/StepGeom_CartesianPoint.hxx
-- Installing: C:/Users/Davi/Downloads/oma/.release/native-build/sdk/occt/inc/StepGeom_CartesianTransformationOperator.hxx
-- Installing: C:/Users/Davi/Downloads/oma/.release/native-build/sdk/occt/inc/StepGeom_CartesianTransformationOperator2d.hxx
-- Installing: C:/Users/Davi/Downloads/oma/.release/native-build/sdk/occt/inc/StepGeom_CartesianTransformationOperator3d.hxx
-- Installing: C:/Users/Davi/Downloads/oma/.release/native-build/sdk/occt/inc/StepGeom_Circle.hxx
-- Installing: C:/Users/Davi/Downloads/oma/.release/native-build/sdk/occt/inc/StepGeom_CompositeCurve.hxx
-- Installing: C:/Users/Davi/Downloads/oma/.release/native-build/sdk/occt/inc/StepGeom_CompositeCurveOnSurface.hxx
-- Installing: C:/Users/Davi/Downloads/oma/.release/native-build/sdk/occt/inc/StepGeom_CompositeCurveSegment.hxx
-- Installing: C:/Users/Davi/Downloads/oma/.release/native-build/sdk/occt/inc/StepGeom_Conic.hxx
-- Installing: C:/Users/Davi/Downloads/oma/.release/native-build/sdk/occt/inc/StepGeom_ConicalSurface.hxx
-- Installing: C:/Users/Davi/Downloads/oma/.release/native-build/sdk/occt/inc/StepGeom_Curve.hxx
-- Installing: C:/Users/Davi/Downloads/oma/.release/native-build/sdk/occt/inc/StepGeom_CurveBoundedSurface.hxx
-- Installing: C:/Users/Davi/Downloads/oma/.release/native-build/sdk/occt/inc/StepGeom_CurveOnSurface.hxx
-- Installing: C:/Users/Davi/Downloads/oma/.release/native-build/sdk/occt/inc/StepGeom_CurveReplica.hxx
-- Installing: C:/Users/Davi/Downloads/oma/.release/native-build/sdk/occt/inc/StepGeom_CylindricalSurface.hxx
-- Installing: C:/Users/Davi/Downloads/oma/.release/native-build/sdk/occt/inc/StepGeom_DegeneratePcurve.hxx
-- Installing: C:/Users/Davi/Downloads/oma/.release/native-build/sdk/occt/inc/StepGeom_DegenerateToroidalSurface.hxx
-- Installing: C:/Users/Davi/Downloads/oma/.release/native-build/sdk/occt/inc/StepGeom_Direction.hxx
-- Installing: C:/Users/Davi/Downloads/oma/.release/native-build/sdk/occt/inc/StepGeom_ElementarySurface.hxx
-- Installing: C:/Users/Davi/Downloads/oma/.release/native-build/sdk/occt/inc/StepGeom_Ellipse.hxx
-- Installing: C:/Users/Davi/Downloads/oma/.release/native-build/sdk/occt/inc/StepGeom_EvaluatedDegeneratePcurve.hxx
-- Installing: C:/Users/Davi/Downloads/oma/.release/native-build/sdk/occt/inc/StepGeom_GeomRepContextAndGlobUnitAssCtxAndGlobUncertaintyAssCtx.hxx
-- Installing: C:/Users/Davi/Downloads/oma/.release/native-build/sdk/occt/inc/StepGeom_GeometricRepresentationContext.hxx
-- Installing: C:/Users/Davi/Downloads/oma/.release/native-build/sdk/occt/inc/StepGeom_GeometricRepresentationContextAndGlobalUnitAssignedContext.hxx
-- Installing: C:/Users/Davi/Downloads/oma/.release/native-build/sdk/occt/inc/StepGeom_GeometricRepresentationContextAndParametricRepresentationContext.hxx
-- Installing: C:/Users/Davi/Downloads/oma/.release/native-build/sdk/occt/inc/StepGeom_GeometricRepresentationItem.hxx
-- Installing: C:/Users/Davi/Downloads/oma/.release/native-build/sdk/occt/inc/StepGeom_HArray1OfBoundaryCurve.hxx
-- Installing: C:/Users/Davi/Downloads/oma/.release/native-build/sdk/occt/inc/StepGeom_HArray1OfCartesianPoint.hxx
-- Installing: C:/Users/Davi/Downloads/oma/.release/native-build/sdk/occt/inc/StepGeom_HArray1OfCompositeCurveSegment.hxx
-- Installing: C:/Users/Davi/Downloads/oma/.release/native-build/sdk/occt/inc/StepGeom_HArray1OfCurve.hxx
-- Installing: C:/Users/Davi/Downloads/oma/.release/native-build/sdk/occt/inc/StepGeom_HArray1OfPcurveOrSurface.hxx
-- Installing: C:/Users/Davi/Downloads/oma/.release/native-build/sdk/occt/inc/StepGeom_HArray1OfSurfaceBoundary.hxx
-- Installing: C:/Users/Davi/Downloads/oma/.release/native-build/sdk/occt/inc/StepGeom_HArray1OfTrimmingSelect.hxx
-- Installing: C:/Users/Davi/Downloads/oma/.release/native-build/sdk/occt/inc/StepGeom_HArray2OfCartesianPoint.hxx
-- Installing: C:/Users/Davi/Downloads/oma/.release/native-build/sdk/occt/inc/StepGeom_HArray2OfSurfacePatch.hxx
-- Installing: C:/Users/Davi/Downloads/oma/.release/native-build/sdk/occt/inc/StepGeom_Hyperbola.hxx
-- Installing: C:/Users/Davi/Downloads/oma/.release/native-build/sdk/occt/inc/StepGeom_IntersectionCurve.hxx
-- Installing: C:/Users/Davi/Downloads/oma/.release/native-build/sdk/occt/inc/StepGeom_KnotType.hxx
-- Installing: C:/Users/Davi/Downloads/oma/.release/native-build/sdk/occt/inc/StepGeom_Line.hxx
-- Installing: C:/Users/Davi/Downloads/oma/.release/native-build/sdk/occt/inc/StepGeom_OffsetCurve3d.hxx
-- Installing: C:/Users/Davi/Downloads/oma/.release/native-build/sdk/occt/inc/StepGeom_OffsetSurface.hxx
-- Installing: C:/Users/Davi/Downloads/oma/.release/native-build/sdk/occt/inc/StepGeom_OrientedSurface.hxx
-- Installing: C:/Users/Davi/Downloads/oma/.release/native-build/sdk/occt/inc/StepGeom_OuterBoundaryCurve.hxx
-- Installing: C:/Users/Davi/Downloads/oma/.release/native-build/sdk/occt/inc/StepGeom_Parabola.hxx
-- Installing: C:/Users/Davi/Downloads/oma/.release/native-build/sdk/occt/inc/StepGeom_Pcurve.hxx
-- Installing: C:/Users/Davi/Downloads/oma/.release/native-build/sdk/occt/inc/StepGeom_PcurveOrSurface.hxx
-- Installing: C:/Users/Davi/Downloads/oma/.release/native-build/sdk/occt/inc/StepGeom_Placement.hxx
-- Installing: C:/Users/Davi/Downloads/oma/.release/native-build/sdk/occt/inc/StepGeom_Plane.hxx
-- Installing: C:/Users/Davi/Downloads/oma/.release/native-build/sdk/occt/inc/StepGeom_Point.hxx
-- Installing: C:/Users/Davi/Downloads/oma/.release/native-build/sdk/occt/inc/StepGeom_PointOnCurve.hxx
-- Installing: C:/Users/Davi/Downloads/oma/.release/native-build/sdk/occt/inc/StepGeom_PointOnSurface.hxx
-- Installing: C:/Users/Davi/Downloads/oma/.release/native-build/sdk/occt/inc/StepGeom_PointReplica.hxx
-- Installing: C:/Users/Davi/Downloads/oma/.release/native-build/sdk/occt/inc/StepGeom_Polyline.hxx
-- Installing: C:/Users/Davi/Downloads/oma/.release/native-build/sdk/occt/inc/StepGeom_PreferredSurfaceCurveRepresentation.hxx
-- Installing: C:/Users/Davi/Downloads/oma/.release/native-build/sdk/occt/inc/StepGeom_QuasiUniformCurve.hxx
-- Installing: C:/Users/Davi/Downloads/oma/.release/native-build/sdk/occt/inc/StepGeom_QuasiUniformCurveAndRationalBSplineCurve.hxx
-- Installing: C:/Users/Davi/Downloads/oma/.release/native-build/sdk/occt/inc/StepGeom_QuasiUniformSurface.hxx
-- Installing: C:/Users/Davi/Downloads/oma/.release/native-build/sdk/occt/inc/StepGeom_QuasiUniformSurfaceAndRationalBSplineSurface.hxx
-- Installing: C:/Users/Davi/Downloads/oma/.release/native-build/sdk/occt/inc/StepGeom_RationalBSplineCurve.hxx
-- Installing: C:/Users/Davi/Downloads/oma/.release/native-build/sdk/occt/inc/StepGeom_RationalBSplineSurface.hxx
-- Installing: C:/Users/Davi/Downloads/oma/.release/native-build/sdk/occt/inc/StepGeom_RectangularCompositeSurface.hxx
-- Installing: C:/Users/Davi/Downloads/oma/.release/native-build/sdk/occt/inc/StepGeom_RectangularTrimmedSurface.hxx
-- Installing: C:/Users/Davi/Downloads/oma/.release/native-build/sdk/occt/inc/StepGeom_ReparametrisedCompositeCurveSegment.hxx
-- Installing: C:/Users/Davi/Downloads/oma/.release/native-build/sdk/occt/inc/StepGeom_SeamCurve.hxx
-- Installing: C:/Users/Davi/Downloads/oma/.release/native-build/sdk/occt/inc/StepGeom_SphericalSurface.hxx
-- Installing: C:/Users/Davi/Downloads/oma/.release/native-build/sdk/occt/inc/StepGeom_SuParameters.hxx
-- Installing: C:/Users/Davi/Downloads/oma/.release/native-build/sdk/occt/inc/StepGeom_Surface.hxx
-- Installing: C:/Users/Davi/Downloads/oma/.release/native-build/sdk/occt/inc/StepGeom_SurfaceBoundary.hxx
-- Installing: C:/Users/Davi/Downloads/oma/.release/native-build/sdk/occt/inc/StepGeom_SurfaceCurve.hxx
-- Installing: C:/Users/Davi/Downloads/oma/.release/native-build/sdk/occt/inc/StepGeom_SurfaceCurveAndBoundedCurve.hxx
-- Installing: C:/Users/Davi/Downloads/oma/.release/native-build/sdk/occt/inc/StepGeom_SurfaceOfLinearExtrusion.hxx
-- Installing: C:/Users/Davi/Downloads/oma/.release/native-build/sdk/occt/inc/StepGeom_SurfaceOfRevolution.hxx
-- Installing: C:/Users/Davi/Downloads/oma/.release/native-build/sdk/occt/inc/StepGeom_SurfacePatch.hxx
-- Installing: C:/Users/Davi/Downloads/oma/.release/native-build/sdk/occt/inc/StepGeom_SurfaceReplica.hxx
-- Installing: C:/Users/Davi/Downloads/oma/.release/native-build/sdk/occt/inc/StepGeom_SweptSurface.hxx
-- Installing: C:/Users/Davi/Downloads/oma/.release/native-build/sdk/occt/inc/StepGeom_ToroidalSurface.hxx
-- Installing: C:/Users/Davi/Downloads/oma/.release/native-build/sdk/occt/inc/StepGeom_TransitionCode.hxx
-- Installing: C:/Users/Davi/Downloads/oma/.release/native-build/sdk/occt/inc/StepGeom_TrimmedCurve.hxx
-- Installing: C:/Users/Davi/Downloads/oma/.release/native-build/sdk/occt/inc/StepGeom_TrimmingMember.hxx
-- Installing: C:/Users/Davi/Downloads/oma/.release/native-build/sdk/occt/inc/StepGeom_TrimmingPreference.hxx
-- Installing: C:/Users/Davi/Downloads/oma/.release/native-build/sdk/occt/inc/StepGeom_TrimmingSelect.hxx
-- Installing: C:/Users/Davi/Downloads/oma/.release/native-build/sdk/occt/inc/StepGeom_UniformCurve.hxx
-- Installing: C:/Users/Davi/Downloads/oma/.release/native-build/sdk/occt/inc/StepGeom_UniformCurveAndRationalBSplineCurve.hxx
-- Installing: C:/Users/Davi/Downloads/oma/.release/native-build/sdk/occt/inc/StepGeom_UniformSurface.hxx
-- Installing: C:/Users/Davi/Downloads/oma/.release/native-build/sdk/occt/inc/StepGeom_UniformSurfaceAndRationalBSplineSurface.hxx
-- Installing: C:/Users/Davi/Downloads/oma/.release/native-build/sdk/occt/inc/StepGeom_Vector.hxx
-- Installing: C:/Users/Davi/Downloads/oma/.release/native-build/sdk/occt/inc/StepGeom_VectorOrDirection.hxx
-- Installing: C:/Users/Davi/Downloads/oma/.release/native-build/sdk/occt/inc/RWStepGeom_RWAxis1Placement.hxx
-- Installing: C:/Users/Davi/Downloads/oma/.release/native-build/sdk/occt/inc/RWStepGeom_RWAxis2Placement2d.hxx
-- Installing: C:/Users/Davi/Downloads/oma/.release/native-build/sdk/occt/inc/RWStepGeom_RWAxis2Placement3d.hxx
-- Installing: C:/Users/Davi/Downloads/oma/.release/native-build/sdk/occt/inc/RWStepGeom_RWBSplineCurve.hxx
-- Installing: C:/Users/Davi/Downloads/oma/.release/native-build/sdk/occt/inc/RWStepGeom_RWBSplineCurveWithKnots.hxx
-- Installing: C:/Users/Davi/Downloads/oma/.release/native-build/sdk/occt/inc/RWStepGeom_RWBSplineCurveWithKnotsAndRationalBSplineCurve.hxx
-- Installing: C:/Users/Davi/Downloads/oma/.release/native-build/sdk/occt/inc/RWStepGeom_RWBSplineSurface.hxx
-- Installing: C:/Users/Davi/Downloads/oma/.release/native-build/sdk/occt/inc/RWStepGeom_RWBSplineSurfaceWithKnots.hxx
-- Installing: C:/Users/Davi/Downloads/oma/.release/native-build/sdk/occt/inc/RWStepGeom_RWBSplineSurfaceWithKnotsAndRationalBSplineSurface.hxx
-- Installing: C:/Users/Davi/Downloads/oma/.release/native-build/sdk/occt/inc/RWStepGeom_RWBezierCurve.hxx
-- Installing: C:/Users/Davi/Downloads/oma/.release/native-build/sdk/occt/inc/RWStepGeom_RWBezierCurveAndRationalBSplineCurve.hxx
-- Installing: C:/Users/Davi/Downloads/oma/.release/native-build/sdk/occt/inc/RWStepGeom_RWBezierSurface.hxx
-- Installing: C:/Users/Davi/Downloads/oma/.release/native-build/sdk/occt/inc/RWStepGeom_RWBezierSurfaceAndRationalBSplineSurface.hxx
-- Installing: C:/Users/Davi/Downloads/oma/.release/native-build/sdk/occt/inc/RWStepGeom_RWBoundaryCurve.hxx
-- Installing: C:/Users/Davi/Downloads/oma/.release/native-build/sdk/occt/inc/RWStepGeom_RWBoundedCurve.hxx
-- Installing: C:/Users/Davi/Downloads/oma/.release/native-build/sdk/occt/inc/RWStepGeom_RWBoundedSurface.hxx
-- Installing: C:/Users/Davi/Downloads/oma/.release/native-build/sdk/occt/inc/RWStepGeom_RWCartesianPoint.hxx
-- Installing: C:/Users/Davi/Downloads/oma/.release/native-build/sdk/occt/inc/RWStepGeom_RWCartesianTransformationOperator.hxx
-- Installing: C:/Users/Davi/Downloads/oma/.release/native-build/sdk/occt/inc/RWStepGeom_RWCartesianTransformationOperator3d.hxx
-- Installing: C:/Users/Davi/Downloads/oma/.release/native-build/sdk/occt/inc/RWStepGeom_RWCircle.hxx
-- Installing: C:/Users/Davi/Downloads/oma/.release/native-build/sdk/occt/inc/RWStepGeom_RWCompositeCurve.hxx
-- Installing: C:/Users/Davi/Downloads/oma/.release/native-build/sdk/occt/inc/RWStepGeom_RWCompositeCurveOnSurface.hxx
-- Installing: C:/Users/Davi/Downloads/oma/.release/native-build/sdk/occt/inc/RWStepGeom_RWCompositeCurveSegment.hxx
-- Installing: C:/Users/Davi/Downloads/oma/.release/native-build/sdk/occt/inc/RWStepGeom_RWConic.hxx
-- Installing: C:/Users/Davi/Downloads/oma/.release/native-build/sdk/occt/inc/RWStepGeom_RWConicalSurface.hxx
-- Installing: C:/Users/Davi/Downloads/oma/.release/native-build/sdk/occt/inc/RWStepGeom_RWCurve.hxx
-- Installing: C:/Users/Davi/Downloads/oma/.release/native-build/sdk/occt/inc/RWStepGeom_RWCurveBoundedSurface.hxx
-- Installing: C:/Users/Davi/Downloads/oma/.release/native-build/sdk/occt/inc/RWStepGeom_RWCurveReplica.hxx
-- Installing: C:/Users/Davi/Downloads/oma/.release/native-build/sdk/occt/inc/RWStepGeom_RWCylindricalSurface.hxx
-- Installing: C:/Users/Davi/Downloads/oma/.release/native-build/sdk/occt/inc/RWStepGeom_RWDegeneratePcurve.hxx
-- Installing: C:/Users/Davi/Downloads/oma/.release/native-build/sdk/occt/inc/RWStepGeom_RWDegenerateToroidalSurface.hxx
-- Installing: C:/Users/Davi/Downloads/oma/.release/native-build/sdk/occt/inc/RWStepGeom_RWDirection.hxx
-- Installing: C:/Users/Davi/Downloads/oma/.release/native-build/sdk/occt/inc/RWStepGeom_RWElementarySurface.hxx
-- Installing: C:/Users/Davi/Downloads/oma/.release/native-build/sdk/occt/inc/RWStepGeom_RWEllipse.hxx
-- Installing: C:/Users/Davi/Downloads/oma/.release/native-build/sdk/occt/inc/RWStepGeom_RWEvaluatedDegeneratePcurve.hxx
-- Installing: C:/Users/Davi/Downloads/oma/.release/native-build/sdk/occt/inc/RWStepGeom_RWGeomRepContextAndGlobUnitAssCtxAndGlobUncertaintyAssCtx.hxx
-- Installing: C:/Users/Davi/Downloads/oma/.release/native-build/sdk/occt/inc/RWStepGeom_RWGeometricRepresentationContext.hxx
-- Installing: C:/Users/Davi/Downloads/oma/.release/native-build/sdk/occt/inc/RWStepGeom_RWGeometricRepresentationContextAndGlobalUnitAssignedContext.hxx
-- Installing: C:/Users/Davi/Downloads/oma/.release/native-build/sdk/occt/inc/RWStepGeom_RWGeometricRepresentationContextAndParametricRepresentationContext.hxx
-- Installing: C:/Users/Davi/Downloads/oma/.release/native-build/sdk/occt/inc/RWStepGeom_RWGeometricRepresentationItem.hxx
-- Installing: C:/Users/Davi/Downloads/oma/.release/native-build/sdk/occt/inc/RWStepGeom_RWHyperbola.hxx
-- Installing: C:/Users/Davi/Downloads/oma/.release/native-build/sdk/occt/inc/RWStepGeom_RWIntersectionCurve.hxx
-- Installing: C:/Users/Davi/Downloads/oma/.release/native-build/sdk/occt/inc/RWStepGeom_RWLine.hxx
-- Installing: C:/Users/Davi/Downloads/oma/.release/native-build/sdk/occt/inc/RWStepGeom_RWOffsetCurve3d.hxx
-- Installing: C:/Users/Davi/Downloads/oma/.release/native-build/sdk/occt/inc/RWStepGeom_RWOffsetSurface.hxx
-- Installing: C:/Users/Davi/Downloads/oma/.release/native-build/sdk/occt/inc/RWStepGeom_RWOrientedSurface.hxx
-- Installing: C:/Users/Davi/Downloads/oma/.release/native-build/sdk/occt/inc/RWStepGeom_RWOuterBoundaryCurve.hxx
-- Installing: C:/Users/Davi/Downloads/oma/.release/native-build/sdk/occt/inc/RWStepGeom_RWParabola.hxx
-- Installing: C:/Users/Davi/Downloads/oma/.release/native-build/sdk/occt/inc/RWStepGeom_RWPcurve.hxx
-- Installing: C:/Users/Davi/Downloads/oma/.release/native-build/sdk/occt/inc/RWStepGeom_RWPlacement.hxx
-- Installing: C:/Users/Davi/Downloads/oma/.release/native-build/sdk/occt/inc/RWStepGeom_RWPlane.hxx
-- Installing: C:/Users/Davi/Downloads/oma/.release/native-build/sdk/occt/inc/RWStepGeom_RWPoint.hxx
-- Installing: C:/Users/Davi/Downloads/oma/.release/native-build/sdk/occt/inc/RWStepGeom_RWPointOnCurve.hxx
-- Installing: C:/Users/Davi/Downloads/oma/.release/native-build/sdk/occt/inc/RWStepGeom_RWPointOnSurface.hxx
-- Installing: C:/Users/Davi/Downloads/oma/.release/native-build/sdk/occt/inc/RWStepGeom_RWPointReplica.hxx
-- Installing: C:/Users/Davi/Downloads/oma/.release/native-build/sdk/occt/inc/RWStepGeom_RWPolyline.hxx
-- Installing: C:/Users/Davi/Downloads/oma/.release/native-build/sdk/occt/inc/RWStepGeom_RWQuasiUniformCurve.hxx
-- Installing: C:/Users/Davi/Downloads/oma/.release/native-build/sdk/occt/inc/RWStepGeom_RWQuasiUniformCurveAndRationalBSplineCurve.hxx
-- Installing: C:/Users/Davi/Downloads/oma/.release/native-build/sdk/occt/inc/RWStepGeom_RWQuasiUniformSurface.hxx
-- Installing: C:/Users/Davi/Downloads/oma/.release/native-build/sdk/occt/inc/RWStepGeom_RWQuasiUniformSurfaceAndRationalBSplineSurface.hxx
-- Installing: C:/Users/Davi/Downloads/oma/.release/native-build/sdk/occt/inc/RWStepGeom_RWRationalBSplineCurve.hxx
-- Installing: C:/Users/Davi/Downloads/oma/.release/native-build/sdk/occt/inc/RWStepGeom_RWRationalBSplineSurface.hxx
-- Installing: C:/Users/Davi/Downloads/oma/.release/native-build/sdk/occt/inc/RWStepGeom_RWRectangularCompositeSurface.hxx
-- Installing: C:/Users/Davi/Downloads/oma/.release/native-build/sdk/occt/inc/RWStepGeom_RWRectangularTrimmedSurface.hxx
-- Installing: C:/Users/Davi/Downloads/oma/.release/native-build/sdk/occt/inc/RWStepGeom_RWReparametrisedCompositeCurveSegment.hxx
-- Installing: C:/Users/Davi/Downloads/oma/.release/native-build/sdk/occt/inc/RWStepGeom_RWSeamCurve.hxx
-- Installing: C:/Users/Davi/Downloads/oma/.release/native-build/sdk/occt/inc/RWStepGeom_RWSphericalSurface.hxx
-- Installing: C:/Users/Davi/Downloads/oma/.release/native-build/sdk/occt/inc/RWStepGeom_RWSuParameters.hxx
-- Installing: C:/Users/Davi/Downloads/oma/.release/native-build/sdk/occt/inc/RWStepGeom_RWSurface.hxx
-- Installing: C:/Users/Davi/Downloads/oma/.release/native-build/sdk/occt/inc/RWStepGeom_RWSurfaceCurve.hxx
-- Installing: C:/Users/Davi/Downloads/oma/.release/native-build/sdk/occt/inc/RWStepGeom_RWSurfaceCurveAndBoundedCurve.hxx
-- Installing: C:/Users/Davi/Downloads/oma/.release/native-build/sdk/occt/inc/RWStepGeom_RWSurfaceOfLinearExtrusion.hxx
-- Installing: C:/Users/Davi/Downloads/oma/.release/native-build/sdk/occt/inc/RWStepGeom_RWSurfaceOfRevolution.hxx
-- Installing: C:/Users/Davi/Downloads/oma/.release/native-build/sdk/occt/inc/RWStepGeom_RWSurfacePatch.hxx
-- Installing: C:/Users/Davi/Downloads/oma/.release/native-build/sdk/occt/inc/RWStepGeom_RWSurfaceReplica.hxx
-- Installing: C:/Users/Davi/Downloads/oma/.release/native-build/sdk/occt/inc/RWStepGeom_RWSweptSurface.hxx
-- Installing: C:/Users/Davi/Downloads/oma/.release/native-build/sdk/occt/inc/RWStepGeom_RWToroidalSurface.hxx
-- Installing: C:/Users/Davi/Downloads/oma/.release/native-build/sdk/occt/inc/RWStepGeom_RWTrimmedCurve.hxx
-- Installing: C:/Users/Davi/Downloads/oma/.release/native-build/sdk/occt/inc/RWStepGeom_RWUniformCurve.hxx
-- Installing: C:/Users/Davi/Downloads/oma/.release/native-build/sdk/occt/inc/RWStepGeom_RWUniformCurveAndRationalBSplineCurve.hxx
-- Installing: C:/Users/Davi/Downloads/oma/.release/native-build/sdk/occt/inc/RWStepGeom_RWUniformSurface.hxx
-- Installing: C:/Users/Davi/Downloads/oma/.release/native-build/sdk/occt/inc/RWStepGeom_RWUniformSurfaceAndRationalBSplineSurface.hxx
-- Installing: C:/Users/Davi/Downloads/oma/.release/native-build/sdk/occt/inc/RWStepGeom_RWVector.hxx
-- Installing: C:/Users/Davi/Downloads/oma/.release/native-build/sdk/occt/inc/StepShape_AdvancedBrepShapeRepresentation.hxx
-- Installing: C:/Users/Davi/Downloads/oma/.release/native-build/sdk/occt/inc/StepShape_AdvancedFace.hxx
-- Installing: C:/Users/Davi/Downloads/oma/.release/native-build/sdk/occt/inc/StepShape_AngleRelator.hxx
-- Installing: C:/Users/Davi/Downloads/oma/.release/native-build/sdk/occt/inc/StepShape_AngularLocation.hxx
-- Installing: C:/Users/Davi/Downloads/oma/.release/native-build/sdk/occt/inc/StepShape_AngularSize.hxx
-- Installing: C:/Users/Davi/Downloads/oma/.release/native-build/sdk/occt/inc/StepShape_Array1OfConnectedEdgeSet.hxx
-- Installing: C:/Users/Davi/Downloads/oma/.release/native-build/sdk/occt/inc/StepShape_Array1OfConnectedFaceSet.hxx
-- Installing: C:/Users/Davi/Downloads/oma/.release/native-build/sdk/occt/inc/StepShape_Array1OfEdge.hxx
-- Installing: C:/Users/Davi/Downloads/oma/.release/native-build/sdk/occt/inc/StepShape_Array1OfFace.hxx
-- Installing: C:/Users/Davi/Downloads/oma/.release/native-build/sdk/occt/inc/StepShape_Array1OfFaceBound.hxx
-- Installing: C:/Users/Davi/Downloads/oma/.release/native-build/sdk/occt/inc/StepShape_Array1OfGeometricSetSelect.hxx
-- Installing: C:/Users/Davi/Downloads/oma/.release/native-build/sdk/occt/inc/StepShape_Array1OfOrientedClosedShell.hxx
-- Installing: C:/Users/Davi/Downloads/oma/.release/native-build/sdk/occt/inc/StepShape_Array1OfOrientedEdge.hxx
-- Installing: C:/Users/Davi/Downloads/oma/.release/native-build/sdk/occt/inc/StepShape_Array1OfShapeDimensionRepresentationItem.hxx
-- Installing: C:/Users/Davi/Downloads/oma/.release/native-build/sdk/occt/inc/StepShape_Array1OfShell.hxx
-- Installing: C:/Users/Davi/Downloads/oma/.release/native-build/sdk/occt/inc/StepShape_Array1OfValueQualifier.hxx
-- Installing: C:/Users/Davi/Downloads/oma/.release/native-build/sdk/occt/inc/StepShape_Block.hxx
-- Installing: C:/Users/Davi/Downloads/oma/.release/native-build/sdk/occt/inc/StepShape_BooleanOperand.hxx
-- Installing: C:/Users/Davi/Downloads/oma/.release/native-build/sdk/occt/inc/StepShape_BooleanOperator.hxx
-- Installing: C:/Users/Davi/Downloads/oma/.release/native-build/sdk/occt/inc/StepShape_BooleanResult.hxx
-- Installing: C:/Users/Davi/Downloads/oma/.release/native-build/sdk/occt/inc/StepShape_BoxDomain.hxx
-- Installing: C:/Users/Davi/Downloads/oma/.release/native-build/sdk/occt/inc/StepShape_BoxedHalfSpace.hxx
-- Installing: C:/Users/Davi/Downloads/oma/.release/native-build/sdk/occt/inc/StepShape_BrepWithVoids.hxx
-- Installing: C:/Users/Davi/Downloads/oma/.release/native-build/sdk/occt/inc/StepShape_ClosedShell.hxx
-- Installing: C:/Users/Davi/Downloads/oma/.release/native-build/sdk/occt/inc/StepShape_CompoundShapeRepresentation.hxx
-- Installing: C:/Users/Davi/Downloads/oma/.release/native-build/sdk/occt/inc/StepShape_ConnectedEdgeSet.hxx
-- Installing: C:/Users/Davi/Downloads/oma/.release/native-build/sdk/occt/inc/StepShape_ConnectedFaceSet.hxx
-- Installing: C:/Users/Davi/Downloads/oma/.release/native-build/sdk/occt/inc/StepShape_ConnectedFaceShapeRepresentation.hxx
-- Installing: C:/Users/Davi/Downloads/oma/.release/native-build/sdk/occt/inc/StepShape_ConnectedFaceSubSet.hxx
-- Installing: C:/Users/Davi/Downloads/oma/.release/native-build/sdk/occt/inc/StepShape_ContextDependentShapeRepresentation.hxx
-- Installing: C:/Users/Davi/Downloads/oma/.release/native-build/sdk/occt/inc/StepShape_CsgPrimitive.hxx
-- Installing: C:/Users/Davi/Downloads/oma/.release/native-build/sdk/occt/inc/StepShape_CsgSelect.hxx
-- Installing: C:/Users/Davi/Downloads/oma/.release/native-build/sdk/occt/inc/StepShape_CsgShapeRepresentation.hxx
-- Installing: C:/Users/Davi/Downloads/oma/.release/native-build/sdk/occt/inc/StepShape_CsgSolid.hxx
-- Installing: C:/Users/Davi/Downloads/oma/.release/native-build/sdk/occt/inc/StepShape_DefinitionalRepresentationAndShapeRepresentation.hxx
-- Installing: C:/Users/Davi/Downloads/oma/.release/native-build/sdk/occt/inc/StepShape_DimensionalCharacteristic.hxx
-- Installing: C:/Users/Davi/Downloads/oma/.release/native-build/sdk/occt/inc/StepShape_DimensionalCharacteristicRepresentation.hxx
-- Installing: C:/Users/Davi/Downloads/oma/.release/native-build/sdk/occt/inc/StepShape_DimensionalLocation.hxx
-- Installing: C:/Users/Davi/Downloads/oma/.release/native-build/sdk/occt/inc/StepShape_DimensionalLocationWithPath.hxx
-- Installing: C:/Users/Davi/Downloads/oma/.release/native-build/sdk/occt/inc/StepShape_DimensionalSize.hxx
-- Installing: C:/Users/Davi/Downloads/oma/.release/native-build/sdk/occt/inc/StepShape_DimensionalSizeWithPath.hxx
-- Installing: C:/Users/Davi/Downloads/oma/.release/native-build/sdk/occt/inc/StepShape_DirectedDimensionalLocation.hxx
-- Installing: C:/Users/Davi/Downloads/oma/.release/native-build/sdk/occt/inc/StepShape_Edge.hxx
-- Installing: C:/Users/Davi/Downloads/oma/.release/native-build/sdk/occt/inc/StepShape_EdgeBasedWireframeModel.hxx
-- Installing: C:/Users/Davi/Downloads/oma/.release/native-build/sdk/occt/inc/StepShape_EdgeBasedWireframeShapeRepresentation.hxx
-- Installing: C:/Users/Davi/Downloads/oma/.release/native-build/sdk/occt/inc/StepShape_EdgeCurve.hxx
-- Installing: C:/Users/Davi/Downloads/oma/.release/native-build/sdk/occt/inc/StepShape_EdgeLoop.hxx
-- Installing: C:/Users/Davi/Downloads/oma/.release/native-build/sdk/occt/inc/StepShape_ExtrudedAreaSolid.hxx
-- Installing: C:/Users/Davi/Downloads/oma/.release/native-build/sdk/occt/inc/StepShape_ExtrudedFaceSolid.hxx
-- Installing: C:/Users/Davi/Downloads/oma/.release/native-build/sdk/occt/inc/StepShape_Face.hxx
-- Installing: C:/Users/Davi/Downloads/oma/.release/native-build/sdk/occt/inc/StepShape_FaceBasedSurfaceModel.hxx
-- Installing: C:/Users/Davi/Downloads/oma/.release/native-build/sdk/occt/inc/StepShape_FaceBound.hxx
-- Installing: C:/Users/Davi/Downloads/oma/.release/native-build/sdk/occt/inc/StepShape_FaceOuterBound.hxx
-- Installing: C:/Users/Davi/Downloads/oma/.release/native-build/sdk/occt/inc/StepShape_FaceSurface.hxx
-- Installing: C:/Users/Davi/Downloads/oma/.release/native-build/sdk/occt/inc/StepShape_FacetedBrep.hxx
-- Installing: C:/Users/Davi/Downloads/oma/.release/native-build/sdk/occt/inc/StepShape_FacetedBrepAndBrepWithVoids.hxx
-- Installing: C:/Users/Davi/Downloads/oma/.release/native-build/sdk/occt/inc/StepShape_FacetedBrepShapeRepresentation.hxx
-- Installing: C:/Users/Davi/Downloads/oma/.release/native-build/sdk/occt/inc/StepShape_GeometricCurveSet.hxx
-- Installing: C:/Users/Davi/Downloads/oma/.release/native-build/sdk/occt/inc/StepShape_GeometricSet.hxx
-- Installing: C:/Users/Davi/Downloads/oma/.release/native-build/sdk/occt/inc/StepShape_GeometricSetSelect.hxx
-- Installing: C:/Users/Davi/Downloads/oma/.release/native-build/sdk/occt/inc/StepShape_GeometricallyBoundedSurfaceShapeRepresentation.hxx
-- Installing: C:/Users/Davi/Downloads/oma/.release/native-build/sdk/occt/inc/StepShape_GeometricallyBoundedWireframeShapeRepresentation.hxx
-- Installing: C:/Users/Davi/Downloads/oma/.release/native-build/sdk/occt/inc/StepShape_HArray1OfConnectedEdgeSet.hxx
-- Installing: C:/Users/Davi/Downloads/oma/.release/native-build/sdk/occt/inc/StepShape_HArray1OfConnectedFaceSet.hxx
-- Installing: C:/Users/Davi/Downloads/oma/.release/native-build/sdk/occt/inc/StepShape_HArray1OfEdge.hxx
-- Installing: C:/Users/Davi/Downloads/oma/.release/native-build/sdk/occt/inc/StepShape_HArray1OfFace.hxx
-- Installing: C:/Users/Davi/Downloads/oma/.release/native-build/sdk/occt/inc/StepShape_HArray1OfFaceBound.hxx
-- Installing: C:/Users/Davi/Downloads/oma/.release/native-build/sdk/occt/inc/StepShape_HArray1OfGeometricSetSelect.hxx
-- Installing: C:/Users/Davi/Downloads/oma/.release/native-build/sdk/occt/inc/StepShape_HArray1OfOrientedClosedShell.hxx
-- Installing: C:/Users/Davi/Downloads/oma/.release/native-build/sdk/occt/inc/StepShape_HArray1OfOrientedEdge.hxx
-- Installing: C:/Users/Davi/Downloads/oma/.release/native-build/sdk/occt/inc/StepShape_HArray1OfShapeDimensionRepresentationItem.hxx
-- Installing: C:/Users/Davi/Downloads/oma/.release/native-build/sdk/occt/inc/StepShape_HArray1OfShell.hxx
-- Installing: C:/Users/Davi/Downloads/oma/.release/native-build/sdk/occt/inc/StepShape_HArray1OfValueQualifier.hxx
-- Installing: C:/Users/Davi/Downloads/oma/.release/native-build/sdk/occt/inc/StepShape_HalfSpaceSolid.hxx
-- Installing: C:/Users/Davi/Downloads/oma/.release/native-build/sdk/occt/inc/StepShape_LimitsAndFits.hxx
-- Installing: C:/Users/Davi/Downloads/oma/.release/native-build/sdk/occt/inc/StepShape_Loop.hxx
-- Installing: C:/Users/Davi/Downloads/oma/.release/native-build/sdk/occt/inc/StepShape_LoopAndPath.hxx
-- Installing: C:/Users/Davi/Downloads/oma/.release/native-build/sdk/occt/inc/StepShape_ManifoldSolidBrep.hxx
-- Installing: C:/Users/Davi/Downloads/oma/.release/native-build/sdk/occt/inc/StepShape_ManifoldSurfaceShapeRepresentation.hxx
-- Installing: C:/Users/Davi/Downloads/oma/.release/native-build/sdk/occt/inc/StepShape_MeasureQualification.hxx
-- Installing: C:/Users/Davi/Downloads/oma/.release/native-build/sdk/occt/inc/StepShape_MeasureRepresentationItemAndQualifiedRepresentationItem.hxx
-- Installing: C:/Users/Davi/Downloads/oma/.release/native-build/sdk/occt/inc/StepShape_NonManifoldSurfaceShapeRepresentation.hxx
-- Installing: C:/Users/Davi/Downloads/oma/.release/native-build/sdk/occt/inc/StepShape_OpenShell.hxx
-- Installing: C:/Users/Davi/Downloads/oma/.release/native-build/sdk/occt/inc/StepShape_OrientedClosedShell.hxx
-- Installing: C:/Users/Davi/Downloads/oma/.release/native-build/sdk/occt/inc/StepShape_OrientedEdge.hxx
-- Installing: C:/Users/Davi/Downloads/oma/.release/native-build/sdk/occt/inc/StepShape_OrientedFace.hxx
-- Installing: C:/Users/Davi/Downloads/oma/.release/native-build/sdk/occt/inc/StepShape_OrientedOpenShell.hxx
-- Installing: C:/Users/Davi/Downloads/oma/.release/native-build/sdk/occt/inc/StepShape_OrientedPath.hxx
-- Installing: C:/Users/Davi/Downloads/oma/.release/native-build/sdk/occt/inc/StepShape_Path.hxx
-- Installing: C:/Users/Davi/Downloads/oma/.release/native-build/sdk/occt/inc/StepShape_PlusMinusTolerance.hxx
-- Installing: C:/Users/Davi/Downloads/oma/.release/native-build/sdk/occt/inc/StepShape_PointRepresentation.hxx
-- Installing: C:/Users/Davi/Downloads/oma/.release/native-build/sdk/occt/inc/StepShape_PolyLoop.hxx
-- Installing: C:/Users/Davi/Downloads/oma/.release/native-build/sdk/occt/inc/StepShape_PrecisionQualifier.hxx
-- Installing: C:/Users/Davi/Downloads/oma/.release/native-build/sdk/occt/inc/StepShape_QualifiedRepresentationItem.hxx
-- Installing: C:/Users/Davi/Downloads/oma/.release/native-build/sdk/occt/inc/StepShape_ReversibleTopologyItem.hxx
-- Installing: C:/Users/Davi/Downloads/oma/.release/native-build/sdk/occt/inc/StepShape_RevolvedAreaSolid.hxx
-- Installing: C:/Users/Davi/Downloads/oma/.release/native-build/sdk/occt/inc/StepShape_RevolvedFaceSolid.hxx
-- Installing: C:/Users/Davi/Downloads/oma/.release/native-build/sdk/occt/inc/StepShape_RightAngularWedge.hxx
-- Installing: C:/Users/Davi/Downloads/oma/.release/native-build/sdk/occt/inc/StepShape_RightCircularCone.hxx
-- Installing: C:/Users/Davi/Downloads/oma/.release/native-build/sdk/occt/inc/StepShape_RightCircularCylinder.hxx
-- Installing: C:/Users/Davi/Downloads/oma/.release/native-build/sdk/occt/inc/StepShape_SeamEdge.hxx
-- Installing: C:/Users/Davi/Downloads/oma/.release/native-build/sdk/occt/inc/StepShape_ShapeDefinitionRepresentation.hxx
-- Installing: C:/Users/Davi/Downloads/oma/.release/native-build/sdk/occt/inc/StepShape_ShapeDimensionRepresentation.hxx
-- Installing: C:/Users/Davi/Downloads/oma/.release/native-build/sdk/occt/inc/StepShape_ShapeDimensionRepresentationItem.hxx
-- Installing: C:/Users/Davi/Downloads/oma/.release/native-build/sdk/occt/inc/StepShape_ShapeRepresentation.hxx
-- Installing: C:/Users/Davi/Downloads/oma/.release/native-build/sdk/occt/inc/StepShape_ShapeRepresentationWithParameters.hxx
-- Installing: C:/Users/Davi/Downloads/oma/.release/native-build/sdk/occt/inc/StepShape_Shell.hxx
-- Installing: C:/Users/Davi/Downloads/oma/.release/native-build/sdk/occt/inc/StepShape_ShellBasedSurfaceModel.hxx
-- Installing: C:/Users/Davi/Downloads/oma/.release/native-build/sdk/occt/inc/StepShape_SolidModel.hxx
-- Installing: C:/Users/Davi/Downloads/oma/.release/native-build/sdk/occt/inc/StepShape_SolidReplica.hxx
-- Installing: C:/Users/Davi/Downloads/oma/.release/native-build/sdk/occt/inc/StepShape_Sphere.hxx
-- Installing: C:/Users/Davi/Downloads/oma/.release/native-build/sdk/occt/inc/StepShape_Subedge.hxx
-- Installing: C:/Users/Davi/Downloads/oma/.release/native-build/sdk/occt/inc/StepShape_Subface.hxx
-- Installing: C:/Users/Davi/Downloads/oma/.release/native-build/sdk/occt/inc/StepShape_SurfaceModel.hxx
-- Installing: C:/Users/Davi/Downloads/oma/.release/native-build/sdk/occt/inc/StepShape_SweptAreaSolid.hxx
-- Installing: C:/Users/Davi/Downloads/oma/.release/native-build/sdk/occt/inc/StepShape_SweptFaceSolid.hxx
-- Installing: C:/Users/Davi/Downloads/oma/.release/native-build/sdk/occt/inc/StepShape_ToleranceMethodDefinition.hxx
-- Installing: C:/Users/Davi/Downloads/oma/.release/native-build/sdk/occt/inc/StepShape_ToleranceValue.hxx
-- Installing: C:/Users/Davi/Downloads/oma/.release/native-build/sdk/occt/inc/StepShape_TopologicalRepresentationItem.hxx
-- Installing: C:/Users/Davi/Downloads/oma/.release/native-build/sdk/occt/inc/StepShape_Torus.hxx
-- Installing: C:/Users/Davi/Downloads/oma/.release/native-build/sdk/occt/inc/StepShape_TransitionalShapeRepresentation.hxx
-- Installing: C:/Users/Davi/Downloads/oma/.release/native-build/sdk/occt/inc/StepShape_TypeQualifier.hxx
-- Installing: C:/Users/Davi/Downloads/oma/.release/native-build/sdk/occt/inc/StepShape_ValueFormatTypeQualifier.hxx
-- Installing: C:/Users/Davi/Downloads/oma/.release/native-build/sdk/occt/inc/StepShape_ValueQualifier.hxx
-- Installing: C:/Users/Davi/Downloads/oma/.release/native-build/sdk/occt/inc/StepShape_Vertex.hxx
-- Installing: C:/Users/Davi/Downloads/oma/.release/native-build/sdk/occt/inc/StepShape_VertexLoop.hxx
-- Installing: C:/Users/Davi/Downloads/oma/.release/native-build/sdk/occt/inc/StepShape_VertexPoint.hxx
-- Installing: C:/Users/Davi/Downloads/oma/.release/native-build/sdk/occt/inc/RWStepShape_RWAdvancedBrepShapeRepresentation.hxx
-- Installing: C:/Users/Davi/Downloads/oma/.release/native-build/sdk/occt/inc/RWStepShape_RWAdvancedFace.hxx
-- Installing: C:/Users/Davi/Downloads/oma/.release/native-build/sdk/occt/inc/RWStepShape_RWAngularLocation.hxx
-- Installing: C:/Users/Davi/Downloads/oma/.release/native-build/sdk/occt/inc/RWStepShape_RWAngularSize.hxx
-- Installing: C:/Users/Davi/Downloads/oma/.release/native-build/sdk/occt/inc/RWStepShape_RWBlock.hxx
-- Installing: C:/Users/Davi/Downloads/oma/.release/native-build/sdk/occt/inc/RWStepShape_RWBooleanResult.hxx
-- Installing: C:/Users/Davi/Downloads/oma/.release/native-build/sdk/occt/inc/RWStepShape_RWBoxDomain.hxx
-- Installing: C:/Users/Davi/Downloads/oma/.release/native-build/sdk/occt/inc/RWStepShape_RWBoxedHalfSpace.hxx
-- Installing: C:/Users/Davi/Downloads/oma/.release/native-build/sdk/occt/inc/RWStepShape_RWBrepWithVoids.hxx
-- Installing: C:/Users/Davi/Downloads/oma/.release/native-build/sdk/occt/inc/RWStepShape_RWClosedShell.hxx
-- Installing: C:/Users/Davi/Downloads/oma/.release/native-build/sdk/occt/inc/RWStepShape_RWCompoundShapeRepresentation.hxx
-- Installing: C:/Users/Davi/Downloads/oma/.release/native-build/sdk/occt/inc/RWStepShape_RWConnectedEdgeSet.hxx
-- Installing: C:/Users/Davi/Downloads/oma/.release/native-build/sdk/occt/inc/RWStepShape_RWConnectedFaceSet.hxx
-- Installing: C:/Users/Davi/Downloads/oma/.release/native-build/sdk/occt/inc/RWStepShape_RWConnectedFaceShapeRepresentation.hxx
-- Installing: C:/Users/Davi/Downloads/oma/.release/native-build/sdk/occt/inc/RWStepShape_RWConnectedFaceSubSet.hxx
-- Installing: C:/Users/Davi/Downloads/oma/.release/native-build/sdk/occt/inc/RWStepShape_RWContextDependentShapeRepresentation.hxx
-- Installing: C:/Users/Davi/Downloads/oma/.release/native-build/sdk/occt/inc/RWStepShape_RWCsgShapeRepresentation.hxx
-- Installing: C:/Users/Davi/Downloads/oma/.release/native-build/sdk/occt/inc/RWStepShape_RWCsgSolid.hxx
-- Installing: C:/Users/Davi/Downloads/oma/.release/native-build/sdk/occt/inc/RWStepShape_RWDefinitionalRepresentationAndShapeRepresentation.hxx
-- Installing: C:/Users/Davi/Downloads/oma/.release/native-build/sdk/occt/inc/RWStepShape_RWDimensionalCharacteristicRepresentation.hxx
-- Installing: C:/Users/Davi/Downloads/oma/.release/native-build/sdk/occt/inc/RWStepShape_RWDimensionalLocation.hxx
-- Installing: C:/Users/Davi/Downloads/oma/.release/native-build/sdk/occt/inc/RWStepShape_RWDimensionalLocationWithPath.hxx
-- Installing: C:/Users/Davi/Downloads/oma/.release/native-build/sdk/occt/inc/RWStepShape_RWDimensionalSize.hxx
-- Installing: C:/Users/Davi/Downloads/oma/.release/native-build/sdk/occt/inc/RWStepShape_RWDimensionalSizeWithPath.hxx
-- Installing: C:/Users/Davi/Downloads/oma/.release/native-build/sdk/occt/inc/RWStepShape_RWEdge.hxx
-- Installing: C:/Users/Davi/Downloads/oma/.release/native-build/sdk/occt/inc/RWStepShape_RWEdgeBasedWireframeModel.hxx
-- Installing: C:/Users/Davi/Downloads/oma/.release/native-build/sdk/occt/inc/RWStepShape_RWEdgeBasedWireframeShapeRepresentation.hxx
-- Installing: C:/Users/Davi/Downloads/oma/.release/native-build/sdk/occt/inc/RWStepShape_RWEdgeCurve.hxx
-- Installing: C:/Users/Davi/Downloads/oma/.release/native-build/sdk/occt/inc/RWStepShape_RWEdgeLoop.hxx
-- Installing: C:/Users/Davi/Downloads/oma/.release/native-build/sdk/occt/inc/RWStepShape_RWExtrudedAreaSolid.hxx
-- Installing: C:/Users/Davi/Downloads/oma/.release/native-build/sdk/occt/inc/RWStepShape_RWExtrudedFaceSolid.hxx
-- Installing: C:/Users/Davi/Downloads/oma/.release/native-build/sdk/occt/inc/RWStepShape_RWFace.hxx
-- Installing: C:/Users/Davi/Downloads/oma/.release/native-build/sdk/occt/inc/RWStepShape_RWFaceBasedSurfaceModel.hxx
-- Installing: C:/Users/Davi/Downloads/oma/.release/native-build/sdk/occt/inc/RWStepShape_RWFaceBound.hxx
-- Installing: C:/Users/Davi/Downloads/oma/.release/native-build/sdk/occt/inc/RWStepShape_RWFaceOuterBound.hxx
-- Installing: C:/Users/Davi/Downloads/oma/.release/native-build/sdk/occt/inc/RWStepShape_RWFaceSurface.hxx
-- Installing: C:/Users/Davi/Downloads/oma/.release/native-build/sdk/occt/inc/RWStepShape_RWFacetedBrep.hxx
-- Installing: C:/Users/Davi/Downloads/oma/.release/native-build/sdk/occt/inc/RWStepShape_RWFacetedBrepAndBrepWithVoids.hxx
-- Installing: C:/Users/Davi/Downloads/oma/.release/native-build/sdk/occt/inc/RWStepShape_RWFacetedBrepShapeRepresentation.hxx
-- Installing: C:/Users/Davi/Downloads/oma/.release/native-build/sdk/occt/inc/RWStepShape_RWGeometricCurveSet.hxx
-- Installing: C:/Users/Davi/Downloads/oma/.release/native-build/sdk/occt/inc/RWStepShape_RWGeometricSet.hxx
-- Installing: C:/Users/Davi/Downloads/oma/.release/native-build/sdk/occt/inc/RWStepShape_RWGeometricallyBoundedSurfaceShapeRepresentation.hxx
-- Installing: C:/Users/Davi/Downloads/oma/.release/native-build/sdk/occt/inc/RWStepShape_RWGeometricallyBoundedWireframeShapeRepresentation.hxx
-- Installing: C:/Users/Davi/Downloads/oma/.release/native-build/sdk/occt/inc/RWStepShape_RWHalfSpaceSolid.hxx
-- Installing: C:/Users/Davi/Downloads/oma/.release/native-build/sdk/occt/inc/RWStepShape_RWLimitsAndFits.hxx
-- Installing: C:/Users/Davi/Downloads/oma/.release/native-build/sdk/occt/inc/RWStepShape_RWLoop.hxx
-- Installing: C:/Users/Davi/Downloads/oma/.release/native-build/sdk/occt/inc/RWStepShape_RWLoopAndPath.hxx
-- Installing: C:/Users/Davi/Downloads/oma/.release/native-build/sdk/occt/inc/RWStepShape_RWManifoldSolidBrep.hxx
-- Installing: C:/Users/Davi/Downloads/oma/.release/native-build/sdk/occt/inc/RWStepShape_RWManifoldSurfaceShapeRepresentation.hxx
-- Installing: C:/Users/Davi/Downloads/oma/.release/native-build/sdk/occt/inc/RWStepShape_RWMeasureQualification.hxx
-- Installing: C:/Users/Davi/Downloads/oma/.release/native-build/sdk/occt/inc/RWStepShape_RWMeasureRepresentationItemAndQualifiedRepresentationItem.hxx
-- Installing: C:/Users/Davi/Downloads/oma/.release/native-build/sdk/occt/inc/RWStepShape_RWNonManifoldSurfaceShapeRepresentation.hxx
-- Installing: C:/Users/Davi/Downloads/oma/.release/native-build/sdk/occt/inc/RWStepShape_RWOpenShell.hxx
-- Installing: C:/Users/Davi/Downloads/oma/.release/native-build/sdk/occt/inc/RWStepShape_RWOrientedClosedShell.hxx
-- Installing: C:/Users/Davi/Downloads/oma/.release/native-build/sdk/occt/inc/RWStepShape_RWOrientedEdge.hxx
-- Installing: C:/Users/Davi/Downloads/oma/.release/native-build/sdk/occt/inc/RWStepShape_RWOrientedFace.hxx
-- Installing: C:/Users/Davi/Downloads/oma/.release/native-build/sdk/occt/inc/RWStepShape_RWOrientedOpenShell.hxx
-- Installing: C:/Users/Davi/Downloads/oma/.release/native-build/sdk/occt/inc/RWStepShape_RWOrientedPath.hxx
-- Installing: C:/Users/Davi/Downloads/oma/.release/native-build/sdk/occt/inc/RWStepShape_RWPath.hxx
-- Installing: C:/Users/Davi/Downloads/oma/.release/native-build/sdk/occt/inc/RWStepShape_RWPlusMinusTolerance.hxx
-- Installing: C:/Users/Davi/Downloads/oma/.release/native-build/sdk/occt/inc/RWStepShape_RWPointRepresentation.hxx
-- Installing: C:/Users/Davi/Downloads/oma/.release/native-build/sdk/occt/inc/RWStepShape_RWPolyLoop.hxx
-- Installing: C:/Users/Davi/Downloads/oma/.release/native-build/sdk/occt/inc/RWStepShape_RWPrecisionQualifier.hxx
-- Installing: C:/Users/Davi/Downloads/oma/.release/native-build/sdk/occt/inc/RWStepShape_RWQualifiedRepresentationItem.hxx
-- Installing: C:/Users/Davi/Downloads/oma/.release/native-build/sdk/occt/inc/RWStepShape_RWRevolvedAreaSolid.hxx
-- Installing: C:/Users/Davi/Downloads/oma/.release/native-build/sdk/occt/inc/RWStepShape_RWRevolvedFaceSolid.hxx
-- Installing: C:/Users/Davi/Downloads/oma/.release/native-build/sdk/occt/inc/RWStepShape_RWRightAngularWedge.hxx
-- Installing: C:/Users/Davi/Downloads/oma/.release/native-build/sdk/occt/inc/RWStepShape_RWRightCircularCone.hxx
-- Installing: C:/Users/Davi/Downloads/oma/.release/native-build/sdk/occt/inc/RWStepShape_RWRightCircularCylinder.hxx
-- Installing: C:/Users/Davi/Downloads/oma/.release/native-build/sdk/occt/inc/RWStepShape_RWSeamEdge.hxx
-- Installing: C:/Users/Davi/Downloads/oma/.release/native-build/sdk/occt/inc/RWStepShape_RWShapeDefinitionRepresentation.hxx
-- Installing: C:/Users/Davi/Downloads/oma/.release/native-build/sdk/occt/inc/RWStepShape_RWShapeDimensionRepresentation.hxx
-- Installing: C:/Users/Davi/Downloads/oma/.release/native-build/sdk/occt/inc/RWStepShape_RWShapeRepresentation.hxx
-- Installing: C:/Users/Davi/Downloads/oma/.release/native-build/sdk/occt/inc/RWStepShape_RWShapeRepresentationWithParameters.hxx
-- Installing: C:/Users/Davi/Downloads/oma/.release/native-build/sdk/occt/inc/RWStepShape_RWShellBasedSurfaceModel.hxx
-- Installing: C:/Users/Davi/Downloads/oma/.release/native-build/sdk/occt/inc/RWStepShape_RWSolidModel.hxx
-- Installing: C:/Users/Davi/Downloads/oma/.release/native-build/sdk/occt/inc/RWStepShape_RWSolidReplica.hxx
-- Installing: C:/Users/Davi/Downloads/oma/.release/native-build/sdk/occt/inc/RWStepShape_RWSphere.hxx
-- Installing: C:/Users/Davi/Downloads/oma/.release/native-build/sdk/occt/inc/RWStepShape_RWSubedge.hxx
-- Installing: C:/Users/Davi/Downloads/oma/.release/native-build/sdk/occt/inc/RWStepShape_RWSubface.hxx
-- Installing: C:/Users/Davi/Downloads/oma/.release/native-build/sdk/occt/inc/RWStepShape_RWSweptAreaSolid.hxx
-- Installing: C:/Users/Davi/Downloads/oma/.release/native-build/sdk/occt/inc/RWStepShape_RWSweptFaceSolid.hxx
-- Installing: C:/Users/Davi/Downloads/oma/.release/native-build/sdk/occt/inc/RWStepShape_RWToleranceValue.hxx
-- Installing: C:/Users/Davi/Downloads/oma/.release/native-build/sdk/occt/inc/RWStepShape_RWTopologicalRepresentationItem.hxx
-- Installing: C:/Users/Davi/Downloads/oma/.release/native-build/sdk/occt/inc/RWStepShape_RWTorus.hxx
-- Installing: C:/Users/Davi/Downloads/oma/.release/native-build/sdk/occt/inc/RWStepShape_RWTransitionalShapeRepresentation.hxx
-- Installing: C:/Users/Davi/Downloads/oma/.release/native-build/sdk/occt/inc/RWStepShape_RWTypeQualifier.hxx
-- Installing: C:/Users/Davi/Downloads/oma/.release/native-build/sdk/occt/inc/RWStepShape_RWValueFormatTypeQualifier.hxx
-- Installing: C:/Users/Davi/Downloads/oma/.release/native-build/sdk/occt/inc/RWStepShape_RWVertex.hxx
-- Installing: C:/Users/Davi/Downloads/oma/.release/native-build/sdk/occt/inc/RWStepShape_RWVertexLoop.hxx
-- Installing: C:/Users/Davi/Downloads/oma/.release/native-build/sdk/occt/inc/RWStepShape_RWVertexPoint.hxx
-- Installing: C:/Users/Davi/Downloads/oma/.release/native-build/sdk/occt/inc/StepSelect_Activator.hxx
-- Installing: C:/Users/Davi/Downloads/oma/.release/native-build/sdk/occt/inc/StepSelect_FileModifier.hxx
-- Installing: C:/Users/Davi/Downloads/oma/.release/native-build/sdk/occt/inc/StepSelect_FloatFormat.hxx
-- Installing: C:/Users/Davi/Downloads/oma/.release/native-build/sdk/occt/inc/StepSelect_ModelModifier.hxx
-- Installing: C:/Users/Davi/Downloads/oma/.release/native-build/sdk/occt/inc/StepSelect_StepType.hxx
-- Installing: C:/Users/Davi/Downloads/oma/.release/native-build/sdk/occt/inc/StepSelect_WorkLibrary.hxx
-- Installing: C:/Users/Davi/Downloads/oma/.release/native-build/sdk/occt/inc/StepData.hxx
-- Installing: C:/Users/Davi/Downloads/oma/.release/native-build/sdk/occt/inc/StepData_Array1OfField.hxx
-- Installing: C:/Users/Davi/Downloads/oma/.release/native-build/sdk/occt/inc/StepData_ConfParameters.hxx
-- Installing: C:/Users/Davi/Downloads/oma/.release/native-build/sdk/occt/inc/StepData_DefaultGeneral.hxx
-- Installing: C:/Users/Davi/Downloads/oma/.release/native-build/sdk/occt/inc/StepData_Described.hxx
-- Installing: C:/Users/Davi/Downloads/oma/.release/native-build/sdk/occt/inc/StepData_ECDescr.hxx
-- Installing: C:/Users/Davi/Downloads/oma/.release/native-build/sdk/occt/inc/StepData_EDescr.hxx
-- Installing: C:/Users/Davi/Downloads/oma/.release/native-build/sdk/occt/inc/StepData_ESDescr.hxx
-- Installing: C:/Users/Davi/Downloads/oma/.release/native-build/sdk/occt/inc/StepData_EnumTool.hxx
-- Installing: C:/Users/Davi/Downloads/oma/.release/native-build/sdk/occt/inc/StepData_Factors.hxx
-- Installing: C:/Users/Davi/Downloads/oma/.release/native-build/sdk/occt/inc/StepData_Field.hxx
-- Installing: C:/Users/Davi/Downloads/oma/.release/native-build/sdk/occt/inc/StepData_FieldList.hxx
-- Installing: C:/Users/Davi/Downloads/oma/.release/native-build/sdk/occt/inc/StepData_FieldList1.hxx
-- Installing: C:/Users/Davi/Downloads/oma/.release/native-build/sdk/occt/inc/StepData_FieldListD.hxx
-- Installing: C:/Users/Davi/Downloads/oma/.release/native-build/sdk/occt/inc/StepData_FieldListN.hxx
-- Installing: C:/Users/Davi/Downloads/oma/.release/native-build/sdk/occt/inc/StepData_FileProtocol.hxx
-- Installing: C:/Users/Davi/Downloads/oma/.release/native-build/sdk/occt/inc/StepData_FileRecognizer.hxx
-- Installing: C:/Users/Davi/Downloads/oma/.release/native-build/sdk/occt/inc/StepData_FreeFormEntity.hxx
-- Installing: C:/Users/Davi/Downloads/oma/.release/native-build/sdk/occt/inc/StepData_GeneralModule.hxx
-- Installing: C:/Users/Davi/Downloads/oma/.release/native-build/sdk/occt/inc/StepData_GlobalNodeOfWriterLib.hxx
-- Installing: C:/Users/Davi/Downloads/oma/.release/native-build/sdk/occt/inc/StepData_HArray1OfField.hxx
-- Installing: C:/Users/Davi/Downloads/oma/.release/native-build/sdk/occt/inc/StepData_Logical.hxx
-- Installing: C:/Users/Davi/Downloads/oma/.release/native-build/sdk/occt/inc/StepData_NodeOfWriterLib.hxx
-- Installing: C:/Users/Davi/Downloads/oma/.release/native-build/sdk/occt/inc/StepData_PDescr.hxx
-- Installing: C:/Users/Davi/Downloads/oma/.release/native-build/sdk/occt/inc/StepData_Plex.hxx
-- Installing: C:/Users/Davi/Downloads/oma/.release/native-build/sdk/occt/inc/StepData_Protocol.hxx
-- Installing: C:/Users/Davi/Downloads/oma/.release/native-build/sdk/occt/inc/StepData_ReadWriteModule.hxx
-- Installing: C:/Users/Davi/Downloads/oma/.release/native-build/sdk/occt/inc/StepData_SelectArrReal.hxx
-- Installing: C:/Users/Davi/Downloads/oma/.release/native-build/sdk/occt/inc/StepData_SelectInt.hxx
-- Installing: C:/Users/Davi/Downloads/oma/.release/native-build/sdk/occt/inc/StepData_SelectMember.hxx
-- Installing: C:/Users/Davi/Downloads/oma/.release/native-build/sdk/occt/inc/StepData_SelectNamed.hxx
-- Installing: C:/Users/Davi/Downloads/oma/.release/native-build/sdk/occt/inc/StepData_SelectReal.hxx
-- Installing: C:/Users/Davi/Downloads/oma/.release/native-build/sdk/occt/inc/StepData_SelectType.hxx
-- Installing: C:/Users/Davi/Downloads/oma/.release/native-build/sdk/occt/inc/StepData_Simple.hxx
-- Installing: C:/Users/Davi/Downloads/oma/.release/native-build/sdk/occt/inc/StepData_StepDumper.hxx
-- Installing: C:/Users/Davi/Downloads/oma/.release/native-build/sdk/occt/inc/StepData_StepModel.hxx
-- Installing: C:/Users/Davi/Downloads/oma/.release/native-build/sdk/occt/inc/StepData_StepReaderData.hxx
-- Installing: C:/Users/Davi/Downloads/oma/.release/native-build/sdk/occt/inc/StepData_StepReaderTool.hxx
-- Installing: C:/Users/Davi/Downloads/oma/.release/native-build/sdk/occt/inc/StepData_StepWriter.hxx
-- Installing: C:/Users/Davi/Downloads/oma/.release/native-build/sdk/occt/inc/StepData_UndefinedEntity.hxx
-- Installing: C:/Users/Davi/Downloads/oma/.release/native-build/sdk/occt/inc/StepData_WriterLib.hxx
-- Installing: C:/Users/Davi/Downloads/oma/.release/native-build/sdk/occt/inc/StepFile_Read.hxx
-- Installing: C:/Users/Davi/Downloads/oma/.release/native-build/sdk/occt/inc/StepFile_ReadData.hxx
-- Installing: C:/Users/Davi/Downloads/oma/.release/native-build/sdk/occt/inc/step.tab.hxx
-- Installing: C:/Users/Davi/Downloads/oma/.release/native-build/sdk/occt/inc/RWHeaderSection.hxx
-- Installing: C:/Users/Davi/Downloads/oma/.release/native-build/sdk/occt/inc/RWHeaderSection_GeneralModule.hxx
-- Installing: C:/Users/Davi/Downloads/oma/.release/native-build/sdk/occt/inc/RWHeaderSection_RWFileDescription.hxx
-- Installing: C:/Users/Davi/Downloads/oma/.release/native-build/sdk/occt/inc/RWHeaderSection_RWFileName.hxx
-- Installing: C:/Users/Davi/Downloads/oma/.release/native-build/sdk/occt/inc/RWHeaderSection_RWFileSchema.hxx
-- Installing: C:/Users/Davi/Downloads/oma/.release/native-build/sdk/occt/inc/RWHeaderSection_ReadWriteModule.hxx
-- Installing: C:/Users/Davi/Downloads/oma/.release/native-build/sdk/occt/inc/APIHeaderSection_EditHeader.hxx
-- Installing: C:/Users/Davi/Downloads/oma/.release/native-build/sdk/occt/inc/APIHeaderSection_MakeHeader.hxx
-- Installing: C:/Users/Davi/Downloads/oma/.release/native-build/sdk/occt/inc/HeaderSection.hxx
-- Installing: C:/Users/Davi/Downloads/oma/.release/native-build/sdk/occt/inc/HeaderSection_FileDescription.hxx
-- Installing: C:/Users/Davi/Downloads/oma/.release/native-build/sdk/occt/inc/HeaderSection_FileName.hxx
-- Installing: C:/Users/Davi/Downloads/oma/.release/native-build/sdk/occt/inc/HeaderSection_FileSchema.hxx
-- Installing: C:/Users/Davi/Downloads/oma/.release/native-build/sdk/occt/inc/HeaderSection_Protocol.hxx
-- Installing: C:/Users/Davi/Downloads/oma/.release/native-build/sdk/occt/inc/XCAFApp_Application.hxx
-- Installing: C:/Users/Davi/Downloads/oma/.release/native-build/sdk/occt/inc/XCAFDimTolObjects_AngularQualifier.hxx
-- Installing: C:/Users/Davi/Downloads/oma/.release/native-build/sdk/occt/inc/XCAFDimTolObjects_DataMapOfToleranceDatum.hxx
-- Installing: C:/Users/Davi/Downloads/oma/.release/native-build/sdk/occt/inc/XCAFDimTolObjects_DatumModifWithValue.hxx
-- Installing: C:/Users/Davi/Downloads/oma/.release/native-build/sdk/occt/inc/XCAFDimTolObjects_DatumModifiersSequence.hxx
-- Installing: C:/Users/Davi/Downloads/oma/.release/native-build/sdk/occt/inc/XCAFDimTolObjects_DatumObject.hxx
-- Installing: C:/Users/Davi/Downloads/oma/.release/native-build/sdk/occt/inc/XCAFDimTolObjects_DatumObjectSequence.hxx
-- Installing: C:/Users/Davi/Downloads/oma/.release/native-build/sdk/occt/inc/XCAFDimTolObjects_DatumSingleModif.hxx
-- Installing: C:/Users/Davi/Downloads/oma/.release/native-build/sdk/occt/inc/XCAFDimTolObjects_DatumTargetType.hxx
-- Installing: C:/Users/Davi/Downloads/oma/.release/native-build/sdk/occt/inc/XCAFDimTolObjects_DimensionFormVariance.hxx
-- Installing: C:/Users/Davi/Downloads/oma/.release/native-build/sdk/occt/inc/XCAFDimTolObjects_DimensionGrade.hxx
-- Installing: C:/Users/Davi/Downloads/oma/.release/native-build/sdk/occt/inc/XCAFDimTolObjects_DimensionModif.hxx
-- Installing: C:/Users/Davi/Downloads/oma/.release/native-build/sdk/occt/inc/XCAFDimTolObjects_DimensionModifiersSequence.hxx
-- Installing: C:/Users/Davi/Downloads/oma/.release/native-build/sdk/occt/inc/XCAFDimTolObjects_DimensionObject.hxx
-- Installing: C:/Users/Davi/Downloads/oma/.release/native-build/sdk/occt/inc/XCAFDimTolObjects_DimensionObjectSequence.hxx
-- Installing: C:/Users/Davi/Downloads/oma/.release/native-build/sdk/occt/inc/XCAFDimTolObjects_DimensionQualifier.hxx
-- Installing: C:/Users/Davi/Downloads/oma/.release/native-build/sdk/occt/inc/XCAFDimTolObjects_DimensionType.hxx
-- Installing: C:/Users/Davi/Downloads/oma/.release/native-build/sdk/occt/inc/XCAFDimTolObjects_GeomToleranceMatReqModif.hxx
-- Installing: C:/Users/Davi/Downloads/oma/.release/native-build/sdk/occt/inc/XCAFDimTolObjects_GeomToleranceModif.hxx
-- Installing: C:/Users/Davi/Downloads/oma/.release/native-build/sdk/occt/inc/XCAFDimTolObjects_GeomToleranceModifiersSequence.hxx
-- Installing: C:/Users/Davi/Downloads/oma/.release/native-build/sdk/occt/inc/XCAFDimTolObjects_GeomToleranceObject.hxx
-- Installing: C:/Users/Davi/Downloads/oma/.release/native-build/sdk/occt/inc/XCAFDimTolObjects_GeomToleranceObjectSequence.hxx
-- Installing: C:/Users/Davi/Downloads/oma/.release/native-build/sdk/occt/inc/XCAFDimTolObjects_GeomToleranceType.hxx
-- Installing: C:/Users/Davi/Downloads/oma/.release/native-build/sdk/occt/inc/XCAFDimTolObjects_GeomToleranceTypeValue.hxx
-- Installing: C:/Users/Davi/Downloads/oma/.release/native-build/sdk/occt/inc/XCAFDimTolObjects_GeomToleranceZoneModif.hxx
-- Installing: C:/Users/Davi/Downloads/oma/.release/native-build/sdk/occt/inc/XCAFDimTolObjects_ToleranceZoneAffectedPlane.hxx
-- Installing: C:/Users/Davi/Downloads/oma/.release/native-build/sdk/occt/inc/XCAFDimTolObjects_Tool.hxx
-- Installing: C:/Users/Davi/Downloads/oma/.release/native-build/sdk/occt/inc/XCAFNoteObjects_NoteObject.hxx
-- Installing: C:/Users/Davi/Downloads/oma/.release/native-build/sdk/occt/inc/XCAFDoc.hxx
-- Installing: C:/Users/Davi/Downloads/oma/.release/native-build/sdk/occt/inc/XCAFDoc_Area.hxx
-- Installing: C:/Users/Davi/Downloads/oma/.release/native-build/sdk/occt/inc/XCAFDoc_AssemblyGraph.hxx
-- Installing: C:/Users/Davi/Downloads/oma/.release/native-build/sdk/occt/inc/XCAFDoc_AssemblyItemId.hxx
-- Installing: C:/Users/Davi/Downloads/oma/.release/native-build/sdk/occt/inc/XCAFDoc_AssemblyItemRef.hxx
-- Installing: C:/Users/Davi/Downloads/oma/.release/native-build/sdk/occt/inc/XCAFDoc_AssemblyIterator.hxx
-- Installing: C:/Users/Davi/Downloads/oma/.release/native-build/sdk/occt/inc/XCAFDoc_AssemblyTool.hxx
-- Installing: C:/Users/Davi/Downloads/oma/.release/native-build/sdk/occt/inc/XCAFDoc_Centroid.hxx
-- Installing: C:/Users/Davi/Downloads/oma/.release/native-build/sdk/occt/inc/XCAFDoc_ClippingPlaneTool.hxx
-- Installing: C:/Users/Davi/Downloads/oma/.release/native-build/sdk/occt/inc/XCAFDoc_Color.hxx
-- Installing: C:/Users/Davi/Downloads/oma/.release/native-build/sdk/occt/inc/XCAFDoc_ColorTool.hxx
-- Installing: C:/Users/Davi/Downloads/oma/.release/native-build/sdk/occt/inc/XCAFDoc_ColorType.hxx
-- Installing: C:/Users/Davi/Downloads/oma/.release/native-build/sdk/occt/inc/XCAFDoc_DataMapIteratorOfDataMapOfShapeLabel.hxx
-- Installing: C:/Users/Davi/Downloads/oma/.release/native-build/sdk/occt/inc/XCAFDoc_DataMapOfShapeLabel.hxx
-- Installing: C:/Users/Davi/Downloads/oma/.release/native-build/sdk/occt/inc/XCAFDoc_Datum.hxx
-- Installing: C:/Users/Davi/Downloads/oma/.release/native-build/sdk/occt/inc/XCAFDoc_DimTol.hxx
-- Installing: C:/Users/Davi/Downloads/oma/.release/native-build/sdk/occt/inc/XCAFDoc_DimTolTool.hxx
-- Installing: C:/Users/Davi/Downloads/oma/.release/native-build/sdk/occt/inc/XCAFDoc_Dimension.hxx
-- Installing: C:/Users/Davi/Downloads/oma/.release/native-build/sdk/occt/inc/XCAFDoc_DocumentTool.hxx
-- Installing: C:/Users/Davi/Downloads/oma/.release/native-build/sdk/occt/inc/XCAFDoc_Editor.hxx
-- Installing: C:/Users/Davi/Downloads/oma/.release/native-build/sdk/occt/inc/XCAFDoc_GeomTolerance.hxx
-- Installing: C:/Users/Davi/Downloads/oma/.release/native-build/sdk/occt/inc/XCAFDoc_GraphNode.hxx
-- Installing: C:/Users/Davi/Downloads/oma/.release/native-build/sdk/occt/inc/XCAFDoc_GraphNodeSequence.hxx
-- Installing: C:/Users/Davi/Downloads/oma/.release/native-build/sdk/occt/inc/XCAFDoc_LayerTool.hxx
-- Installing: C:/Users/Davi/Downloads/oma/.release/native-build/sdk/occt/inc/XCAFDoc_LengthUnit.hxx
-- Installing: C:/Users/Davi/Downloads/oma/.release/native-build/sdk/occt/inc/XCAFDoc_Location.hxx
-- Installing: C:/Users/Davi/Downloads/oma/.release/native-build/sdk/occt/inc/XCAFDoc_Material.hxx
-- Installing: C:/Users/Davi/Downloads/oma/.release/native-build/sdk/occt/inc/XCAFDoc_MaterialTool.hxx
-- Installing: C:/Users/Davi/Downloads/oma/.release/native-build/sdk/occt/inc/XCAFDoc_Note.hxx
-- Installing: C:/Users/Davi/Downloads/oma/.release/native-build/sdk/occt/inc/XCAFDoc_NoteBalloon.hxx
-- Installing: C:/Users/Davi/Downloads/oma/.release/native-build/sdk/occt/inc/XCAFDoc_NoteBinData.hxx
-- Installing: C:/Users/Davi/Downloads/oma/.release/native-build/sdk/occt/inc/XCAFDoc_NoteComment.hxx
-- Installing: C:/Users/Davi/Downloads/oma/.release/native-build/sdk/occt/inc/XCAFDoc_NotesTool.hxx
-- Installing: C:/Users/Davi/Downloads/oma/.release/native-build/sdk/occt/inc/XCAFDoc_PartId.hxx
-- Installing: C:/Users/Davi/Downloads/oma/.release/native-build/sdk/occt/inc/XCAFDoc_ShapeMapTool.hxx
-- Installing: C:/Users/Davi/Downloads/oma/.release/native-build/sdk/occt/inc/XCAFDoc_ShapeTool.hxx
-- Installing: C:/Users/Davi/Downloads/oma/.release/native-build/sdk/occt/inc/XCAFDoc_View.hxx
-- Installing: C:/Users/Davi/Downloads/oma/.release/native-build/sdk/occt/inc/XCAFDoc_ViewTool.hxx
-- Installing: C:/Users/Davi/Downloads/oma/.release/native-build/sdk/occt/inc/XCAFDoc_VisMaterial.hxx
-- Installing: C:/Users/Davi/Downloads/oma/.release/native-build/sdk/occt/inc/XCAFDoc_VisMaterialCommon.hxx
-- Installing: C:/Users/Davi/Downloads/oma/.release/native-build/sdk/occt/inc/XCAFDoc_VisMaterialPBR.hxx
-- Installing: C:/Users/Davi/Downloads/oma/.release/native-build/sdk/occt/inc/XCAFDoc_VisMaterialTool.hxx
-- Installing: C:/Users/Davi/Downloads/oma/.release/native-build/sdk/occt/inc/XCAFDoc_Volume.hxx
-- Installing: C:/Users/Davi/Downloads/oma/.release/native-build/sdk/occt/inc/XCAFPrs.hxx
-- Installing: C:/Users/Davi/Downloads/oma/.release/native-build/sdk/occt/inc/XCAFPrs_AISObject.hxx
-- Installing: C:/Users/Davi/Downloads/oma/.release/native-build/sdk/occt/inc/XCAFPrs_DataMapIteratorOfDataMapOfStyleShape.hxx
-- Installing: C:/Users/Davi/Downloads/oma/.release/native-build/sdk/occt/inc/XCAFPrs_DataMapIteratorOfDataMapOfStyleTransient.hxx
-- Installing: C:/Users/Davi/Downloads/oma/.release/native-build/sdk/occt/inc/XCAFPrs_DataMapIteratorOfIndexedDataMapOfShapeStyle.hxx
-- Installing: C:/Users/Davi/Downloads/oma/.release/native-build/sdk/occt/inc/XCAFPrs_DataMapOfStyleShape.hxx
-- Installing: C:/Users/Davi/Downloads/oma/.release/native-build/sdk/occt/inc/XCAFPrs_DataMapOfStyleTransient.hxx
-- Installing: C:/Users/Davi/Downloads/oma/.release/native-build/sdk/occt/inc/XCAFPrs_DocumentExplorer.hxx
-- Installing: C:/Users/Davi/Downloads/oma/.release/native-build/sdk/occt/inc/XCAFPrs_DocumentIdIterator.hxx
-- Installing: C:/Users/Davi/Downloads/oma/.release/native-build/sdk/occt/inc/XCAFPrs_DocumentNode.hxx
-- Installing: C:/Users/Davi/Downloads/oma/.release/native-build/sdk/occt/inc/XCAFPrs_Driver.hxx
-- Installing: C:/Users/Davi/Downloads/oma/.release/native-build/sdk/occt/inc/XCAFPrs_IndexedDataMapOfShapeStyle.hxx
-- Installing: C:/Users/Davi/Downloads/oma/.release/native-build/sdk/occt/inc/XCAFPrs_Style.hxx
-- Installing: C:/Users/Davi/Downloads/oma/.release/native-build/sdk/occt/inc/XCAFPrs_Texture.hxx
-- Installing: C:/Users/Davi/Downloads/oma/.release/native-build/sdk/occt/inc/XCAFView_Object.hxx
-- Installing: C:/Users/Davi/Downloads/oma/.release/native-build/sdk/occt/inc/XCAFView_ProjectionType.hxx
-- Installing: C:/Users/Davi/Downloads/oma/.release/native-build/sdk/occt/inc/IGESCAFControl.hxx
-- Installing: C:/Users/Davi/Downloads/oma/.release/native-build/sdk/occt/inc/IGESCAFControl_ConfigurationNode.hxx
-- Installing: C:/Users/Davi/Downloads/oma/.release/native-build/sdk/occt/inc/IGESCAFControl_Provider.hxx
-- Installing: C:/Users/Davi/Downloads/oma/.release/native-build/sdk/occt/inc/IGESCAFControl_Reader.hxx
-- Installing: C:/Users/Davi/Downloads/oma/.release/native-build/sdk/occt/inc/IGESCAFControl_Writer.hxx
-- Installing: C:/Users/Davi/Downloads/oma/.release/native-build/sdk/occt/inc/IGESData.hxx
-- Installing: C:/Users/Davi/Downloads/oma/.release/native-build/sdk/occt/inc/IGESData_Array1OfDirPart.hxx
-- Installing: C:/Users/Davi/Downloads/oma/.release/native-build/sdk/occt/inc/IGESData_Array1OfIGESEntity.hxx
-- Installing: C:/Users/Davi/Downloads/oma/.release/native-build/sdk/occt/inc/IGESData_BasicEditor.hxx
-- Installing: C:/Users/Davi/Downloads/oma/.release/native-build/sdk/occt/inc/IGESData_ColorEntity.hxx
-- Installing: C:/Users/Davi/Downloads/oma/.release/native-build/sdk/occt/inc/IGESData_DefList.hxx
-- Installing: C:/Users/Davi/Downloads/oma/.release/native-build/sdk/occt/inc/IGESData_DefSwitch.hxx
-- Installing: C:/Users/Davi/Downloads/oma/.release/native-build/sdk/occt/inc/IGESData_DefType.hxx
-- Installing: C:/Users/Davi/Downloads/oma/.release/native-build/sdk/occt/inc/IGESData_DefaultGeneral.hxx
-- Installing: C:/Users/Davi/Downloads/oma/.release/native-build/sdk/occt/inc/IGESData_DefaultSpecific.hxx
-- Installing: C:/Users/Davi/Downloads/oma/.release/native-build/sdk/occt/inc/IGESData_DirChecker.hxx
-- Installing: C:/Users/Davi/Downloads/oma/.release/native-build/sdk/occt/inc/IGESData_DirPart.hxx
-- Installing: C:/Users/Davi/Downloads/oma/.release/native-build/sdk/occt/inc/IGESData_Dump.hxx
-- Installing: C:/Users/Davi/Downloads/oma/.release/native-build/sdk/occt/inc/IGESData_FileProtocol.hxx
-- Installing: C:/Users/Davi/Downloads/oma/.release/native-build/sdk/occt/inc/IGESData_FileRecognizer.hxx
-- Installing: C:/Users/Davi/Downloads/oma/.release/native-build/sdk/occt/inc/IGESData_FreeFormatEntity.hxx
-- Installing: C:/Users/Davi/Downloads/oma/.release/native-build/sdk/occt/inc/IGESData_GeneralModule.hxx
-- Installing: C:/Users/Davi/Downloads/oma/.release/native-build/sdk/occt/inc/IGESData_GlobalNodeOfSpecificLib.hxx
-- Installing: C:/Users/Davi/Downloads/oma/.release/native-build/sdk/occt/inc/IGESData_GlobalNodeOfWriterLib.hxx
-- Installing: C:/Users/Davi/Downloads/oma/.release/native-build/sdk/occt/inc/IGESData_GlobalSection.hxx
-- Installing: C:/Users/Davi/Downloads/oma/.release/native-build/sdk/occt/inc/IGESData_HArray1OfIGESEntity.hxx
-- Installing: C:/Users/Davi/Downloads/oma/.release/native-build/sdk/occt/inc/IGESData_IGESDumper.hxx
-- Installing: C:/Users/Davi/Downloads/oma/.release/native-build/sdk/occt/inc/IGESData_IGESEntity.hxx
-- Installing: C:/Users/Davi/Downloads/oma/.release/native-build/sdk/occt/inc/IGESData_IGESModel.hxx
-- Installing: C:/Users/Davi/Downloads/oma/.release/native-build/sdk/occt/inc/IGESData_IGESReaderData.hxx
-- Installing: C:/Users/Davi/Downloads/oma/.release/native-build/sdk/occt/inc/IGESData_IGESReaderTool.hxx
-- Installing: C:/Users/Davi/Downloads/oma/.release/native-build/sdk/occt/inc/IGESData_IGESType.hxx
-- Installing: C:/Users/Davi/Downloads/oma/.release/native-build/sdk/occt/inc/IGESData_IGESWriter.hxx
-- Installing: C:/Users/Davi/Downloads/oma/.release/native-build/sdk/occt/inc/IGESData_LabelDisplayEntity.hxx
-- Installing: C:/Users/Davi/Downloads/oma/.release/native-build/sdk/occt/inc/IGESData_LevelListEntity.hxx
-- Installing: C:/Users/Davi/Downloads/oma/.release/native-build/sdk/occt/inc/IGESData_LineFontEntity.hxx
-- Installing: C:/Users/Davi/Downloads/oma/.release/native-build/sdk/occt/inc/IGESData_NameEntity.hxx
-- Installing: C:/Users/Davi/Downloads/oma/.release/native-build/sdk/occt/inc/IGESData_NodeOfSpecificLib.hxx
-- Installing: C:/Users/Davi/Downloads/oma/.release/native-build/sdk/occt/inc/IGESData_NodeOfWriterLib.hxx
-- Installing: C:/Users/Davi/Downloads/oma/.release/native-build/sdk/occt/inc/IGESData_ParamCursor.hxx
-- Installing: C:/Users/Davi/Downloads/oma/.release/native-build/sdk/occt/inc/IGESData_ParamCursor.lxx
-- Installing: C:/Users/Davi/Downloads/oma/.release/native-build/sdk/occt/inc/IGESData_ParamReader.hxx
-- Installing: C:/Users/Davi/Downloads/oma/.release/native-build/sdk/occt/inc/IGESData_Protocol.hxx
-- Installing: C:/Users/Davi/Downloads/oma/.release/native-build/sdk/occt/inc/IGESData_ReadStage.hxx
-- Installing: C:/Users/Davi/Downloads/oma/.release/native-build/sdk/occt/inc/IGESData_ReadWriteModule.hxx
-- Installing: C:/Users/Davi/Downloads/oma/.release/native-build/sdk/occt/inc/IGESData_SingleParentEntity.hxx
-- Installing: C:/Users/Davi/Downloads/oma/.release/native-build/sdk/occt/inc/IGESData_SpecificLib.hxx
-- Installing: C:/Users/Davi/Downloads/oma/.release/native-build/sdk/occt/inc/IGESData_SpecificModule.hxx
-- Installing: C:/Users/Davi/Downloads/oma/.release/native-build/sdk/occt/inc/IGESData_Status.hxx
-- Installing: C:/Users/Davi/Downloads/oma/.release/native-build/sdk/occt/inc/IGESData_ToolLocation.hxx
-- Installing: C:/Users/Davi/Downloads/oma/.release/native-build/sdk/occt/inc/IGESData_TransfEntity.hxx
-- Installing: C:/Users/Davi/Downloads/oma/.release/native-build/sdk/occt/inc/IGESData_UndefinedEntity.hxx
-- Installing: C:/Users/Davi/Downloads/oma/.release/native-build/sdk/occt/inc/IGESData_ViewKindEntity.hxx
-- Installing: C:/Users/Davi/Downloads/oma/.release/native-build/sdk/occt/inc/IGESData_WriterLib.hxx
-- Installing: C:/Users/Davi/Downloads/oma/.release/native-build/sdk/occt/inc/IGESFile_Read.hxx
-- Installing: C:/Users/Davi/Downloads/oma/.release/native-build/sdk/occt/inc/igesread.h
-- Installing: C:/Users/Davi/Downloads/oma/.release/native-build/sdk/occt/inc/IGESBasic.hxx
-- Installing: C:/Users/Davi/Downloads/oma/.release/native-build/sdk/occt/inc/IGESBasic_Array1OfLineFontEntity.hxx
-- Installing: C:/Users/Davi/Downloads/oma/.release/native-build/sdk/occt/inc/IGESBasic_Array2OfHArray1OfReal.hxx
-- Installing: C:/Users/Davi/Downloads/oma/.release/native-build/sdk/occt/inc/IGESBasic_AssocGroupType.hxx
-- Installing: C:/Users/Davi/Downloads/oma/.release/native-build/sdk/occt/inc/IGESBasic_ExternalRefFile.hxx
-- Installing: C:/Users/Davi/Downloads/oma/.release/native-build/sdk/occt/inc/IGESBasic_ExternalRefFileIndex.hxx
-- Installing: C:/Users/Davi/Downloads/oma/.release/native-build/sdk/occt/inc/IGESBasic_ExternalRefFileName.hxx
-- Installing: C:/Users/Davi/Downloads/oma/.release/native-build/sdk/occt/inc/IGESBasic_ExternalRefLibName.hxx
-- Installing: C:/Users/Davi/Downloads/oma/.release/native-build/sdk/occt/inc/IGESBasic_ExternalRefName.hxx
-- Installing: C:/Users/Davi/Downloads/oma/.release/native-build/sdk/occt/inc/IGESBasic_ExternalReferenceFile.hxx
-- Installing: C:/Users/Davi/Downloads/oma/.release/native-build/sdk/occt/inc/IGESBasic_GeneralModule.hxx
-- Installing: C:/Users/Davi/Downloads/oma/.release/native-build/sdk/occt/inc/IGESBasic_Group.hxx
-- Installing: C:/Users/Davi/Downloads/oma/.release/native-build/sdk/occt/inc/IGESBasic_GroupWithoutBackP.hxx
-- Installing: C:/Users/Davi/Downloads/oma/.release/native-build/sdk/occt/inc/IGESBasic_HArray1OfHArray1OfIGESEntity.hxx
-- Installing: C:/Users/Davi/Downloads/oma/.release/native-build/sdk/occt/inc/IGESBasic_HArray1OfHArray1OfInteger.hxx
-- Installing: C:/Users/Davi/Downloads/oma/.release/native-build/sdk/occt/inc/IGESBasic_HArray1OfHArray1OfReal.hxx
-- Installing: C:/Users/Davi/Downloads/oma/.release/native-build/sdk/occt/inc/IGESBasic_HArray1OfHArray1OfXY.hxx
-- Installing: C:/Users/Davi/Downloads/oma/.release/native-build/sdk/occt/inc/IGESBasic_HArray1OfHArray1OfXYZ.hxx
-- Installing: C:/Users/Davi/Downloads/oma/.release/native-build/sdk/occt/inc/IGESBasic_HArray1OfLineFontEntity.hxx
-- Installing: C:/Users/Davi/Downloads/oma/.release/native-build/sdk/occt/inc/IGESBasic_HArray2OfHArray1OfReal.hxx
-- Installing: C:/Users/Davi/Downloads/oma/.release/native-build/sdk/occt/inc/IGESBasic_Hierarchy.hxx
-- Installing: C:/Users/Davi/Downloads/oma/.release/native-build/sdk/occt/inc/IGESBasic_Name.hxx
-- Installing: C:/Users/Davi/Downloads/oma/.release/native-build/sdk/occt/inc/IGESBasic_OrderedGroup.hxx
-- Installing: C:/Users/Davi/Downloads/oma/.release/native-build/sdk/occt/inc/IGESBasic_OrderedGroupWithoutBackP.hxx
-- Installing: C:/Users/Davi/Downloads/oma/.release/native-build/sdk/occt/inc/IGESBasic_Protocol.hxx
-- Installing: C:/Users/Davi/Downloads/oma/.release/native-build/sdk/occt/inc/IGESBasic_ReadWriteModule.hxx
-- Installing: C:/Users/Davi/Downloads/oma/.release/native-build/sdk/occt/inc/IGESBasic_SingleParent.hxx
-- Installing: C:/Users/Davi/Downloads/oma/.release/native-build/sdk/occt/inc/IGESBasic_SingularSubfigure.hxx
-- Installing: C:/Users/Davi/Downloads/oma/.release/native-build/sdk/occt/inc/IGESBasic_SpecificModule.hxx
-- Installing: C:/Users/Davi/Downloads/oma/.release/native-build/sdk/occt/inc/IGESBasic_SubfigureDef.hxx
-- Installing: C:/Users/Davi/Downloads/oma/.release/native-build/sdk/occt/inc/IGESBasic_ToolAssocGroupType.hxx
-- Installing: C:/Users/Davi/Downloads/oma/.release/native-build/sdk/occt/inc/IGESBasic_ToolExternalRefFile.hxx
-- Installing: C:/Users/Davi/Downloads/oma/.release/native-build/sdk/occt/inc/IGESBasic_ToolExternalRefFileIndex.hxx
-- Installing: C:/Users/Davi/Downloads/oma/.release/native-build/sdk/occt/inc/IGESBasic_ToolExternalRefFileName.hxx
-- Installing: C:/Users/Davi/Downloads/oma/.release/native-build/sdk/occt/inc/IGESBasic_ToolExternalRefLibName.hxx
-- Installing: C:/Users/Davi/Downloads/oma/.release/native-build/sdk/occt/inc/IGESBasic_ToolExternalRefName.hxx
-- Installing: C:/Users/Davi/Downloads/oma/.release/native-build/sdk/occt/inc/IGESBasic_ToolExternalReferenceFile.hxx
-- Installing: C:/Users/Davi/Downloads/oma/.release/native-build/sdk/occt/inc/IGESBasic_ToolGroup.hxx
-- Installing: C:/Users/Davi/Downloads/oma/.release/native-build/sdk/occt/inc/IGESBasic_ToolGroupWithoutBackP.hxx
-- Installing: C:/Users/Davi/Downloads/oma/.release/native-build/sdk/occt/inc/IGESBasic_ToolHierarchy.hxx
-- Installing: C:/Users/Davi/Downloads/oma/.release/native-build/sdk/occt/inc/IGESBasic_ToolName.hxx
-- Installing: C:/Users/Davi/Downloads/oma/.release/native-build/sdk/occt/inc/IGESBasic_ToolOrderedGroup.hxx
-- Installing: C:/Users/Davi/Downloads/oma/.release/native-build/sdk/occt/inc/IGESBasic_ToolOrderedGroupWithoutBackP.hxx
-- Installing: C:/Users/Davi/Downloads/oma/.release/native-build/sdk/occt/inc/IGESBasic_ToolSingleParent.hxx
-- Installing: C:/Users/Davi/Downloads/oma/.release/native-build/sdk/occt/inc/IGESBasic_ToolSingularSubfigure.hxx
-- Installing: C:/Users/Davi/Downloads/oma/.release/native-build/sdk/occt/inc/IGESBasic_ToolSubfigureDef.hxx
-- Installing: C:/Users/Davi/Downloads/oma/.release/native-build/sdk/occt/inc/IGESGraph.hxx
-- Installing: C:/Users/Davi/Downloads/oma/.release/native-build/sdk/occt/inc/IGESGraph_Array1OfColor.hxx
-- Installing: C:/Users/Davi/Downloads/oma/.release/native-build/sdk/occt/inc/IGESGraph_Array1OfTextDisplayTemplate.hxx
-- Installing: C:/Users/Davi/Downloads/oma/.release/native-build/sdk/occt/inc/IGESGraph_Array1OfTextFontDef.hxx
-- Installing: C:/Users/Davi/Downloads/oma/.release/native-build/sdk/occt/inc/IGESGraph_Color.hxx
-- Installing: C:/Users/Davi/Downloads/oma/.release/native-build/sdk/occt/inc/IGESGraph_DefinitionLevel.hxx
-- Installing: C:/Users/Davi/Downloads/oma/.release/native-build/sdk/occt/inc/IGESGraph_DrawingSize.hxx
-- Installing: C:/Users/Davi/Downloads/oma/.release/native-build/sdk/occt/inc/IGESGraph_DrawingUnits.hxx
-- Installing: C:/Users/Davi/Downloads/oma/.release/native-build/sdk/occt/inc/IGESGraph_GeneralModule.hxx
-- Installing: C:/Users/Davi/Downloads/oma/.release/native-build/sdk/occt/inc/IGESGraph_HArray1OfColor.hxx
-- Installing: C:/Users/Davi/Downloads/oma/.release/native-build/sdk/occt/inc/IGESGraph_HArray1OfTextDisplayTemplate.hxx
-- Installing: C:/Users/Davi/Downloads/oma/.release/native-build/sdk/occt/inc/IGESGraph_HArray1OfTextFontDef.hxx
-- Installing: C:/Users/Davi/Downloads/oma/.release/native-build/sdk/occt/inc/IGESGraph_HighLight.hxx
-- Installing: C:/Users/Davi/Downloads/oma/.release/native-build/sdk/occt/inc/IGESGraph_IntercharacterSpacing.hxx
-- Installing: C:/Users/Davi/Downloads/oma/.release/native-build/sdk/occt/inc/IGESGraph_LineFontDefPattern.hxx
-- Installing: C:/Users/Davi/Downloads/oma/.release/native-build/sdk/occt/inc/IGESGraph_LineFontDefTemplate.hxx
-- Installing: C:/Users/Davi/Downloads/oma/.release/native-build/sdk/occt/inc/IGESGraph_LineFontPredefined.hxx
-- Installing: C:/Users/Davi/Downloads/oma/.release/native-build/sdk/occt/inc/IGESGraph_NominalSize.hxx
-- Installing: C:/Users/Davi/Downloads/oma/.release/native-build/sdk/occt/inc/IGESGraph_Pick.hxx
-- Installing: C:/Users/Davi/Downloads/oma/.release/native-build/sdk/occt/inc/IGESGraph_Protocol.hxx
-- Installing: C:/Users/Davi/Downloads/oma/.release/native-build/sdk/occt/inc/IGESGraph_ReadWriteModule.hxx
-- Installing: C:/Users/Davi/Downloads/oma/.release/native-build/sdk/occt/inc/IGESGraph_SpecificModule.hxx
-- Installing: C:/Users/Davi/Downloads/oma/.release/native-build/sdk/occt/inc/IGESGraph_TextDisplayTemplate.hxx
-- Installing: C:/Users/Davi/Downloads/oma/.release/native-build/sdk/occt/inc/IGESGraph_TextFontDef.hxx
-- Installing: C:/Users/Davi/Downloads/oma/.release/native-build/sdk/occt/inc/IGESGraph_ToolColor.hxx
-- Installing: C:/Users/Davi/Downloads/oma/.release/native-build/sdk/occt/inc/IGESGraph_ToolDefinitionLevel.hxx
-- Installing: C:/Users/Davi/Downloads/oma/.release/native-build/sdk/occt/inc/IGESGraph_ToolDrawingSize.hxx
-- Installing: C:/Users/Davi/Downloads/oma/.release/native-build/sdk/occt/inc/IGESGraph_ToolDrawingUnits.hxx
-- Installing: C:/Users/Davi/Downloads/oma/.release/native-build/sdk/occt/inc/IGESGraph_ToolHighLight.hxx
-- Installing: C:/Users/Davi/Downloads/oma/.release/native-build/sdk/occt/inc/IGESGraph_ToolIntercharacterSpacing.hxx
-- Installing: C:/Users/Davi/Downloads/oma/.release/native-build/sdk/occt/inc/IGESGraph_ToolLineFontDefPattern.hxx
-- Installing: C:/Users/Davi/Downloads/oma/.release/native-build/sdk/occt/inc/IGESGraph_ToolLineFontDefTemplate.hxx
-- Installing: C:/Users/Davi/Downloads/oma/.release/native-build/sdk/occt/inc/IGESGraph_ToolLineFontPredefined.hxx
-- Installing: C:/Users/Davi/Downloads/oma/.release/native-build/sdk/occt/inc/IGESGraph_ToolNominalSize.hxx
-- Installing: C:/Users/Davi/Downloads/oma/.release/native-build/sdk/occt/inc/IGESGraph_ToolPick.hxx
-- Installing: C:/Users/Davi/Downloads/oma/.release/native-build/sdk/occt/inc/IGESGraph_ToolTextDisplayTemplate.hxx
-- Installing: C:/Users/Davi/Downloads/oma/.release/native-build/sdk/occt/inc/IGESGraph_ToolTextFontDef.hxx
-- Installing: C:/Users/Davi/Downloads/oma/.release/native-build/sdk/occt/inc/IGESGraph_ToolUniformRectGrid.hxx
-- Installing: C:/Users/Davi/Downloads/oma/.release/native-build/sdk/occt/inc/IGESGraph_UniformRectGrid.hxx
-- Installing: C:/Users/Davi/Downloads/oma/.release/native-build/sdk/occt/inc/IGESGeom.hxx
-- Installing: C:/Users/Davi/Downloads/oma/.release/native-build/sdk/occt/inc/IGESGeom_Array1OfBoundary.hxx
-- Installing: C:/Users/Davi/Downloads/oma/.release/native-build/sdk/occt/inc/IGESGeom_Array1OfCurveOnSurface.hxx
-- Installing: C:/Users/Davi/Downloads/oma/.release/native-build/sdk/occt/inc/IGESGeom_Array1OfTransformationMatrix.hxx
-- Installing: C:/Users/Davi/Downloads/oma/.release/native-build/sdk/occt/inc/IGESGeom_BSplineCurve.hxx
-- Installing: C:/Users/Davi/Downloads/oma/.release/native-build/sdk/occt/inc/IGESGeom_BSplineSurface.hxx
-- Installing: C:/Users/Davi/Downloads/oma/.release/native-build/sdk/occt/inc/IGESGeom_Boundary.hxx
-- Installing: C:/Users/Davi/Downloads/oma/.release/native-build/sdk/occt/inc/IGESGeom_BoundedSurface.hxx
-- Installing: C:/Users/Davi/Downloads/oma/.release/native-build/sdk/occt/inc/IGESGeom_CircularArc.hxx
-- Installing: C:/Users/Davi/Downloads/oma/.release/native-build/sdk/occt/inc/IGESGeom_CompositeCurve.hxx
-- Installing: C:/Users/Davi/Downloads/oma/.release/native-build/sdk/occt/inc/IGESGeom_ConicArc.hxx
-- Installing: C:/Users/Davi/Downloads/oma/.release/native-build/sdk/occt/inc/IGESGeom_CopiousData.hxx
-- Installing: C:/Users/Davi/Downloads/oma/.release/native-build/sdk/occt/inc/IGESGeom_CurveOnSurface.hxx
-- Installing: C:/Users/Davi/Downloads/oma/.release/native-build/sdk/occt/inc/IGESGeom_Direction.hxx
-- Installing: C:/Users/Davi/Downloads/oma/.release/native-build/sdk/occt/inc/IGESGeom_Flash.hxx
-- Installing: C:/Users/Davi/Downloads/oma/.release/native-build/sdk/occt/inc/IGESGeom_GeneralModule.hxx
-- Installing: C:/Users/Davi/Downloads/oma/.release/native-build/sdk/occt/inc/IGESGeom_HArray1OfBoundary.hxx
-- Installing: C:/Users/Davi/Downloads/oma/.release/native-build/sdk/occt/inc/IGESGeom_HArray1OfCurveOnSurface.hxx
-- Installing: C:/Users/Davi/Downloads/oma/.release/native-build/sdk/occt/inc/IGESGeom_HArray1OfTransformationMatrix.hxx
-- Installing: C:/Users/Davi/Downloads/oma/.release/native-build/sdk/occt/inc/IGESGeom_Line.hxx
-- Installing: C:/Users/Davi/Downloads/oma/.release/native-build/sdk/occt/inc/IGESGeom_OffsetCurve.hxx
-- Installing: C:/Users/Davi/Downloads/oma/.release/native-build/sdk/occt/inc/IGESGeom_OffsetSurface.hxx
-- Installing: C:/Users/Davi/Downloads/oma/.release/native-build/sdk/occt/inc/IGESGeom_Plane.hxx
-- Installing: C:/Users/Davi/Downloads/oma/.release/native-build/sdk/occt/inc/IGESGeom_Point.hxx
-- Installing: C:/Users/Davi/Downloads/oma/.release/native-build/sdk/occt/inc/IGESGeom_Protocol.hxx
-- Installing: C:/Users/Davi/Downloads/oma/.release/native-build/sdk/occt/inc/IGESGeom_ReadWriteModule.hxx
-- Installing: C:/Users/Davi/Downloads/oma/.release/native-build/sdk/occt/inc/IGESGeom_RuledSurface.hxx
-- Installing: C:/Users/Davi/Downloads/oma/.release/native-build/sdk/occt/inc/IGESGeom_SpecificModule.hxx
-- Installing: C:/Users/Davi/Downloads/oma/.release/native-build/sdk/occt/inc/IGESGeom_SplineCurve.hxx
-- Installing: C:/Users/Davi/Downloads/oma/.release/native-build/sdk/occt/inc/IGESGeom_SplineSurface.hxx
-- Installing: C:/Users/Davi/Downloads/oma/.release/native-build/sdk/occt/inc/IGESGeom_SurfaceOfRevolution.hxx
-- Installing: C:/Users/Davi/Downloads/oma/.release/native-build/sdk/occt/inc/IGESGeom_TabulatedCylinder.hxx
-- Installing: C:/Users/Davi/Downloads/oma/.release/native-build/sdk/occt/inc/IGESGeom_ToolBSplineCurve.hxx
-- Installing: C:/Users/Davi/Downloads/oma/.release/native-build/sdk/occt/inc/IGESGeom_ToolBSplineSurface.hxx
-- Installing: C:/Users/Davi/Downloads/oma/.release/native-build/sdk/occt/inc/IGESGeom_ToolBoundary.hxx
-- Installing: C:/Users/Davi/Downloads/oma/.release/native-build/sdk/occt/inc/IGESGeom_ToolBoundedSurface.hxx
-- Installing: C:/Users/Davi/Downloads/oma/.release/native-build/sdk/occt/inc/IGESGeom_ToolCircularArc.hxx
-- Installing: C:/Users/Davi/Downloads/oma/.release/native-build/sdk/occt/inc/IGESGeom_ToolCompositeCurve.hxx
-- Installing: C:/Users/Davi/Downloads/oma/.release/native-build/sdk/occt/inc/IGESGeom_ToolConicArc.hxx
-- Installing: C:/Users/Davi/Downloads/oma/.release/native-build/sdk/occt/inc/IGESGeom_ToolCopiousData.hxx
-- Installing: C:/Users/Davi/Downloads/oma/.release/native-build/sdk/occt/inc/IGESGeom_ToolCurveOnSurface.hxx
-- Installing: C:/Users/Davi/Downloads/oma/.release/native-build/sdk/occt/inc/IGESGeom_ToolDirection.hxx
-- Installing: C:/Users/Davi/Downloads/oma/.release/native-build/sdk/occt/inc/IGESGeom_ToolFlash.hxx
-- Installing: C:/Users/Davi/Downloads/oma/.release/native-build/sdk/occt/inc/IGESGeom_ToolLine.hxx
-- Installing: C:/Users/Davi/Downloads/oma/.release/native-build/sdk/occt/inc/IGESGeom_ToolOffsetCurve.hxx
-- Installing: C:/Users/Davi/Downloads/oma/.release/native-build/sdk/occt/inc/IGESGeom_ToolOffsetSurface.hxx
-- Installing: C:/Users/Davi/Downloads/oma/.release/native-build/sdk/occt/inc/IGESGeom_ToolPlane.hxx
-- Installing: C:/Users/Davi/Downloads/oma/.release/native-build/sdk/occt/inc/IGESGeom_ToolPoint.hxx
-- Installing: C:/Users/Davi/Downloads/oma/.release/native-build/sdk/occt/inc/IGESGeom_ToolRuledSurface.hxx
-- Installing: C:/Users/Davi/Downloads/oma/.release/native-build/sdk/occt/inc/IGESGeom_ToolSplineCurve.hxx
-- Installing: C:/Users/Davi/Downloads/oma/.release/native-build/sdk/occt/inc/IGESGeom_ToolSplineSurface.hxx
-- Installing: C:/Users/Davi/Downloads/oma/.release/native-build/sdk/occt/inc/IGESGeom_ToolSurfaceOfRevolution.hxx
-- Installing: C:/Users/Davi/Downloads/oma/.release/native-build/sdk/occt/inc/IGESGeom_ToolTabulatedCylinder.hxx
-- Installing: C:/Users/Davi/Downloads/oma/.release/native-build/sdk/occt/inc/IGESGeom_ToolTransformationMatrix.hxx
-- Installing: C:/Users/Davi/Downloads/oma/.release/native-build/sdk/occt/inc/IGESGeom_ToolTrimmedSurface.hxx
-- Installing: C:/Users/Davi/Downloads/oma/.release/native-build/sdk/occt/inc/IGESGeom_TransformationMatrix.hxx
-- Installing: C:/Users/Davi/Downloads/oma/.release/native-build/sdk/occt/inc/IGESGeom_TrimmedSurface.hxx
-- Installing: C:/Users/Davi/Downloads/oma/.release/native-build/sdk/occt/inc/IGESDimen.hxx
-- Installing: C:/Users/Davi/Downloads/oma/.release/native-build/sdk/occt/inc/IGESDimen_AngularDimension.hxx
-- Installing: C:/Users/Davi/Downloads/oma/.release/native-build/sdk/occt/inc/IGESDimen_Array1OfGeneralNote.hxx
-- Installing: C:/Users/Davi/Downloads/oma/.release/native-build/sdk/occt/inc/IGESDimen_Array1OfLeaderArrow.hxx
-- Installing: C:/Users/Davi/Downloads/oma/.release/native-build/sdk/occt/inc/IGESDimen_BasicDimension.hxx
-- Installing: C:/Users/Davi/Downloads/oma/.release/native-build/sdk/occt/inc/IGESDimen_CenterLine.hxx
-- Installing: C:/Users/Davi/Downloads/oma/.release/native-build/sdk/occt/inc/IGESDimen_CurveDimension.hxx
-- Installing: C:/Users/Davi/Downloads/oma/.release/native-build/sdk/occt/inc/IGESDimen_DiameterDimension.hxx
-- Installing: C:/Users/Davi/Downloads/oma/.release/native-build/sdk/occt/inc/IGESDimen_DimensionDisplayData.hxx
-- Installing: C:/Users/Davi/Downloads/oma/.release/native-build/sdk/occt/inc/IGESDimen_DimensionTolerance.hxx
-- Installing: C:/Users/Davi/Downloads/oma/.release/native-build/sdk/occt/inc/IGESDimen_DimensionUnits.hxx
-- Installing: C:/Users/Davi/Downloads/oma/.release/native-build/sdk/occt/inc/IGESDimen_DimensionedGeometry.hxx
-- Installing: C:/Users/Davi/Downloads/oma/.release/native-build/sdk/occt/inc/IGESDimen_FlagNote.hxx
-- Installing: C:/Users/Davi/Downloads/oma/.release/native-build/sdk/occt/inc/IGESDimen_GeneralLabel.hxx
-- Installing: C:/Users/Davi/Downloads/oma/.release/native-build/sdk/occt/inc/IGESDimen_GeneralModule.hxx
-- Installing: C:/Users/Davi/Downloads/oma/.release/native-build/sdk/occt/inc/IGESDimen_GeneralNote.hxx
-- Installing: C:/Users/Davi/Downloads/oma/.release/native-build/sdk/occt/inc/IGESDimen_GeneralSymbol.hxx
-- Installing: C:/Users/Davi/Downloads/oma/.release/native-build/sdk/occt/inc/IGESDimen_HArray1OfGeneralNote.hxx
-- Installing: C:/Users/Davi/Downloads/oma/.release/native-build/sdk/occt/inc/IGESDimen_HArray1OfLeaderArrow.hxx
-- Installing: C:/Users/Davi/Downloads/oma/.release/native-build/sdk/occt/inc/IGESDimen_LeaderArrow.hxx
-- Installing: C:/Users/Davi/Downloads/oma/.release/native-build/sdk/occt/inc/IGESDimen_LinearDimension.hxx
-- Installing: C:/Users/Davi/Downloads/oma/.release/native-build/sdk/occt/inc/IGESDimen_NewDimensionedGeometry.hxx
-- Installing: C:/Users/Davi/Downloads/oma/.release/native-build/sdk/occt/inc/IGESDimen_NewGeneralNote.hxx
-- Installing: C:/Users/Davi/Downloads/oma/.release/native-build/sdk/occt/inc/IGESDimen_OrdinateDimension.hxx
-- Installing: C:/Users/Davi/Downloads/oma/.release/native-build/sdk/occt/inc/IGESDimen_PointDimension.hxx
-- Installing: C:/Users/Davi/Downloads/oma/.release/native-build/sdk/occt/inc/IGESDimen_Protocol.hxx
-- Installing: C:/Users/Davi/Downloads/oma/.release/native-build/sdk/occt/inc/IGESDimen_RadiusDimension.hxx
-- Installing: C:/Users/Davi/Downloads/oma/.release/native-build/sdk/occt/inc/IGESDimen_ReadWriteModule.hxx
-- Installing: C:/Users/Davi/Downloads/oma/.release/native-build/sdk/occt/inc/IGESDimen_Section.hxx
-- Installing: C:/Users/Davi/Downloads/oma/.release/native-build/sdk/occt/inc/IGESDimen_SectionedArea.hxx
-- Installing: C:/Users/Davi/Downloads/oma/.release/native-build/sdk/occt/inc/IGESDimen_SpecificModule.hxx
-- Installing: C:/Users/Davi/Downloads/oma/.release/native-build/sdk/occt/inc/IGESDimen_ToolAngularDimension.hxx
-- Installing: C:/Users/Davi/Downloads/oma/.release/native-build/sdk/occt/inc/IGESDimen_ToolBasicDimension.hxx
-- Installing: C:/Users/Davi/Downloads/oma/.release/native-build/sdk/occt/inc/IGESDimen_ToolCenterLine.hxx
-- Installing: C:/Users/Davi/Downloads/oma/.release/native-build/sdk/occt/inc/IGESDimen_ToolCurveDimension.hxx
-- Installing: C:/Users/Davi/Downloads/oma/.release/native-build/sdk/occt/inc/IGESDimen_ToolDiameterDimension.hxx
-- Installing: C:/Users/Davi/Downloads/oma/.release/native-build/sdk/occt/inc/IGESDimen_ToolDimensionDisplayData.hxx
-- Installing: C:/Users/Davi/Downloads/oma/.release/native-build/sdk/occt/inc/IGESDimen_ToolDimensionTolerance.hxx
-- Installing: C:/Users/Davi/Downloads/oma/.release/native-build/sdk/occt/inc/IGESDimen_ToolDimensionUnits.hxx
-- Installing: C:/Users/Davi/Downloads/oma/.release/native-build/sdk/occt/inc/IGESDimen_ToolDimensionedGeometry.hxx
-- Installing: C:/Users/Davi/Downloads/oma/.release/native-build/sdk/occt/inc/IGESDimen_ToolFlagNote.hxx
-- Installing: C:/Users/Davi/Downloads/oma/.release/native-build/sdk/occt/inc/IGESDimen_ToolGeneralLabel.hxx
-- Installing: C:/Users/Davi/Downloads/oma/.release/native-build/sdk/occt/inc/IGESDimen_ToolGeneralNote.hxx
-- Installing: C:/Users/Davi/Downloads/oma/.release/native-build/sdk/occt/inc/IGESDimen_ToolGeneralSymbol.hxx
-- Installing: C:/Users/Davi/Downloads/oma/.release/native-build/sdk/occt/inc/IGESDimen_ToolLeaderArrow.hxx
-- Installing: C:/Users/Davi/Downloads/oma/.release/native-build/sdk/occt/inc/IGESDimen_ToolLinearDimension.hxx
-- Installing: C:/Users/Davi/Downloads/oma/.release/native-build/sdk/occt/inc/IGESDimen_ToolNewDimensionedGeometry.hxx
-- Installing: C:/Users/Davi/Downloads/oma/.release/native-build/sdk/occt/inc/IGESDimen_ToolNewGeneralNote.hxx
-- Installing: C:/Users/Davi/Downloads/oma/.release/native-build/sdk/occt/inc/IGESDimen_ToolOrdinateDimension.hxx
-- Installing: C:/Users/Davi/Downloads/oma/.release/native-build/sdk/occt/inc/IGESDimen_ToolPointDimension.hxx
-- Installing: C:/Users/Davi/Downloads/oma/.release/native-build/sdk/occt/inc/IGESDimen_ToolRadiusDimension.hxx
-- Installing: C:/Users/Davi/Downloads/oma/.release/native-build/sdk/occt/inc/IGESDimen_ToolSection.hxx
-- Installing: C:/Users/Davi/Downloads/oma/.release/native-build/sdk/occt/inc/IGESDimen_ToolSectionedArea.hxx
-- Installing: C:/Users/Davi/Downloads/oma/.release/native-build/sdk/occt/inc/IGESDimen_ToolWitnessLine.hxx
-- Installing: C:/Users/Davi/Downloads/oma/.release/native-build/sdk/occt/inc/IGESDimen_WitnessLine.hxx
-- Installing: C:/Users/Davi/Downloads/oma/.release/native-build/sdk/occt/inc/IGESDraw.hxx
-- Installing: C:/Users/Davi/Downloads/oma/.release/native-build/sdk/occt/inc/IGESDraw_Array1OfConnectPoint.hxx
-- Installing: C:/Users/Davi/Downloads/oma/.release/native-build/sdk/occt/inc/IGESDraw_Array1OfViewKindEntity.hxx
-- Installing: C:/Users/Davi/Downloads/oma/.release/native-build/sdk/occt/inc/IGESDraw_CircArraySubfigure.hxx
-- Installing: C:/Users/Davi/Downloads/oma/.release/native-build/sdk/occt/inc/IGESDraw_ConnectPoint.hxx
-- Installing: C:/Users/Davi/Downloads/oma/.release/native-build/sdk/occt/inc/IGESDraw_Drawing.hxx
-- Installing: C:/Users/Davi/Downloads/oma/.release/native-build/sdk/occt/inc/IGESDraw_DrawingWithRotation.hxx
-- Installing: C:/Users/Davi/Downloads/oma/.release/native-build/sdk/occt/inc/IGESDraw_GeneralModule.hxx
-- Installing: C:/Users/Davi/Downloads/oma/.release/native-build/sdk/occt/inc/IGESDraw_HArray1OfConnectPoint.hxx
-- Installing: C:/Users/Davi/Downloads/oma/.release/native-build/sdk/occt/inc/IGESDraw_HArray1OfViewKindEntity.hxx
-- Installing: C:/Users/Davi/Downloads/oma/.release/native-build/sdk/occt/inc/IGESDraw_LabelDisplay.hxx
-- Installing: C:/Users/Davi/Downloads/oma/.release/native-build/sdk/occt/inc/IGESDraw_NetworkSubfigure.hxx
-- Installing: C:/Users/Davi/Downloads/oma/.release/native-build/sdk/occt/inc/IGESDraw_NetworkSubfigureDef.hxx
-- Installing: C:/Users/Davi/Downloads/oma/.release/native-build/sdk/occt/inc/IGESDraw_PerspectiveView.hxx
-- Installing: C:/Users/Davi/Downloads/oma/.release/native-build/sdk/occt/inc/IGESDraw_Planar.hxx
-- Installing: C:/Users/Davi/Downloads/oma/.release/native-build/sdk/occt/inc/IGESDraw_Protocol.hxx
-- Installing: C:/Users/Davi/Downloads/oma/.release/native-build/sdk/occt/inc/IGESDraw_ReadWriteModule.hxx
-- Installing: C:/Users/Davi/Downloads/oma/.release/native-build/sdk/occt/inc/IGESDraw_RectArraySubfigure.hxx
-- Installing: C:/Users/Davi/Downloads/oma/.release/native-build/sdk/occt/inc/IGESDraw_SegmentedViewsVisible.hxx
-- Installing: C:/Users/Davi/Downloads/oma/.release/native-build/sdk/occt/inc/IGESDraw_SpecificModule.hxx
-- Installing: C:/Users/Davi/Downloads/oma/.release/native-build/sdk/occt/inc/IGESDraw_ToolCircArraySubfigure.hxx
-- Installing: C:/Users/Davi/Downloads/oma/.release/native-build/sdk/occt/inc/IGESDraw_ToolConnectPoint.hxx
-- Installing: C:/Users/Davi/Downloads/oma/.release/native-build/sdk/occt/inc/IGESDraw_ToolDrawing.hxx
-- Installing: C:/Users/Davi/Downloads/oma/.release/native-build/sdk/occt/inc/IGESDraw_ToolDrawingWithRotation.hxx
-- Installing: C:/Users/Davi/Downloads/oma/.release/native-build/sdk/occt/inc/IGESDraw_ToolLabelDisplay.hxx
-- Installing: C:/Users/Davi/Downloads/oma/.release/native-build/sdk/occt/inc/IGESDraw_ToolNetworkSubfigure.hxx
-- Installing: C:/Users/Davi/Downloads/oma/.release/native-build/sdk/occt/inc/IGESDraw_ToolNetworkSubfigureDef.hxx
-- Installing: C:/Users/Davi/Downloads/oma/.release/native-build/sdk/occt/inc/IGESDraw_ToolPerspectiveView.hxx
-- Installing: C:/Users/Davi/Downloads/oma/.release/native-build/sdk/occt/inc/IGESDraw_ToolPlanar.hxx
-- Installing: C:/Users/Davi/Downloads/oma/.release/native-build/sdk/occt/inc/IGESDraw_ToolRectArraySubfigure.hxx
-- Installing: C:/Users/Davi/Downloads/oma/.release/native-build/sdk/occt/inc/IGESDraw_ToolSegmentedViewsVisible.hxx
-- Installing: C:/Users/Davi/Downloads/oma/.release/native-build/sdk/occt/inc/IGESDraw_ToolView.hxx
-- Installing: C:/Users/Davi/Downloads/oma/.release/native-build/sdk/occt/inc/IGESDraw_ToolViewsVisible.hxx
-- Installing: C:/Users/Davi/Downloads/oma/.release/native-build/sdk/occt/inc/IGESDraw_ToolViewsVisibleWithAttr.hxx
-- Installing: C:/Users/Davi/Downloads/oma/.release/native-build/sdk/occt/inc/IGESDraw_View.hxx
-- Installing: C:/Users/Davi/Downloads/oma/.release/native-build/sdk/occt/inc/IGESDraw_ViewsVisible.hxx
-- Installing: C:/Users/Davi/Downloads/oma/.release/native-build/sdk/occt/inc/IGESDraw_ViewsVisibleWithAttr.hxx
-- Installing: C:/Users/Davi/Downloads/oma/.release/native-build/sdk/occt/inc/IGESSolid.hxx
-- Installing: C:/Users/Davi/Downloads/oma/.release/native-build/sdk/occt/inc/IGESSolid_Array1OfFace.hxx
-- Installing: C:/Users/Davi/Downloads/oma/.release/native-build/sdk/occt/inc/IGESSolid_Array1OfLoop.hxx
-- Installing: C:/Users/Davi/Downloads/oma/.release/native-build/sdk/occt/inc/IGESSolid_Array1OfShell.hxx
-- Installing: C:/Users/Davi/Downloads/oma/.release/native-build/sdk/occt/inc/IGESSolid_Array1OfVertexList.hxx
-- Installing: C:/Users/Davi/Downloads/oma/.release/native-build/sdk/occt/inc/IGESSolid_Block.hxx
-- Installing: C:/Users/Davi/Downloads/oma/.release/native-build/sdk/occt/inc/IGESSolid_BooleanTree.hxx
-- Installing: C:/Users/Davi/Downloads/oma/.release/native-build/sdk/occt/inc/IGESSolid_ConeFrustum.hxx
-- Installing: C:/Users/Davi/Downloads/oma/.release/native-build/sdk/occt/inc/IGESSolid_ConicalSurface.hxx
-- Installing: C:/Users/Davi/Downloads/oma/.release/native-build/sdk/occt/inc/IGESSolid_Cylinder.hxx
-- Installing: C:/Users/Davi/Downloads/oma/.release/native-build/sdk/occt/inc/IGESSolid_CylindricalSurface.hxx
-- Installing: C:/Users/Davi/Downloads/oma/.release/native-build/sdk/occt/inc/IGESSolid_EdgeList.hxx
-- Installing: C:/Users/Davi/Downloads/oma/.release/native-build/sdk/occt/inc/IGESSolid_Ellipsoid.hxx
-- Installing: C:/Users/Davi/Downloads/oma/.release/native-build/sdk/occt/inc/IGESSolid_Face.hxx
-- Installing: C:/Users/Davi/Downloads/oma/.release/native-build/sdk/occt/inc/IGESSolid_GeneralModule.hxx
-- Installing: C:/Users/Davi/Downloads/oma/.release/native-build/sdk/occt/inc/IGESSolid_HArray1OfFace.hxx
-- Installing: C:/Users/Davi/Downloads/oma/.release/native-build/sdk/occt/inc/IGESSolid_HArray1OfLoop.hxx
-- Installing: C:/Users/Davi/Downloads/oma/.release/native-build/sdk/occt/inc/IGESSolid_HArray1OfShell.hxx
-- Installing: C:/Users/Davi/Downloads/oma/.release/native-build/sdk/occt/inc/IGESSolid_HArray1OfVertexList.hxx
-- Installing: C:/Users/Davi/Downloads/oma/.release/native-build/sdk/occt/inc/IGESSolid_Loop.hxx
-- Installing: C:/Users/Davi/Downloads/oma/.release/native-build/sdk/occt/inc/IGESSolid_ManifoldSolid.hxx
-- Installing: C:/Users/Davi/Downloads/oma/.release/native-build/sdk/occt/inc/IGESSolid_PlaneSurface.hxx
-- Installing: C:/Users/Davi/Downloads/oma/.release/native-build/sdk/occt/inc/IGESSolid_Protocol.hxx
-- Installing: C:/Users/Davi/Downloads/oma/.release/native-build/sdk/occt/inc/IGESSolid_ReadWriteModule.hxx
-- Installing: C:/Users/Davi/Downloads/oma/.release/native-build/sdk/occt/inc/IGESSolid_RightAngularWedge.hxx
-- Installing: C:/Users/Davi/Downloads/oma/.release/native-build/sdk/occt/inc/IGESSolid_SelectedComponent.hxx
-- Installing: C:/Users/Davi/Downloads/oma/.release/native-build/sdk/occt/inc/IGESSolid_Shell.hxx
-- Installing: C:/Users/Davi/Downloads/oma/.release/native-build/sdk/occt/inc/IGESSolid_SolidAssembly.hxx
-- Installing: C:/Users/Davi/Downloads/oma/.release/native-build/sdk/occt/inc/IGESSolid_SolidInstance.hxx
-- Installing: C:/Users/Davi/Downloads/oma/.release/native-build/sdk/occt/inc/IGESSolid_SolidOfLinearExtrusion.hxx
-- Installing: C:/Users/Davi/Downloads/oma/.release/native-build/sdk/occt/inc/IGESSolid_SolidOfRevolution.hxx
-- Installing: C:/Users/Davi/Downloads/oma/.release/native-build/sdk/occt/inc/IGESSolid_SpecificModule.hxx
-- Installing: C:/Users/Davi/Downloads/oma/.release/native-build/sdk/occt/inc/IGESSolid_Sphere.hxx
-- Installing: C:/Users/Davi/Downloads/oma/.release/native-build/sdk/occt/inc/IGESSolid_SphericalSurface.hxx
-- Installing: C:/Users/Davi/Downloads/oma/.release/native-build/sdk/occt/inc/IGESSolid_ToolBlock.hxx
-- Installing: C:/Users/Davi/Downloads/oma/.release/native-build/sdk/occt/inc/IGESSolid_ToolBooleanTree.hxx
-- Installing: C:/Users/Davi/Downloads/oma/.release/native-build/sdk/occt/inc/IGESSolid_ToolConeFrustum.hxx
-- Installing: C:/Users/Davi/Downloads/oma/.release/native-build/sdk/occt/inc/IGESSolid_ToolConicalSurface.hxx
-- Installing: C:/Users/Davi/Downloads/oma/.release/native-build/sdk/occt/inc/IGESSolid_ToolCylinder.hxx
-- Installing: C:/Users/Davi/Downloads/oma/.release/native-build/sdk/occt/inc/IGESSolid_ToolCylindricalSurface.hxx
-- Installing: C:/Users/Davi/Downloads/oma/.release/native-build/sdk/occt/inc/IGESSolid_ToolEdgeList.hxx
-- Installing: C:/Users/Davi/Downloads/oma/.release/native-build/sdk/occt/inc/IGESSolid_ToolEllipsoid.hxx
-- Installing: C:/Users/Davi/Downloads/oma/.release/native-build/sdk/occt/inc/IGESSolid_ToolFace.hxx
-- Installing: C:/Users/Davi/Downloads/oma/.release/native-build/sdk/occt/inc/IGESSolid_ToolLoop.hxx
-- Installing: C:/Users/Davi/Downloads/oma/.release/native-build/sdk/occt/inc/IGESSolid_ToolManifoldSolid.hxx
-- Installing: C:/Users/Davi/Downloads/oma/.release/native-build/sdk/occt/inc/IGESSolid_ToolPlaneSurface.hxx
-- Installing: C:/Users/Davi/Downloads/oma/.release/native-build/sdk/occt/inc/IGESSolid_ToolRightAngularWedge.hxx
-- Installing: C:/Users/Davi/Downloads/oma/.release/native-build/sdk/occt/inc/IGESSolid_ToolSelectedComponent.hxx
-- Installing: C:/Users/Davi/Downloads/oma/.release/native-build/sdk/occt/inc/IGESSolid_ToolShell.hxx
-- Installing: C:/Users/Davi/Downloads/oma/.release/native-build/sdk/occt/inc/IGESSolid_ToolSolidAssembly.hxx
-- Installing: C:/Users/Davi/Downloads/oma/.release/native-build/sdk/occt/inc/IGESSolid_ToolSolidInstance.hxx
-- Installing: C:/Users/Davi/Downloads/oma/.release/native-build/sdk/occt/inc/IGESSolid_ToolSolidOfLinearExtrusion.hxx
-- Installing: C:/Users/Davi/Downloads/oma/.release/native-build/sdk/occt/inc/IGESSolid_ToolSolidOfRevolution.hxx
-- Installing: C:/Users/Davi/Downloads/oma/.release/native-build/sdk/occt/inc/IGESSolid_ToolSphere.hxx
-- Installing: C:/Users/Davi/Downloads/oma/.release/native-build/sdk/occt/inc/IGESSolid_ToolSphericalSurface.hxx
-- Installing: C:/Users/Davi/Downloads/oma/.release/native-build/sdk/occt/inc/IGESSolid_ToolToroidalSurface.hxx
-- Installing: C:/Users/Davi/Downloads/oma/.release/native-build/sdk/occt/inc/IGESSolid_ToolTorus.hxx
-- Installing: C:/Users/Davi/Downloads/oma/.release/native-build/sdk/occt/inc/IGESSolid_ToolVertexList.hxx
-- Installing: C:/Users/Davi/Downloads/oma/.release/native-build/sdk/occt/inc/IGESSolid_TopoBuilder.hxx
-- Installing: C:/Users/Davi/Downloads/oma/.release/native-build/sdk/occt/inc/IGESSolid_ToroidalSurface.hxx
-- Installing: C:/Users/Davi/Downloads/oma/.release/native-build/sdk/occt/inc/IGESSolid_Torus.hxx
-- Installing: C:/Users/Davi/Downloads/oma/.release/native-build/sdk/occt/inc/IGESSolid_VertexList.hxx
-- Installing: C:/Users/Davi/Downloads/oma/.release/native-build/sdk/occt/inc/IGESDefs.hxx
-- Installing: C:/Users/Davi/Downloads/oma/.release/native-build/sdk/occt/inc/IGESDefs_Array1OfTabularData.hxx
-- Installing: C:/Users/Davi/Downloads/oma/.release/native-build/sdk/occt/inc/IGESDefs_AssociativityDef.hxx
-- Installing: C:/Users/Davi/Downloads/oma/.release/native-build/sdk/occt/inc/IGESDefs_AttributeDef.hxx
-- Installing: C:/Users/Davi/Downloads/oma/.release/native-build/sdk/occt/inc/IGESDefs_AttributeTable.hxx
-- Installing: C:/Users/Davi/Downloads/oma/.release/native-build/sdk/occt/inc/IGESDefs_GeneralModule.hxx
-- Installing: C:/Users/Davi/Downloads/oma/.release/native-build/sdk/occt/inc/IGESDefs_GenericData.hxx
-- Installing: C:/Users/Davi/Downloads/oma/.release/native-build/sdk/occt/inc/IGESDefs_HArray1OfHArray1OfTextDisplayTemplate.hxx
-- Installing: C:/Users/Davi/Downloads/oma/.release/native-build/sdk/occt/inc/IGESDefs_HArray1OfTabularData.hxx
-- Installing: C:/Users/Davi/Downloads/oma/.release/native-build/sdk/occt/inc/IGESDefs_MacroDef.hxx
-- Installing: C:/Users/Davi/Downloads/oma/.release/native-build/sdk/occt/inc/IGESDefs_Protocol.hxx
-- Installing: C:/Users/Davi/Downloads/oma/.release/native-build/sdk/occt/inc/IGESDefs_ReadWriteModule.hxx
-- Installing: C:/Users/Davi/Downloads/oma/.release/native-build/sdk/occt/inc/IGESDefs_SpecificModule.hxx
-- Installing: C:/Users/Davi/Downloads/oma/.release/native-build/sdk/occt/inc/IGESDefs_TabularData.hxx
-- Installing: C:/Users/Davi/Downloads/oma/.release/native-build/sdk/occt/inc/IGESDefs_ToolAssociativityDef.hxx
-- Installing: C:/Users/Davi/Downloads/oma/.release/native-build/sdk/occt/inc/IGESDefs_ToolAttributeDef.hxx
-- Installing: C:/Users/Davi/Downloads/oma/.release/native-build/sdk/occt/inc/IGESDefs_ToolAttributeTable.hxx
-- Installing: C:/Users/Davi/Downloads/oma/.release/native-build/sdk/occt/inc/IGESDefs_ToolGenericData.hxx
-- Installing: C:/Users/Davi/Downloads/oma/.release/native-build/sdk/occt/inc/IGESDefs_ToolMacroDef.hxx
-- Installing: C:/Users/Davi/Downloads/oma/.release/native-build/sdk/occt/inc/IGESDefs_ToolTabularData.hxx
-- Installing: C:/Users/Davi/Downloads/oma/.release/native-build/sdk/occt/inc/IGESDefs_ToolUnitsData.hxx
-- Installing: C:/Users/Davi/Downloads/oma/.release/native-build/sdk/occt/inc/IGESDefs_UnitsData.hxx
-- Installing: C:/Users/Davi/Downloads/oma/.release/native-build/sdk/occt/inc/IGESAppli.hxx
-- Installing: C:/Users/Davi/Downloads/oma/.release/native-build/sdk/occt/inc/IGESAppli_Array1OfFiniteElement.hxx
-- Installing: C:/Users/Davi/Downloads/oma/.release/native-build/sdk/occt/inc/IGESAppli_Array1OfFlow.hxx
-- Installing: C:/Users/Davi/Downloads/oma/.release/native-build/sdk/occt/inc/IGESAppli_Array1OfNode.hxx
-- Installing: C:/Users/Davi/Downloads/oma/.release/native-build/sdk/occt/inc/IGESAppli_DrilledHole.hxx
-- Installing: C:/Users/Davi/Downloads/oma/.release/native-build/sdk/occt/inc/IGESAppli_ElementResults.hxx
-- Installing: C:/Users/Davi/Downloads/oma/.release/native-build/sdk/occt/inc/IGESAppli_FiniteElement.hxx
-- Installing: C:/Users/Davi/Downloads/oma/.release/native-build/sdk/occt/inc/IGESAppli_Flow.hxx
-- Installing: C:/Users/Davi/Downloads/oma/.release/native-build/sdk/occt/inc/IGESAppli_FlowLineSpec.hxx
-- Installing: C:/Users/Davi/Downloads/oma/.release/native-build/sdk/occt/inc/IGESAppli_GeneralModule.hxx
-- Installing: C:/Users/Davi/Downloads/oma/.release/native-build/sdk/occt/inc/IGESAppli_HArray1OfFiniteElement.hxx
-- Installing: C:/Users/Davi/Downloads/oma/.release/native-build/sdk/occt/inc/IGESAppli_HArray1OfFlow.hxx
-- Installing: C:/Users/Davi/Downloads/oma/.release/native-build/sdk/occt/inc/IGESAppli_HArray1OfNode.hxx
-- Installing: C:/Users/Davi/Downloads/oma/.release/native-build/sdk/occt/inc/IGESAppli_LevelFunction.hxx
-- Installing: C:/Users/Davi/Downloads/oma/.release/native-build/sdk/occt/inc/IGESAppli_LevelToPWBLayerMap.hxx
-- Installing: C:/Users/Davi/Downloads/oma/.release/native-build/sdk/occt/inc/IGESAppli_LineWidening.hxx
-- Installing: C:/Users/Davi/Downloads/oma/.release/native-build/sdk/occt/inc/IGESAppli_NodalConstraint.hxx
-- Installing: C:/Users/Davi/Downloads/oma/.release/native-build/sdk/occt/inc/IGESAppli_NodalDisplAndRot.hxx
-- Installing: C:/Users/Davi/Downloads/oma/.release/native-build/sdk/occt/inc/IGESAppli_NodalResults.hxx
-- Installing: C:/Users/Davi/Downloads/oma/.release/native-build/sdk/occt/inc/IGESAppli_Node.hxx
-- Installing: C:/Users/Davi/Downloads/oma/.release/native-build/sdk/occt/inc/IGESAppli_PWBArtworkStackup.hxx
-- Installing: C:/Users/Davi/Downloads/oma/.release/native-build/sdk/occt/inc/IGESAppli_PWBDrilledHole.hxx
-- Installing: C:/Users/Davi/Downloads/oma/.release/native-build/sdk/occt/inc/IGESAppli_PartNumber.hxx
-- Installing: C:/Users/Davi/Downloads/oma/.release/native-build/sdk/occt/inc/IGESAppli_PinNumber.hxx
-- Installing: C:/Users/Davi/Downloads/oma/.release/native-build/sdk/occt/inc/IGESAppli_PipingFlow.hxx
-- Installing: C:/Users/Davi/Downloads/oma/.release/native-build/sdk/occt/inc/IGESAppli_Protocol.hxx
-- Installing: C:/Users/Davi/Downloads/oma/.release/native-build/sdk/occt/inc/IGESAppli_ReadWriteModule.hxx
-- Installing: C:/Users/Davi/Downloads/oma/.release/native-build/sdk/occt/inc/IGESAppli_ReferenceDesignator.hxx
-- Installing: C:/Users/Davi/Downloads/oma/.release/native-build/sdk/occt/inc/IGESAppli_RegionRestriction.hxx
-- Installing: C:/Users/Davi/Downloads/oma/.release/native-build/sdk/occt/inc/IGESAppli_SpecificModule.hxx
-- Installing: C:/Users/Davi/Downloads/oma/.release/native-build/sdk/occt/inc/IGESAppli_ToolDrilledHole.hxx
-- Installing: C:/Users/Davi/Downloads/oma/.release/native-build/sdk/occt/inc/IGESAppli_ToolElementResults.hxx
-- Installing: C:/Users/Davi/Downloads/oma/.release/native-build/sdk/occt/inc/IGESAppli_ToolFiniteElement.hxx
-- Installing: C:/Users/Davi/Downloads/oma/.release/native-build/sdk/occt/inc/IGESAppli_ToolFlow.hxx
-- Installing: C:/Users/Davi/Downloads/oma/.release/native-build/sdk/occt/inc/IGESAppli_ToolFlowLineSpec.hxx
-- Installing: C:/Users/Davi/Downloads/oma/.release/native-build/sdk/occt/inc/IGESAppli_ToolLevelFunction.hxx
-- Installing: C:/Users/Davi/Downloads/oma/.release/native-build/sdk/occt/inc/IGESAppli_ToolLevelToPWBLayerMap.hxx
-- Installing: C:/Users/Davi/Downloads/oma/.release/native-build/sdk/occt/inc/IGESAppli_ToolLineWidening.hxx
-- Installing: C:/Users/Davi/Downloads/oma/.release/native-build/sdk/occt/inc/IGESAppli_ToolNodalConstraint.hxx
-- Installing: C:/Users/Davi/Downloads/oma/.release/native-build/sdk/occt/inc/IGESAppli_ToolNodalDisplAndRot.hxx
-- Installing: C:/Users/Davi/Downloads/oma/.release/native-build/sdk/occt/inc/IGESAppli_ToolNodalResults.hxx
-- Installing: C:/Users/Davi/Downloads/oma/.release/native-build/sdk/occt/inc/IGESAppli_ToolNode.hxx
-- Installing: C:/Users/Davi/Downloads/oma/.release/native-build/sdk/occt/inc/IGESAppli_ToolPWBArtworkStackup.hxx
-- Installing: C:/Users/Davi/Downloads/oma/.release/native-build/sdk/occt/inc/IGESAppli_ToolPWBDrilledHole.hxx
-- Installing: C:/Users/Davi/Downloads/oma/.release/native-build/sdk/occt/inc/IGESAppli_ToolPartNumber.hxx
-- Installing: C:/Users/Davi/Downloads/oma/.release/native-build/sdk/occt/inc/IGESAppli_ToolPinNumber.hxx
-- Installing: C:/Users/Davi/Downloads/oma/.release/native-build/sdk/occt/inc/IGESAppli_ToolPipingFlow.hxx
-- Installing: C:/Users/Davi/Downloads/oma/.release/native-build/sdk/occt/inc/IGESAppli_ToolReferenceDesignator.hxx
-- Installing: C:/Users/Davi/Downloads/oma/.release/native-build/sdk/occt/inc/IGESAppli_ToolRegionRestriction.hxx
-- Installing: C:/Users/Davi/Downloads/oma/.release/native-build/sdk/occt/inc/IGESConvGeom.hxx
-- Installing: C:/Users/Davi/Downloads/oma/.release/native-build/sdk/occt/inc/IGESConvGeom_GeomBuilder.hxx
-- Installing: C:/Users/Davi/Downloads/oma/.release/native-build/sdk/occt/inc/IGESSelect.hxx
-- Installing: C:/Users/Davi/Downloads/oma/.release/native-build/sdk/occt/inc/IGESSelect_Activator.hxx
-- Installing: C:/Users/Davi/Downloads/oma/.release/native-build/sdk/occt/inc/IGESSelect_AddFileComment.hxx
-- Installing: C:/Users/Davi/Downloads/oma/.release/native-build/sdk/occt/inc/IGESSelect_AddGroup.hxx
-- Installing: C:/Users/Davi/Downloads/oma/.release/native-build/sdk/occt/inc/IGESSelect_AutoCorrect.hxx
-- Installing: C:/Users/Davi/Downloads/oma/.release/native-build/sdk/occt/inc/IGESSelect_ChangeLevelList.hxx
-- Installing: C:/Users/Davi/Downloads/oma/.release/native-build/sdk/occt/inc/IGESSelect_ChangeLevelNumber.hxx
-- Installing: C:/Users/Davi/Downloads/oma/.release/native-build/sdk/occt/inc/IGESSelect_ComputeStatus.hxx
-- Installing: C:/Users/Davi/Downloads/oma/.release/native-build/sdk/occt/inc/IGESSelect_CounterOfLevelNumber.hxx
-- Installing: C:/Users/Davi/Downloads/oma/.release/native-build/sdk/occt/inc/IGESSelect_DispPerDrawing.hxx
-- Installing: C:/Users/Davi/Downloads/oma/.release/native-build/sdk/occt/inc/IGESSelect_DispPerSingleView.hxx
-- Installing: C:/Users/Davi/Downloads/oma/.release/native-build/sdk/occt/inc/IGESSelect_Dumper.hxx
-- Installing: C:/Users/Davi/Downloads/oma/.release/native-build/sdk/occt/inc/IGESSelect_EditDirPart.hxx
-- Installing: C:/Users/Davi/Downloads/oma/.release/native-build/sdk/occt/inc/IGESSelect_EditHeader.hxx
-- Installing: C:/Users/Davi/Downloads/oma/.release/native-build/sdk/occt/inc/IGESSelect_FileModifier.hxx
-- Installing: C:/Users/Davi/Downloads/oma/.release/native-build/sdk/occt/inc/IGESSelect_FloatFormat.hxx
-- Installing: C:/Users/Davi/Downloads/oma/.release/native-build/sdk/occt/inc/IGESSelect_IGESName.hxx
-- Installing: C:/Users/Davi/Downloads/oma/.release/native-build/sdk/occt/inc/IGESSelect_IGESTypeForm.hxx
-- Installing: C:/Users/Davi/Downloads/oma/.release/native-build/sdk/occt/inc/IGESSelect_ModelModifier.hxx
-- Installing: C:/Users/Davi/Downloads/oma/.release/native-build/sdk/occt/inc/IGESSelect_RebuildDrawings.hxx
-- Installing: C:/Users/Davi/Downloads/oma/.release/native-build/sdk/occt/inc/IGESSelect_RebuildGroups.hxx
-- Installing: C:/Users/Davi/Downloads/oma/.release/native-build/sdk/occt/inc/IGESSelect_RemoveCurves.hxx
-- Installing: C:/Users/Davi/Downloads/oma/.release/native-build/sdk/occt/inc/IGESSelect_SelectBasicGeom.hxx
-- Installing: C:/Users/Davi/Downloads/oma/.release/native-build/sdk/occt/inc/IGESSelect_SelectBypassGroup.hxx
-- Installing: C:/Users/Davi/Downloads/oma/.release/native-build/sdk/occt/inc/IGESSelect_SelectBypassSubfigure.hxx
-- Installing: C:/Users/Davi/Downloads/oma/.release/native-build/sdk/occt/inc/IGESSelect_SelectDrawingFrom.hxx
-- Installing: C:/Users/Davi/Downloads/oma/.release/native-build/sdk/occt/inc/IGESSelect_SelectFaces.hxx
-- Installing: C:/Users/Davi/Downloads/oma/.release/native-build/sdk/occt/inc/IGESSelect_SelectFromDrawing.hxx
-- Installing: C:/Users/Davi/Downloads/oma/.release/native-build/sdk/occt/inc/IGESSelect_SelectFromSingleView.hxx
-- Installing: C:/Users/Davi/Downloads/oma/.release/native-build/sdk/occt/inc/IGESSelect_SelectLevelNumber.hxx
-- Installing: C:/Users/Davi/Downloads/oma/.release/native-build/sdk/occt/inc/IGESSelect_SelectName.hxx
-- Installing: C:/Users/Davi/Downloads/oma/.release/native-build/sdk/occt/inc/IGESSelect_SelectPCurves.hxx
-- Installing: C:/Users/Davi/Downloads/oma/.release/native-build/sdk/occt/inc/IGESSelect_SelectSingleViewFrom.hxx
-- Installing: C:/Users/Davi/Downloads/oma/.release/native-build/sdk/occt/inc/IGESSelect_SelectSubordinate.hxx
-- Installing: C:/Users/Davi/Downloads/oma/.release/native-build/sdk/occt/inc/IGESSelect_SelectVisibleStatus.hxx
-- Installing: C:/Users/Davi/Downloads/oma/.release/native-build/sdk/occt/inc/IGESSelect_SetGlobalParameter.hxx
-- Installing: C:/Users/Davi/Downloads/oma/.release/native-build/sdk/occt/inc/IGESSelect_SetLabel.hxx
-- Installing: C:/Users/Davi/Downloads/oma/.release/native-build/sdk/occt/inc/IGESSelect_SetVersion5.hxx
-- Installing: C:/Users/Davi/Downloads/oma/.release/native-build/sdk/occt/inc/IGESSelect_SignColor.hxx
-- Installing: C:/Users/Davi/Downloads/oma/.release/native-build/sdk/occt/inc/IGESSelect_SignLevelNumber.hxx
-- Installing: C:/Users/Davi/Downloads/oma/.release/native-build/sdk/occt/inc/IGESSelect_SignStatus.hxx
-- Installing: C:/Users/Davi/Downloads/oma/.release/native-build/sdk/occt/inc/IGESSelect_SplineToBSpline.hxx
-- Installing: C:/Users/Davi/Downloads/oma/.release/native-build/sdk/occt/inc/IGESSelect_UpdateCreationDate.hxx
-- Installing: C:/Users/Davi/Downloads/oma/.release/native-build/sdk/occt/inc/IGESSelect_UpdateFileName.hxx
-- Installing: C:/Users/Davi/Downloads/oma/.release/native-build/sdk/occt/inc/IGESSelect_UpdateLastChange.hxx
-- Installing: C:/Users/Davi/Downloads/oma/.release/native-build/sdk/occt/inc/IGESSelect_ViewSorter.hxx
-- Installing: C:/Users/Davi/Downloads/oma/.release/native-build/sdk/occt/inc/IGESSelect_WorkLibrary.hxx
-- Installing: C:/Users/Davi/Downloads/oma/.release/native-build/sdk/occt/inc/IGESToBRep.hxx
-- Installing: C:/Users/Davi/Downloads/oma/.release/native-build/sdk/occt/inc/IGESToBRep_Actor.hxx
-- Installing: C:/Users/Davi/Downloads/oma/.release/native-build/sdk/occt/inc/IGESToBRep_AlgoContainer.hxx
-- Installing: C:/Users/Davi/Downloads/oma/.release/native-build/sdk/occt/inc/IGESToBRep_AlgoContainer.lxx
-- Installing: C:/Users/Davi/Downloads/oma/.release/native-build/sdk/occt/inc/IGESToBRep_BRepEntity.hxx
-- Installing: C:/Users/Davi/Downloads/oma/.release/native-build/sdk/occt/inc/IGESToBRep_BasicCurve.hxx
-- Installing: C:/Users/Davi/Downloads/oma/.release/native-build/sdk/occt/inc/IGESToBRep_BasicSurface.hxx
-- Installing: C:/Users/Davi/Downloads/oma/.release/native-build/sdk/occt/inc/IGESToBRep_CurveAndSurface.hxx
-- Installing: C:/Users/Davi/Downloads/oma/.release/native-build/sdk/occt/inc/IGESToBRep_CurveAndSurface.lxx
-- Installing: C:/Users/Davi/Downloads/oma/.release/native-build/sdk/occt/inc/IGESToBRep_IGESBoundary.hxx
-- Installing: C:/Users/Davi/Downloads/oma/.release/native-build/sdk/occt/inc/IGESToBRep_IGESBoundary.lxx
-- Installing: C:/Users/Davi/Downloads/oma/.release/native-build/sdk/occt/inc/IGESToBRep_Reader.hxx
-- Installing: C:/Users/Davi/Downloads/oma/.release/native-build/sdk/occt/inc/IGESToBRep_ToolContainer.hxx
-- Installing: C:/Users/Davi/Downloads/oma/.release/native-build/sdk/occt/inc/IGESToBRep_TopoCurve.hxx
-- Installing: C:/Users/Davi/Downloads/oma/.release/native-build/sdk/occt/inc/IGESToBRep_TopoSurface.hxx
-- Installing: C:/Users/Davi/Downloads/oma/.release/native-build/sdk/occt/inc/GeomToIGES_GeomCurve.hxx
-- Installing: C:/Users/Davi/Downloads/oma/.release/native-build/sdk/occt/inc/GeomToIGES_GeomEntity.hxx
-- Installing: C:/Users/Davi/Downloads/oma/.release/native-build/sdk/occt/inc/GeomToIGES_GeomPoint.hxx
-- Installing: C:/Users/Davi/Downloads/oma/.release/native-build/sdk/occt/inc/GeomToIGES_GeomSurface.hxx
-- Installing: C:/Users/Davi/Downloads/oma/.release/native-build/sdk/occt/inc/GeomToIGES_GeomVector.hxx
-- Installing: C:/Users/Davi/Downloads/oma/.release/native-build/sdk/occt/inc/Geom2dToIGES_Geom2dCurve.hxx
-- Installing: C:/Users/Davi/Downloads/oma/.release/native-build/sdk/occt/inc/Geom2dToIGES_Geom2dEntity.hxx
-- Installing: C:/Users/Davi/Downloads/oma/.release/native-build/sdk/occt/inc/Geom2dToIGES_Geom2dPoint.hxx
-- Installing: C:/Users/Davi/Downloads/oma/.release/native-build/sdk/occt/inc/Geom2dToIGES_Geom2dVector.hxx
-- Installing: C:/Users/Davi/Downloads/oma/.release/native-build/sdk/occt/inc/BRepToIGES_BREntity.hxx
-- Installing: C:/Users/Davi/Downloads/oma/.release/native-build/sdk/occt/inc/BRepToIGES_BRShell.hxx
-- Installing: C:/Users/Davi/Downloads/oma/.release/native-build/sdk/occt/inc/BRepToIGES_BRSolid.hxx
-- Installing: C:/Users/Davi/Downloads/oma/.release/native-build/sdk/occt/inc/BRepToIGES_BRWire.hxx
-- Installing: C:/Users/Davi/Downloads/oma/.release/native-build/sdk/occt/inc/BRepToIGESBRep_Entity.hxx
-- Installing: C:/Users/Davi/Downloads/oma/.release/native-build/sdk/occt/inc/IGESControl_ActorWrite.hxx
-- Installing: C:/Users/Davi/Downloads/oma/.release/native-build/sdk/occt/inc/IGESControl_AlgoContainer.hxx
-- Installing: C:/Users/Davi/Downloads/oma/.release/native-build/sdk/occt/inc/IGESControl_Controller.hxx
-- Installing: C:/Users/Davi/Downloads/oma/.release/native-build/sdk/occt/inc/IGESControl_IGESBoundary.hxx
-- Installing: C:/Users/Davi/Downloads/oma/.release/native-build/sdk/occt/inc/IGESControl_Reader.hxx
-- Installing: C:/Users/Davi/Downloads/oma/.release/native-build/sdk/occt/inc/IGESControl_Reader.lxx
-- Installing: C:/Users/Davi/Downloads/oma/.release/native-build/sdk/occt/inc/IGESControl_ToolContainer.hxx
-- Installing: C:/Users/Davi/Downloads/oma/.release/native-build/sdk/occt/inc/IGESControl_Writer.hxx
-- Installing: C:/Users/Davi/Downloads/oma/.release/native-build/sdk/occt/inc/StlAPI.hxx
-- Installing: C:/Users/Davi/Downloads/oma/.release/native-build/sdk/occt/inc/StlAPI_Reader.hxx
-- Installing: C:/Users/Davi/Downloads/oma/.release/native-build/sdk/occt/inc/StlAPI_Writer.hxx
-- Installing: C:/Users/Davi/Downloads/oma/.release/native-build/sdk/occt/inc/RWStl.hxx
-- Installing: C:/Users/Davi/Downloads/oma/.release/native-build/sdk/occt/inc/RWStl_ConfigurationNode.hxx
-- Installing: C:/Users/Davi/Downloads/oma/.release/native-build/sdk/occt/inc/RWStl_Provider.hxx
-- Installing: C:/Users/Davi/Downloads/oma/.release/native-build/sdk/occt/inc/RWStl_Reader.hxx
-- Installing: C:/Users/Davi/Downloads/oma/.release/native-build/sdk/occt/inc/VrmlConverter_Curve.hxx
-- Installing: C:/Users/Davi/Downloads/oma/.release/native-build/sdk/occt/inc/VrmlConverter_DeflectionCurve.hxx
-- Installing: C:/Users/Davi/Downloads/oma/.release/native-build/sdk/occt/inc/VrmlConverter_Drawer.hxx
-- Installing: C:/Users/Davi/Downloads/oma/.release/native-build/sdk/occt/inc/VrmlConverter_HLRShape.hxx
-- Installing: C:/Users/Davi/Downloads/oma/.release/native-build/sdk/occt/inc/VrmlConverter_IsoAspect.hxx
-- Installing: C:/Users/Davi/Downloads/oma/.release/native-build/sdk/occt/inc/VrmlConverter_LineAspect.hxx
-- Installing: C:/Users/Davi/Downloads/oma/.release/native-build/sdk/occt/inc/VrmlConverter_PointAspect.hxx
-- Installing: C:/Users/Davi/Downloads/oma/.release/native-build/sdk/occt/inc/VrmlConverter_Projector.hxx
-- Installing: C:/Users/Davi/Downloads/oma/.release/native-build/sdk/occt/inc/VrmlConverter_ShadedShape.hxx
-- Installing: C:/Users/Davi/Downloads/oma/.release/native-build/sdk/occt/inc/VrmlConverter_ShadingAspect.hxx
-- Installing: C:/Users/Davi/Downloads/oma/.release/native-build/sdk/occt/inc/VrmlConverter_TypeOfCamera.hxx
-- Installing: C:/Users/Davi/Downloads/oma/.release/native-build/sdk/occt/inc/VrmlConverter_TypeOfLight.hxx
-- Installing: C:/Users/Davi/Downloads/oma/.release/native-build/sdk/occt/inc/VrmlConverter_WFDeflectionRestrictedFace.hxx
-- Installing: C:/Users/Davi/Downloads/oma/.release/native-build/sdk/occt/inc/VrmlConverter_WFDeflectionShape.hxx
-- Installing: C:/Users/Davi/Downloads/oma/.release/native-build/sdk/occt/inc/VrmlConverter_WFRestrictedFace.hxx
-- Installing: C:/Users/Davi/Downloads/oma/.release/native-build/sdk/occt/inc/VrmlConverter_WFShape.hxx
-- Installing: C:/Users/Davi/Downloads/oma/.release/native-build/sdk/occt/inc/VrmlAPI.hxx
-- Installing: C:/Users/Davi/Downloads/oma/.release/native-build/sdk/occt/inc/VrmlAPI_CafReader.hxx
-- Installing: C:/Users/Davi/Downloads/oma/.release/native-build/sdk/occt/inc/VrmlAPI_RepresentationOfShape.hxx
-- Installing: C:/Users/Davi/Downloads/oma/.release/native-build/sdk/occt/inc/VrmlAPI_Writer.hxx
-- Installing: C:/Users/Davi/Downloads/oma/.release/native-build/sdk/occt/inc/Vrml.hxx
-- Installing: C:/Users/Davi/Downloads/oma/.release/native-build/sdk/occt/inc/Vrml_AsciiText.hxx
-- Installing: C:/Users/Davi/Downloads/oma/.release/native-build/sdk/occt/inc/Vrml_AsciiTextJustification.hxx
-- Installing: C:/Users/Davi/Downloads/oma/.release/native-build/sdk/occt/inc/Vrml_Cone.hxx
-- Installing: C:/Users/Davi/Downloads/oma/.release/native-build/sdk/occt/inc/Vrml_ConeParts.hxx
-- Installing: C:/Users/Davi/Downloads/oma/.release/native-build/sdk/occt/inc/Vrml_ConfigurationNode.hxx
-- Installing: C:/Users/Davi/Downloads/oma/.release/native-build/sdk/occt/inc/Vrml_Coordinate3.hxx
-- Installing: C:/Users/Davi/Downloads/oma/.release/native-build/sdk/occt/inc/Vrml_Cube.hxx
-- Installing: C:/Users/Davi/Downloads/oma/.release/native-build/sdk/occt/inc/Vrml_Cylinder.hxx
-- Installing: C:/Users/Davi/Downloads/oma/.release/native-build/sdk/occt/inc/Vrml_CylinderParts.hxx
-- Installing: C:/Users/Davi/Downloads/oma/.release/native-build/sdk/occt/inc/Vrml_DirectionalLight.hxx
-- Installing: C:/Users/Davi/Downloads/oma/.release/native-build/sdk/occt/inc/Vrml_FaceType.hxx
-- Installing: C:/Users/Davi/Downloads/oma/.release/native-build/sdk/occt/inc/Vrml_FontStyle.hxx
-- Installing: C:/Users/Davi/Downloads/oma/.release/native-build/sdk/occt/inc/Vrml_FontStyleFamily.hxx
-- Installing: C:/Users/Davi/Downloads/oma/.release/native-build/sdk/occt/inc/Vrml_FontStyleStyle.hxx
-- Installing: C:/Users/Davi/Downloads/oma/.release/native-build/sdk/occt/inc/Vrml_Group.hxx
-- Installing: C:/Users/Davi/Downloads/oma/.release/native-build/sdk/occt/inc/Vrml_IndexedFaceSet.hxx
-- Installing: C:/Users/Davi/Downloads/oma/.release/native-build/sdk/occt/inc/Vrml_IndexedLineSet.hxx
-- Installing: C:/Users/Davi/Downloads/oma/.release/native-build/sdk/occt/inc/Vrml_Info.hxx
-- Installing: C:/Users/Davi/Downloads/oma/.release/native-build/sdk/occt/inc/Vrml_Instancing.hxx
-- Installing: C:/Users/Davi/Downloads/oma/.release/native-build/sdk/occt/inc/Vrml_LOD.hxx
-- Installing: C:/Users/Davi/Downloads/oma/.release/native-build/sdk/occt/inc/Vrml_Material.hxx
-- Installing: C:/Users/Davi/Downloads/oma/.release/native-build/sdk/occt/inc/Vrml_MaterialBinding.hxx
-- Installing: C:/Users/Davi/Downloads/oma/.release/native-build/sdk/occt/inc/Vrml_MaterialBindingAndNormalBinding.hxx
-- Installing: C:/Users/Davi/Downloads/oma/.release/native-build/sdk/occt/inc/Vrml_MatrixTransform.hxx
-- Installing: C:/Users/Davi/Downloads/oma/.release/native-build/sdk/occt/inc/Vrml_Normal.hxx
-- Installing: C:/Users/Davi/Downloads/oma/.release/native-build/sdk/occt/inc/Vrml_NormalBinding.hxx
-- Installing: C:/Users/Davi/Downloads/oma/.release/native-build/sdk/occt/inc/Vrml_OrthographicCamera.hxx
-- Installing: C:/Users/Davi/Downloads/oma/.release/native-build/sdk/occt/inc/Vrml_PerspectiveCamera.hxx
-- Installing: C:/Users/Davi/Downloads/oma/.release/native-build/sdk/occt/inc/Vrml_PointLight.hxx
-- Installing: C:/Users/Davi/Downloads/oma/.release/native-build/sdk/occt/inc/Vrml_PointSet.hxx
-- Installing: C:/Users/Davi/Downloads/oma/.release/native-build/sdk/occt/inc/Vrml_Provider.hxx
-- Installing: C:/Users/Davi/Downloads/oma/.release/native-build/sdk/occt/inc/Vrml_Rotation.hxx
-- Installing: C:/Users/Davi/Downloads/oma/.release/native-build/sdk/occt/inc/Vrml_SFImage.hxx
-- Installing: C:/Users/Davi/Downloads/oma/.release/native-build/sdk/occt/inc/Vrml_SFImageNumber.hxx
-- Installing: C:/Users/Davi/Downloads/oma/.release/native-build/sdk/occt/inc/Vrml_SFRotation.hxx
-- Installing: C:/Users/Davi/Downloads/oma/.release/native-build/sdk/occt/inc/Vrml_Scale.hxx
-- Installing: C:/Users/Davi/Downloads/oma/.release/native-build/sdk/occt/inc/Vrml_Separator.hxx
-- Installing: C:/Users/Davi/Downloads/oma/.release/native-build/sdk/occt/inc/Vrml_SeparatorRenderCulling.hxx
-- Installing: C:/Users/Davi/Downloads/oma/.release/native-build/sdk/occt/inc/Vrml_ShapeHints.hxx
-- Installing: C:/Users/Davi/Downloads/oma/.release/native-build/sdk/occt/inc/Vrml_ShapeType.hxx
-- Installing: C:/Users/Davi/Downloads/oma/.release/native-build/sdk/occt/inc/Vrml_Sphere.hxx
-- Installing: C:/Users/Davi/Downloads/oma/.release/native-build/sdk/occt/inc/Vrml_SpotLight.hxx
-- Installing: C:/Users/Davi/Downloads/oma/.release/native-build/sdk/occt/inc/Vrml_Switch.hxx
-- Installing: C:/Users/Davi/Downloads/oma/.release/native-build/sdk/occt/inc/Vrml_Texture2.hxx
-- Installing: C:/Users/Davi/Downloads/oma/.release/native-build/sdk/occt/inc/Vrml_Texture2Transform.hxx
-- Installing: C:/Users/Davi/Downloads/oma/.release/native-build/sdk/occt/inc/Vrml_Texture2Wrap.hxx
-- Installing: C:/Users/Davi/Downloads/oma/.release/native-build/sdk/occt/inc/Vrml_TextureCoordinate2.hxx
-- Installing: C:/Users/Davi/Downloads/oma/.release/native-build/sdk/occt/inc/Vrml_Transform.hxx
-- Installing: C:/Users/Davi/Downloads/oma/.release/native-build/sdk/occt/inc/Vrml_TransformSeparator.hxx
-- Installing: C:/Users/Davi/Downloads/oma/.release/native-build/sdk/occt/inc/Vrml_Translation.hxx
-- Installing: C:/Users/Davi/Downloads/oma/.release/native-build/sdk/occt/inc/Vrml_VertexOrdering.hxx
-- Installing: C:/Users/Davi/Downloads/oma/.release/native-build/sdk/occt/inc/Vrml_WWWAnchor.hxx
-- Installing: C:/Users/Davi/Downloads/oma/.release/native-build/sdk/occt/inc/Vrml_WWWAnchorMap.hxx
-- Installing: C:/Users/Davi/Downloads/oma/.release/native-build/sdk/occt/inc/Vrml_WWWInline.hxx
-- Installing: C:/Users/Davi/Downloads/oma/.release/native-build/sdk/occt/inc/VrmlData_Appearance.hxx
-- Installing: C:/Users/Davi/Downloads/oma/.release/native-build/sdk/occt/inc/VrmlData_ArrayVec3d.hxx
-- Installing: C:/Users/Davi/Downloads/oma/.release/native-build/sdk/occt/inc/VrmlData_Box.hxx
-- Installing: C:/Users/Davi/Downloads/oma/.release/native-build/sdk/occt/inc/VrmlData_Color.hxx
-- Installing: C:/Users/Davi/Downloads/oma/.release/native-build/sdk/occt/inc/VrmlData_Cone.hxx
-- Installing: C:/Users/Davi/Downloads/oma/.release/native-build/sdk/occt/inc/VrmlData_Coordinate.hxx
-- Installing: C:/Users/Davi/Downloads/oma/.release/native-build/sdk/occt/inc/VrmlData_Cylinder.hxx
-- Installing: C:/Users/Davi/Downloads/oma/.release/native-build/sdk/occt/inc/VrmlData_DataMapOfShapeAppearance.hxx
-- Installing: C:/Users/Davi/Downloads/oma/.release/native-build/sdk/occt/inc/VrmlData_ErrorStatus.hxx
-- Installing: C:/Users/Davi/Downloads/oma/.release/native-build/sdk/occt/inc/VrmlData_Faceted.hxx
-- Installing: C:/Users/Davi/Downloads/oma/.release/native-build/sdk/occt/inc/VrmlData_Geometry.hxx
-- Installing: C:/Users/Davi/Downloads/oma/.release/native-build/sdk/occt/inc/VrmlData_Group.hxx
-- Installing: C:/Users/Davi/Downloads/oma/.release/native-build/sdk/occt/inc/VrmlData_ImageTexture.hxx
-- Installing: C:/Users/Davi/Downloads/oma/.release/native-build/sdk/occt/inc/VrmlData_InBuffer.hxx
-- Installing: C:/Users/Davi/Downloads/oma/.release/native-build/sdk/occt/inc/VrmlData_IndexedFaceSet.hxx
-- Installing: C:/Users/Davi/Downloads/oma/.release/native-build/sdk/occt/inc/VrmlData_IndexedLineSet.hxx
-- Installing: C:/Users/Davi/Downloads/oma/.release/native-build/sdk/occt/inc/VrmlData_ListOfNode.hxx
-- Installing: C:/Users/Davi/Downloads/oma/.release/native-build/sdk/occt/inc/VrmlData_MapOfNode.hxx
-- Installing: C:/Users/Davi/Downloads/oma/.release/native-build/sdk/occt/inc/VrmlData_Material.hxx
-- Installing: C:/Users/Davi/Downloads/oma/.release/native-build/sdk/occt/inc/VrmlData_Node.hxx
-- Installing: C:/Users/Davi/Downloads/oma/.release/native-build/sdk/occt/inc/VrmlData_Normal.hxx
-- Installing: C:/Users/Davi/Downloads/oma/.release/native-build/sdk/occt/inc/VrmlData_Scene.hxx
-- Installing: C:/Users/Davi/Downloads/oma/.release/native-build/sdk/occt/inc/VrmlData_ShapeConvert.hxx
-- Installing: C:/Users/Davi/Downloads/oma/.release/native-build/sdk/occt/inc/VrmlData_ShapeNode.hxx
-- Installing: C:/Users/Davi/Downloads/oma/.release/native-build/sdk/occt/inc/VrmlData_Sphere.hxx
-- Installing: C:/Users/Davi/Downloads/oma/.release/native-build/sdk/occt/inc/VrmlData_Texture.hxx
-- Installing: C:/Users/Davi/Downloads/oma/.release/native-build/sdk/occt/inc/VrmlData_TextureCoordinate.hxx
-- Installing: C:/Users/Davi/Downloads/oma/.release/native-build/sdk/occt/inc/VrmlData_TextureTransform.hxx
-- Installing: C:/Users/Davi/Downloads/oma/.release/native-build/sdk/occt/inc/VrmlData_UnknownNode.hxx
-- Installing: C:/Users/Davi/Downloads/oma/.release/native-build/sdk/occt/inc/VrmlData_WorldInfo.hxx
-- Installing: C:/Users/Davi/Downloads/oma/.release/native-build/sdk/occt/inc/RWMesh.hxx
-- Installing: C:/Users/Davi/Downloads/oma/.release/native-build/sdk/occt/inc/RWMesh_CafReader.hxx
-- Installing: C:/Users/Davi/Downloads/oma/.release/native-build/sdk/occt/inc/RWMesh_CoordinateSystem.hxx
-- Installing: C:/Users/Davi/Downloads/oma/.release/native-build/sdk/occt/inc/RWMesh_CoordinateSystemConverter.hxx
-- Installing: C:/Users/Davi/Downloads/oma/.release/native-build/sdk/occt/inc/RWMesh_FaceIterator.hxx
-- Installing: C:/Users/Davi/Downloads/oma/.release/native-build/sdk/occt/inc/RWMesh_MaterialMap.hxx
-- Installing: C:/Users/Davi/Downloads/oma/.release/native-build/sdk/occt/inc/RWMesh_NameFormat.hxx
-- Installing: C:/Users/Davi/Downloads/oma/.release/native-build/sdk/occt/inc/RWMesh_NodeAttributes.hxx
-- Installing: C:/Users/Davi/Downloads/oma/.release/native-build/sdk/occt/inc/RWMesh_TriangulationReader.hxx
-- Installing: C:/Users/Davi/Downloads/oma/.release/native-build/sdk/occt/inc/RWMesh_TriangulationSource.hxx
-- Installing: C:/Users/Davi/Downloads/oma/.release/native-build/sdk/occt/inc/DEBRepCascade_ConfigurationNode.hxx
-- Installing: C:/Users/Davi/Downloads/oma/.release/native-build/sdk/occt/inc/DEBRepCascade_Provider.hxx
-- Installing: C:/Users/Davi/Downloads/oma/.release/native-build/sdk/occt/inc/DEXCAFCascade_ConfigurationNode.hxx
-- Installing: C:/Users/Davi/Downloads/oma/.release/native-build/sdk/occt/inc/DEXCAFCascade_Provider.hxx
-- Installing: C:/Users/Davi/Downloads/oma/.release/native-build/sdk/occt/inc/BinXCAFDrivers.hxx
-- Installing: C:/Users/Davi/Downloads/oma/.release/native-build/sdk/occt/inc/BinXCAFDrivers_DocumentRetrievalDriver.hxx
-- Installing: C:/Users/Davi/Downloads/oma/.release/native-build/sdk/occt/inc/BinXCAFDrivers_DocumentStorageDriver.hxx
-- Installing: C:/Users/Davi/Downloads/oma/.release/native-build/sdk/occt/inc/BinMXCAFDoc.hxx
-- Installing: C:/Users/Davi/Downloads/oma/.release/native-build/sdk/occt/inc/BinMXCAFDoc_AssemblyItemRefDriver.hxx
-- Installing: C:/Users/Davi/Downloads/oma/.release/native-build/sdk/occt/inc/BinMXCAFDoc_CentroidDriver.hxx
-- Installing: C:/Users/Davi/Downloads/oma/.release/native-build/sdk/occt/inc/BinMXCAFDoc_ColorDriver.hxx
-- Installing: C:/Users/Davi/Downloads/oma/.release/native-build/sdk/occt/inc/BinMXCAFDoc_DatumDriver.hxx
-- Installing: C:/Users/Davi/Downloads/oma/.release/native-build/sdk/occt/inc/BinMXCAFDoc_DimTolDriver.hxx
-- Installing: C:/Users/Davi/Downloads/oma/.release/native-build/sdk/occt/inc/BinMXCAFDoc_GraphNodeDriver.hxx
-- Installing: C:/Users/Davi/Downloads/oma/.release/native-build/sdk/occt/inc/BinMXCAFDoc_LengthUnitDriver.hxx
-- Installing: C:/Users/Davi/Downloads/oma/.release/native-build/sdk/occt/inc/BinMXCAFDoc_LocationDriver.hxx
-- Installing: C:/Users/Davi/Downloads/oma/.release/native-build/sdk/occt/inc/BinMXCAFDoc_MaterialDriver.hxx
-- Installing: C:/Users/Davi/Downloads/oma/.release/native-build/sdk/occt/inc/BinMXCAFDoc_NoteBinDataDriver.hxx
-- Installing: C:/Users/Davi/Downloads/oma/.release/native-build/sdk/occt/inc/BinMXCAFDoc_NoteCommentDriver.hxx
-- Installing: C:/Users/Davi/Downloads/oma/.release/native-build/sdk/occt/inc/BinMXCAFDoc_NoteDriver.hxx
-- Installing: C:/Users/Davi/Downloads/oma/.release/native-build/sdk/occt/inc/BinMXCAFDoc_VisMaterialDriver.hxx
-- Installing: C:/Users/Davi/Downloads/oma/.release/native-build/sdk/occt/inc/BinMXCAFDoc_VisMaterialToolDriver.hxx
-- Installing: C:/Users/Davi/Downloads/oma/.release/native-build/sdk/occt/inc/XmlXCAFDrivers.hxx
-- Installing: C:/Users/Davi/Downloads/oma/.release/native-build/sdk/occt/inc/XmlXCAFDrivers_DocumentRetrievalDriver.hxx
-- Installing: C:/Users/Davi/Downloads/oma/.release/native-build/sdk/occt/inc/XmlXCAFDrivers_DocumentStorageDriver.hxx
-- Installing: C:/Users/Davi/Downloads/oma/.release/native-build/sdk/occt/inc/XmlMXCAFDoc.hxx
-- Installing: C:/Users/Davi/Downloads/oma/.release/native-build/sdk/occt/inc/XmlMXCAFDoc_AssemblyItemRefDriver.hxx
-- Installing: C:/Users/Davi/Downloads/oma/.release/native-build/sdk/occt/inc/XmlMXCAFDoc_CentroidDriver.hxx
-- Installing: C:/Users/Davi/Downloads/oma/.release/native-build/sdk/occt/inc/XmlMXCAFDoc_ColorDriver.hxx
-- Installing: C:/Users/Davi/Downloads/oma/.release/native-build/sdk/occt/inc/XmlMXCAFDoc_DatumDriver.hxx
-- Installing: C:/Users/Davi/Downloads/oma/.release/native-build/sdk/occt/inc/XmlMXCAFDoc_DimTolDriver.hxx
-- Installing: C:/Users/Davi/Downloads/oma/.release/native-build/sdk/occt/inc/XmlMXCAFDoc_GraphNodeDriver.hxx
-- Installing: C:/Users/Davi/Downloads/oma/.release/native-build/sdk/occt/inc/XmlMXCAFDoc_LengthUnitDriver.hxx
-- Installing: C:/Users/Davi/Downloads/oma/.release/native-build/sdk/occt/inc/XmlMXCAFDoc_LocationDriver.hxx
-- Installing: C:/Users/Davi/Downloads/oma/.release/native-build/sdk/occt/inc/XmlMXCAFDoc_LocationDriver.lxx
-- Installing: C:/Users/Davi/Downloads/oma/.release/native-build/sdk/occt/inc/XmlMXCAFDoc_MaterialDriver.hxx
-- Installing: C:/Users/Davi/Downloads/oma/.release/native-build/sdk/occt/inc/XmlMXCAFDoc_NoteBinDataDriver.hxx
-- Installing: C:/Users/Davi/Downloads/oma/.release/native-build/sdk/occt/inc/XmlMXCAFDoc_NoteCommentDriver.hxx
-- Installing: C:/Users/Davi/Downloads/oma/.release/native-build/sdk/occt/inc/XmlMXCAFDoc_NoteDriver.hxx
-- Installing: C:/Users/Davi/Downloads/oma/.release/native-build/sdk/occt/inc/XmlMXCAFDoc_VisMaterialDriver.hxx
-- Installing: C:/Users/Davi/Downloads/oma/.release/native-build/sdk/occt/inc/XmlMXCAFDoc_VisMaterialToolDriver.hxx
-- Installing: C:/Users/Davi/Downloads/oma/.release/native-build/sdk/occt/inc/RWObj.hxx
-- Installing: C:/Users/Davi/Downloads/oma/.release/native-build/sdk/occt/inc/RWObj_CafReader.hxx
-- Installing: C:/Users/Davi/Downloads/oma/.release/native-build/sdk/occt/inc/RWObj_CafWriter.hxx
-- Installing: C:/Users/Davi/Downloads/oma/.release/native-build/sdk/occt/inc/RWObj_ConfigurationNode.hxx
-- Installing: C:/Users/Davi/Downloads/oma/.release/native-build/sdk/occt/inc/RWObj_Material.hxx
-- Installing: C:/Users/Davi/Downloads/oma/.release/native-build/sdk/occt/inc/RWObj_MtlReader.hxx
-- Installing: C:/Users/Davi/Downloads/oma/.release/native-build/sdk/occt/inc/RWObj_ObjMaterialMap.hxx
-- Installing: C:/Users/Davi/Downloads/oma/.release/native-build/sdk/occt/inc/RWObj_ObjWriterContext.hxx
-- Installing: C:/Users/Davi/Downloads/oma/.release/native-build/sdk/occt/inc/RWObj_Provider.hxx
-- Installing: C:/Users/Davi/Downloads/oma/.release/native-build/sdk/occt/inc/RWObj_Reader.hxx
-- Installing: C:/Users/Davi/Downloads/oma/.release/native-build/sdk/occt/inc/RWObj_SubMesh.hxx
-- Installing: C:/Users/Davi/Downloads/oma/.release/native-build/sdk/occt/inc/RWObj_SubMeshReason.hxx
-- Installing: C:/Users/Davi/Downloads/oma/.release/native-build/sdk/occt/inc/RWObj_Tools.hxx
-- Installing: C:/Users/Davi/Downloads/oma/.release/native-build/sdk/occt/inc/RWObj_TriangulationReader.hxx
-- Installing: C:/Users/Davi/Downloads/oma/.release/native-build/sdk/occt/inc/RWGltf_CafReader.hxx
-- Installing: C:/Users/Davi/Downloads/oma/.release/native-build/sdk/occt/inc/RWGltf_CafWriter.hxx
-- Installing: C:/Users/Davi/Downloads/oma/.release/native-build/sdk/occt/inc/RWGltf_ConfigurationNode.hxx
-- Installing: C:/Users/Davi/Downloads/oma/.release/native-build/sdk/occt/inc/RWGltf_DracoParameters.hxx
-- Installing: C:/Users/Davi/Downloads/oma/.release/native-build/sdk/occt/inc/RWGltf_GltfAccessor.hxx
-- Installing: C:/Users/Davi/Downloads/oma/.release/native-build/sdk/occt/inc/RWGltf_GltfAccessorCompType.hxx
-- Installing: C:/Users/Davi/Downloads/oma/.release/native-build/sdk/occt/inc/RWGltf_GltfAccessorLayout.hxx
-- Installing: C:/Users/Davi/Downloads/oma/.release/native-build/sdk/occt/inc/RWGltf_GltfAlphaMode.hxx
-- Installing: C:/Users/Davi/Downloads/oma/.release/native-build/sdk/occt/inc/RWGltf_GltfArrayType.hxx
-- Installing: C:/Users/Davi/Downloads/oma/.release/native-build/sdk/occt/inc/RWGltf_GltfBufferView.hxx
-- Installing: C:/Users/Davi/Downloads/oma/.release/native-build/sdk/occt/inc/RWGltf_GltfBufferViewTarget.hxx
-- Installing: C:/Users/Davi/Downloads/oma/.release/native-build/sdk/occt/inc/RWGltf_GltfFace.hxx
-- Installing: C:/Users/Davi/Downloads/oma/.release/native-build/sdk/occt/inc/RWGltf_GltfJsonParser.hxx
-- Installing: C:/Users/Davi/Downloads/oma/.release/native-build/sdk/occt/inc/RWGltf_GltfLatePrimitiveArray.hxx
-- Installing: C:/Users/Davi/Downloads/oma/.release/native-build/sdk/occt/inc/RWGltf_GltfMaterialMap.hxx
-- Installing: C:/Users/Davi/Downloads/oma/.release/native-build/sdk/occt/inc/RWGltf_GltfOStreamWriter.hxx
-- Installing: C:/Users/Davi/Downloads/oma/.release/native-build/sdk/occt/inc/RWGltf_GltfPrimArrayData.hxx
-- Installing: C:/Users/Davi/Downloads/oma/.release/native-build/sdk/occt/inc/RWGltf_GltfPrimitiveMode.hxx
-- Installing: C:/Users/Davi/Downloads/oma/.release/native-build/sdk/occt/inc/RWGltf_GltfRootElement.hxx
-- Installing: C:/Users/Davi/Downloads/oma/.release/native-build/sdk/occt/inc/RWGltf_GltfSceneNodeMap.hxx
-- Installing: C:/Users/Davi/Downloads/oma/.release/native-build/sdk/occt/inc/RWGltf_MaterialCommon.hxx
-- Installing: C:/Users/Davi/Downloads/oma/.release/native-build/sdk/occt/inc/RWGltf_MaterialMetallicRoughness.hxx
-- Installing: C:/Users/Davi/Downloads/oma/.release/native-build/sdk/occt/inc/RWGltf_Provider.hxx
-- Installing: C:/Users/Davi/Downloads/oma/.release/native-build/sdk/occt/inc/RWGltf_TriangulationReader.hxx
-- Installing: C:/Users/Davi/Downloads/oma/.release/native-build/sdk/occt/inc/RWGltf_WriterTrsfFormat.hxx
-- Installing: C:/Users/Davi/Downloads/oma/.release/native-build/sdk/occt/inc/RWPly_CafWriter.hxx
-- Installing: C:/Users/Davi/Downloads/oma/.release/native-build/sdk/occt/inc/RWPly_ConfigurationNode.hxx
-- Installing: C:/Users/Davi/Downloads/oma/.release/native-build/sdk/occt/inc/RWPly_PlyWriterContext.hxx
-- Installing: C:/Users/Davi/Downloads/oma/.release/native-build/sdk/occt/inc/RWPly_Provider.hxx
-- Installing: C:/Users/Davi/Downloads/oma/.release/native-build/sdk/occt/inc/Express.hxx
-- Installing: C:/Users/Davi/Downloads/oma/.release/native-build/sdk/occt/inc/Express_Alias.hxx
-- Installing: C:/Users/Davi/Downloads/oma/.release/native-build/sdk/occt/inc/Express_Array.hxx
-- Installing: C:/Users/Davi/Downloads/oma/.release/native-build/sdk/occt/inc/Express_Bag.hxx
-- Installing: C:/Users/Davi/Downloads/oma/.release/native-build/sdk/occt/inc/Express_Boolean.hxx
-- Installing: C:/Users/Davi/Downloads/oma/.release/native-build/sdk/occt/inc/Express_ComplexType.hxx
-- Installing: C:/Users/Davi/Downloads/oma/.release/native-build/sdk/occt/inc/Express_DataMapOfAsciiStringItem.hxx
-- Installing: C:/Users/Davi/Downloads/oma/.release/native-build/sdk/occt/inc/Express_Entity.hxx
-- Installing: C:/Users/Davi/Downloads/oma/.release/native-build/sdk/occt/inc/Express_Enum.hxx
-- Installing: C:/Users/Davi/Downloads/oma/.release/native-build/sdk/occt/inc/Express_Field.hxx
-- Installing: C:/Users/Davi/Downloads/oma/.release/native-build/sdk/occt/inc/Express_HSequenceOfEntity.hxx
-- Installing: C:/Users/Davi/Downloads/oma/.release/native-build/sdk/occt/inc/Express_HSequenceOfField.hxx
-- Installing: C:/Users/Davi/Downloads/oma/.release/native-build/sdk/occt/inc/Express_HSequenceOfItem.hxx
-- Installing: C:/Users/Davi/Downloads/oma/.release/native-build/sdk/occt/inc/Express_Integer.hxx
-- Installing: C:/Users/Davi/Downloads/oma/.release/native-build/sdk/occt/inc/Express_Item.hxx
-- Installing: C:/Users/Davi/Downloads/oma/.release/native-build/sdk/occt/inc/Express_List.hxx
-- Installing: C:/Users/Davi/Downloads/oma/.release/native-build/sdk/occt/inc/Express_Logical.hxx
-- Installing: C:/Users/Davi/Downloads/oma/.release/native-build/sdk/occt/inc/Express_NamedType.hxx
-- Installing: C:/Users/Davi/Downloads/oma/.release/native-build/sdk/occt/inc/Express_Number.hxx
-- Installing: C:/Users/Davi/Downloads/oma/.release/native-build/sdk/occt/inc/Express_PredefinedType.hxx
-- Installing: C:/Users/Davi/Downloads/oma/.release/native-build/sdk/occt/inc/Express_Real.hxx
-- Installing: C:/Users/Davi/Downloads/oma/.release/native-build/sdk/occt/inc/Express_Reference.hxx
-- Installing: C:/Users/Davi/Downloads/oma/.release/native-build/sdk/occt/inc/Express_Schema.hxx
-- Installing: C:/Users/Davi/Downloads/oma/.release/native-build/sdk/occt/inc/Express_Select.hxx
-- Installing: C:/Users/Davi/Downloads/oma/.release/native-build/sdk/occt/inc/Express_SequenceOfEntity.hxx
-- Installing: C:/Users/Davi/Downloads/oma/.release/native-build/sdk/occt/inc/Express_SequenceOfField.hxx
-- Installing: C:/Users/Davi/Downloads/oma/.release/native-build/sdk/occt/inc/Express_SequenceOfItem.hxx
-- Installing: C:/Users/Davi/Downloads/oma/.release/native-build/sdk/occt/inc/Express_Set.hxx
-- Installing: C:/Users/Davi/Downloads/oma/.release/native-build/sdk/occt/inc/Express_String.hxx
-- Installing: C:/Users/Davi/Downloads/oma/.release/native-build/sdk/occt/inc/Express_Type.hxx
-- Installing: C:/Users/Davi/Downloads/oma/.release/native-build/sdk/occt/custom.bat
-- Installing: C:/Users/Davi/Downloads/oma/.release/native-build/sdk/occt/custom_vc14_64.bat
-- Installing: C:/Users/Davi/Downloads/oma/.release/native-build/sdk/occt/env.bat
-- Installing: C:/Users/Davi/Downloads/oma/.release/native-build/sdk/occt/src/DrawResources
-- Installing: C:/Users/Davi/Downloads/oma/.release/native-build/sdk/occt/src/DrawResources/CheckCommands.tcl
-- Installing: C:/Users/Davi/Downloads/oma/.release/native-build/sdk/occt/src/DrawResources/CURVES.tcl
-- Installing: C:/Users/Davi/Downloads/oma/.release/native-build/sdk/occt/src/DrawResources/dfb_attribns.gif
-- Installing: C:/Users/Davi/Downloads/oma/.release/native-build/sdk/occt/src/DrawResources/dfb_attribute.gif
-- Installing: C:/Users/Davi/Downloads/oma/.release/native-build/sdk/occt/src/DrawResources/dfb_folder.gif
-- Installing: C:/Users/Davi/Downloads/oma/.release/native-build/sdk/occt/src/DrawResources/dftree.tcl
-- Installing: C:/Users/Davi/Downloads/oma/.release/native-build/sdk/occt/src/DrawResources/DrawDefault
-- Installing: C:/Users/Davi/Downloads/oma/.release/native-build/sdk/occt/src/DrawResources/DrawPlugin
-- Installing: C:/Users/Davi/Downloads/oma/.release/native-build/sdk/occt/src/DrawResources/DrawTK.tcl
-- Installing: C:/Users/Davi/Downloads/oma/.release/native-build/sdk/occt/src/DrawResources/FILES
-- Installing: C:/Users/Davi/Downloads/oma/.release/native-build/sdk/occt/src/DrawResources/Geometry.tcl
-- Installing: C:/Users/Davi/Downloads/oma/.release/native-build/sdk/occt/src/DrawResources/InitEnvironment.tcl
-- Installing: C:/Users/Davi/Downloads/oma/.release/native-build/sdk/occt/src/DrawResources/lamp.ico
-- Installing: C:/Users/Davi/Downloads/oma/.release/native-build/sdk/occt/src/DrawResources/Move.tcl
-- Installing: C:/Users/Davi/Downloads/oma/.release/native-build/sdk/occt/src/DrawResources/OCC_logo.png
-- Installing: C:/Users/Davi/Downloads/oma/.release/native-build/sdk/occt/src/DrawResources/PROFIL.tcl
-- Installing: C:/Users/Davi/Downloads/oma/.release/native-build/sdk/occt/src/DrawResources/SCAN.tcl
-- Installing: C:/Users/Davi/Downloads/oma/.release/native-build/sdk/occt/src/DrawResources/StandardCommands.tcl
-- Installing: C:/Users/Davi/Downloads/oma/.release/native-build/sdk/occt/src/DrawResources/StandardViews.tcl
-- Installing: C:/Users/Davi/Downloads/oma/.release/native-build/sdk/occt/src/DrawResources/SURFACES.tcl
-- Installing: C:/Users/Davi/Downloads/oma/.release/native-build/sdk/occt/src/DrawResources/TestCommands.tcl
-- Installing: C:/Users/Davi/Downloads/oma/.release/native-build/sdk/occt/src/DrawResources/TKTopTest.tcl
-- Installing: C:/Users/Davi/Downloads/oma/.release/native-build/sdk/occt/src/DrawResources/Vector.tcl
-- Installing: C:/Users/Davi/Downloads/oma/.release/native-build/sdk/occt/src/StdResource
-- Installing: C:/Users/Davi/Downloads/oma/.release/native-build/sdk/occt/src/StdResource/FILES
-- Installing: C:/Users/Davi/Downloads/oma/.release/native-build/sdk/occt/src/StdResource/MigrationSheet.txt
-- Installing: C:/Users/Davi/Downloads/oma/.release/native-build/sdk/occt/src/StdResource/Plugin
-- Installing: C:/Users/Davi/Downloads/oma/.release/native-build/sdk/occt/src/StdResource/Standard
-- Installing: C:/Users/Davi/Downloads/oma/.release/native-build/sdk/occt/src/StdResource/StandardLite
-- Installing: C:/Users/Davi/Downloads/oma/.release/native-build/sdk/occt/src/StdResource/TObj
-- Installing: C:/Users/Davi/Downloads/oma/.release/native-build/sdk/occt/src/StdResource/XCAF
-- Installing: C:/Users/Davi/Downloads/oma/.release/native-build/sdk/occt/src/SHMessage
-- Installing: C:/Users/Davi/Downloads/oma/.release/native-build/sdk/occt/src/SHMessage/FILES
-- Installing: C:/Users/Davi/Downloads/oma/.release/native-build/sdk/occt/src/SHMessage/SHAPE.fr
-- Installing: C:/Users/Davi/Downloads/oma/.release/native-build/sdk/occt/src/SHMessage/SHAPE.us
-- Installing: C:/Users/Davi/Downloads/oma/.release/native-build/sdk/occt/src/SHMessage/SHMessage_SHAPE_us.pxx
-- Installing: C:/Users/Davi/Downloads/oma/.release/native-build/sdk/occt/src/Textures
-- Installing: C:/Users/Davi/Downloads/oma/.release/native-build/sdk/occt/src/Textures/1d_elevation.rgb
-- Installing: C:/Users/Davi/Downloads/oma/.release/native-build/sdk/occt/src/Textures/2d_alienskin.rgb
-- Installing: C:/Users/Davi/Downloads/oma/.release/native-build/sdk/occt/src/Textures/2d_aluminum.rgb
-- Installing: C:/Users/Davi/Downloads/oma/.release/native-build/sdk/occt/src/Textures/2d_bluewhite_paper.rgb
-- Installing: C:/Users/Davi/Downloads/oma/.release/native-build/sdk/occt/src/Textures/2d_blue_rock.rgb
-- Installing: C:/Users/Davi/Downloads/oma/.release/native-build/sdk/occt/src/Textures/2d_brushed.rgb
-- Installing: C:/Users/Davi/Downloads/oma/.release/native-build/sdk/occt/src/Textures/2d_bubbles.rgb
-- Installing: C:/Users/Davi/Downloads/oma/.release/native-build/sdk/occt/src/Textures/2d_bumps.rgb
-- Installing: C:/Users/Davi/Downloads/oma/.release/native-build/sdk/occt/src/Textures/2d_cast.rgb
-- Installing: C:/Users/Davi/Downloads/oma/.release/native-build/sdk/occt/src/Textures/2d_chess.rgba
-- Installing: C:/Users/Davi/Downloads/oma/.release/native-build/sdk/occt/src/Textures/2d_chipbd.rgb
-- Installing: C:/Users/Davi/Downloads/oma/.release/native-build/sdk/occt/src/Textures/2d_clouds.rgb
-- Installing: C:/Users/Davi/Downloads/oma/.release/native-build/sdk/occt/src/Textures/2d_flesh.rgb
-- Installing: C:/Users/Davi/Downloads/oma/.release/native-build/sdk/occt/src/Textures/2d_floor.rgb
-- Installing: C:/Users/Davi/Downloads/oma/.release/native-build/sdk/occt/src/Textures/2d_galvnisd.rgb
-- Installing: C:/Users/Davi/Downloads/oma/.release/native-build/sdk/occt/src/Textures/2d_grass.rgb
-- Installing: C:/Users/Davi/Downloads/oma/.release/native-build/sdk/occt/src/Textures/2d_knurl.rgb
-- Installing: C:/Users/Davi/Downloads/oma/.release/native-build/sdk/occt/src/Textures/2d_maple.rgb
-- Installing: C:/Users/Davi/Downloads/oma/.release/native-build/sdk/occt/src/Textures/2d_marble.rgb
-- Installing: C:/Users/Davi/Downloads/oma/.release/native-build/sdk/occt/src/Textures/2d_MatraDatavision.rgb
-- Installing: C:/Users/Davi/Downloads/oma/.release/native-build/sdk/occt/src/Textures/2d_mottled.rgb
-- Installing: C:/Users/Davi/Downloads/oma/.release/native-build/sdk/occt/src/Textures/2d_rain.rgb
-- Installing: C:/Users/Davi/Downloads/oma/.release/native-build/sdk/occt/src/Textures/2d_rock.rgb
-- Installing: C:/Users/Davi/Downloads/oma/.release/native-build/sdk/occt/src/Textures/env_clouds.rgb
-- Installing: C:/Users/Davi/Downloads/oma/.release/native-build/sdk/occt/src/Textures/env_cv.rgb
-- Installing: C:/Users/Davi/Downloads/oma/.release/native-build/sdk/occt/src/Textures/env_lines.rgb
-- Installing: C:/Users/Davi/Downloads/oma/.release/native-build/sdk/occt/src/Textures/env_medit.rgb
-- Installing: C:/Users/Davi/Downloads/oma/.release/native-build/sdk/occt/src/Textures/env_pearl.rgb
-- Installing: C:/Users/Davi/Downloads/oma/.release/native-build/sdk/occt/src/Textures/env_road.rgb
-- Installing: C:/Users/Davi/Downloads/oma/.release/native-build/sdk/occt/src/Textures/env_sky1.rgb
-- Installing: C:/Users/Davi/Downloads/oma/.release/native-build/sdk/occt/src/Textures/env_sky2.rgb
-- Installing: C:/Users/Davi/Downloads/oma/.release/native-build/sdk/occt/src/Textures/FILES
-- Installing: C:/Users/Davi/Downloads/oma/.release/native-build/sdk/occt/src/Textures/Textures_EnvLUT.pxx
-- Installing: C:/Users/Davi/Downloads/oma/.release/native-build/sdk/occt/src/Shaders
-- Installing: C:/Users/Davi/Downloads/oma/.release/native-build/sdk/occt/src/Shaders/Declarations.glsl
-- Installing: C:/Users/Davi/Downloads/oma/.release/native-build/sdk/occt/src/Shaders/DeclarationsImpl.glsl
-- Installing: C:/Users/Davi/Downloads/oma/.release/native-build/sdk/occt/src/Shaders/Display.fs
-- Installing: C:/Users/Davi/Downloads/oma/.release/native-build/sdk/occt/src/Shaders/FILES
-- Installing: C:/Users/Davi/Downloads/oma/.release/native-build/sdk/occt/src/Shaders/LightShadow.glsl
-- Installing: C:/Users/Davi/Downloads/oma/.release/native-build/sdk/occt/src/Shaders/PathtraceBase.fs
-- Installing: C:/Users/Davi/Downloads/oma/.release/native-build/sdk/occt/src/Shaders/PBRCookTorrance.glsl
-- Installing: C:/Users/Davi/Downloads/oma/.release/native-build/sdk/occt/src/Shaders/PBRDirectionalLight.glsl
-- Installing: C:/Users/Davi/Downloads/oma/.release/native-build/sdk/occt/src/Shaders/PBRDistribution.glsl
-- Installing: C:/Users/Davi/Downloads/oma/.release/native-build/sdk/occt/src/Shaders/PBREnvBaking.fs
-- Installing: C:/Users/Davi/Downloads/oma/.release/native-build/sdk/occt/src/Shaders/PBREnvBaking.vs
-- Installing: C:/Users/Davi/Downloads/oma/.release/native-build/sdk/occt/src/Shaders/PBRFresnel.glsl
-- Installing: C:/Users/Davi/Downloads/oma/.release/native-build/sdk/occt/src/Shaders/PBRGeometry.glsl
-- Installing: C:/Users/Davi/Downloads/oma/.release/native-build/sdk/occt/src/Shaders/PBRIllumination.glsl
-- Installing: C:/Users/Davi/Downloads/oma/.release/native-build/sdk/occt/src/Shaders/PBRPointLight.glsl
-- Installing: C:/Users/Davi/Downloads/oma/.release/native-build/sdk/occt/src/Shaders/PBRSpotLight.glsl
-- Installing: C:/Users/Davi/Downloads/oma/.release/native-build/sdk/occt/src/Shaders/PhongDirectionalLight.glsl
-- Installing: C:/Users/Davi/Downloads/oma/.release/native-build/sdk/occt/src/Shaders/PhongPointLight.glsl
-- Installing: C:/Users/Davi/Downloads/oma/.release/native-build/sdk/occt/src/Shaders/PhongShading.fs
-- Installing: C:/Users/Davi/Downloads/oma/.release/native-build/sdk/occt/src/Shaders/PhongShading.vs
-- Installing: C:/Users/Davi/Downloads/oma/.release/native-build/sdk/occt/src/Shaders/PhongSpotLight.glsl
-- Installing: C:/Users/Davi/Downloads/oma/.release/native-build/sdk/occt/src/Shaders/PointLightAttenuation.glsl
-- Installing: C:/Users/Davi/Downloads/oma/.release/native-build/sdk/occt/src/Shaders/RaytraceBase.fs
-- Installing: C:/Users/Davi/Downloads/oma/.release/native-build/sdk/occt/src/Shaders/RaytraceBase.vs
-- Installing: C:/Users/Davi/Downloads/oma/.release/native-build/sdk/occt/src/Shaders/RaytraceRender.fs
-- Installing: C:/Users/Davi/Downloads/oma/.release/native-build/sdk/occt/src/Shaders/RaytraceSmooth.fs
-- Installing: C:/Users/Davi/Downloads/oma/.release/native-build/sdk/occt/src/Shaders/Shaders_DeclarationsImpl_glsl.pxx
-- Installing: C:/Users/Davi/Downloads/oma/.release/native-build/sdk/occt/src/Shaders/Shaders_Declarations_glsl.pxx
-- Installing: C:/Users/Davi/Downloads/oma/.release/native-build/sdk/occt/src/Shaders/Shaders_Display_fs.pxx
-- Installing: C:/Users/Davi/Downloads/oma/.release/native-build/sdk/occt/src/Shaders/Shaders_LightShadow_glsl.pxx
-- Installing: C:/Users/Davi/Downloads/oma/.release/native-build/sdk/occt/src/Shaders/Shaders_PathtraceBase_fs.pxx
-- Installing: C:/Users/Davi/Downloads/oma/.release/native-build/sdk/occt/src/Shaders/Shaders_PBRCookTorrance_glsl.pxx
-- Installing: C:/Users/Davi/Downloads/oma/.release/native-build/sdk/occt/src/Shaders/Shaders_PBRDirectionalLight_glsl.pxx
-- Installing: C:/Users/Davi/Downloads/oma/.release/native-build/sdk/occt/src/Shaders/Shaders_PBRDistribution_glsl.pxx
-- Installing: C:/Users/Davi/Downloads/oma/.release/native-build/sdk/occt/src/Shaders/Shaders_PBREnvBaking_fs.pxx
-- Installing: C:/Users/Davi/Downloads/oma/.release/native-build/sdk/occt/src/Shaders/Shaders_PBREnvBaking_vs.pxx
-- Installing: C:/Users/Davi/Downloads/oma/.release/native-build/sdk/occt/src/Shaders/Shaders_PBRFresnel_glsl.pxx
-- Installing: C:/Users/Davi/Downloads/oma/.release/native-build/sdk/occt/src/Shaders/Shaders_PBRGeometry_glsl.pxx
-- Installing: C:/Users/Davi/Downloads/oma/.release/native-build/sdk/occt/src/Shaders/Shaders_PBRIllumination_glsl.pxx
-- Installing: C:/Users/Davi/Downloads/oma/.release/native-build/sdk/occt/src/Shaders/Shaders_PBRPointLight_glsl.pxx
-- Installing: C:/Users/Davi/Downloads/oma/.release/native-build/sdk/occt/src/Shaders/Shaders_PBRSpotLight_glsl.pxx
-- Installing: C:/Users/Davi/Downloads/oma/.release/native-build/sdk/occt/src/Shaders/Shaders_PhongDirectionalLight_glsl.pxx
-- Installing: C:/Users/Davi/Downloads/oma/.release/native-build/sdk/occt/src/Shaders/Shaders_PhongPointLight_glsl.pxx
-- Installing: C:/Users/Davi/Downloads/oma/.release/native-build/sdk/occt/src/Shaders/Shaders_PhongSpotLight_glsl.pxx
-- Installing: C:/Users/Davi/Downloads/oma/.release/native-build/sdk/occt/src/Shaders/Shaders_PointLightAttenuation_glsl.pxx
-- Installing: C:/Users/Davi/Downloads/oma/.release/native-build/sdk/occt/src/Shaders/Shaders_RaytraceBase_fs.pxx
-- Installing: C:/Users/Davi/Downloads/oma/.release/native-build/sdk/occt/src/Shaders/Shaders_RaytraceBase_vs.pxx
-- Installing: C:/Users/Davi/Downloads/oma/.release/native-build/sdk/occt/src/Shaders/Shaders_RaytraceRender_fs.pxx
-- Installing: C:/Users/Davi/Downloads/oma/.release/native-build/sdk/occt/src/Shaders/Shaders_RaytraceSmooth_fs.pxx
-- Installing: C:/Users/Davi/Downloads/oma/.release/native-build/sdk/occt/src/Shaders/Shaders_SkydomBackground_fs.pxx
-- Installing: C:/Users/Davi/Downloads/oma/.release/native-build/sdk/occt/src/Shaders/Shaders_TangentSpaceNormal_glsl.pxx
-- Installing: C:/Users/Davi/Downloads/oma/.release/native-build/sdk/occt/src/Shaders/SkydomBackground.fs
-- Installing: C:/Users/Davi/Downloads/oma/.release/native-build/sdk/occt/src/Shaders/TangentSpaceNormal.glsl
-- Installing: C:/Users/Davi/Downloads/oma/.release/native-build/sdk/occt/src/XRResources
-- Installing: C:/Users/Davi/Downloads/oma/.release/native-build/sdk/occt/src/XRResources/FILES
-- Installing: C:/Users/Davi/Downloads/oma/.release/native-build/sdk/occt/src/XRResources/occtvr_actions.json
-- Installing: C:/Users/Davi/Downloads/oma/.release/native-build/sdk/occt/src/XRResources/occtvr_bindings_generic.json
-- Installing: C:/Users/Davi/Downloads/oma/.release/native-build/sdk/occt/src/XRResources/occtvr_bindings_holographic_hmd.json
-- Installing: C:/Users/Davi/Downloads/oma/.release/native-build/sdk/occt/src/XRResources/occtvr_bindings_index_hmd.json
-- Installing: C:/Users/Davi/Downloads/oma/.release/native-build/sdk/occt/src/XRResources/occtvr_bindings_rift.json
-- Installing: C:/Users/Davi/Downloads/oma/.release/native-build/sdk/occt/src/XRResources/occtvr_bindings_touch.json
-- Installing: C:/Users/Davi/Downloads/oma/.release/native-build/sdk/occt/src/XRResources/occtvr_bindings_vive.json
-- Installing: C:/Users/Davi/Downloads/oma/.release/native-build/sdk/occt/src/XRResources/occtvr_bindings_vive_controller.json
-- Installing: C:/Users/Davi/Downloads/oma/.release/native-build/sdk/occt/src/XRResources/occtvr_bindings_vive_cosmos.json
-- Installing: C:/Users/Davi/Downloads/oma/.release/native-build/sdk/occt/src/XRResources/occtvr_bindings_vive_pro.json
-- Installing: C:/Users/Davi/Downloads/oma/.release/native-build/sdk/occt/src/XSMessage
-- Installing: C:/Users/Davi/Downloads/oma/.release/native-build/sdk/occt/src/XSMessage/FILES
-- Installing: C:/Users/Davi/Downloads/oma/.release/native-build/sdk/occt/src/XSMessage/XSMessage_XSTEP_us.pxx
-- Installing: C:/Users/Davi/Downloads/oma/.release/native-build/sdk/occt/src/XSMessage/XSTEP.fr
-- Installing: C:/Users/Davi/Downloads/oma/.release/native-build/sdk/occt/src/XSMessage/XSTEP.us
-- Installing: C:/Users/Davi/Downloads/oma/.release/native-build/sdk/occt/src/XSTEPResource
-- Installing: C:/Users/Davi/Downloads/oma/.release/native-build/sdk/occt/src/XSTEPResource/FILES
-- Installing: C:/Users/Davi/Downloads/oma/.release/native-build/sdk/occt/src/XSTEPResource/IGES
-- Installing: C:/Users/Davi/Downloads/oma/.release/native-build/sdk/occt/src/XSTEPResource/STEP
-- Installing: C:/Users/Davi/Downloads/oma/.release/native-build/sdk/occt/src/XmlOcafResource
-- Installing: C:/Users/Davi/Downloads/oma/.release/native-build/sdk/occt/src/XmlOcafResource/FILES
-- Installing: C:/Users/Davi/Downloads/oma/.release/native-build/sdk/occt/src/XmlOcafResource/XmlOcaf.xsd
-- Installing: C:/Users/Davi/Downloads/oma/.release/native-build/sdk/occt/src/XmlOcafResource/XmlOcaf_SmallTypes.xsd
-- Installing: C:/Users/Davi/Downloads/oma/.release/native-build/sdk/occt/src/XmlOcafResource/XmlOcaf_TDataStd.xsd
-- Installing: C:/Users/Davi/Downloads/oma/.release/native-build/sdk/occt/src/XmlOcafResource/XmlOcaf_TDataStd_Name.xsd
-- Installing: C:/Users/Davi/Downloads/oma/.release/native-build/sdk/occt/src/XmlOcafResource/XmlOcaf_TDF.xsd
-- Installing: C:/Users/Davi/Downloads/oma/.release/native-build/sdk/occt/src/XmlOcafResource/XmlOcaf_TDocStd.xsd
-- Installing: C:/Users/Davi/Downloads/oma/.release/native-build/sdk/occt/src/XmlOcafResource/XmlOcaf_TFunction.xsd
-- Installing: C:/Users/Davi/Downloads/oma/.release/native-build/sdk/occt/src/XmlOcafResource/XmlOcaf_TNaming.xsd
-- Installing: C:/Users/Davi/Downloads/oma/.release/native-build/sdk/occt/src/XmlOcafResource/XmlOcaf_TNaming_NamedShape.xsd
-- Installing: C:/Users/Davi/Downloads/oma/.release/native-build/sdk/occt/src/XmlOcafResource/XmlOcaf_TPrsStd.xsd
-- Installing: C:/Users/Davi/Downloads/oma/.release/native-build/sdk/occt/src/XmlOcafResource/XmlXcaf.xsd
-- Installing: C:/Users/Davi/Downloads/oma/.release/native-build/sdk/occt/src/UnitsAPI/Units.dat
-- Installing: C:/Users/Davi/Downloads/oma/.release/native-build/sdk/occt/src/TObj/TObj.msg
-- Installing: C:/Users/Davi/Downloads/oma/.release/native-build/sdk/occt/src/BOPAlgo/BOPAlgo.msg
-- Installing: C:/Users/Davi/Downloads/oma/.release/native-build/sdk/occt/cmake//OpenCASCADECompileDefinitionsAndFlags-release.cmake
-- Installing: C:/Users/Davi/Downloads/oma/.release/native-build/sdk/occt/cmake/OpenCASCADEConfig.cmake
-- Installing: C:/Users/Davi/Downloads/oma/.release/native-build/sdk/occt/cmake/OpenCASCADEConfigVersion.cmake
-- Installing: C:/Users/Davi/Downloads/oma/.release/native-build/sdk/occt/cmake/OpenCASCADEFoundationClassesTargets.cmake
-- Installing: C:/Users/Davi/Downloads/oma/.release/native-build/sdk/occt/cmake/OpenCASCADEFoundationClassesTargets-release.cmake
-- Installing: C:/Users/Davi/Downloads/oma/.release/native-build/sdk/occt/cmake/OpenCASCADEModelingDataTargets.cmake
-- Installing: C:/Users/Davi/Downloads/oma/.release/native-build/sdk/occt/cmake/OpenCASCADEModelingDataTargets-release.cmake
-- Installing: C:/Users/Davi/Downloads/oma/.release/native-build/sdk/occt/cmake/OpenCASCADEModelingAlgorithmsTargets.cmake
-- Installing: C:/Users/Davi/Downloads/oma/.release/native-build/sdk/occt/cmake/OpenCASCADEModelingAlgorithmsTargets-release.cmake
-- Installing: C:/Users/Davi/Downloads/oma/.release/native-build/sdk/occt/cmake/OpenCASCADEVisualizationTargets.cmake
-- Installing: C:/Users/Davi/Downloads/oma/.release/native-build/sdk/occt/cmake/OpenCASCADEVisualizationTargets-release.cmake
-- Installing: C:/Users/Davi/Downloads/oma/.release/native-build/sdk/occt/cmake/OpenCASCADEApplicationFrameworkTargets.cmake
-- Installing: C:/Users/Davi/Downloads/oma/.release/native-build/sdk/occt/cmake/OpenCASCADEApplicationFrameworkTargets-release.cmake
-- Installing: C:/Users/Davi/Downloads/oma/.release/native-build/sdk/occt/cmake/OpenCASCADEDataExchangeTargets.cmake
-- Installing: C:/Users/Davi/Downloads/oma/.release/native-build/sdk/occt/cmake/OpenCASCADEDataExchangeTargets-release.cmake
-- Installing: C:/Users/Davi/Downloads/oma/.release/native-build/sdk/occt/cmake/OpenCASCADEDEToolsTargets.cmake
-- Installing: C:/Users/Davi/Downloads/oma/.release/native-build/sdk/occt/cmake/OpenCASCADEDEToolsTargets-release.cmake
-- Installing: C:/Users/Davi/Downloads/oma/.release/native-build/sdk/occt/win64/vc14/lib/TKernel.lib
-- Installing: C:/Users/Davi/Downloads/oma/.release/native-build/sdk/occt/win64/vc14/lib/TKMath.lib
-- Installing: C:/Users/Davi/Downloads/oma/.release/native-build/sdk/occt/win64/vc14/lib/TKG2d.lib
-- Installing: C:/Users/Davi/Downloads/oma/.release/native-build/sdk/occt/win64/vc14/lib/TKG3d.lib
-- Installing: C:/Users/Davi/Downloads/oma/.release/native-build/sdk/occt/win64/vc14/lib/TKGeomBase.lib
-- Installing: C:/Users/Davi/Downloads/oma/.release/native-build/sdk/occt/win64/vc14/lib/TKBRep.lib
-- Installing: C:/Users/Davi/Downloads/oma/.release/native-build/sdk/occt/win64/vc14/lib/TKGeomAlgo.lib
-- Installing: C:/Users/Davi/Downloads/oma/.release/native-build/sdk/occt/win64/vc14/lib/TKTopAlgo.lib
-- Installing: C:/Users/Davi/Downloads/oma/.release/native-build/sdk/occt/win64/vc14/lib/TKPrim.lib
-- Installing: C:/Users/Davi/Downloads/oma/.release/native-build/sdk/occt/win64/vc14/lib/TKBO.lib
-- Installing: C:/Users/Davi/Downloads/oma/.release/native-build/sdk/occt/win64/vc14/lib/TKShHealing.lib
-- Installing: C:/Users/Davi/Downloads/oma/.release/native-build/sdk/occt/win64/vc14/lib/TKBool.lib
-- Installing: C:/Users/Davi/Downloads/oma/.release/native-build/sdk/occt/win64/vc14/lib/TKHLR.lib
-- Installing: C:/Users/Davi/Downloads/oma/.release/native-build/sdk/occt/win64/vc14/lib/TKFillet.lib
-- Installing: C:/Users/Davi/Downloads/oma/.release/native-build/sdk/occt/win64/vc14/lib/TKOffset.lib
-- Installing: C:/Users/Davi/Downloads/oma/.release/native-build/sdk/occt/win64/vc14/lib/TKFeat.lib
-- Installing: C:/Users/Davi/Downloads/oma/.release/native-build/sdk/occt/win64/vc14/lib/TKMesh.lib
-- Installing: C:/Users/Davi/Downloads/oma/.release/native-build/sdk/occt/win64/vc14/lib/TKXMesh.lib
-- Installing: C:/Users/Davi/Downloads/oma/.release/native-build/sdk/occt/win64/vc14/lib/TKService.lib
-- Installing: C:/Users/Davi/Downloads/oma/.release/native-build/sdk/occt/win64/vc14/lib/TKV3d.lib
-- Installing: C:/Users/Davi/Downloads/oma/.release/native-build/sdk/occt/win64/vc14/lib/TKMeshVS.lib
-- Installing: C:/Users/Davi/Downloads/oma/.release/native-build/sdk/occt/win64/vc14/lib/TKCDF.lib
-- Installing: C:/Users/Davi/Downloads/oma/.release/native-build/sdk/occt/win64/vc14/lib/TKLCAF.lib
-- Installing: C:/Users/Davi/Downloads/oma/.release/native-build/sdk/occt/win64/vc14/lib/TKCAF.lib
-- Installing: C:/Users/Davi/Downloads/oma/.release/native-build/sdk/occt/win64/vc14/lib/TKBinL.lib
-- Installing: C:/Users/Davi/Downloads/oma/.release/native-build/sdk/occt/win64/vc14/lib/TKXmlL.lib
-- Installing: C:/Users/Davi/Downloads/oma/.release/native-build/sdk/occt/win64/vc14/lib/TKBin.lib
-- Installing: C:/Users/Davi/Downloads/oma/.release/native-build/sdk/occt/win64/vc14/lib/TKXml.lib
-- Installing: C:/Users/Davi/Downloads/oma/.release/native-build/sdk/occt/win64/vc14/lib/TKStdL.lib
-- Installing: C:/Users/Davi/Downloads/oma/.release/native-build/sdk/occt/win64/vc14/lib/TKStd.lib
-- Installing: C:/Users/Davi/Downloads/oma/.release/native-build/sdk/occt/win64/vc14/lib/TKTObj.lib
-- Installing: C:/Users/Davi/Downloads/oma/.release/native-build/sdk/occt/win64/vc14/lib/TKBinTObj.lib
-- Installing: C:/Users/Davi/Downloads/oma/.release/native-build/sdk/occt/win64/vc14/lib/TKXmlTObj.lib
-- Installing: C:/Users/Davi/Downloads/oma/.release/native-build/sdk/occt/win64/vc14/lib/TKVCAF.lib
-- Installing: C:/Users/Davi/Downloads/oma/.release/native-build/sdk/occt/win64/vc14/lib/TKDE.lib
-- Installing: C:/Users/Davi/Downloads/oma/.release/native-build/sdk/occt/win64/vc14/lib/TKXSBase.lib
-- Installing: C:/Users/Davi/Downloads/oma/.release/native-build/sdk/occt/win64/vc14/lib/TKDESTEP.lib
-- Installing: C:/Users/Davi/Downloads/oma/.release/native-build/sdk/occt/win64/vc14/lib/TKXCAF.lib
-- Installing: C:/Users/Davi/Downloads/oma/.release/native-build/sdk/occt/win64/vc14/lib/TKDEIGES.lib
-- Installing: C:/Users/Davi/Downloads/oma/.release/native-build/sdk/occt/win64/vc14/lib/TKDESTL.lib
-- Installing: C:/Users/Davi/Downloads/oma/.release/native-build/sdk/occt/win64/vc14/lib/TKDEVRML.lib
-- Installing: C:/Users/Davi/Downloads/oma/.release/native-build/sdk/occt/win64/vc14/lib/TKRWMesh.lib
-- Installing: C:/Users/Davi/Downloads/oma/.release/native-build/sdk/occt/win64/vc14/lib/TKDECascade.lib
-- Installing: C:/Users/Davi/Downloads/oma/.release/native-build/sdk/occt/win64/vc14/lib/TKBinXCAF.lib
-- Installing: C:/Users/Davi/Downloads/oma/.release/native-build/sdk/occt/win64/vc14/lib/TKXmlXCAF.lib
-- Installing: C:/Users/Davi/Downloads/oma/.release/native-build/sdk/occt/win64/vc14/lib/TKDEOBJ.lib
-- Installing: C:/Users/Davi/Downloads/oma/.release/native-build/sdk/occt/win64/vc14/lib/TKDEGLTF.lib
-- Installing: C:/Users/Davi/Downloads/oma/.release/native-build/sdk/occt/win64/vc14/lib/TKDEPLY.lib
-- Installing: C:/Users/Davi/Downloads/oma/.release/native-build/sdk/occt/win64/vc14/lib/TKExpress.lib
